{"hemmo": {"sample_sd": 0.29999999999999999, "sample_mean": 0.10000000000000001, "daily_article_count": 0, "30_day_error_count": 0, "threshold_warn": 0.69999999999999996, "30_day_warn_count": 0, "daily_sd": -0.33333333333333337, "threshold_error": 0.99999999999999989}, "mersc": {"sample_sd": 0.29999999999999999, "sample_mean": 0.10000000000000001, "daily_article_count": 0, "30_day_error_count": 2, "threshold_warn": 0.69999999999999996, "30_day_warn_count": 0, "daily_sd": -0.33333333333333337, "threshold_error": 0.99999999999999989}, "influ": {"sample_sd": 0.70632067001390297, "sample_mean": 0.36666666666666664, "daily_article_count": 0, "30_day_error_count": 0, "threshold_warn": 1.7793080066944726, "30_day_warn_count": 0, "daily_sd": -0.51912209600130954, "threshold_error": 2.4856286767083757}, "pertu": {"sample_sd": 0.0, "sample_mean": 0.0, "daily_article_count": 0, "30_day_error_count": 0, "threshold_warn": 0.0, "30_day_warn_count": 0, "daily_sd": 0, "threshold_error": 0.0}, "moldf": {"sample_sd": 0.0, "sample_mean": 0.0, "daily_article_count": 0, "30_day_error_count": 0, "threshold_warn": 0.0, "30_day_warn_count": 0, "daily_sd": 0, "threshold_error": 0.0}, "chole": {"sample_sd": 0.92135166407235014, "sample_mean": 0.53333333333333333, "daily_article_count": 0, "30_day_error_count": 0, "threshold_warn": 2.3760366614780337, "30_day_warn_count": 0, "daily_sd": -0.5788596842339373, "threshold_error": 3.2973883255503837}, "hepat": {"sample_sd": 0.17950549357115012, "sample_mean": 0.033333333333333333, "daily_article_count": 0, "30_day_error_count": 0, "threshold_warn": 0.39234432047563356, "30_day_warn_count": 0, "daily_sd": -0.18569533817705189, "threshold_error": 0.5718498140467837}, "chiku": {"sample_sd": 0.42687494916218993, "sample_mean": 0.13333333333333333, "daily_article_count": 0, "30_day_error_count": 0, "threshold_warn": 0.98708323165771317, "30_day_warn_count": 0, "daily_sd": -0.31234752377721209, "threshold_error": 1.4139581808199031}, "yello": {"sample_sd": 0.0, "sample_mean": 0.0, "daily_article_count": 0, "30_day_error_count": 0, "threshold_warn": 0.0, "30_day_warn_count": 0, "daily_sd": 0, "threshold_error": 0.0}, "menin": {"sample_sd": 0.17950549357115012, "sample_mean": 0.033333333333333333, "daily_article_count": 0, "30_day_error_count": 1, "threshold_warn": 0.39234432047563356, "30_day_warn_count": 0, "daily_sd": -0.18569533817705189, "threshold_error": 0.5718498140467837}, "plagu": {"sample_sd": 0.0, "sample_mean": 0.0, "daily_article_count": 0, "30_day_error_count": 0, "threshold_warn": 0.0, "30_day_warn_count": 0, "daily_sd": 0, "threshold_error": 0.0}, "westn": {"sample_sd": 0.0, "sample_mean": 0.0, "daily_article_count": 0, "30_day_error_count": 0, "threshold_warn": 0.0, "30_day_warn_count": 0, "daily_sd": 0, "threshold_error": 0.0}, "swine": {"sample_sd": 0.98657657246324937, "sample_mean": 0.40000000000000002, "daily_article_count": 0, "30_day_error_count": 0, "threshold_warn": 2.3731531449264986, "30_day_warn_count": 0, "daily_sd": -0.40544242703969163, "threshold_error": 3.3597297173897478}, "measl": {"sample_sd": 0.0, "sample_mean": 0.0, "daily_article_count": 0, "30_day_error_count": 0, "threshold_warn": 0.0, "30_day_warn_count": 0, "daily_sd": 0, "threshold_error": 0.0}, "dengu": {"sample_sd": 2.2073110841524408, "sample_mean": 0.83333333333333337, "daily_article_count": 1, "30_day_error_count": 0, "threshold_warn": 5.2479555016382147, "30_day_warn_count": 0, "daily_sd": 0.075506650541132481, "threshold_error": 7.4552665857906559}, "ebola": {"sample_sd": 13.350863476028641, "sample_mean": 10.566666666666666, "daily_article_count": 8, "30_day_error_count": 1, "threshold_warn": 37.268393618723948, "30_day_warn_count": 0, "daily_sd": -0.19224724088259115, "threshold_error": 50.619257094752584}, "unkno": {"sample_sd": 5.8580429041333142, "sample_mean": 3.5, "daily_article_count": 0, "30_day_error_count": 0, "threshold_warn": 15.216085808266628, "30_day_warn_count": 0, "daily_sd": -0.59746916457891974, "threshold_error": 21.074128712399943}, "mumps": {"sample_sd": 0.0, "sample_mean": 0.0, "daily_article_count": 0, "30_day_error_count": 1, "threshold_warn": 0.0, "30_day_warn_count": 0, "daily_sd": 0, "threshold_error": 0.0}}