{"hemmo": {"sample_sd": 0.24944382578492943, "sample_mean": 0.066666666666666666, "daily_article_count": 0, "30_day_error_count": 0, "threshold_warn": 0.56555431823652558, "30_day_warn_count": 0, "daily_sd": -0.2672612419124244, "threshold_error": 0.81499814402145498}, "mersc": {"sample_sd": 0.17950549357115012, "sample_mean": 0.033333333333333333, "daily_article_count": 0, "30_day_error_count": 2, "threshold_warn": 0.39234432047563356, "30_day_warn_count": 0, "daily_sd": -0.18569533817705189, "threshold_error": 0.5718498140467837}, "influ": {"sample_sd": 0.45338235029118146, "sample_mean": 0.16666666666666666, "daily_article_count": 0, "30_day_error_count": 2, "threshold_warn": 1.0734313672490297, "30_day_warn_count": 0, "daily_sd": -0.36760731104690386, "threshold_error": 1.5268137175402112}, "pertu": {"sample_sd": 0.0, "sample_mean": 0.0, "daily_article_count": 0, "30_day_error_count": 0, "threshold_warn": 0.0, "30_day_warn_count": 0, "daily_sd": 0, "threshold_error": 0.0}, "moldf": {"sample_sd": 0.0, "sample_mean": 0.0, "daily_article_count": 0, "30_day_error_count": 0, "threshold_warn": 0.0, "30_day_warn_count": 0, "daily_sd": 0, "threshold_error": 0.0}, "chole": {"sample_sd": 0.88254681965824855, "sample_mean": 0.43333333333333335, "daily_article_count": 0, "30_day_error_count": 0, "threshold_warn": 2.1984269726498304, "30_day_warn_count": 0, "daily_sd": -0.4910032234903236, "threshold_error": 3.0809737923080789}, "hepat": {"sample_sd": 0.17950549357115009, "sample_mean": 0.033333333333333333, "daily_article_count": 0, "30_day_error_count": 0, "threshold_warn": 0.3923443204756335, "30_day_warn_count": 0, "daily_sd": -0.18569533817705192, "threshold_error": 0.57184981404678359}, "chiku": {"sample_sd": 0.0, "sample_mean": 0.0, "daily_article_count": 0, "30_day_error_count": 0, "threshold_warn": 0.0, "30_day_warn_count": 0, "daily_sd": 0, "threshold_error": 0.0}, "yello": {"sample_sd": 0.0, "sample_mean": 0.0, "daily_article_count": 0, "30_day_error_count": 0, "threshold_warn": 0.0, "30_day_warn_count": 0, "daily_sd": 0, "threshold_error": 0.0}, "menin": {"sample_sd": 0.17950549357115009, "sample_mean": 0.033333333333333333, "daily_article_count": 0, "30_day_error_count": 1, "threshold_warn": 0.3923443204756335, "30_day_warn_count": 0, "daily_sd": -0.18569533817705192, "threshold_error": 0.57184981404678359}, "plagu": {"sample_sd": 0.0, "sample_mean": 0.0, "daily_article_count": 0, "30_day_error_count": 0, "threshold_warn": 0.0, "30_day_warn_count": 0, "daily_sd": 0, "threshold_error": 0.0}, "westn": {"sample_sd": 0.0, "sample_mean": 0.0, "daily_article_count": 0, "30_day_error_count": 0, "threshold_warn": 0.0, "30_day_warn_count": 0, "daily_sd": 0, "threshold_error": 0.0}, "swine": {"sample_sd": 0.62893207547044039, "sample_mean": 0.26666666666666666, "daily_article_count": 0, "30_day_error_count": 0, "threshold_warn": 1.5245308176075474, "30_day_warn_count": 0, "daily_sd": -0.4239991520025439, "threshold_error": 2.1534628930779878}, "measl": {"sample_sd": 0.0, "sample_mean": 0.0, "daily_article_count": 0, "30_day_error_count": 0, "threshold_warn": 0.0, "30_day_warn_count": 0, "daily_sd": 0, "threshold_error": 0.0}, "dengu": {"sample_sd": 1.382831234179436, "sample_mean": 0.56666666666666665, "daily_article_count": 1, "30_day_error_count": 0, "threshold_warn": 3.3323291350255388, "30_day_warn_count": 0, "daily_sd": 0.31336675266123187, "threshold_error": 4.7151603692049742}, "ebola": {"sample_sd": 10.275321027696519, "sample_mean": 9.5333333333333332, "daily_article_count": 15, "30_day_error_count": 0, "threshold_warn": 30.083975388726373, "30_day_warn_count": 0, "daily_sd": 0.53201906314475145, "threshold_error": 40.359296416422886}, "unkno": {"sample_sd": 4.194705657797166, "sample_mean": 1.9333333333333333, "daily_article_count": 1, "30_day_error_count": 0, "threshold_warn": 10.322744648927666, "30_day_warn_count": 0, "daily_sd": -0.22250269970634123, "threshold_error": 14.517450306724832}, "mumps": {"sample_sd": 0.0, "sample_mean": 0.0, "daily_article_count": 0, "30_day_error_count": 1, "threshold_warn": 0.0, "30_day_warn_count": 0, "daily_sd": 0, "threshold_error": 0.0}}