{"hemmo": {"sample_sd": 0.0, "sample_mean": 0.0, "daily_article_count": 0, "30_day_error_count": 0, "threshold_warn": 0.0, "30_day_warn_count": 0, "daily_sd": 0, "threshold_error": 0.0}, "mersc": {"sample_sd": 0.67082039324993692, "sample_mean": 0.5, "daily_article_count": 1, "30_day_error_count": 0, "threshold_warn": 1.8416407864998738, "30_day_warn_count": 0, "daily_sd": 0.7453559924999299, "threshold_error": 2.5124611797498106}, "influ": {"sample_sd": 0.52599112793531666, "sample_mean": 0.29999999999999999, "daily_article_count": 0, "30_day_error_count": 1, "threshold_warn": 1.3519822558706334, "30_day_warn_count": 0, "daily_sd": -0.57035182547203012, "threshold_error": 1.87797338380595}, "pertu": {"sample_sd": 0.0, "sample_mean": 0.0, "daily_article_count": 0, "30_day_error_count": 0, "threshold_warn": 0.0, "30_day_warn_count": 0, "daily_sd": 0, "threshold_error": 0.0}, "moldf": {"sample_sd": 0.0, "sample_mean": 0.0, "daily_article_count": 0, "30_day_error_count": 0, "threshold_warn": 0.0, "30_day_warn_count": 0, "daily_sd": 0, "threshold_error": 0.0}, "chole": {"sample_sd": 0.66749947981669266, "sample_mean": 0.43333333333333335, "daily_article_count": 0, "30_day_error_count": 1, "threshold_warn": 1.7683322929667187, "30_day_warn_count": 0, "daily_sd": -0.64918902027059922, "threshold_error": 2.4358317727834118}, "hepat": {"sample_sd": 0.0, "sample_mean": 0.0, "daily_article_count": 0, "30_day_error_count": 0, "threshold_warn": 0.0, "30_day_warn_count": 0, "daily_sd": 0, "threshold_error": 0.0}, "chiku": {"sample_sd": 0.33993463423951903, "sample_mean": 0.13333333333333333, "daily_article_count": 0, "30_day_error_count": 1, "threshold_warn": 0.81320260181237136, "30_day_warn_count": 0, "daily_sd": -0.39223227027636803, "threshold_error": 1.1531372360518903}, "yello": {"sample_sd": 0.74833147735478822, "sample_mean": 0.20000000000000001, "daily_article_count": 0, "30_day_error_count": 1, "threshold_warn": 1.6966629547095764, "30_day_warn_count": 0, "daily_sd": -0.2672612419124244, "threshold_error": 2.4449944320643651}, "menin": {"sample_sd": 0.0, "sample_mean": 0.0, "daily_article_count": 0, "30_day_error_count": 2, "threshold_warn": 0.0, "30_day_warn_count": 0, "daily_sd": 0, "threshold_error": 0.0}, "plagu": {"sample_sd": 0.0, "sample_mean": 0.0, "daily_article_count": 0, "30_day_error_count": 0, "threshold_warn": 0.0, "30_day_warn_count": 0, "daily_sd": 0, "threshold_error": 0.0}, "westn": {"sample_sd": 0.29999999999999999, "sample_mean": 0.10000000000000001, "daily_article_count": 0, "30_day_error_count": 0, "threshold_warn": 0.69999999999999996, "30_day_warn_count": 0, "daily_sd": -0.33333333333333337, "threshold_error": 0.99999999999999989}, "swine": {"sample_sd": 0.67986926847903806, "sample_mean": 0.26666666666666666, "daily_article_count": 0, "30_day_error_count": 0, "threshold_warn": 1.6264052036247427, "30_day_warn_count": 0, "daily_sd": -0.39223227027636803, "threshold_error": 2.3062744721037807}, "measl": {"sample_sd": 0.0, "sample_mean": 0.0, "daily_article_count": 0, "30_day_error_count": 0, "threshold_warn": 0.0, "30_day_warn_count": 0, "daily_sd": 0, "threshold_error": 0.0}, "dengu": {"sample_sd": 0.91226214556026708, "sample_mean": 0.6333333333333333, "daily_article_count": 0, "30_day_error_count": 0, "threshold_warn": 2.4578576244538675, "30_day_warn_count": 0, "daily_sd": -0.69424489047977622, "threshold_error": 3.3701197700141345}, "ebola": {"sample_sd": 15.894653189044423, "sample_mean": 36.600000000000001, "daily_article_count": 14, "30_day_error_count": 4, "threshold_warn": 68.389306378088847, "30_day_warn_count": 0, "daily_sd": -1.4218617878103386, "threshold_error": 84.28395956713328}, "unkno": {"sample_sd": 2.4000000000000004, "sample_mean": 3.2000000000000002, "daily_article_count": 1, "30_day_error_count": 1, "threshold_warn": 8.0, "30_day_warn_count": 0, "daily_sd": -0.91666666666666663, "threshold_error": 10.400000000000002}, "mumps": {"sample_sd": 0.0, "sample_mean": 0.0, "daily_article_count": 0, "30_day_error_count": 0, "threshold_warn": 0.0, "30_day_warn_count": 0, "daily_sd": 0, "threshold_error": 0.0}}