{"hemmo": {"sample_sd": 0.24944382578492943, "sample_mean": 0.066666666666666666, "daily_article_count": 0, "30_day_error_count": 0, "threshold_warn": 0.56555431823652558, "30_day_warn_count": 0, "daily_sd": -0.2672612419124244, "threshold_error": 0.81499814402145498}, "mersc": {"sample_sd": 0.33993463423951903, "sample_mean": 0.13333333333333333, "daily_article_count": 2, "30_day_error_count": 2, "threshold_warn": 0.81320260181237136, "30_day_warn_count": 0, "daily_sd": 5.4912517838691519, "threshold_error": 1.1531372360518903}, "influ": {"sample_sd": 0.45338235029118146, "sample_mean": 0.16666666666666666, "daily_article_count": 2, "30_day_error_count": 4, "threshold_warn": 1.0734313672490297, "30_day_warn_count": 0, "daily_sd": 4.0436804215159423, "threshold_error": 1.5268137175402112}, "pertu": {"sample_sd": 0.0, "sample_mean": 0.0, "daily_article_count": 0, "30_day_error_count": 0, "threshold_warn": 0.0, "30_day_warn_count": 0, "daily_sd": 0, "threshold_error": 0.0}, "moldf": {"sample_sd": 0.0, "sample_mean": 0.0, "daily_article_count": 0, "30_day_error_count": 0, "threshold_warn": 0.0, "30_day_warn_count": 0, "daily_sd": 0, "threshold_error": 0.0}, "chole": {"sample_sd": 1.1175369742826804, "sample_mean": 0.46666666666666667, "daily_article_count": 0, "30_day_error_count": 0, "threshold_warn": 2.7017406152320276, "30_day_warn_count": 0, "daily_sd": -0.41758499039032565, "threshold_error": 3.8192775895147077}, "hepat": {"sample_sd": 0.0, "sample_mean": 0.0, "daily_article_count": 0, "30_day_error_count": 0, "threshold_warn": 0.0, "30_day_warn_count": 0, "daily_sd": 0, "threshold_error": 0.0}, "chiku": {"sample_sd": 0.17950549357115012, "sample_mean": 0.033333333333333333, "daily_article_count": 0, "30_day_error_count": 1, "threshold_warn": 0.39234432047563356, "30_day_warn_count": 0, "daily_sd": -0.18569533817705189, "threshold_error": 0.5718498140467837}, "yello": {"sample_sd": 0.0, "sample_mean": 0.0, "daily_article_count": 0, "30_day_error_count": 0, "threshold_warn": 0.0, "30_day_warn_count": 0, "daily_sd": 0, "threshold_error": 0.0}, "menin": {"sample_sd": 0.17950549357115009, "sample_mean": 0.033333333333333333, "daily_article_count": 0, "30_day_error_count": 0, "threshold_warn": 0.3923443204756335, "30_day_warn_count": 0, "daily_sd": -0.18569533817705192, "threshold_error": 0.57184981404678359}, "plagu": {"sample_sd": 0.0, "sample_mean": 0.0, "daily_article_count": 0, "30_day_error_count": 0, "threshold_warn": 0.0, "30_day_warn_count": 0, "daily_sd": 0, "threshold_error": 0.0}, "westn": {"sample_sd": 0.0, "sample_mean": 0.0, "daily_article_count": 0, "30_day_error_count": 0, "threshold_warn": 0.0, "30_day_warn_count": 0, "daily_sd": 0, "threshold_error": 0.0}, "swine": {"sample_sd": 0.54160256030906406, "sample_mean": 0.20000000000000001, "daily_article_count": 0, "30_day_error_count": 0, "threshold_warn": 1.2832051206181281, "30_day_warn_count": 0, "daily_sd": -0.3692744729379982, "threshold_error": 1.824807680927192}, "measl": {"sample_sd": 0.0, "sample_mean": 0.0, "daily_article_count": 0, "30_day_error_count": 0, "threshold_warn": 0.0, "30_day_warn_count": 0, "daily_sd": 0, "threshold_error": 0.0}, "dengu": {"sample_sd": 0.37267799624996495, "sample_mean": 0.16666666666666666, "daily_article_count": 0, "30_day_error_count": 0, "threshold_warn": 0.91202265916659653, "30_day_warn_count": 0, "daily_sd": -0.44721359549995793, "threshold_error": 1.2847006554165616}, "ebola": {"sample_sd": 0.72724747430904768, "sample_mean": 0.26666666666666666, "daily_article_count": 1, "30_day_error_count": 0, "threshold_warn": 1.721161615284762, "30_day_warn_count": 0, "daily_sd": 1.0083683467310325, "threshold_error": 2.4484090895938095}, "unkno": {"sample_sd": 1.303414319734477, "sample_mean": 1.6333333333333333, "daily_article_count": 1, "30_day_error_count": 3, "threshold_warn": 4.2401619728022872, "30_day_warn_count": 0, "daily_sd": -0.48590331082318616, "threshold_error": 5.5435762925367644}, "mumps": {"sample_sd": 0.0, "sample_mean": 0.0, "daily_article_count": 0, "30_day_error_count": 0, "threshold_warn": 0.0, "30_day_warn_count": 0, "daily_sd": 0, "threshold_error": 0.0}}