{"hemmo": {"sample_sd": 0.0, "sample_mean": 0.0, "daily_article_count": 0, "30_day_error_count": 0, "threshold_warn": 0.0, "30_day_warn_count": 0, "daily_sd": 0, "threshold_error": 0.0}, "mersc": {"sample_sd": 1.2202003478482086, "sample_mean": 1.3333333333333333, "daily_article_count": 0, "30_day_error_count": 0, "threshold_warn": 3.7737340290297503, "30_day_warn_count": 0, "daily_sd": -1.0927167294163058, "threshold_error": 4.9939343768779594}, "influ": {"sample_sd": 0.65743609744386733, "sample_mean": 0.36666666666666664, "daily_article_count": 1, "30_day_error_count": 1, "threshold_warn": 1.6815388615544014, "30_day_warn_count": 0, "daily_sd": 0.96333824047044825, "threshold_error": 2.3389749589982687}, "pertu": {"sample_sd": 0.24944382578492943, "sample_mean": 0.066666666666666666, "daily_article_count": 0, "30_day_error_count": 0, "threshold_warn": 0.56555431823652558, "30_day_warn_count": 0, "daily_sd": -0.2672612419124244, "threshold_error": 0.81499814402145498}, "moldf": {"sample_sd": 0.17950549357115009, "sample_mean": 0.033333333333333333, "daily_article_count": 0, "30_day_error_count": 0, "threshold_warn": 0.3923443204756335, "30_day_warn_count": 0, "daily_sd": -0.18569533817705192, "threshold_error": 0.57184981404678359}, "chole": {"sample_sd": 0.95510325212629366, "sample_mean": 0.56666666666666665, "daily_article_count": 0, "30_day_error_count": 0, "threshold_warn": 2.4768731709192542, "30_day_warn_count": 0, "daily_sd": -0.59330409084580948, "threshold_error": 3.4319764230455476}, "hepat": {"sample_sd": 0.17950549357115012, "sample_mean": 0.033333333333333333, "daily_article_count": 0, "30_day_error_count": 0, "threshold_warn": 0.39234432047563356, "30_day_warn_count": 0, "daily_sd": -0.18569533817705189, "threshold_error": 0.5718498140467837}, "chiku": {"sample_sd": 0.0, "sample_mean": 0.0, "daily_article_count": 0, "30_day_error_count": 0, "threshold_warn": 0.0, "30_day_warn_count": 0, "daily_sd": 0, "threshold_error": 0.0}, "yello": {"sample_sd": 0.0, "sample_mean": 0.0, "daily_article_count": 0, "30_day_error_count": 1, "threshold_warn": 0.0, "30_day_warn_count": 0, "daily_sd": 0, "threshold_error": 0.0}, "menin": {"sample_sd": 0.24944382578492943, "sample_mean": 0.066666666666666666, "daily_article_count": 0, "30_day_error_count": 1, "threshold_warn": 0.56555431823652558, "30_day_warn_count": 0, "daily_sd": -0.2672612419124244, "threshold_error": 0.81499814402145498}, "plagu": {"sample_sd": 0.0, "sample_mean": 0.0, "daily_article_count": 0, "30_day_error_count": 0, "threshold_warn": 0.0, "30_day_warn_count": 0, "daily_sd": 0, "threshold_error": 0.0}, "westn": {"sample_sd": 0.24944382578492943, "sample_mean": 0.066666666666666666, "daily_article_count": 0, "30_day_error_count": 0, "threshold_warn": 0.56555431823652558, "30_day_warn_count": 0, "daily_sd": -0.2672612419124244, "threshold_error": 0.81499814402145498}, "swine": {"sample_sd": 0.75203427817856505, "sample_mean": 0.36666666666666664, "daily_article_count": 0, "30_day_error_count": 0, "threshold_warn": 1.8707352230237968, "30_day_warn_count": 0, "daily_sd": -0.4875664278957299, "threshold_error": 2.6227695012023617}, "measl": {"sample_sd": 0.42687494916218993, "sample_mean": 0.13333333333333333, "daily_article_count": 0, "30_day_error_count": 0, "threshold_warn": 0.98708323165771317, "30_day_warn_count": 0, "daily_sd": -0.31234752377721209, "threshold_error": 1.4139581808199031}, "dengu": {"sample_sd": 0.66999170807472597, "sample_mean": 0.46666666666666667, "daily_article_count": 1, "30_day_error_count": 0, "threshold_warn": 1.8066500828161187, "30_day_warn_count": 0, "daily_sd": 0.79602975216799132, "threshold_error": 2.4766417908908447}, "ebola": {"sample_sd": 11.41485387067609, "sample_mean": 27.033333333333335, "daily_article_count": 14, "30_day_error_count": 0, "threshold_warn": 49.863041074685512, "30_day_warn_count": 0, "daily_sd": -1.1417871381441858, "threshold_error": 61.277894945361609}, "unkno": {"sample_sd": 1.7349351572897471, "sample_mean": 2.2999999999999998, "daily_article_count": 2, "30_day_error_count": 0, "threshold_warn": 5.7698703145794941, "30_day_warn_count": 0, "daily_sd": -0.1729171253112704, "threshold_error": 7.5048054718692407}, "mumps": {"sample_sd": 0.0, "sample_mean": 0.0, "daily_article_count": 0, "30_day_error_count": 0, "threshold_warn": 0.0, "30_day_warn_count": 0, "daily_sd": 0, "threshold_error": 0.0}}