{"hemmo": {"sample_sd": 0.17950549357115009, "sample_mean": 0.033333333333333333, "daily_article_count": 0, "30_day_error_count": 0, "threshold_warn": 0.3923443204756335, "30_day_warn_count": 0, "daily_sd": -0.18569533817705192, "threshold_error": 0.57184981404678359}, "mersc": {"sample_sd": 1.1175369742826806, "sample_mean": 0.8666666666666667, "daily_article_count": 0, "30_day_error_count": 0, "threshold_warn": 3.1017406152320279, "30_day_warn_count": 0, "daily_sd": -0.77551498215346171, "threshold_error": 4.219277589514709}, "influ": {"sample_sd": 0.58594652770823152, "sample_mean": 0.29999999999999999, "daily_article_count": 1, "30_day_error_count": 2, "threshold_warn": 1.4718930554164631, "30_day_warn_count": 0, "daily_sd": 1.194648260376006, "threshold_error": 2.0578395831246943}, "pertu": {"sample_sd": 0.17950549357115009, "sample_mean": 0.033333333333333333, "daily_article_count": 0, "30_day_error_count": 0, "threshold_warn": 0.3923443204756335, "30_day_warn_count": 0, "daily_sd": -0.18569533817705192, "threshold_error": 0.57184981404678359}, "moldf": {"sample_sd": 0.0, "sample_mean": 0.0, "daily_article_count": 0, "30_day_error_count": 0, "threshold_warn": 0.0, "30_day_warn_count": 0, "daily_sd": 0, "threshold_error": 0.0}, "chole": {"sample_sd": 2.4073960113690385, "sample_mean": 2.0666666666666669, "daily_article_count": 3, "30_day_error_count": 1, "threshold_warn": 6.8814586894047434, "30_day_warn_count": 0, "daily_sd": 0.38769414293519783, "threshold_error": 9.2888547007737827}, "hepat": {"sample_sd": 0.0, "sample_mean": 0.0, "daily_article_count": 0, "30_day_error_count": 1, "threshold_warn": 0.0, "30_day_warn_count": 0, "daily_sd": 0, "threshold_error": 0.0}, "chiku": {"sample_sd": 0.24944382578492943, "sample_mean": 0.066666666666666666, "daily_article_count": 0, "30_day_error_count": 0, "threshold_warn": 0.56555431823652558, "30_day_warn_count": 0, "daily_sd": -0.2672612419124244, "threshold_error": 0.81499814402145498}, "yello": {"sample_sd": 0.0, "sample_mean": 0.0, "daily_article_count": 0, "30_day_error_count": 0, "threshold_warn": 0.0, "30_day_warn_count": 0, "daily_sd": 0, "threshold_error": 0.0}, "menin": {"sample_sd": 0.76084748070088848, "sample_mean": 0.23333333333333334, "daily_article_count": 0, "30_day_error_count": 1, "threshold_warn": 1.7550282947351104, "30_day_warn_count": 0, "daily_sd": -0.30667556803682644, "threshold_error": 2.5158757754359988}, "plagu": {"sample_sd": 0.0, "sample_mean": 0.0, "daily_article_count": 0, "30_day_error_count": 1, "threshold_warn": 0.0, "30_day_warn_count": 0, "daily_sd": 0, "threshold_error": 0.0}, "westn": {"sample_sd": 0.37267799624996495, "sample_mean": 0.16666666666666666, "daily_article_count": 0, "30_day_error_count": 0, "threshold_warn": 0.91202265916659653, "30_day_warn_count": 0, "daily_sd": -0.44721359549995793, "threshold_error": 1.2847006554165616}, "swine": {"sample_sd": 0.37267799624996495, "sample_mean": 0.16666666666666666, "daily_article_count": 0, "30_day_error_count": 0, "threshold_warn": 0.91202265916659653, "30_day_warn_count": 0, "daily_sd": -0.44721359549995793, "threshold_error": 1.2847006554165616}, "measl": {"sample_sd": 0.0, "sample_mean": 0.0, "daily_article_count": 0, "30_day_error_count": 0, "threshold_warn": 0.0, "30_day_warn_count": 0, "daily_sd": 0, "threshold_error": 0.0}, "dengu": {"sample_sd": 0.86922698736035331, "sample_mean": 0.66666666666666663, "daily_article_count": 3, "30_day_error_count": 2, "threshold_warn": 2.4051206413873731, "30_day_warn_count": 0, "daily_sd": 2.6843774609657962, "threshold_error": 3.2743476287477264}, "ebola": {"sample_sd": 31.598101208775191, "sample_mean": 39.600000000000001, "daily_article_count": 231, "30_day_error_count": 7, "threshold_warn": 102.79620241755038, "30_day_warn_count": 17, "daily_sd": 6.0573259999194446, "threshold_error": 134.39430362632558}, "unkno": {"sample_sd": 4.5656933269280753, "sample_mean": 4.5666666666666664, "daily_article_count": 7, "30_day_error_count": 0, "threshold_warn": 13.698053320522817, "30_day_warn_count": 0, "daily_sd": 0.53296031053635118, "threshold_error": 18.263746647450894}, "mumps": {"sample_sd": 0.0, "sample_mean": 0.0, "daily_article_count": 0, "30_day_error_count": 1, "threshold_warn": 0.0, "30_day_warn_count": 0, "daily_sd": 0, "threshold_error": 0.0}}