{"hemmo": {"sample_sd": 0.0, "sample_mean": 0.0, "daily_article_count": 0, "30_day_error_count": 0, "threshold_warn": 0.0, "30_day_warn_count": 0, "daily_sd": 0, "threshold_error": 0.0}, "mersc": {"sample_sd": 0.65743609744386733, "sample_mean": 0.36666666666666664, "daily_article_count": 5, "30_day_error_count": 11, "threshold_warn": 1.6815388615544014, "30_day_warn_count": 1, "daily_sd": 7.0475797592311746, "threshold_error": 2.3389749589982687}, "influ": {"sample_sd": 0.7156970184527961, "sample_mean": 0.43333333333333335, "daily_article_count": 0, "30_day_error_count": 1, "threshold_warn": 1.8647273702389255, "30_day_warn_count": 0, "daily_sd": -0.60547036268240917, "threshold_error": 2.5804243886917213}, "pertu": {"sample_sd": 0.0, "sample_mean": 0.0, "daily_article_count": 0, "30_day_error_count": 0, "threshold_warn": 0.0, "30_day_warn_count": 0, "daily_sd": 0, "threshold_error": 0.0}, "moldf": {"sample_sd": 0.0, "sample_mean": 0.0, "daily_article_count": 0, "30_day_error_count": 0, "threshold_warn": 0.0, "30_day_warn_count": 0, "daily_sd": 0, "threshold_error": 0.0}, "chole": {"sample_sd": 0.37267799624996495, "sample_mean": 0.16666666666666666, "daily_article_count": 0, "30_day_error_count": 0, "threshold_warn": 0.91202265916659653, "30_day_warn_count": 0, "daily_sd": -0.44721359549995793, "threshold_error": 1.2847006554165616}, "hepat": {"sample_sd": 0.0, "sample_mean": 0.0, "daily_article_count": 0, "30_day_error_count": 0, "threshold_warn": 0.0, "30_day_warn_count": 0, "daily_sd": 0, "threshold_error": 0.0}, "chiku": {"sample_sd": 0.0, "sample_mean": 0.0, "daily_article_count": 0, "30_day_error_count": 0, "threshold_warn": 0.0, "30_day_warn_count": 0, "daily_sd": 0, "threshold_error": 0.0}, "yello": {"sample_sd": 0.17950549357115009, "sample_mean": 0.033333333333333333, "daily_article_count": 0, "30_day_error_count": 0, "threshold_warn": 0.3923443204756335, "30_day_warn_count": 0, "daily_sd": -0.18569533817705192, "threshold_error": 0.57184981404678359}, "menin": {"sample_sd": 0.17950549357115009, "sample_mean": 0.033333333333333333, "daily_article_count": 0, "30_day_error_count": 1, "threshold_warn": 0.3923443204756335, "30_day_warn_count": 0, "daily_sd": -0.18569533817705192, "threshold_error": 0.57184981404678359}, "plagu": {"sample_sd": 0.0, "sample_mean": 0.0, "daily_article_count": 0, "30_day_error_count": 0, "threshold_warn": 0.0, "30_day_warn_count": 0, "daily_sd": 0, "threshold_error": 0.0}, "westn": {"sample_sd": 0.0, "sample_mean": 0.0, "daily_article_count": 0, "30_day_error_count": 0, "threshold_warn": 0.0, "30_day_warn_count": 0, "daily_sd": 0, "threshold_error": 0.0}, "swine": {"sample_sd": 0.39581140290126388, "sample_mean": 0.10000000000000001, "daily_article_count": 0, "30_day_error_count": 0, "threshold_warn": 0.89162280580252773, "30_day_warn_count": 0, "daily_sd": -0.25264557631995571, "threshold_error": 1.2874342087037918}, "measl": {"sample_sd": 0.0, "sample_mean": 0.0, "daily_article_count": 0, "30_day_error_count": 1, "threshold_warn": 0.0, "30_day_warn_count": 0, "daily_sd": 0, "threshold_error": 0.0}, "dengu": {"sample_sd": 0.51207638319124049, "sample_mean": 0.26666666666666666, "daily_article_count": 0, "30_day_error_count": 0, "threshold_warn": 1.2908194330491476, "30_day_warn_count": 0, "daily_sd": -0.52075564392329554, "threshold_error": 1.8028958162403881}, "ebola": {"sample_sd": 9.3868110784345831, "sample_mean": 20.766666666666666, "daily_article_count": 24, "30_day_error_count": 0, "threshold_warn": 39.540288823535832, "30_day_warn_count": 0, "daily_sd": 0.34445492791067761, "threshold_error": 48.927099901970415}, "unkno": {"sample_sd": 1.662995957768856, "sample_mean": 1.6333333333333333, "daily_article_count": 7, "30_day_error_count": 5, "threshold_warn": 4.9593252488710453, "30_day_warn_count": 4, "daily_sd": 3.2271074632477212, "threshold_error": 6.6223212066399011}, "mumps": {"sample_sd": 0.0, "sample_mean": 0.0, "daily_article_count": 0, "30_day_error_count": 1, "threshold_warn": 0.0, "30_day_warn_count": 0, "daily_sd": 0, "threshold_error": 0.0}}