{"hemmo": {"sample_sd": 0.17950549357115009, "sample_mean": 0.033333333333333333, "daily_article_count": 0, "30_day_error_count": 0, "threshold_warn": 0.3923443204756335, "30_day_warn_count": 0, "daily_sd": -0.18569533817705192, "threshold_error": 0.57184981404678359}, "mersc": {"sample_sd": 1.1175369742826806, "sample_mean": 0.8666666666666667, "daily_article_count": 0, "30_day_error_count": 0, "threshold_warn": 3.1017406152320279, "30_day_warn_count": 1, "daily_sd": -0.77551498215346171, "threshold_error": 4.219277589514709}, "influ": {"sample_sd": 0.65743609744386733, "sample_mean": 0.36666666666666664, "daily_article_count": 0, "30_day_error_count": 1, "threshold_warn": 1.6815388615544014, "30_day_warn_count": 0, "daily_sd": -0.55772213921973313, "threshold_error": 2.3389749589982687}, "pertu": {"sample_sd": 0.17950549357115009, "sample_mean": 0.033333333333333333, "daily_article_count": 0, "30_day_error_count": 0, "threshold_warn": 0.3923443204756335, "30_day_warn_count": 0, "daily_sd": -0.18569533817705192, "threshold_error": 0.57184981404678359}, "moldf": {"sample_sd": 0.0, "sample_mean": 0.0, "daily_article_count": 0, "30_day_error_count": 0, "threshold_warn": 0.0, "30_day_warn_count": 0, "daily_sd": 0, "threshold_error": 0.0}, "chole": {"sample_sd": 2.3872345693058503, "sample_mean": 2.0333333333333332, "daily_article_count": 0, "30_day_error_count": 1, "threshold_warn": 6.8078024719450339, "30_day_warn_count": 0, "daily_sd": -0.85175263439846094, "threshold_error": 9.1950370412508846}, "hepat": {"sample_sd": 0.0, "sample_mean": 0.0, "daily_article_count": 0, "30_day_error_count": 1, "threshold_warn": 0.0, "30_day_warn_count": 0, "daily_sd": 0, "threshold_error": 0.0}, "chiku": {"sample_sd": 0.24944382578492943, "sample_mean": 0.066666666666666666, "daily_article_count": 0, "30_day_error_count": 0, "threshold_warn": 0.56555431823652558, "30_day_warn_count": 0, "daily_sd": -0.2672612419124244, "threshold_error": 0.81499814402145498}, "yello": {"sample_sd": 0.0, "sample_mean": 0.0, "daily_article_count": 0, "30_day_error_count": 0, "threshold_warn": 0.0, "30_day_warn_count": 0, "daily_sd": 0, "threshold_error": 0.0}, "menin": {"sample_sd": 0.76084748070088848, "sample_mean": 0.23333333333333334, "daily_article_count": 0, "30_day_error_count": 1, "threshold_warn": 1.7550282947351104, "30_day_warn_count": 0, "daily_sd": -0.30667556803682644, "threshold_error": 2.5158757754359988}, "plagu": {"sample_sd": 0.0, "sample_mean": 0.0, "daily_article_count": 0, "30_day_error_count": 1, "threshold_warn": 0.0, "30_day_warn_count": 0, "daily_sd": 0, "threshold_error": 0.0}, "westn": {"sample_sd": 0.33993463423951903, "sample_mean": 0.13333333333333333, "daily_article_count": 0, "30_day_error_count": 0, "threshold_warn": 0.81320260181237136, "30_day_warn_count": 0, "daily_sd": -0.39223227027636803, "threshold_error": 1.1531372360518903}, "swine": {"sample_sd": 0.40000000000000008, "sample_mean": 0.20000000000000001, "daily_article_count": 0, "30_day_error_count": 0, "threshold_warn": 1.0000000000000002, "30_day_warn_count": 0, "daily_sd": -0.49999999999999994, "threshold_error": 1.4000000000000001}, "measl": {"sample_sd": 0.0, "sample_mean": 0.0, "daily_article_count": 0, "30_day_error_count": 0, "threshold_warn": 0.0, "30_day_warn_count": 0, "daily_sd": 0, "threshold_error": 0.0}, "dengu": {"sample_sd": 0.6182412330330469, "sample_mean": 0.46666666666666667, "daily_article_count": 0, "30_day_error_count": 6, "threshold_warn": 1.7031491327327606, "30_day_warn_count": 0, "daily_sd": -0.75482941242406898, "threshold_error": 2.3213903657658075}, "ebola": {"sample_sd": 30.920255856351226, "sample_mean": 36.06666666666667, "daily_article_count": 57, "30_day_error_count": 7, "threshold_warn": 97.907178379369128, "30_day_warn_count": 17, "daily_sd": 0.67701035303799029, "threshold_error": 128.82743423572035}, "unkno": {"sample_sd": 4.5588741300164601, "sample_mean": 4.5, "daily_article_count": 12, "30_day_error_count": 0, "threshold_warn": 13.61774826003292, "30_day_warn_count": 0, "daily_sd": 1.6451430300781129, "threshold_error": 18.176622390049381}, "mumps": {"sample_sd": 0.0, "sample_mean": 0.0, "daily_article_count": 0, "30_day_error_count": 1, "threshold_warn": 0.0, "30_day_warn_count": 0, "daily_sd": 0, "threshold_error": 0.0}}