{"hemmo": {"sample_sd": 0.0, "sample_mean": 0.0, "daily_article_count": 0, "30_day_error_count": 0, "threshold_warn": 0.0, "30_day_warn_count": 0, "daily_sd": 0, "threshold_error": 0.0}, "mersc": {"sample_sd": 0.84393259341147753, "sample_mean": 0.43333333333333335, "daily_article_count": 1, "30_day_error_count": 6, "threshold_warn": 2.1211985201562884, "30_day_warn_count": 5, "daily_sd": 0.6714596297033596, "threshold_error": 2.9651311135677663}, "influ": {"sample_sd": 0.29999999999999999, "sample_mean": 0.10000000000000001, "daily_article_count": 0, "30_day_error_count": 5, "threshold_warn": 0.69999999999999996, "30_day_warn_count": 0, "daily_sd": -0.33333333333333337, "threshold_error": 0.99999999999999989}, "pertu": {"sample_sd": 0.0, "sample_mean": 0.0, "daily_article_count": 0, "30_day_error_count": 1, "threshold_warn": 0.0, "30_day_warn_count": 0, "daily_sd": 0, "threshold_error": 0.0}, "moldf": {"sample_sd": 0.0, "sample_mean": 0.0, "daily_article_count": 0, "30_day_error_count": 0, "threshold_warn": 0.0, "30_day_warn_count": 0, "daily_sd": 0, "threshold_error": 0.0}, "chole": {"sample_sd": 0.80622577482985502, "sample_mean": 0.5, "daily_article_count": 0, "30_day_error_count": 2, "threshold_warn": 2.1124515496597098, "30_day_warn_count": 0, "daily_sd": -0.6201736729460422, "threshold_error": 2.9186773244895652}, "hepat": {"sample_sd": 0.17950549357115012, "sample_mean": 0.033333333333333333, "daily_article_count": 0, "30_day_error_count": 0, "threshold_warn": 0.39234432047563356, "30_day_warn_count": 0, "daily_sd": -0.18569533817705189, "threshold_error": 0.5718498140467837}, "chiku": {"sample_sd": 0.17950549357115009, "sample_mean": 0.033333333333333333, "daily_article_count": 0, "30_day_error_count": 3, "threshold_warn": 0.3923443204756335, "30_day_warn_count": 0, "daily_sd": -0.18569533817705192, "threshold_error": 0.57184981404678359}, "yello": {"sample_sd": 0.0, "sample_mean": 0.0, "daily_article_count": 0, "30_day_error_count": 0, "threshold_warn": 0.0, "30_day_warn_count": 0, "daily_sd": 0, "threshold_error": 0.0}, "menin": {"sample_sd": 0.35901098714230029, "sample_mean": 0.066666666666666666, "daily_article_count": 0, "30_day_error_count": 0, "threshold_warn": 0.78468864095126722, "30_day_warn_count": 0, "daily_sd": -0.18569533817705186, "threshold_error": 1.1436996280935674}, "plagu": {"sample_sd": 0.0, "sample_mean": 0.0, "daily_article_count": 0, "30_day_error_count": 0, "threshold_warn": 0.0, "30_day_warn_count": 0, "daily_sd": 0, "threshold_error": 0.0}, "westn": {"sample_sd": 0.42687494916218993, "sample_mean": 0.13333333333333333, "daily_article_count": 0, "30_day_error_count": 2, "threshold_warn": 0.98708323165771317, "30_day_warn_count": 0, "daily_sd": -0.31234752377721209, "threshold_error": 1.4139581808199031}, "swine": {"sample_sd": 0.0, "sample_mean": 0.0, "daily_article_count": 1, "30_day_error_count": 3, "threshold_warn": 0.0, "30_day_warn_count": 0, "daily_sd": 0, "threshold_error": 0.0}, "measl": {"sample_sd": 0.0, "sample_mean": 0.0, "daily_article_count": 0, "30_day_error_count": 0, "threshold_warn": 0.0, "30_day_warn_count": 0, "daily_sd": 0, "threshold_error": 0.0}, "dengu": {"sample_sd": 0.53748384988656994, "sample_mean": 0.33333333333333331, "daily_article_count": 0, "30_day_error_count": 3, "threshold_warn": 1.4083010331064731, "30_day_warn_count": 0, "daily_sd": -0.62017367294604231, "threshold_error": 1.9457848829930431}, "ebola": {"sample_sd": 10.93109733233077, "sample_mean": 21.666666666666668, "daily_article_count": 6, "30_day_error_count": 0, "threshold_warn": 43.528861331328208, "30_day_warn_count": 0, "daily_sd": -1.4332199403558106, "threshold_error": 54.459958663658981}, "unkno": {"sample_sd": 0.99107124982123374, "sample_mean": 0.8666666666666667, "daily_article_count": 4, "30_day_error_count": 11, "threshold_warn": 2.8488091663091342, "30_day_warn_count": 4, "daily_sd": 3.1615621317826683, "threshold_error": 3.8398804161303679}, "mumps": {"sample_sd": 0.0, "sample_mean": 0.0, "daily_article_count": 0, "30_day_error_count": 3, "threshold_warn": 0.0, "30_day_warn_count": 0, "daily_sd": 0, "threshold_error": 0.0}}