{"hemmo": {"sample_sd": 0.0, "sample_mean": 0.0, "daily_article_count": 0, "30_day_error_count": 0, "threshold_warn": 0.0, "30_day_warn_count": 0, "daily_sd": 0, "threshold_error": 0.0}, "mersc": {"sample_sd": 0.89193921068397664, "sample_mean": 0.73333333333333328, "daily_article_count": 2, "30_day_error_count": 0, "threshold_warn": 2.5172117547012864, "30_day_warn_count": 0, "daily_sd": 1.4201266762286784, "threshold_error": 3.4091509653852632}, "influ": {"sample_sd": 0.71180521680208741, "sample_mean": 0.40000000000000002, "daily_article_count": 2, "30_day_error_count": 0, "threshold_warn": 1.8236104336041747, "30_day_warn_count": 0, "daily_sd": 2.2478059477960657, "threshold_error": 2.5354156504062622}, "pertu": {"sample_sd": 0.17950549357115009, "sample_mean": 0.033333333333333333, "daily_article_count": 0, "30_day_error_count": 0, "threshold_warn": 0.3923443204756335, "30_day_warn_count": 0, "daily_sd": -0.18569533817705192, "threshold_error": 0.57184981404678359}, "moldf": {"sample_sd": 0.0, "sample_mean": 0.0, "daily_article_count": 0, "30_day_error_count": 0, "threshold_warn": 0.0, "30_day_warn_count": 0, "daily_sd": 0, "threshold_error": 0.0}, "chole": {"sample_sd": 0.49553562491061681, "sample_mean": 0.23333333333333334, "daily_article_count": 0, "30_day_error_count": 0, "threshold_warn": 1.2244045831545669, "30_day_warn_count": 0, "daily_sd": -0.47087095579741878, "threshold_error": 1.7199402080651838}, "hepat": {"sample_sd": 0.0, "sample_mean": 0.0, "daily_article_count": 0, "30_day_error_count": 0, "threshold_warn": 0.0, "30_day_warn_count": 0, "daily_sd": 0, "threshold_error": 0.0}, "chiku": {"sample_sd": 0.0, "sample_mean": 0.0, "daily_article_count": 0, "30_day_error_count": 0, "threshold_warn": 0.0, "30_day_warn_count": 0, "daily_sd": 0, "threshold_error": 0.0}, "yello": {"sample_sd": 0.17950549357115014, "sample_mean": 0.033333333333333333, "daily_article_count": 0, "30_day_error_count": 0, "threshold_warn": 0.39234432047563361, "30_day_warn_count": 0, "daily_sd": -0.18569533817705186, "threshold_error": 0.5718498140467837}, "menin": {"sample_sd": 0.0, "sample_mean": 0.0, "daily_article_count": 0, "30_day_error_count": 2, "threshold_warn": 0.0, "30_day_warn_count": 0, "daily_sd": 0, "threshold_error": 0.0}, "plagu": {"sample_sd": 0.0, "sample_mean": 0.0, "daily_article_count": 0, "30_day_error_count": 0, "threshold_warn": 0.0, "30_day_warn_count": 0, "daily_sd": 0, "threshold_error": 0.0}, "westn": {"sample_sd": 0.0, "sample_mean": 0.0, "daily_article_count": 0, "30_day_error_count": 0, "threshold_warn": 0.0, "30_day_warn_count": 0, "daily_sd": 0, "threshold_error": 0.0}, "swine": {"sample_sd": 0.0, "sample_mean": 0.0, "daily_article_count": 0, "30_day_error_count": 2, "threshold_warn": 0.0, "30_day_warn_count": 0, "daily_sd": 0, "threshold_error": 0.0}, "measl": {"sample_sd": 0.39581140290126382, "sample_mean": 0.10000000000000001, "daily_article_count": 0, "30_day_error_count": 0, "threshold_warn": 0.89162280580252762, "30_day_warn_count": 0, "daily_sd": -0.25264557631995577, "threshold_error": 1.2874342087037915}, "dengu": {"sample_sd": 0.61553951042064625, "sample_mean": 0.43333333333333335, "daily_article_count": 1, "30_day_error_count": 0, "threshold_warn": 1.6644123541746259, "30_day_warn_count": 0, "daily_sd": 0.92060161382560002, "threshold_error": 2.2799518645952723}, "ebola": {"sample_sd": 9.452160246913575, "sample_mean": 22.699999999999999, "daily_article_count": 43, "30_day_error_count": 0, "threshold_warn": 41.604320493827146, "30_day_warn_count": 0, "daily_sd": 2.1476571989592097, "threshold_error": 51.056480740740724}, "unkno": {"sample_sd": 1.18133634311129, "sample_mean": 0.93333333333333335, "daily_article_count": 2, "30_day_error_count": 2, "threshold_warn": 3.2960060195559135, "30_day_warn_count": 1, "daily_sd": 0.90293223677296053, "threshold_error": 4.4773423626672031}, "mumps": {"sample_sd": 0.0, "sample_mean": 0.0, "daily_article_count": 0, "30_day_error_count": 0, "threshold_warn": 0.0, "30_day_warn_count": 0, "daily_sd": 0, "threshold_error": 0.0}}