{"hemmo": {"sample_sd": 0.17950549357115012, "sample_mean": 0.033333333333333333, "daily_article_count": 0, "30_day_error_count": 0, "threshold_warn": 0.39234432047563356, "30_day_warn_count": 0, "daily_sd": -0.18569533817705189, "threshold_error": 0.5718498140467837}, "mersc": {"sample_sd": 0.78951461882180074, "sample_mean": 0.90000000000000002, "daily_article_count": 1, "30_day_error_count": 2, "threshold_warn": 2.4790292376436014, "30_day_warn_count": 2, "daily_sd": 0.12666009927622468, "threshold_error": 3.2685438564654024}, "influ": {"sample_sd": 0.49553562491061681, "sample_mean": 0.23333333333333334, "daily_article_count": 1, "30_day_error_count": 2, "threshold_warn": 1.2244045831545669, "30_day_warn_count": 0, "daily_sd": 1.5471474261915186, "threshold_error": 1.7199402080651838}, "pertu": {"sample_sd": 0.17950549357115012, "sample_mean": 0.033333333333333333, "daily_article_count": 0, "30_day_error_count": 0, "threshold_warn": 0.39234432047563356, "30_day_warn_count": 0, "daily_sd": -0.18569533817705189, "threshold_error": 0.5718498140467837}, "moldf": {"sample_sd": 0.0, "sample_mean": 0.0, "daily_article_count": 0, "30_day_error_count": 0, "threshold_warn": 0.0, "30_day_warn_count": 0, "daily_sd": 0, "threshold_error": 0.0}, "chole": {"sample_sd": 1.4761059883656353, "sample_mean": 1.2333333333333334, "daily_article_count": 3, "30_day_error_count": 5, "threshold_warn": 4.1855453100646045, "30_day_warn_count": 0, "daily_sd": 1.1968426932694338, "threshold_error": 5.6616512984302396}, "hepat": {"sample_sd": 0.0, "sample_mean": 0.0, "daily_article_count": 0, "30_day_error_count": 0, "threshold_warn": 0.0, "30_day_warn_count": 0, "daily_sd": 0, "threshold_error": 0.0}, "chiku": {"sample_sd": 0.17950549357115012, "sample_mean": 0.033333333333333333, "daily_article_count": 0, "30_day_error_count": 1, "threshold_warn": 0.39234432047563356, "30_day_warn_count": 0, "daily_sd": -0.18569533817705189, "threshold_error": 0.5718498140467837}, "yello": {"sample_sd": 0.0, "sample_mean": 0.0, "daily_article_count": 0, "30_day_error_count": 0, "threshold_warn": 0.0, "30_day_warn_count": 0, "daily_sd": 0, "threshold_error": 0.0}, "menin": {"sample_sd": 0.24944382578492943, "sample_mean": 0.066666666666666666, "daily_article_count": 0, "30_day_error_count": 5, "threshold_warn": 0.56555431823652558, "30_day_warn_count": 0, "daily_sd": -0.2672612419124244, "threshold_error": 0.81499814402145498}, "plagu": {"sample_sd": 0.0, "sample_mean": 0.0, "daily_article_count": 0, "30_day_error_count": 1, "threshold_warn": 0.0, "30_day_warn_count": 0, "daily_sd": 0, "threshold_error": 0.0}, "westn": {"sample_sd": 0.33993463423951903, "sample_mean": 0.13333333333333333, "daily_article_count": 0, "30_day_error_count": 0, "threshold_warn": 0.81320260181237136, "30_day_warn_count": 0, "daily_sd": -0.39223227027636803, "threshold_error": 1.1531372360518903}, "swine": {"sample_sd": 0.42295258468165065, "sample_mean": 0.23333333333333334, "daily_article_count": 0, "30_day_error_count": 0, "threshold_warn": 1.0792385026966347, "30_day_warn_count": 0, "daily_sd": -0.55167728436737051, "threshold_error": 1.5021910873782853}, "measl": {"sample_sd": 0.0, "sample_mean": 0.0, "daily_article_count": 0, "30_day_error_count": 0, "threshold_warn": 0.0, "30_day_warn_count": 0, "daily_sd": 0, "threshold_error": 0.0}, "dengu": {"sample_sd": 0.61101009266077877, "sample_mean": 0.40000000000000002, "daily_article_count": 0, "30_day_error_count": 5, "threshold_warn": 1.6220201853215577, "30_day_warn_count": 3, "daily_sd": -0.65465367070797709, "threshold_error": 2.2330302779823361}, "ebola": {"sample_sd": 10.111654442056233, "sample_mean": 17.766666666666666, "daily_article_count": 100, "30_day_error_count": 29, "threshold_warn": 37.989975550779135, "30_day_warn_count": 1, "daily_sd": 8.1325300231097444, "threshold_error": 48.101629992835363}, "unkno": {"sample_sd": 3.8356514729863322, "sample_mean": 4.4333333333333336, "daily_article_count": 7, "30_day_error_count": 1, "threshold_warn": 12.104636279305998, "30_day_warn_count": 0, "daily_sd": 0.6691605545350372, "threshold_error": 15.940287752292331}, "mumps": {"sample_sd": 0.0, "sample_mean": 0.0, "daily_article_count": 0, "30_day_error_count": 1, "threshold_warn": 0.0, "30_day_warn_count": 0, "daily_sd": 0, "threshold_error": 0.0}}