{"hemmo": {"sample_sd": 0.0, "sample_mean": 0.0, "daily_article_count": 0, "30_day_error_count": 0, "threshold_warn": 0.0, "30_day_warn_count": 0, "daily_sd": 0, "threshold_error": 0.0}, "mersc": {"sample_sd": 0.49553562491061681, "sample_mean": 0.23333333333333334, "daily_article_count": 0, "30_day_error_count": 2, "threshold_warn": 1.2244045831545669, "30_day_warn_count": 0, "daily_sd": -0.47087095579741878, "threshold_error": 1.7199402080651838}, "influ": {"sample_sd": 0.53748384988657005, "sample_mean": 0.33333333333333331, "daily_article_count": 0, "30_day_error_count": 3, "threshold_warn": 1.4083010331064734, "30_day_warn_count": 0, "daily_sd": -0.6201736729460422, "threshold_error": 1.9457848829930435}, "pertu": {"sample_sd": 0.0, "sample_mean": 0.0, "daily_article_count": 0, "30_day_error_count": 0, "threshold_warn": 0.0, "30_day_warn_count": 0, "daily_sd": 0, "threshold_error": 0.0}, "moldf": {"sample_sd": 0.0, "sample_mean": 0.0, "daily_article_count": 0, "30_day_error_count": 0, "threshold_warn": 0.0, "30_day_warn_count": 0, "daily_sd": 0, "threshold_error": 0.0}, "chole": {"sample_sd": 0.6403124237432849, "sample_mean": 0.29999999999999999, "daily_article_count": 0, "30_day_error_count": 0, "threshold_warn": 1.5806248474865698, "30_day_warn_count": 0, "daily_sd": -0.46852128566581813, "threshold_error": 2.2209372712298547}, "hepat": {"sample_sd": 0.0, "sample_mean": 0.0, "daily_article_count": 0, "30_day_error_count": 0, "threshold_warn": 0.0, "30_day_warn_count": 0, "daily_sd": 0, "threshold_error": 0.0}, "chiku": {"sample_sd": 0.42687494916218993, "sample_mean": 0.13333333333333333, "daily_article_count": 0, "30_day_error_count": 0, "threshold_warn": 0.98708323165771317, "30_day_warn_count": 0, "daily_sd": -0.31234752377721209, "threshold_error": 1.4139581808199031}, "yello": {"sample_sd": 0.56174331821175705, "sample_mean": 0.13333333333333333, "daily_article_count": 0, "30_day_error_count": 0, "threshold_warn": 1.2568199697568474, "30_day_warn_count": 0, "daily_sd": -0.23735633163877073, "threshold_error": 1.8185632879686044}, "menin": {"sample_sd": 0.24944382578492943, "sample_mean": 0.066666666666666666, "daily_article_count": 0, "30_day_error_count": 0, "threshold_warn": 0.56555431823652558, "30_day_warn_count": 0, "daily_sd": -0.2672612419124244, "threshold_error": 0.81499814402145498}, "plagu": {"sample_sd": 0.0, "sample_mean": 0.0, "daily_article_count": 0, "30_day_error_count": 1, "threshold_warn": 0.0, "30_day_warn_count": 0, "daily_sd": 0, "threshold_error": 0.0}, "westn": {"sample_sd": 0.0, "sample_mean": 0.0, "daily_article_count": 0, "30_day_error_count": 1, "threshold_warn": 0.0, "30_day_warn_count": 0, "daily_sd": 0, "threshold_error": 0.0}, "swine": {"sample_sd": 0.17950549357115009, "sample_mean": 0.033333333333333333, "daily_article_count": 0, "30_day_error_count": 1, "threshold_warn": 0.3923443204756335, "30_day_warn_count": 0, "daily_sd": -0.18569533817705192, "threshold_error": 0.57184981404678359}, "measl": {"sample_sd": 0.0, "sample_mean": 0.0, "daily_article_count": 0, "30_day_error_count": 0, "threshold_warn": 0.0, "30_day_warn_count": 0, "daily_sd": 0, "threshold_error": 0.0}, "dengu": {"sample_sd": 0.76084748070088848, "sample_mean": 0.56666666666666665, "daily_article_count": 0, "30_day_error_count": 0, "threshold_warn": 2.0883616280684434, "30_day_warn_count": 0, "daily_sd": -0.74478352237515, "threshold_error": 2.8492091087693323}, "ebola": {"sample_sd": 165.39933158537519, "sample_mean": 76.833333333333329, "daily_article_count": 14, "30_day_error_count": 0, "threshold_warn": 407.6319965040837, "30_day_warn_count": 0, "daily_sd": -0.3798886774877942, "threshold_error": 573.03132808945895}, "unkno": {"sample_sd": 2.8354893757515649, "sample_mean": 3.3999999999999999, "daily_article_count": 2, "30_day_error_count": 0, "threshold_warn": 9.0709787515031302, "30_day_warn_count": 0, "daily_sd": -0.49374193110101877, "threshold_error": 11.906468127254696}, "mumps": {"sample_sd": 0.0, "sample_mean": 0.0, "daily_article_count": 0, "30_day_error_count": 1, "threshold_warn": 0.0, "30_day_warn_count": 0, "daily_sd": 0, "threshold_error": 0.0}}