{"hemmo": {"sample_sd": 0.17950549357115009, "sample_mean": 0.033333333333333333, "daily_article_count": 0, "30_day_error_count": 0, "threshold_warn": 0.3923443204756335, "30_day_warn_count": 0, "daily_sd": -0.18569533817705192, "threshold_error": 0.57184981404678359}, "mersc": {"sample_sd": 1.1175369742826806, "sample_mean": 0.8666666666666667, "daily_article_count": 0, "30_day_error_count": 0, "threshold_warn": 3.1017406152320279, "30_day_warn_count": 0, "daily_sd": -0.77551498215346171, "threshold_error": 4.219277589514709}, "influ": {"sample_sd": 0.64978628965393093, "sample_mean": 0.33333333333333331, "daily_article_count": 3, "30_day_error_count": 2, "threshold_warn": 1.6329059126411951, "30_day_warn_count": 0, "daily_sd": 4.1039134083406159, "threshold_error": 2.2826922022951264}, "pertu": {"sample_sd": 0.17950549357115009, "sample_mean": 0.033333333333333333, "daily_article_count": 0, "30_day_error_count": 0, "threshold_warn": 0.3923443204756335, "30_day_warn_count": 0, "daily_sd": -0.18569533817705192, "threshold_error": 0.57184981404678359}, "moldf": {"sample_sd": 0.0, "sample_mean": 0.0, "daily_article_count": 0, "30_day_error_count": 0, "threshold_warn": 0.0, "30_day_warn_count": 0, "daily_sd": 0, "threshold_error": 0.0}, "chole": {"sample_sd": 2.3853720883753127, "sample_mean": 2.1000000000000001, "daily_article_count": 0, "30_day_error_count": 1, "threshold_warn": 6.870744176750625, "30_day_warn_count": 0, "daily_sd": -0.88036579711566898, "threshold_error": 9.2561162651259377}, "hepat": {"sample_sd": 0.0, "sample_mean": 0.0, "daily_article_count": 0, "30_day_error_count": 1, "threshold_warn": 0.0, "30_day_warn_count": 0, "daily_sd": 0, "threshold_error": 0.0}, "chiku": {"sample_sd": 0.24944382578492943, "sample_mean": 0.066666666666666666, "daily_article_count": 0, "30_day_error_count": 0, "threshold_warn": 0.56555431823652558, "30_day_warn_count": 0, "daily_sd": -0.2672612419124244, "threshold_error": 0.81499814402145498}, "yello": {"sample_sd": 0.0, "sample_mean": 0.0, "daily_article_count": 0, "30_day_error_count": 0, "threshold_warn": 0.0, "30_day_warn_count": 0, "daily_sd": 0, "threshold_error": 0.0}, "menin": {"sample_sd": 0.76084748070088848, "sample_mean": 0.23333333333333334, "daily_article_count": 0, "30_day_error_count": 1, "threshold_warn": 1.7550282947351104, "30_day_warn_count": 0, "daily_sd": -0.30667556803682644, "threshold_error": 2.5158757754359988}, "plagu": {"sample_sd": 0.0, "sample_mean": 0.0, "daily_article_count": 0, "30_day_error_count": 1, "threshold_warn": 0.0, "30_day_warn_count": 0, "daily_sd": 0, "threshold_error": 0.0}, "westn": {"sample_sd": 0.33993463423951903, "sample_mean": 0.13333333333333333, "daily_article_count": 0, "30_day_error_count": 0, "threshold_warn": 0.81320260181237136, "30_day_warn_count": 0, "daily_sd": -0.39223227027636803, "threshold_error": 1.1531372360518903}, "swine": {"sample_sd": 0.40000000000000008, "sample_mean": 0.20000000000000001, "daily_article_count": 0, "30_day_error_count": 0, "threshold_warn": 1.0000000000000002, "30_day_warn_count": 0, "daily_sd": -0.49999999999999994, "threshold_error": 1.4000000000000001}, "measl": {"sample_sd": 0.0, "sample_mean": 0.0, "daily_article_count": 0, "30_day_error_count": 0, "threshold_warn": 0.0, "30_day_warn_count": 0, "daily_sd": 0, "threshold_error": 0.0}, "dengu": {"sample_sd": 0.76084748070088848, "sample_mean": 0.56666666666666665, "daily_article_count": 2, "30_day_error_count": 5, "threshold_warn": 2.0883616280684434, "30_day_warn_count": 0, "daily_sd": 1.8838642036547912, "threshold_error": 2.8492091087693323}, "ebola": {"sample_sd": 31.662122480970858, "sample_mean": 38.100000000000001, "daily_article_count": 134, "30_day_error_count": 7, "threshold_warn": 101.42424496194172, "30_day_warn_count": 17, "daily_sd": 3.0288556952439474, "threshold_error": 133.08636744291258}, "unkno": {"sample_sd": 4.5660583536447374, "sample_mean": 4.5333333333333332, "daily_article_count": 4, "30_day_error_count": 0, "threshold_warn": 13.665450040622808, "30_day_warn_count": 0, "daily_sd": -0.11680388028935586, "threshold_error": 18.231508394267543}, "mumps": {"sample_sd": 0.0, "sample_mean": 0.0, "daily_article_count": 0, "30_day_error_count": 1, "threshold_warn": 0.0, "30_day_warn_count": 0, "daily_sd": 0, "threshold_error": 0.0}}