{"hemmo": {"sample_sd": 0.0, "sample_mean": 0.0, "daily_article_count": 0, "30_day_error_count": 0, "threshold_warn": 0.0, "30_day_warn_count": 0, "daily_sd": 0, "threshold_error": 0.0}, "mersc": {"sample_sd": 0.66999170807472608, "sample_mean": 0.53333333333333333, "daily_article_count": 1, "30_day_error_count": 7, "threshold_warn": 1.8733167494827856, "30_day_warn_count": 12, "daily_sd": 0.69652603314699235, "threshold_error": 2.5433084575575116}, "influ": {"sample_sd": 0.45338235029118146, "sample_mean": 0.16666666666666666, "daily_article_count": 0, "30_day_error_count": 3, "threshold_warn": 1.0734313672490297, "30_day_warn_count": 0, "daily_sd": -0.36760731104690386, "threshold_error": 1.5268137175402112}, "pertu": {"sample_sd": 0.17950549357115012, "sample_mean": 0.033333333333333333, "daily_article_count": 0, "30_day_error_count": 0, "threshold_warn": 0.39234432047563356, "30_day_warn_count": 0, "daily_sd": -0.18569533817705189, "threshold_error": 0.5718498140467837}, "moldf": {"sample_sd": 0.0, "sample_mean": 0.0, "daily_article_count": 0, "30_day_error_count": 0, "threshold_warn": 0.0, "30_day_warn_count": 0, "daily_sd": 0, "threshold_error": 0.0}, "chole": {"sample_sd": 0.78881063774661553, "sample_mean": 0.66666666666666663, "daily_article_count": 0, "30_day_error_count": 2, "threshold_warn": 2.2442879421598976, "30_day_warn_count": 0, "daily_sd": -0.84515425472851646, "threshold_error": 3.0330985799065133}, "hepat": {"sample_sd": 0.17950549357115009, "sample_mean": 0.033333333333333333, "daily_article_count": 0, "30_day_error_count": 1, "threshold_warn": 0.3923443204756335, "30_day_warn_count": 0, "daily_sd": -0.18569533817705192, "threshold_error": 0.57184981404678359}, "chiku": {"sample_sd": 0.0, "sample_mean": 0.0, "daily_article_count": 0, "30_day_error_count": 3, "threshold_warn": 0.0, "30_day_warn_count": 0, "daily_sd": 0, "threshold_error": 0.0}, "yello": {"sample_sd": 0.0, "sample_mean": 0.0, "daily_article_count": 0, "30_day_error_count": 1, "threshold_warn": 0.0, "30_day_warn_count": 0, "daily_sd": 0, "threshold_error": 0.0}, "menin": {"sample_sd": 0.39581140290126388, "sample_mean": 0.10000000000000001, "daily_article_count": 0, "30_day_error_count": 0, "threshold_warn": 0.89162280580252773, "30_day_warn_count": 0, "daily_sd": -0.25264557631995571, "threshold_error": 1.2874342087037918}, "plagu": {"sample_sd": 0.0, "sample_mean": 0.0, "daily_article_count": 0, "30_day_error_count": 0, "threshold_warn": 0.0, "30_day_warn_count": 0, "daily_sd": 0, "threshold_error": 0.0}, "westn": {"sample_sd": 0.42687494916218993, "sample_mean": 0.13333333333333333, "daily_article_count": 1, "30_day_error_count": 1, "threshold_warn": 0.98708323165771317, "30_day_warn_count": 0, "daily_sd": 2.0302589045518786, "threshold_error": 1.4139581808199031}, "swine": {"sample_sd": 0.39581140290126388, "sample_mean": 0.10000000000000001, "daily_article_count": 0, "30_day_error_count": 1, "threshold_warn": 0.89162280580252773, "30_day_warn_count": 0, "daily_sd": -0.25264557631995571, "threshold_error": 1.2874342087037918}, "measl": {"sample_sd": 0.0, "sample_mean": 0.0, "daily_article_count": 0, "30_day_error_count": 0, "threshold_warn": 0.0, "30_day_warn_count": 0, "daily_sd": 0, "threshold_error": 0.0}, "dengu": {"sample_sd": 0.52599112793531666, "sample_mean": 0.29999999999999999, "daily_article_count": 2, "30_day_error_count": 4, "threshold_warn": 1.3519822558706334, "30_day_warn_count": 0, "daily_sd": 3.2319936776748373, "threshold_error": 1.87797338380595}, "ebola": {"sample_sd": 9.2724801908059575, "sample_mean": 18.766666666666666, "daily_article_count": 9, "30_day_error_count": 0, "threshold_warn": 37.311627048278581, "30_day_warn_count": 0, "daily_sd": -1.0532960400768194, "threshold_error": 46.584107239084538}, "unkno": {"sample_sd": 1.521694961401777, "sample_mean": 1.4666666666666666, "daily_article_count": 1, "30_day_error_count": 6, "threshold_warn": 4.5100565894702207, "30_day_warn_count": 9, "daily_sd": -0.30667556803682638, "threshold_error": 6.0317515508719977}, "mumps": {"sample_sd": 0.0, "sample_mean": 0.0, "daily_article_count": 0, "30_day_error_count": 4, "threshold_warn": 0.0, "30_day_warn_count": 0, "daily_sd": 0, "threshold_error": 0.0}}