{"hemmo": {"sample_sd": 0.0, "sample_mean": 0.0, "daily_article_count": 0, "30_day_error_count": 0, "threshold_warn": 0.0, "30_day_warn_count": 0, "daily_sd": 0, "threshold_error": 0.0}, "mersc": {"sample_sd": 0.87496031656044582, "sample_mean": 0.96666666666666667, "daily_article_count": 1, "30_day_error_count": 0, "threshold_warn": 2.7165872997875584, "30_day_warn_count": 0, "daily_sd": 0.038096965887972956, "threshold_error": 3.591547616348004}, "influ": {"sample_sd": 0.71180521680208741, "sample_mean": 0.40000000000000002, "daily_article_count": 0, "30_day_error_count": 1, "threshold_warn": 1.8236104336041747, "30_day_warn_count": 0, "daily_sd": -0.56195148694901642, "threshold_error": 2.5354156504062622}, "pertu": {"sample_sd": 0.17950549357115009, "sample_mean": 0.033333333333333333, "daily_article_count": 0, "30_day_error_count": 0, "threshold_warn": 0.3923443204756335, "30_day_warn_count": 0, "daily_sd": -0.18569533817705192, "threshold_error": 0.57184981404678359}, "moldf": {"sample_sd": 0.17950549357115009, "sample_mean": 0.033333333333333333, "daily_article_count": 0, "30_day_error_count": 0, "threshold_warn": 0.3923443204756335, "30_day_warn_count": 0, "daily_sd": -0.18569533817705192, "threshold_error": 0.57184981404678359}, "chole": {"sample_sd": 0.52599112793531666, "sample_mean": 0.29999999999999999, "daily_article_count": 0, "30_day_error_count": 0, "threshold_warn": 1.3519822558706334, "30_day_warn_count": 0, "daily_sd": -0.57035182547203012, "threshold_error": 1.87797338380595}, "hepat": {"sample_sd": 0.17950549357115009, "sample_mean": 0.033333333333333333, "daily_article_count": 0, "30_day_error_count": 0, "threshold_warn": 0.3923443204756335, "30_day_warn_count": 0, "daily_sd": -0.18569533817705192, "threshold_error": 0.57184981404678359}, "chiku": {"sample_sd": 0.0, "sample_mean": 0.0, "daily_article_count": 0, "30_day_error_count": 0, "threshold_warn": 0.0, "30_day_warn_count": 0, "daily_sd": 0, "threshold_error": 0.0}, "yello": {"sample_sd": 0.0, "sample_mean": 0.0, "daily_article_count": 0, "30_day_error_count": 1, "threshold_warn": 0.0, "30_day_warn_count": 0, "daily_sd": 0, "threshold_error": 0.0}, "menin": {"sample_sd": 0.17950549357115009, "sample_mean": 0.033333333333333333, "daily_article_count": 0, "30_day_error_count": 1, "threshold_warn": 0.3923443204756335, "30_day_warn_count": 0, "daily_sd": -0.18569533817705192, "threshold_error": 0.57184981404678359}, "plagu": {"sample_sd": 0.0, "sample_mean": 0.0, "daily_article_count": 0, "30_day_error_count": 0, "threshold_warn": 0.0, "30_day_warn_count": 0, "daily_sd": 0, "threshold_error": 0.0}, "westn": {"sample_sd": 0.17950549357115009, "sample_mean": 0.033333333333333333, "daily_article_count": 0, "30_day_error_count": 0, "threshold_warn": 0.3923443204756335, "30_day_warn_count": 0, "daily_sd": -0.18569533817705192, "threshold_error": 0.57184981404678359}, "swine": {"sample_sd": 0.4533823502911814, "sample_mean": 0.16666666666666666, "daily_article_count": 0, "30_day_error_count": 0, "threshold_warn": 1.0734313672490294, "30_day_warn_count": 0, "daily_sd": -0.36760731104690386, "threshold_error": 1.526813717540211}, "measl": {"sample_sd": 0.45338235029118146, "sample_mean": 0.16666666666666666, "daily_article_count": 0, "30_day_error_count": 0, "threshold_warn": 1.0734313672490297, "30_day_warn_count": 0, "daily_sd": -0.36760731104690386, "threshold_error": 1.5268137175402112}, "dengu": {"sample_sd": 0.67082039324993692, "sample_mean": 0.5, "daily_article_count": 0, "30_day_error_count": 0, "threshold_warn": 1.8416407864998738, "30_day_warn_count": 0, "daily_sd": -0.7453559924999299, "threshold_error": 2.5124611797498106}, "ebola": {"sample_sd": 10.635422992162663, "sample_mean": 25.566666666666666, "daily_article_count": 10, "30_day_error_count": 0, "threshold_warn": 46.837512650991997, "30_day_warn_count": 0, "daily_sd": -1.4636622048918864, "threshold_error": 57.472935643154656}, "unkno": {"sample_sd": 1.2472191289246473, "sample_mean": 1.3333333333333333, "daily_article_count": 0, "30_day_error_count": 1, "threshold_warn": 3.8277715911826276, "30_day_warn_count": 0, "daily_sd": -1.0690449676496974, "threshold_error": 5.0749907201072748}, "mumps": {"sample_sd": 0.0, "sample_mean": 0.0, "daily_article_count": 0, "30_day_error_count": 0, "threshold_warn": 0.0, "30_day_warn_count": 0, "daily_sd": 0, "threshold_error": 0.0}}