{"hemmo": {"sample_sd": 0.0, "sample_mean": 0.0, "daily_article_count": 0, "30_day_error_count": 0, "threshold_warn": 0.0, "30_day_warn_count": 0, "daily_sd": 0, "threshold_error": 0.0}, "mersc": {"sample_sd": 0.80346471954626331, "sample_mean": 0.76666666666666672, "daily_article_count": 0, "30_day_error_count": 0, "threshold_warn": 2.3735961057591934, "30_day_warn_count": 0, "daily_sd": -0.9542007856917758, "threshold_error": 3.1770608253054564}, "influ": {"sample_sd": 0.71802197428460057, "sample_mean": 0.46666666666666667, "daily_article_count": 0, "30_day_error_count": 1, "threshold_warn": 1.9027106152358679, "30_day_warn_count": 0, "daily_sd": -0.64993368361968151, "threshold_error": 2.6207325895204683}, "pertu": {"sample_sd": 0.17950549357115009, "sample_mean": 0.033333333333333333, "daily_article_count": 0, "30_day_error_count": 0, "threshold_warn": 0.3923443204756335, "30_day_warn_count": 0, "daily_sd": -0.18569533817705192, "threshold_error": 0.57184981404678359}, "moldf": {"sample_sd": 0.17950549357115009, "sample_mean": 0.033333333333333333, "daily_article_count": 0, "30_day_error_count": 0, "threshold_warn": 0.3923443204756335, "30_day_warn_count": 0, "daily_sd": -0.18569533817705192, "threshold_error": 0.57184981404678359}, "chole": {"sample_sd": 0.5120763831912406, "sample_mean": 0.26666666666666666, "daily_article_count": 0, "30_day_error_count": 0, "threshold_warn": 1.2908194330491478, "30_day_warn_count": 0, "daily_sd": -0.52075564392329543, "threshold_error": 1.8028958162403885}, "hepat": {"sample_sd": 0.17950549357115009, "sample_mean": 0.033333333333333333, "daily_article_count": 0, "30_day_error_count": 0, "threshold_warn": 0.3923443204756335, "30_day_warn_count": 0, "daily_sd": -0.18569533817705192, "threshold_error": 0.57184981404678359}, "chiku": {"sample_sd": 0.0, "sample_mean": 0.0, "daily_article_count": 0, "30_day_error_count": 0, "threshold_warn": 0.0, "30_day_warn_count": 0, "daily_sd": 0, "threshold_error": 0.0}, "yello": {"sample_sd": 0.0, "sample_mean": 0.0, "daily_article_count": 0, "30_day_error_count": 1, "threshold_warn": 0.0, "30_day_warn_count": 0, "daily_sd": 0, "threshold_error": 0.0}, "menin": {"sample_sd": 0.0, "sample_mean": 0.0, "daily_article_count": 0, "30_day_error_count": 1, "threshold_warn": 0.0, "30_day_warn_count": 0, "daily_sd": 0, "threshold_error": 0.0}, "plagu": {"sample_sd": 0.0, "sample_mean": 0.0, "daily_article_count": 0, "30_day_error_count": 0, "threshold_warn": 0.0, "30_day_warn_count": 0, "daily_sd": 0, "threshold_error": 0.0}, "westn": {"sample_sd": 0.17950549357115009, "sample_mean": 0.033333333333333333, "daily_article_count": 0, "30_day_error_count": 0, "threshold_warn": 0.3923443204756335, "30_day_warn_count": 0, "daily_sd": -0.18569533817705192, "threshold_error": 0.57184981404678359}, "swine": {"sample_sd": 0.4533823502911814, "sample_mean": 0.16666666666666666, "daily_article_count": 0, "30_day_error_count": 0, "threshold_warn": 1.0734313672490294, "30_day_warn_count": 0, "daily_sd": -0.36760731104690386, "threshold_error": 1.526813717540211}, "measl": {"sample_sd": 0.45338235029118146, "sample_mean": 0.16666666666666666, "daily_article_count": 0, "30_day_error_count": 0, "threshold_warn": 1.0734313672490297, "30_day_warn_count": 0, "daily_sd": -0.36760731104690386, "threshold_error": 1.5268137175402112}, "dengu": {"sample_sd": 0.61553951042064614, "sample_mean": 0.43333333333333335, "daily_article_count": 0, "30_day_error_count": 0, "threshold_warn": 1.6644123541746256, "30_day_warn_count": 0, "daily_sd": -0.70398946939604723, "threshold_error": 2.2799518645952714}, "ebola": {"sample_sd": 10.593551497648621, "sample_mean": 24.899999999999999, "daily_article_count": 32, "30_day_error_count": 0, "threshold_warn": 46.087102995297244, "30_day_warn_count": 0, "daily_sd": 0.67021904802897692, "threshold_error": 56.680654492945862}, "unkno": {"sample_sd": 1.2092238098144703, "sample_mean": 1.2666666666666666, "daily_article_count": 0, "30_day_error_count": 3, "threshold_warn": 3.6851142862956072, "30_day_warn_count": 0, "daily_sd": -1.0475039081979454, "threshold_error": 4.8943380961100775}, "mumps": {"sample_sd": 0.0, "sample_mean": 0.0, "daily_article_count": 0, "30_day_error_count": 0, "threshold_warn": 0.0, "30_day_warn_count": 0, "daily_sd": 0, "threshold_error": 0.0}}