{"hemmo": {"sample_sd": 0.0, "sample_mean": 0.0, "daily_article_count": 0, "30_day_error_count": 0, "threshold_warn": 0.0, "30_day_warn_count": 0, "daily_sd": 0, "threshold_error": 0.0}, "mersc": {"sample_sd": 0.86986589004665937, "sample_mean": 1.1000000000000001, "daily_article_count": 0, "30_day_error_count": 0, "threshold_warn": 2.8397317800933188, "30_day_warn_count": 0, "daily_sd": -1.264562747644923, "threshold_error": 3.7095976701399782}, "influ": {"sample_sd": 0.64978628965393093, "sample_mean": 0.33333333333333331, "daily_article_count": 0, "30_day_error_count": 1, "threshold_warn": 1.6329059126411951, "30_day_warn_count": 0, "daily_sd": -0.51298917604257699, "threshold_error": 2.2826922022951264}, "pertu": {"sample_sd": 0.24944382578492943, "sample_mean": 0.066666666666666666, "daily_article_count": 0, "30_day_error_count": 0, "threshold_warn": 0.56555431823652558, "30_day_warn_count": 0, "daily_sd": -0.2672612419124244, "threshold_error": 0.81499814402145498}, "moldf": {"sample_sd": 0.17950549357115009, "sample_mean": 0.033333333333333333, "daily_article_count": 0, "30_day_error_count": 0, "threshold_warn": 0.3923443204756335, "30_day_warn_count": 0, "daily_sd": -0.18569533817705192, "threshold_error": 0.57184981404678359}, "chole": {"sample_sd": 0.53748384988656994, "sample_mean": 0.33333333333333331, "daily_article_count": 0, "30_day_error_count": 0, "threshold_warn": 1.4083010331064731, "30_day_warn_count": 0, "daily_sd": -0.62017367294604231, "threshold_error": 1.9457848829930431}, "hepat": {"sample_sd": 0.17950549357115009, "sample_mean": 0.033333333333333333, "daily_article_count": 0, "30_day_error_count": 0, "threshold_warn": 0.3923443204756335, "30_day_warn_count": 0, "daily_sd": -0.18569533817705192, "threshold_error": 0.57184981404678359}, "chiku": {"sample_sd": 0.0, "sample_mean": 0.0, "daily_article_count": 0, "30_day_error_count": 0, "threshold_warn": 0.0, "30_day_warn_count": 0, "daily_sd": 0, "threshold_error": 0.0}, "yello": {"sample_sd": 0.0, "sample_mean": 0.0, "daily_article_count": 0, "30_day_error_count": 1, "threshold_warn": 0.0, "30_day_warn_count": 0, "daily_sd": 0, "threshold_error": 0.0}, "menin": {"sample_sd": 0.24944382578492943, "sample_mean": 0.066666666666666666, "daily_article_count": 0, "30_day_error_count": 1, "threshold_warn": 0.56555431823652558, "30_day_warn_count": 0, "daily_sd": -0.2672612419124244, "threshold_error": 0.81499814402145498}, "plagu": {"sample_sd": 0.0, "sample_mean": 0.0, "daily_article_count": 0, "30_day_error_count": 0, "threshold_warn": 0.0, "30_day_warn_count": 0, "daily_sd": 0, "threshold_error": 0.0}, "westn": {"sample_sd": 0.17950549357115012, "sample_mean": 0.033333333333333333, "daily_article_count": 0, "30_day_error_count": 0, "threshold_warn": 0.39234432047563356, "30_day_warn_count": 0, "daily_sd": -0.18569533817705189, "threshold_error": 0.5718498140467837}, "swine": {"sample_sd": 0.4533823502911814, "sample_mean": 0.16666666666666666, "daily_article_count": 0, "30_day_error_count": 0, "threshold_warn": 1.0734313672490294, "30_day_warn_count": 0, "daily_sd": -0.36760731104690386, "threshold_error": 1.526813717540211}, "measl": {"sample_sd": 0.45338235029118146, "sample_mean": 0.16666666666666666, "daily_article_count": 0, "30_day_error_count": 0, "threshold_warn": 1.0734313672490297, "30_day_warn_count": 0, "daily_sd": -0.36760731104690386, "threshold_error": 1.5268137175402112}, "dengu": {"sample_sd": 0.61101009266077866, "sample_mean": 0.40000000000000002, "daily_article_count": 0, "30_day_error_count": 0, "threshold_warn": 1.6220201853215572, "30_day_warn_count": 0, "daily_sd": -0.6546536707079772, "threshold_error": 2.2330302779823361}, "ebola": {"sample_sd": 11.123998082224453, "sample_mean": 25.300000000000001, "daily_article_count": 25, "30_day_error_count": 0, "threshold_warn": 47.547996164448904, "30_day_warn_count": 0, "daily_sd": -0.026968720938507214, "threshold_error": 58.671994246673364}, "unkno": {"sample_sd": 1.254325848148452, "sample_mean": 1.6000000000000001, "daily_article_count": 7, "30_day_error_count": 1, "threshold_warn": 4.1086516962969046, "30_day_warn_count": 0, "daily_sd": 4.305101427967144, "threshold_error": 5.3629775444453562}, "mumps": {"sample_sd": 0.0, "sample_mean": 0.0, "daily_article_count": 0, "30_day_error_count": 0, "threshold_warn": 0.0, "30_day_warn_count": 0, "daily_sd": 0, "threshold_error": 0.0}}