{"hemmo": {"sample_sd": 0.29999999999999999, "sample_mean": 0.10000000000000001, "daily_article_count": 0, "30_day_error_count": 0, "threshold_warn": 0.69999999999999996, "30_day_warn_count": 0, "daily_sd": -0.33333333333333337, "threshold_error": 0.99999999999999989}, "mersc": {"sample_sd": 0.17950549357115012, "sample_mean": 0.033333333333333333, "daily_article_count": 0, "30_day_error_count": 4, "threshold_warn": 0.39234432047563356, "30_day_warn_count": 0, "daily_sd": -0.18569533817705189, "threshold_error": 0.5718498140467837}, "influ": {"sample_sd": 0.80553639823963807, "sample_mean": 0.46666666666666667, "daily_article_count": 1, "30_day_error_count": 0, "threshold_warn": 2.0777394631459427, "30_day_warn_count": 0, "daily_sd": 0.66208471088189436, "threshold_error": 2.8832758613855809}, "pertu": {"sample_sd": 0.0, "sample_mean": 0.0, "daily_article_count": 0, "30_day_error_count": 0, "threshold_warn": 0.0, "30_day_warn_count": 0, "daily_sd": 0, "threshold_error": 0.0}, "moldf": {"sample_sd": 0.0, "sample_mean": 0.0, "daily_article_count": 0, "30_day_error_count": 0, "threshold_warn": 0.0, "30_day_warn_count": 0, "daily_sd": 0, "threshold_error": 0.0}, "chole": {"sample_sd": 1.0857664983268223, "sample_mean": 0.76666666666666672, "daily_article_count": 0, "30_day_error_count": 0, "threshold_warn": 2.9381996633203111, "30_day_warn_count": 0, "daily_sd": -0.70610639382234419, "threshold_error": 4.0239661616471336}, "hepat": {"sample_sd": 0.17950549357115009, "sample_mean": 0.033333333333333333, "daily_article_count": 0, "30_day_error_count": 0, "threshold_warn": 0.3923443204756335, "30_day_warn_count": 0, "daily_sd": -0.18569533817705192, "threshold_error": 0.57184981404678359}, "chiku": {"sample_sd": 0.24944382578492943, "sample_mean": 0.066666666666666666, "daily_article_count": 1, "30_day_error_count": 3, "threshold_warn": 0.56555431823652558, "30_day_warn_count": 0, "daily_sd": 3.7416573867739413, "threshold_error": 0.81499814402145498}, "yello": {"sample_sd": 0.0, "sample_mean": 0.0, "daily_article_count": 0, "30_day_error_count": 0, "threshold_warn": 0.0, "30_day_warn_count": 0, "daily_sd": 0, "threshold_error": 0.0}, "menin": {"sample_sd": 0.24944382578492943, "sample_mean": 0.066666666666666666, "daily_article_count": 0, "30_day_error_count": 0, "threshold_warn": 0.56555431823652558, "30_day_warn_count": 0, "daily_sd": -0.2672612419124244, "threshold_error": 0.81499814402145498}, "plagu": {"sample_sd": 0.0, "sample_mean": 0.0, "daily_article_count": 0, "30_day_error_count": 0, "threshold_warn": 0.0, "30_day_warn_count": 0, "daily_sd": 0, "threshold_error": 0.0}, "westn": {"sample_sd": 0.0, "sample_mean": 0.0, "daily_article_count": 0, "30_day_error_count": 2, "threshold_warn": 0.0, "30_day_warn_count": 0, "daily_sd": 0, "threshold_error": 0.0}, "swine": {"sample_sd": 0.93630479367920938, "sample_mean": 0.29999999999999999, "daily_article_count": 0, "30_day_error_count": 0, "threshold_warn": 2.1726095873584188, "30_day_warn_count": 0, "daily_sd": -0.32040848452900694, "threshold_error": 3.1089143810376281}, "measl": {"sample_sd": 0.0, "sample_mean": 0.0, "daily_article_count": 0, "30_day_error_count": 0, "threshold_warn": 0.0, "30_day_warn_count": 0, "daily_sd": 0, "threshold_error": 0.0}, "dengu": {"sample_sd": 2.2020192753218319, "sample_mean": 0.8666666666666667, "daily_article_count": 1, "30_day_error_count": 0, "threshold_warn": 5.270705217310331, "30_day_warn_count": 2, "daily_sd": 0.060550484197667266, "threshold_error": 7.4727244926321621}, "ebola": {"sample_sd": 13.965871099059862, "sample_mean": 16.766666666666666, "daily_article_count": 38, "30_day_error_count": 0, "threshold_warn": 44.698408864786387, "30_day_warn_count": 0, "daily_sd": 1.520372999487493, "threshold_error": 58.664279963846255}, "unkno": {"sample_sd": 5.7615584311499912, "sample_mean": 3.7333333333333334, "daily_article_count": 2, "30_day_error_count": 0, "threshold_warn": 15.256450195633317, "30_day_warn_count": 0, "daily_sd": -0.30084452914024595, "threshold_error": 21.018008626783306}, "mumps": {"sample_sd": 0.17950549357115012, "sample_mean": 0.033333333333333333, "daily_article_count": 0, "30_day_error_count": 0, "threshold_warn": 0.39234432047563356, "30_day_warn_count": 0, "daily_sd": -0.18569533817705189, "threshold_error": 0.5718498140467837}}