{"hemmo": {"sample_sd": 0.0, "sample_mean": 0.0, "daily_article_count": 0, "30_day_error_count": 0, "threshold_warn": 0.0, "30_day_warn_count": 0, "daily_sd": 0, "threshold_error": 0.0}, "mersc": {"sample_sd": 1.1160446028522135, "sample_mean": 1.4333333333333333, "daily_article_count": 2, "30_day_error_count": 0, "threshold_warn": 3.6654225390377606, "30_day_warn_count": 0, "daily_sd": 0.5077455374260742, "threshold_error": 4.7814671418899737}, "influ": {"sample_sd": 0.67986926847903806, "sample_mean": 0.26666666666666666, "daily_article_count": 0, "30_day_error_count": 1, "threshold_warn": 1.6264052036247427, "30_day_warn_count": 0, "daily_sd": -0.39223227027636803, "threshold_error": 2.3062744721037807}, "pertu": {"sample_sd": 0.17950549357115009, "sample_mean": 0.033333333333333333, "daily_article_count": 0, "30_day_error_count": 0, "threshold_warn": 0.3923443204756335, "30_day_warn_count": 0, "daily_sd": -0.18569533817705192, "threshold_error": 0.57184981404678359}, "moldf": {"sample_sd": 0.0, "sample_mean": 0.0, "daily_article_count": 0, "30_day_error_count": 0, "threshold_warn": 0.0, "30_day_warn_count": 0, "daily_sd": 0, "threshold_error": 0.0}, "chole": {"sample_sd": 1.0645812948447542, "sample_mean": 1.0, "daily_article_count": 0, "30_day_error_count": 0, "threshold_warn": 3.1291625896895083, "30_day_warn_count": 0, "daily_sd": -0.93933643662772426, "threshold_error": 4.1937438845342623}, "hepat": {"sample_sd": 0.0, "sample_mean": 0.0, "daily_article_count": 0, "30_day_error_count": 1, "threshold_warn": 0.0, "30_day_warn_count": 0, "daily_sd": 0, "threshold_error": 0.0}, "chiku": {"sample_sd": 0.29999999999999999, "sample_mean": 0.10000000000000001, "daily_article_count": 0, "30_day_error_count": 1, "threshold_warn": 0.69999999999999996, "30_day_warn_count": 0, "daily_sd": -0.33333333333333337, "threshold_error": 0.99999999999999989}, "yello": {"sample_sd": 0.0, "sample_mean": 0.0, "daily_article_count": 0, "30_day_error_count": 1, "threshold_warn": 0.0, "30_day_warn_count": 0, "daily_sd": 0, "threshold_error": 0.0}, "menin": {"sample_sd": 0.17950549357115009, "sample_mean": 0.033333333333333333, "daily_article_count": 1, "30_day_error_count": 1, "threshold_warn": 0.3923443204756335, "30_day_warn_count": 0, "daily_sd": 5.3851648071345055, "threshold_error": 0.57184981404678359}, "plagu": {"sample_sd": 0.0, "sample_mean": 0.0, "daily_article_count": 0, "30_day_error_count": 0, "threshold_warn": 0.0, "30_day_warn_count": 0, "daily_sd": 0, "threshold_error": 0.0}, "westn": {"sample_sd": 0.59628479399994383, "sample_mean": 0.33333333333333331, "daily_article_count": 0, "30_day_error_count": 0, "threshold_warn": 1.5259029213332209, "30_day_warn_count": 0, "daily_sd": -0.55901699437494745, "threshold_error": 2.122187715333165}, "swine": {"sample_sd": 0.42687494916218993, "sample_mean": 0.13333333333333333, "daily_article_count": 0, "30_day_error_count": 1, "threshold_warn": 0.98708323165771317, "30_day_warn_count": 0, "daily_sd": -0.31234752377721209, "threshold_error": 1.4139581808199031}, "measl": {"sample_sd": 0.0, "sample_mean": 0.0, "daily_article_count": 0, "30_day_error_count": 0, "threshold_warn": 0.0, "30_day_warn_count": 0, "daily_sd": 0, "threshold_error": 0.0}, "dengu": {"sample_sd": 0.66749947981669289, "sample_mean": 0.43333333333333335, "daily_article_count": 1, "30_day_error_count": 0, "threshold_warn": 1.7683322929667191, "30_day_warn_count": 0, "daily_sd": 0.84893948804616792, "threshold_error": 2.4358317727834118}, "ebola": {"sample_sd": 8.8459030064770658, "sample_mean": 17.5, "daily_article_count": 27, "30_day_error_count": 0, "threshold_warn": 35.191806012954132, "30_day_warn_count": 0, "daily_sd": 1.0739434959940208, "threshold_error": 44.037709019431198}, "unkno": {"sample_sd": 2.8627880738111848, "sample_mean": 3.0666666666666669, "daily_article_count": 5, "30_day_error_count": 2, "threshold_warn": 8.7922428142890361, "30_day_warn_count": 0, "daily_sd": 0.67533232760730233, "threshold_error": 11.655030888100221}, "mumps": {"sample_sd": 0.29999999999999999, "sample_mean": 0.10000000000000001, "daily_article_count": 0, "30_day_error_count": 1, "threshold_warn": 0.69999999999999996, "30_day_warn_count": 0, "daily_sd": -0.33333333333333337, "threshold_error": 0.99999999999999989}}