{"hemmo": {"sample_sd": 0.0, "sample_mean": 0.0, "daily_article_count": 0, "30_day_error_count": 1, "threshold_warn": 0.0, "30_day_warn_count": 0, "daily_sd": 0, "threshold_error": 0.0}, "mersc": {"sample_sd": 0.56174331821175716, "sample_mean": 1.1333333333333333, "daily_article_count": 0, "30_day_error_count": 3, "threshold_warn": 2.2568199697568474, "30_day_warn_count": 0, "daily_sd": -2.0175288189295508, "threshold_error": 2.8185632879686047}, "influ": {"sample_sd": 0.47609522856952335, "sample_mean": 0.20000000000000001, "daily_article_count": 0, "30_day_error_count": 2, "threshold_warn": 1.1521904571390467, "30_day_warn_count": 0, "daily_sd": -0.42008402520840293, "threshold_error": 1.6282856857085701}, "pertu": {"sample_sd": 0.0, "sample_mean": 0.0, "daily_article_count": 0, "30_day_error_count": 1, "threshold_warn": 0.0, "30_day_warn_count": 0, "daily_sd": 0, "threshold_error": 0.0}, "moldf": {"sample_sd": 0.0, "sample_mean": 0.0, "daily_article_count": 0, "30_day_error_count": 0, "threshold_warn": 0.0, "30_day_warn_count": 0, "daily_sd": 0, "threshold_error": 0.0}, "chole": {"sample_sd": 0.89193921068397686, "sample_mean": 0.73333333333333328, "daily_article_count": 1, "30_day_error_count": 6, "threshold_warn": 2.5172117547012869, "30_day_warn_count": 0, "daily_sd": 0.29897403710077436, "threshold_error": 3.4091509653852641}, "hepat": {"sample_sd": 0.0, "sample_mean": 0.0, "daily_article_count": 0, "30_day_error_count": 0, "threshold_warn": 0.0, "30_day_warn_count": 0, "daily_sd": 0, "threshold_error": 0.0}, "chiku": {"sample_sd": 0.17950549357115009, "sample_mean": 0.033333333333333333, "daily_article_count": 0, "30_day_error_count": 2, "threshold_warn": 0.3923443204756335, "30_day_warn_count": 0, "daily_sd": -0.18569533817705192, "threshold_error": 0.57184981404678359}, "yello": {"sample_sd": 0.17950549357115009, "sample_mean": 0.033333333333333333, "daily_article_count": 0, "30_day_error_count": 0, "threshold_warn": 0.3923443204756335, "30_day_warn_count": 0, "daily_sd": -0.18569533817705192, "threshold_error": 0.57184981404678359}, "menin": {"sample_sd": 0.17950549357115012, "sample_mean": 0.033333333333333333, "daily_article_count": 0, "30_day_error_count": 5, "threshold_warn": 0.39234432047563356, "30_day_warn_count": 0, "daily_sd": -0.18569533817705189, "threshold_error": 0.5718498140467837}, "plagu": {"sample_sd": 0.0, "sample_mean": 0.0, "daily_article_count": 0, "30_day_error_count": 1, "threshold_warn": 0.0, "30_day_warn_count": 0, "daily_sd": 0, "threshold_error": 0.0}, "westn": {"sample_sd": 0.37267799624996495, "sample_mean": 0.16666666666666666, "daily_article_count": 1, "30_day_error_count": 0, "threshold_warn": 0.91202265916659653, "30_day_warn_count": 0, "daily_sd": 2.2360679774997898, "threshold_error": 1.2847006554165616}, "swine": {"sample_sd": 0.33993463423951903, "sample_mean": 0.13333333333333333, "daily_article_count": 0, "30_day_error_count": 0, "threshold_warn": 0.81320260181237136, "30_day_warn_count": 0, "daily_sd": -0.39223227027636803, "threshold_error": 1.1531372360518903}, "measl": {"sample_sd": 0.0, "sample_mean": 0.0, "daily_article_count": 0, "30_day_error_count": 0, "threshold_warn": 0.0, "30_day_warn_count": 0, "daily_sd": 0, "threshold_error": 0.0}, "dengu": {"sample_sd": 0.61553951042064614, "sample_mean": 0.43333333333333335, "daily_article_count": 3, "30_day_error_count": 3, "threshold_warn": 1.6644123541746256, "30_day_warn_count": 3, "daily_sd": 4.1697837802688946, "threshold_error": 2.2799518645952714}, "ebola": {"sample_sd": 6.0093445750948762, "sample_mean": 14.566666666666666, "daily_article_count": 114, "30_day_error_count": 22, "threshold_warn": 26.585355816856421, "30_day_warn_count": 0, "daily_sd": 16.546452294552186, "threshold_error": 32.594700391951292}, "unkno": {"sample_sd": 4.4682832895369966, "sample_mean": 4.6333333333333337, "daily_article_count": 2, "30_day_error_count": 0, "threshold_warn": 13.569899912407326, "30_day_warn_count": 0, "daily_sd": -0.58933893907299684, "threshold_error": 18.038183201944324}, "mumps": {"sample_sd": 0.17950549357115009, "sample_mean": 0.033333333333333333, "daily_article_count": 0, "30_day_error_count": 0, "threshold_warn": 0.3923443204756335, "30_day_warn_count": 0, "daily_sd": -0.18569533817705192, "threshold_error": 0.57184981404678359}}