{"hemmo": {"sample_sd": 0.0, "sample_mean": 0.0, "daily_article_count": 0, "30_day_error_count": 1, "threshold_warn": 0.0, "30_day_warn_count": 0, "daily_sd": 0, "threshold_error": 0.0}, "mersc": {"sample_sd": 0.91954094827558153, "sample_mean": 1.7666666666666666, "daily_article_count": 0, "30_day_error_count": 0, "threshold_warn": 3.6057485632178299, "30_day_warn_count": 0, "daily_sd": -1.9212484990251961, "threshold_error": 4.5252895114934111}, "influ": {"sample_sd": 1.3840359661351129, "sample_mean": 0.46666666666666667, "daily_article_count": 1, "30_day_error_count": 0, "threshold_warn": 3.2347385989368926, "30_day_warn_count": 0, "daily_sd": 0.38534644068727042, "threshold_error": 4.6187745650720053}, "pertu": {"sample_sd": 0.0, "sample_mean": 0.0, "daily_article_count": 0, "30_day_error_count": 1, "threshold_warn": 0.0, "30_day_warn_count": 0, "daily_sd": 0, "threshold_error": 0.0}, "moldf": {"sample_sd": 0.0, "sample_mean": 0.0, "daily_article_count": 0, "30_day_error_count": 0, "threshold_warn": 0.0, "30_day_warn_count": 0, "daily_sd": 0, "threshold_error": 0.0}, "chole": {"sample_sd": 1.1175369742826804, "sample_mean": 0.8666666666666667, "daily_article_count": 5, "30_day_error_count": 1, "threshold_warn": 3.1017406152320275, "30_day_warn_count": 1, "daily_sd": 3.6986099148857408, "threshold_error": 4.2192775895147072}, "hepat": {"sample_sd": 0.17950549357115012, "sample_mean": 0.033333333333333333, "daily_article_count": 0, "30_day_error_count": 0, "threshold_warn": 0.39234432047563356, "30_day_warn_count": 0, "daily_sd": -0.18569533817705189, "threshold_error": 0.5718498140467837}, "chiku": {"sample_sd": 0.29999999999999999, "sample_mean": 0.10000000000000001, "daily_article_count": 0, "30_day_error_count": 2, "threshold_warn": 0.69999999999999996, "30_day_warn_count": 0, "daily_sd": -0.33333333333333337, "threshold_error": 0.99999999999999989}, "yello": {"sample_sd": 0.17950549357115012, "sample_mean": 0.033333333333333333, "daily_article_count": 0, "30_day_error_count": 0, "threshold_warn": 0.39234432047563356, "30_day_warn_count": 0, "daily_sd": -0.18569533817705189, "threshold_error": 0.5718498140467837}, "menin": {"sample_sd": 0.0, "sample_mean": 0.0, "daily_article_count": 0, "30_day_error_count": 1, "threshold_warn": 0.0, "30_day_warn_count": 0, "daily_sd": 0, "threshold_error": 0.0}, "plagu": {"sample_sd": 0.0, "sample_mean": 0.0, "daily_article_count": 0, "30_day_error_count": 0, "threshold_warn": 0.0, "30_day_warn_count": 0, "daily_sd": 0, "threshold_error": 0.0}, "westn": {"sample_sd": 0.52599112793531666, "sample_mean": 0.29999999999999999, "daily_article_count": 0, "30_day_error_count": 0, "threshold_warn": 1.3519822558706334, "30_day_warn_count": 0, "daily_sd": -0.57035182547203012, "threshold_error": 1.87797338380595}, "swine": {"sample_sd": 0.45338235029118146, "sample_mean": 0.16666666666666666, "daily_article_count": 1, "30_day_error_count": 0, "threshold_warn": 1.0734313672490297, "30_day_warn_count": 0, "daily_sd": 1.8380365552345195, "threshold_error": 1.5268137175402112}, "measl": {"sample_sd": 0.0, "sample_mean": 0.0, "daily_article_count": 0, "30_day_error_count": 0, "threshold_warn": 0.0, "30_day_warn_count": 0, "daily_sd": 0, "threshold_error": 0.0}, "dengu": {"sample_sd": 0.71180521680208741, "sample_mean": 0.59999999999999998, "daily_article_count": 0, "30_day_error_count": 0, "threshold_warn": 2.0236104336041749, "30_day_warn_count": 0, "daily_sd": -0.84292723042352458, "threshold_error": 2.7354156504062623}, "ebola": {"sample_sd": 8.2691528519485527, "sample_mean": 16.566666666666666, "daily_article_count": 19, "30_day_error_count": 1, "threshold_warn": 33.104972370563772, "30_day_warn_count": 0, "daily_sd": 0.2942663386322506, "threshold_error": 41.374125222512319}, "unkno": {"sample_sd": 4.1911281960297471, "sample_mean": 4.6333333333333337, "daily_article_count": 7, "30_day_error_count": 1, "threshold_warn": 13.015589725392829, "30_day_warn_count": 0, "daily_sd": 0.56468486669260276, "threshold_error": 17.206717921422573}, "mumps": {"sample_sd": 0.33993463423951903, "sample_mean": 0.13333333333333333, "daily_article_count": 0, "30_day_error_count": 0, "threshold_warn": 0.81320260181237136, "30_day_warn_count": 0, "daily_sd": -0.39223227027636803, "threshold_error": 1.1531372360518903}}