{"hemmo": {"sample_sd": 0.0, "sample_mean": 0.0, "daily_article_count": 0, "30_day_error_count": 1, "threshold_warn": 0.0, "30_day_warn_count": 0, "daily_sd": 0, "threshold_error": 0.0}, "mersc": {"sample_sd": 0.64978628965393093, "sample_mean": 1.3333333333333333, "daily_article_count": 3, "30_day_error_count": 1, "threshold_warn": 2.6329059126411951, "30_day_warn_count": 0, "daily_sd": 2.5649458802128855, "threshold_error": 3.2826922022951264}, "influ": {"sample_sd": 1.3354150416006754, "sample_mean": 0.5, "daily_article_count": 0, "30_day_error_count": 0, "threshold_warn": 3.1708300832013507, "30_day_warn_count": 0, "daily_sd": -0.37441543222448836, "threshold_error": 4.5062451248020263}, "pertu": {"sample_sd": 0.0, "sample_mean": 0.0, "daily_article_count": 0, "30_day_error_count": 1, "threshold_warn": 0.0, "30_day_warn_count": 0, "daily_sd": 0, "threshold_error": 0.0}, "moldf": {"sample_sd": 0.0, "sample_mean": 0.0, "daily_article_count": 0, "30_day_error_count": 0, "threshold_warn": 0.0, "30_day_warn_count": 0, "daily_sd": 0, "threshold_error": 0.0}, "chole": {"sample_sd": 0.75203427817856516, "sample_mean": 0.6333333333333333, "daily_article_count": 0, "30_day_error_count": 10, "threshold_warn": 2.1374018896904636, "30_day_warn_count": 1, "daily_sd": -0.84216019363807881, "threshold_error": 2.8894361678690288}, "hepat": {"sample_sd": 0.17950549357115009, "sample_mean": 0.033333333333333333, "daily_article_count": 0, "30_day_error_count": 0, "threshold_warn": 0.3923443204756335, "30_day_warn_count": 0, "daily_sd": -0.18569533817705192, "threshold_error": 0.57184981404678359}, "chiku": {"sample_sd": 0.17950549357115012, "sample_mean": 0.033333333333333333, "daily_article_count": 0, "30_day_error_count": 2, "threshold_warn": 0.39234432047563356, "30_day_warn_count": 0, "daily_sd": -0.18569533817705189, "threshold_error": 0.5718498140467837}, "yello": {"sample_sd": 0.17950549357115009, "sample_mean": 0.033333333333333333, "daily_article_count": 0, "30_day_error_count": 0, "threshold_warn": 0.3923443204756335, "30_day_warn_count": 0, "daily_sd": -0.18569533817705192, "threshold_error": 0.57184981404678359}, "menin": {"sample_sd": 0.0, "sample_mean": 0.0, "daily_article_count": 1, "30_day_error_count": 5, "threshold_warn": 0.0, "30_day_warn_count": 0, "daily_sd": 0, "threshold_error": 0.0}, "plagu": {"sample_sd": 0.0, "sample_mean": 0.0, "daily_article_count": 0, "30_day_error_count": 0, "threshold_warn": 0.0, "30_day_warn_count": 0, "daily_sd": 0, "threshold_error": 0.0}, "westn": {"sample_sd": 0.45338235029118146, "sample_mean": 0.16666666666666666, "daily_article_count": 0, "30_day_error_count": 0, "threshold_warn": 1.0734313672490297, "30_day_warn_count": 0, "daily_sd": -0.36760731104690386, "threshold_error": 1.5268137175402112}, "swine": {"sample_sd": 0.49553562491061681, "sample_mean": 0.23333333333333334, "daily_article_count": 0, "30_day_error_count": 0, "threshold_warn": 1.2244045831545669, "30_day_warn_count": 0, "daily_sd": -0.47087095579741878, "threshold_error": 1.7199402080651838}, "measl": {"sample_sd": 0.0, "sample_mean": 0.0, "daily_article_count": 0, "30_day_error_count": 0, "threshold_warn": 0.0, "30_day_warn_count": 0, "daily_sd": 0, "threshold_error": 0.0}, "dengu": {"sample_sd": 0.66749947981669289, "sample_mean": 0.56666666666666665, "daily_article_count": 2, "30_day_error_count": 2, "threshold_warn": 1.9016656263000524, "30_day_warn_count": 1, "daily_sd": 2.147317528587366, "threshold_error": 2.5691651061167455}, "ebola": {"sample_sd": 6.0107311442859341, "sample_mean": 15.266666666666667, "daily_article_count": 46, "30_day_error_count": 13, "threshold_warn": 27.288128955238534, "30_day_warn_count": 0, "daily_sd": 5.1130773604056134, "threshold_error": 33.298860099524468}, "unkno": {"sample_sd": 3.8070110760717961, "sample_mean": 4.2000000000000002, "daily_article_count": 6, "30_day_error_count": 2, "threshold_warn": 11.814022152143593, "30_day_warn_count": 0, "daily_sd": 0.47281186317359003, "threshold_error": 15.621033228215389}, "mumps": {"sample_sd": 0.17950549357115009, "sample_mean": 0.033333333333333333, "daily_article_count": 0, "30_day_error_count": 0, "threshold_warn": 0.3923443204756335, "30_day_warn_count": 0, "daily_sd": -0.18569533817705192, "threshold_error": 0.57184981404678359}}