{"hemmo": {"sample_sd": 0.17950549357115009, "sample_mean": 0.033333333333333333, "daily_article_count": 0, "30_day_error_count": 0, "threshold_warn": 0.3923443204756335, "30_day_warn_count": 0, "daily_sd": -0.18569533817705192, "threshold_error": 0.57184981404678359}, "mersc": {"sample_sd": 0.80346471954626331, "sample_mean": 0.76666666666666672, "daily_article_count": 0, "30_day_error_count": 2, "threshold_warn": 2.3735961057591934, "30_day_warn_count": 2, "daily_sd": -0.9542007856917758, "threshold_error": 3.1770608253054564}, "influ": {"sample_sd": 0.58594652770823152, "sample_mean": 0.29999999999999999, "daily_article_count": 0, "30_day_error_count": 1, "threshold_warn": 1.4718930554164631, "30_day_warn_count": 0, "daily_sd": -0.5119921115897168, "threshold_error": 2.0578395831246943}, "pertu": {"sample_sd": 0.17950549357115012, "sample_mean": 0.033333333333333333, "daily_article_count": 0, "30_day_error_count": 0, "threshold_warn": 0.39234432047563356, "30_day_warn_count": 0, "daily_sd": -0.18569533817705189, "threshold_error": 0.5718498140467837}, "moldf": {"sample_sd": 0.0, "sample_mean": 0.0, "daily_article_count": 0, "30_day_error_count": 0, "threshold_warn": 0.0, "30_day_warn_count": 0, "daily_sd": 0, "threshold_error": 0.0}, "chole": {"sample_sd": 2.4131583730317687, "sample_mean": 1.8999999999999999, "daily_article_count": 0, "30_day_error_count": 1, "threshold_warn": 6.7263167460635369, "30_day_warn_count": 0, "daily_sd": -0.78734989847058279, "threshold_error": 9.139475119095307}, "hepat": {"sample_sd": 0.0, "sample_mean": 0.0, "daily_article_count": 0, "30_day_error_count": 1, "threshold_warn": 0.0, "30_day_warn_count": 0, "daily_sd": 0, "threshold_error": 0.0}, "chiku": {"sample_sd": 0.24944382578492943, "sample_mean": 0.066666666666666666, "daily_article_count": 0, "30_day_error_count": 0, "threshold_warn": 0.56555431823652558, "30_day_warn_count": 0, "daily_sd": -0.2672612419124244, "threshold_error": 0.81499814402145498}, "yello": {"sample_sd": 0.0, "sample_mean": 0.0, "daily_article_count": 0, "30_day_error_count": 0, "threshold_warn": 0.0, "30_day_warn_count": 0, "daily_sd": 0, "threshold_error": 0.0}, "menin": {"sample_sd": 0.24944382578492943, "sample_mean": 0.066666666666666666, "daily_article_count": 0, "30_day_error_count": 5, "threshold_warn": 0.56555431823652558, "30_day_warn_count": 0, "daily_sd": -0.2672612419124244, "threshold_error": 0.81499814402145498}, "plagu": {"sample_sd": 0.0, "sample_mean": 0.0, "daily_article_count": 0, "30_day_error_count": 1, "threshold_warn": 0.0, "30_day_warn_count": 0, "daily_sd": 0, "threshold_error": 0.0}, "westn": {"sample_sd": 0.33993463423951903, "sample_mean": 0.13333333333333333, "daily_article_count": 0, "30_day_error_count": 0, "threshold_warn": 0.81320260181237136, "30_day_warn_count": 0, "daily_sd": -0.39223227027636803, "threshold_error": 1.1531372360518903}, "swine": {"sample_sd": 0.40000000000000008, "sample_mean": 0.20000000000000001, "daily_article_count": 0, "30_day_error_count": 0, "threshold_warn": 1.0000000000000002, "30_day_warn_count": 0, "daily_sd": -0.49999999999999994, "threshold_error": 1.4000000000000001}, "measl": {"sample_sd": 0.0, "sample_mean": 0.0, "daily_article_count": 0, "30_day_error_count": 0, "threshold_warn": 0.0, "30_day_warn_count": 0, "daily_sd": 0, "threshold_error": 0.0}, "dengu": {"sample_sd": 0.54670731556189078, "sample_mean": 0.36666666666666664, "daily_article_count": 1, "30_day_error_count": 6, "threshold_warn": 1.4600812977904483, "30_day_warn_count": 1, "daily_sd": 1.1584504456144156, "threshold_error": 2.0067886133523389}, "ebola": {"sample_sd": 26.371301741771408, "sample_mean": 30.566666666666666, "daily_article_count": 71, "30_day_error_count": 11, "threshold_warn": 83.309270150209485, "30_day_warn_count": 13, "daily_sd": 1.5332323648357511, "threshold_error": 109.68057189198089}, "unkno": {"sample_sd": 4.551434450319543, "sample_mean": 4.4666666666666668, "daily_article_count": 3, "30_day_error_count": 0, "threshold_warn": 13.569535567305753, "30_day_warn_count": 0, "daily_sd": -0.32224273087437222, "threshold_error": 18.120970017625297}, "mumps": {"sample_sd": 0.0, "sample_mean": 0.0, "daily_article_count": 0, "30_day_error_count": 1, "threshold_warn": 0.0, "30_day_warn_count": 0, "daily_sd": 0, "threshold_error": 0.0}}