{"hemmo": {"sample_sd": 0.0, "sample_mean": 0.0, "daily_article_count": 0, "30_day_error_count": 1, "threshold_warn": 0.0, "30_day_warn_count": 0, "daily_sd": 0, "threshold_error": 0.0}, "mersc": {"sample_sd": 0.91954094827558153, "sample_mean": 1.7666666666666666, "daily_article_count": 0, "30_day_error_count": 0, "threshold_warn": 3.6057485632178299, "30_day_warn_count": 0, "daily_sd": -1.9212484990251961, "threshold_error": 4.5252895114934111}, "influ": {"sample_sd": 1.3844373104863459, "sample_mean": 0.5, "daily_article_count": 1, "30_day_error_count": 0, "threshold_warn": 3.2688746209726918, "30_day_warn_count": 0, "daily_sd": 0.36115755925730758, "threshold_error": 4.6533119314590374}, "pertu": {"sample_sd": 0.0, "sample_mean": 0.0, "daily_article_count": 0, "30_day_error_count": 1, "threshold_warn": 0.0, "30_day_warn_count": 0, "daily_sd": 0, "threshold_error": 0.0}, "moldf": {"sample_sd": 0.0, "sample_mean": 0.0, "daily_article_count": 0, "30_day_error_count": 0, "threshold_warn": 0.0, "30_day_warn_count": 0, "daily_sd": 0, "threshold_error": 0.0}, "chole": {"sample_sd": 0.96378881965339724, "sample_mean": 0.73333333333333328, "daily_article_count": 1, "30_day_error_count": 3, "threshold_warn": 2.6609109726401279, "30_day_warn_count": 1, "daily_sd": 0.27668578554642997, "threshold_error": 3.6246997922935251}, "hepat": {"sample_sd": 0.17950549357115012, "sample_mean": 0.033333333333333333, "daily_article_count": 0, "30_day_error_count": 0, "threshold_warn": 0.39234432047563356, "30_day_warn_count": 0, "daily_sd": -0.18569533817705189, "threshold_error": 0.5718498140467837}, "chiku": {"sample_sd": 0.33993463423951903, "sample_mean": 0.13333333333333333, "daily_article_count": 0, "30_day_error_count": 0, "threshold_warn": 0.81320260181237136, "30_day_warn_count": 0, "daily_sd": -0.39223227027636803, "threshold_error": 1.1531372360518903}, "yello": {"sample_sd": 0.17950549357115012, "sample_mean": 0.033333333333333333, "daily_article_count": 0, "30_day_error_count": 0, "threshold_warn": 0.39234432047563356, "30_day_warn_count": 0, "daily_sd": -0.18569533817705189, "threshold_error": 0.5718498140467837}, "menin": {"sample_sd": 0.0, "sample_mean": 0.0, "daily_article_count": 0, "30_day_error_count": 2, "threshold_warn": 0.0, "30_day_warn_count": 0, "daily_sd": 0, "threshold_error": 0.0}, "plagu": {"sample_sd": 0.0, "sample_mean": 0.0, "daily_article_count": 0, "30_day_error_count": 0, "threshold_warn": 0.0, "30_day_warn_count": 0, "daily_sd": 0, "threshold_error": 0.0}, "westn": {"sample_sd": 0.49553562491061676, "sample_mean": 0.23333333333333334, "daily_article_count": 0, "30_day_error_count": 0, "threshold_warn": 1.2244045831545669, "30_day_warn_count": 0, "daily_sd": -0.47087095579741883, "threshold_error": 1.7199402080651836}, "swine": {"sample_sd": 0.45338235029118146, "sample_mean": 0.16666666666666666, "daily_article_count": 0, "30_day_error_count": 0, "threshold_warn": 1.0734313672490297, "30_day_warn_count": 0, "daily_sd": -0.36760731104690386, "threshold_error": 1.5268137175402112}, "measl": {"sample_sd": 0.0, "sample_mean": 0.0, "daily_article_count": 0, "30_day_error_count": 0, "threshold_warn": 0.0, "30_day_warn_count": 0, "daily_sd": 0, "threshold_error": 0.0}, "dengu": {"sample_sd": 0.70632067001390308, "sample_mean": 0.6333333333333333, "daily_article_count": 0, "30_day_error_count": 0, "threshold_warn": 2.0459746733611395, "30_day_warn_count": 0, "daily_sd": -0.89666543854771641, "threshold_error": 2.7522953433750428}, "ebola": {"sample_sd": 7.5740052518832837, "sample_mean": 17.033333333333335, "daily_article_count": 88, "30_day_error_count": 4, "threshold_warn": 32.181343837099902, "30_day_warn_count": 0, "daily_sd": 9.3697672904333853, "threshold_error": 39.755349088983181}, "unkno": {"sample_sd": 4.0852036532942737, "sample_mean": 4.666666666666667, "daily_article_count": 2, "30_day_error_count": 2, "threshold_warn": 12.837073973255215, "30_day_warn_count": 0, "daily_sd": -0.65276223488057672, "threshold_error": 16.922277626549487}, "mumps": {"sample_sd": 0.33993463423951903, "sample_mean": 0.13333333333333333, "daily_article_count": 0, "30_day_error_count": 0, "threshold_warn": 0.81320260181237136, "30_day_warn_count": 0, "daily_sd": -0.39223227027636803, "threshold_error": 1.1531372360518903}}