{"hemmo": {"sample_sd": 0.0, "sample_mean": 0.0, "daily_article_count": 0, "30_day_error_count": 0, "threshold_warn": 0.0, "30_day_warn_count": 0, "daily_sd": 0, "threshold_error": 0.0}, "mersc": {"sample_sd": 1.3337499349161701, "sample_mean": 1.4333333333333333, "daily_article_count": 0, "30_day_error_count": 0, "threshold_warn": 4.1008332031656733, "30_day_warn_count": 0, "daily_sd": -1.0746642198887322, "threshold_error": 5.4345831380818437}, "influ": {"sample_sd": 0.42295258468165059, "sample_mean": 0.23333333333333334, "daily_article_count": 0, "30_day_error_count": 4, "threshold_warn": 1.0792385026966345, "30_day_warn_count": 0, "daily_sd": -0.55167728436737062, "threshold_error": 1.5021910873782851}, "pertu": {"sample_sd": 0.17950549357115012, "sample_mean": 0.033333333333333333, "daily_article_count": 0, "30_day_error_count": 1, "threshold_warn": 0.39234432047563356, "30_day_warn_count": 0, "daily_sd": -0.18569533817705189, "threshold_error": 0.5718498140467837}, "moldf": {"sample_sd": 0.0, "sample_mean": 0.0, "daily_article_count": 0, "30_day_error_count": 1, "threshold_warn": 0.0, "30_day_warn_count": 0, "daily_sd": 0, "threshold_error": 0.0}, "chole": {"sample_sd": 0.98657657246324937, "sample_mean": 0.59999999999999998, "daily_article_count": 1, "30_day_error_count": 0, "threshold_warn": 2.5731531449264988, "30_day_warn_count": 0, "daily_sd": 0.40544242703969163, "threshold_error": 3.559729717389748}, "hepat": {"sample_sd": 0.0, "sample_mean": 0.0, "daily_article_count": 0, "30_day_error_count": 1, "threshold_warn": 0.0, "30_day_warn_count": 0, "daily_sd": 0, "threshold_error": 0.0}, "chiku": {"sample_sd": 0.17950549357115009, "sample_mean": 0.033333333333333333, "daily_article_count": 0, "30_day_error_count": 0, "threshold_warn": 0.3923443204756335, "30_day_warn_count": 0, "daily_sd": -0.18569533817705192, "threshold_error": 0.57184981404678359}, "yello": {"sample_sd": 0.0, "sample_mean": 0.0, "daily_article_count": 0, "30_day_error_count": 0, "threshold_warn": 0.0, "30_day_warn_count": 0, "daily_sd": 0, "threshold_error": 0.0}, "menin": {"sample_sd": 0.24944382578492943, "sample_mean": 0.066666666666666666, "daily_article_count": 0, "30_day_error_count": 0, "threshold_warn": 0.56555431823652558, "30_day_warn_count": 0, "daily_sd": -0.2672612419124244, "threshold_error": 0.81499814402145498}, "plagu": {"sample_sd": 0.0, "sample_mean": 0.0, "daily_article_count": 0, "30_day_error_count": 0, "threshold_warn": 0.0, "30_day_warn_count": 0, "daily_sd": 0, "threshold_error": 0.0}, "westn": {"sample_sd": 0.17950549357115012, "sample_mean": 0.033333333333333333, "daily_article_count": 0, "30_day_error_count": 1, "threshold_warn": 0.39234432047563356, "30_day_warn_count": 0, "daily_sd": -0.18569533817705189, "threshold_error": 0.5718498140467837}, "swine": {"sample_sd": 0.65319726474218076, "sample_mean": 0.20000000000000001, "daily_article_count": 0, "30_day_error_count": 0, "threshold_warn": 1.5063945294843615, "30_day_warn_count": 0, "daily_sd": -0.30618621784789729, "threshold_error": 2.1595917942265426}, "measl": {"sample_sd": 0.24944382578492943, "sample_mean": 0.066666666666666666, "daily_article_count": 0, "30_day_error_count": 4, "threshold_warn": 0.56555431823652558, "30_day_warn_count": 0, "daily_sd": -0.2672612419124244, "threshold_error": 0.81499814402145498}, "dengu": {"sample_sd": 0.76303487615063981, "sample_mean": 0.53333333333333333, "daily_article_count": 0, "30_day_error_count": 0, "threshold_warn": 2.0594030856346128, "30_day_warn_count": 0, "daily_sd": -0.69896324532883036, "threshold_error": 2.8224379617852526}, "ebola": {"sample_sd": 11.953614051360738, "sample_mean": 27.333333333333332, "daily_article_count": 23, "30_day_error_count": 0, "threshold_warn": 51.240561436054804, "30_day_warn_count": 0, "daily_sd": -0.36251240124655421, "threshold_error": 63.194175487415549}, "unkno": {"sample_sd": 2.2815686611530137, "sample_mean": 3.1666666666666665, "daily_article_count": 1, "30_day_error_count": 0, "threshold_warn": 7.7298039889726944, "30_day_warn_count": 0, "daily_sd": -0.94963903719282317, "threshold_error": 10.011372650125708}, "mumps": {"sample_sd": 0.0, "sample_mean": 0.0, "daily_article_count": 0, "30_day_error_count": 0, "threshold_warn": 0.0, "30_day_warn_count": 0, "daily_sd": 0, "threshold_error": 0.0}}