{"hemmo": {"sample_sd": 0.0, "sample_mean": 0.0, "daily_article_count": 0, "30_day_error_count": 0, "threshold_warn": 0.0, "30_day_warn_count": 0, "daily_sd": 0, "threshold_error": 0.0}, "mersc": {"sample_sd": 0.52599112793531655, "sample_mean": 0.29999999999999999, "daily_article_count": 0, "30_day_error_count": 2, "threshold_warn": 1.3519822558706331, "30_day_warn_count": 0, "daily_sd": -0.57035182547203023, "threshold_error": 1.8779733838059498}, "influ": {"sample_sd": 0.5120763831912406, "sample_mean": 0.26666666666666666, "daily_article_count": 1, "30_day_error_count": 2, "threshold_warn": 1.2908194330491478, "30_day_warn_count": 0, "daily_sd": 1.4320780207890624, "threshold_error": 1.8028958162403885}, "pertu": {"sample_sd": 0.0, "sample_mean": 0.0, "daily_article_count": 0, "30_day_error_count": 0, "threshold_warn": 0.0, "30_day_warn_count": 0, "daily_sd": 0, "threshold_error": 0.0}, "moldf": {"sample_sd": 0.0, "sample_mean": 0.0, "daily_article_count": 0, "30_day_error_count": 0, "threshold_warn": 0.0, "30_day_warn_count": 0, "daily_sd": 0, "threshold_error": 0.0}, "chole": {"sample_sd": 0.75718777944003657, "sample_mean": 0.40000000000000002, "daily_article_count": 0, "30_day_error_count": 0, "threshold_warn": 1.914375558880073, "30_day_warn_count": 0, "daily_sd": -0.5282705437953743, "threshold_error": 2.6715633383201096}, "hepat": {"sample_sd": 0.0, "sample_mean": 0.0, "daily_article_count": 0, "30_day_error_count": 0, "threshold_warn": 0.0, "30_day_warn_count": 0, "daily_sd": 0, "threshold_error": 0.0}, "chiku": {"sample_sd": 0.37267799624996495, "sample_mean": 0.16666666666666666, "daily_article_count": 0, "30_day_error_count": 1, "threshold_warn": 0.91202265916659653, "30_day_warn_count": 0, "daily_sd": -0.44721359549995793, "threshold_error": 1.2847006554165616}, "yello": {"sample_sd": 0.89193921068397686, "sample_mean": 0.26666666666666666, "daily_article_count": 0, "30_day_error_count": 0, "threshold_warn": 2.0505450880346205, "30_day_warn_count": 0, "daily_sd": -0.2989740371007743, "threshold_error": 2.9424842987185973}, "menin": {"sample_sd": 0.0, "sample_mean": 0.0, "daily_article_count": 0, "30_day_error_count": 2, "threshold_warn": 0.0, "30_day_warn_count": 0, "daily_sd": 0, "threshold_error": 0.0}, "plagu": {"sample_sd": 0.0, "sample_mean": 0.0, "daily_article_count": 0, "30_day_error_count": 1, "threshold_warn": 0.0, "30_day_warn_count": 0, "daily_sd": 0, "threshold_error": 0.0}, "westn": {"sample_sd": 0.17950549357115009, "sample_mean": 0.033333333333333333, "daily_article_count": 0, "30_day_error_count": 0, "threshold_warn": 0.3923443204756335, "30_day_warn_count": 0, "daily_sd": -0.18569533817705192, "threshold_error": 0.57184981404678359}, "swine": {"sample_sd": 0.24944382578492943, "sample_mean": 0.066666666666666666, "daily_article_count": 0, "30_day_error_count": 1, "threshold_warn": 0.56555431823652558, "30_day_warn_count": 0, "daily_sd": -0.2672612419124244, "threshold_error": 0.81499814402145498}, "measl": {"sample_sd": 0.0, "sample_mean": 0.0, "daily_article_count": 0, "30_day_error_count": 0, "threshold_warn": 0.0, "30_day_warn_count": 0, "daily_sd": 0, "threshold_error": 0.0}, "dengu": {"sample_sd": 0.87939373055152792, "sample_mean": 0.59999999999999998, "daily_article_count": 0, "30_day_error_count": 0, "threshold_warn": 2.3587874611030557, "30_day_warn_count": 0, "daily_sd": -0.682288239221013, "threshold_error": 3.2381811916545837}, "ebola": {"sample_sd": 187.89318774239794, "sample_mean": 100.5, "daily_article_count": 13, "30_day_error_count": 0, "threshold_warn": 476.28637548479588, "30_day_warn_count": 0, "daily_sd": -0.46569011389578813, "threshold_error": 664.17956322719385}, "unkno": {"sample_sd": 2.7251911247959595, "sample_mean": 2.7999999999999998, "daily_article_count": 0, "30_day_error_count": 0, "threshold_warn": 8.2503822495919188, "30_day_warn_count": 0, "daily_sd": -1.027450872903324, "threshold_error": 10.975573374387878}, "mumps": {"sample_sd": 0.0, "sample_mean": 0.0, "daily_article_count": 1, "30_day_error_count": 1, "threshold_warn": 0.0, "30_day_warn_count": 0, "daily_sd": 0, "threshold_error": 0.0}}