{"hemmo": {"sample_sd": 0.0, "sample_mean": 0.0, "daily_article_count": 0, "30_day_error_count": 0, "threshold_warn": 0.0, "30_day_warn_count": 0, "daily_sd": 0, "threshold_error": 0.0}, "mersc": {"sample_sd": 0.66999170807472597, "sample_mean": 0.46666666666666667, "daily_article_count": 1, "30_day_error_count": 0, "threshold_warn": 1.8066500828161187, "30_day_warn_count": 0, "daily_sd": 0.79602975216799132, "threshold_error": 2.4766417908908447}, "influ": {"sample_sd": 0.52599112793531666, "sample_mean": 0.29999999999999999, "daily_article_count": 1, "30_day_error_count": 1, "threshold_warn": 1.3519822558706334, "30_day_warn_count": 0, "daily_sd": 1.3308209261014035, "threshold_error": 1.87797338380595}, "pertu": {"sample_sd": 0.0, "sample_mean": 0.0, "daily_article_count": 0, "30_day_error_count": 0, "threshold_warn": 0.0, "30_day_warn_count": 0, "daily_sd": 0, "threshold_error": 0.0}, "moldf": {"sample_sd": 0.0, "sample_mean": 0.0, "daily_article_count": 0, "30_day_error_count": 0, "threshold_warn": 0.0, "30_day_warn_count": 0, "daily_sd": 0, "threshold_error": 0.0}, "chole": {"sample_sd": 0.66332495807108005, "sample_mean": 0.40000000000000002, "daily_article_count": 0, "30_day_error_count": 1, "threshold_warn": 1.72664991614216, "30_day_warn_count": 0, "daily_sd": -0.60302268915552726, "threshold_error": 2.3899748742132401}, "hepat": {"sample_sd": 0.0, "sample_mean": 0.0, "daily_article_count": 0, "30_day_error_count": 0, "threshold_warn": 0.0, "30_day_warn_count": 0, "daily_sd": 0, "threshold_error": 0.0}, "chiku": {"sample_sd": 0.33993463423951903, "sample_mean": 0.13333333333333333, "daily_article_count": 0, "30_day_error_count": 1, "threshold_warn": 0.81320260181237136, "30_day_warn_count": 0, "daily_sd": -0.39223227027636803, "threshold_error": 1.1531372360518903}, "yello": {"sample_sd": 0.73409051818484161, "sample_mean": 0.16666666666666666, "daily_article_count": 0, "30_day_error_count": 1, "threshold_warn": 1.63484770303635, "30_day_warn_count": 0, "daily_sd": -0.22703830459324981, "threshold_error": 2.3689382212211911}, "menin": {"sample_sd": 0.0, "sample_mean": 0.0, "daily_article_count": 0, "30_day_error_count": 2, "threshold_warn": 0.0, "30_day_warn_count": 0, "daily_sd": 0, "threshold_error": 0.0}, "plagu": {"sample_sd": 0.0, "sample_mean": 0.0, "daily_article_count": 0, "30_day_error_count": 0, "threshold_warn": 0.0, "30_day_warn_count": 0, "daily_sd": 0, "threshold_error": 0.0}, "westn": {"sample_sd": 0.29999999999999999, "sample_mean": 0.10000000000000001, "daily_article_count": 0, "30_day_error_count": 0, "threshold_warn": 0.69999999999999996, "30_day_warn_count": 0, "daily_sd": -0.33333333333333337, "threshold_error": 0.99999999999999989}, "swine": {"sample_sd": 0.66749947981669278, "sample_mean": 0.23333333333333334, "daily_article_count": 0, "30_day_error_count": 0, "threshold_warn": 1.5683322929667189, "30_day_warn_count": 0, "daily_sd": -0.34956331860724571, "threshold_error": 2.2358317727834116}, "measl": {"sample_sd": 0.0, "sample_mean": 0.0, "daily_article_count": 0, "30_day_error_count": 0, "threshold_warn": 0.0, "30_day_warn_count": 0, "daily_sd": 0, "threshold_error": 0.0}, "dengu": {"sample_sd": 0.91226214556026719, "sample_mean": 0.6333333333333333, "daily_article_count": 1, "30_day_error_count": 0, "threshold_warn": 2.4578576244538679, "30_day_warn_count": 0, "daily_sd": 0.40193125238302835, "threshold_error": 3.370119770014135}, "ebola": {"sample_sd": 14.574139959378583, "sample_mean": 34.166666666666664, "daily_article_count": 33, "30_day_error_count": 4, "threshold_warn": 63.314946585423826, "30_day_warn_count": 0, "daily_sd": -0.080050464035505878, "threshold_error": 77.88908654480241}, "unkno": {"sample_sd": 2.462158041682585, "sample_mean": 3.0666666666666669, "daily_article_count": 5, "30_day_error_count": 1, "threshold_warn": 7.9909827500318364, "30_day_warn_count": 0, "daily_sd": 0.78521902355712936, "threshold_error": 10.453140791714421}, "mumps": {"sample_sd": 0.0, "sample_mean": 0.0, "daily_article_count": 0, "30_day_error_count": 0, "threshold_warn": 0.0, "30_day_warn_count": 0, "daily_sd": 0, "threshold_error": 0.0}}