{"hemmo": {"sample_sd": 0.0, "sample_mean": 0.0, "daily_article_count": 0, "30_day_error_count": 1, "threshold_warn": 0.0, "30_day_warn_count": 0, "daily_sd": 0, "threshold_error": 0.0}, "mersc": {"sample_sd": 0.65319726474218076, "sample_mean": 1.2, "daily_article_count": 0, "30_day_error_count": 1, "threshold_warn": 2.5063945294843615, "30_day_warn_count": 0, "daily_sd": -1.8371173070873836, "threshold_error": 3.1595917942265421}, "influ": {"sample_sd": 0.57348835113617525, "sample_mean": 0.26666666666666666, "daily_article_count": 0, "30_day_error_count": 2, "threshold_warn": 1.4136433689390171, "30_day_warn_count": 0, "daily_sd": -0.46499055497527703, "threshold_error": 1.9871317200751923}, "pertu": {"sample_sd": 0.0, "sample_mean": 0.0, "daily_article_count": 0, "30_day_error_count": 1, "threshold_warn": 0.0, "30_day_warn_count": 0, "daily_sd": 0, "threshold_error": 0.0}, "moldf": {"sample_sd": 0.0, "sample_mean": 0.0, "daily_article_count": 0, "30_day_error_count": 0, "threshold_warn": 0.0, "30_day_warn_count": 0, "daily_sd": 0, "threshold_error": 0.0}, "chole": {"sample_sd": 0.82259751195020436, "sample_mean": 0.69999999999999996, "daily_article_count": 0, "30_day_error_count": 5, "threshold_warn": 2.3451950239004087, "30_day_warn_count": 0, "daily_sd": -0.85096294339676315, "threshold_error": 3.1677925358506132}, "hepat": {"sample_sd": 0.17950549357115009, "sample_mean": 0.033333333333333333, "daily_article_count": 0, "30_day_error_count": 0, "threshold_warn": 0.3923443204756335, "30_day_warn_count": 0, "daily_sd": -0.18569533817705192, "threshold_error": 0.57184981404678359}, "chiku": {"sample_sd": 0.17950549357115009, "sample_mean": 0.033333333333333333, "daily_article_count": 0, "30_day_error_count": 2, "threshold_warn": 0.3923443204756335, "30_day_warn_count": 0, "daily_sd": -0.18569533817705192, "threshold_error": 0.57184981404678359}, "yello": {"sample_sd": 0.17950549357115009, "sample_mean": 0.033333333333333333, "daily_article_count": 0, "30_day_error_count": 0, "threshold_warn": 0.3923443204756335, "30_day_warn_count": 0, "daily_sd": -0.18569533817705192, "threshold_error": 0.57184981404678359}, "menin": {"sample_sd": 0.17950549357115012, "sample_mean": 0.033333333333333333, "daily_article_count": 0, "30_day_error_count": 5, "threshold_warn": 0.39234432047563356, "30_day_warn_count": 0, "daily_sd": -0.18569533817705189, "threshold_error": 0.5718498140467837}, "plagu": {"sample_sd": 0.0, "sample_mean": 0.0, "daily_article_count": 0, "30_day_error_count": 1, "threshold_warn": 0.0, "30_day_warn_count": 0, "daily_sd": 0, "threshold_error": 0.0}, "westn": {"sample_sd": 0.33993463423951903, "sample_mean": 0.13333333333333333, "daily_article_count": 0, "30_day_error_count": 0, "threshold_warn": 0.81320260181237136, "30_day_warn_count": 0, "daily_sd": -0.39223227027636803, "threshold_error": 1.1531372360518903}, "swine": {"sample_sd": 0.33993463423951903, "sample_mean": 0.13333333333333333, "daily_article_count": 0, "30_day_error_count": 0, "threshold_warn": 0.81320260181237136, "30_day_warn_count": 0, "daily_sd": -0.39223227027636803, "threshold_error": 1.1531372360518903}, "measl": {"sample_sd": 0.0, "sample_mean": 0.0, "daily_article_count": 0, "30_day_error_count": 0, "threshold_warn": 0.0, "30_day_warn_count": 0, "daily_sd": 0, "threshold_error": 0.0}, "dengu": {"sample_sd": 0.67082039324993692, "sample_mean": 0.5, "daily_article_count": 1, "30_day_error_count": 2, "threshold_warn": 1.8416407864998738, "30_day_warn_count": 3, "daily_sd": 0.7453559924999299, "threshold_error": 2.5124611797498106}, "ebola": {"sample_sd": 5.7758116312774606, "sample_mean": 15.800000000000001, "daily_article_count": 60, "30_day_error_count": 19, "threshold_warn": 27.351623262554924, "30_day_warn_count": 0, "daily_sd": 7.6526041397621034, "threshold_error": 33.127434893832387}, "unkno": {"sample_sd": 4.2844680727794753, "sample_mean": 4.9000000000000004, "daily_article_count": 2, "30_day_error_count": 0, "threshold_warn": 13.468936145558951, "30_day_warn_count": 0, "daily_sd": -0.67686348707429511, "threshold_error": 17.753404218338424}, "mumps": {"sample_sd": 0.17950549357115009, "sample_mean": 0.033333333333333333, "daily_article_count": 0, "30_day_error_count": 0, "threshold_warn": 0.3923443204756335, "30_day_warn_count": 0, "daily_sd": -0.18569533817705192, "threshold_error": 0.57184981404678359}}