{"hemmo": {"sample_sd": 0.0, "sample_mean": 0.0, "daily_article_count": 0, "30_day_error_count": 0, "threshold_warn": 0.0, "30_day_warn_count": 0, "daily_sd": 0, "threshold_error": 0.0}, "mersc": {"sample_sd": 0.57348835113617525, "sample_mean": 0.26666666666666666, "daily_article_count": 0, "30_day_error_count": 0, "threshold_warn": 1.4136433689390171, "30_day_warn_count": 0, "daily_sd": -0.46499055497527703, "threshold_error": 1.9871317200751923}, "influ": {"sample_sd": 0.84590516936330118, "sample_mean": 0.53333333333333333, "daily_article_count": 0, "30_day_error_count": 0, "threshold_warn": 2.2251436720599358, "30_day_warn_count": 0, "daily_sd": -0.6304883249912806, "threshold_error": 3.0710488414232366}, "pertu": {"sample_sd": 0.0, "sample_mean": 0.0, "daily_article_count": 0, "30_day_error_count": 0, "threshold_warn": 0.0, "30_day_warn_count": 0, "daily_sd": 0, "threshold_error": 0.0}, "moldf": {"sample_sd": 0.0, "sample_mean": 0.0, "daily_article_count": 0, "30_day_error_count": 0, "threshold_warn": 0.0, "30_day_warn_count": 0, "daily_sd": 0, "threshold_error": 0.0}, "chole": {"sample_sd": 0.45338235029118146, "sample_mean": 0.16666666666666666, "daily_article_count": 0, "30_day_error_count": 0, "threshold_warn": 1.0734313672490297, "30_day_warn_count": 0, "daily_sd": -0.36760731104690386, "threshold_error": 1.5268137175402112}, "hepat": {"sample_sd": 0.0, "sample_mean": 0.0, "daily_article_count": 0, "30_day_error_count": 0, "threshold_warn": 0.0, "30_day_warn_count": 0, "daily_sd": 0, "threshold_error": 0.0}, "chiku": {"sample_sd": 0.24944382578492943, "sample_mean": 0.066666666666666666, "daily_article_count": 0, "30_day_error_count": 0, "threshold_warn": 0.56555431823652558, "30_day_warn_count": 0, "daily_sd": -0.2672612419124244, "threshold_error": 0.81499814402145498}, "yello": {"sample_sd": 0.0, "sample_mean": 0.0, "daily_article_count": 0, "30_day_error_count": 0, "threshold_warn": 0.0, "30_day_warn_count": 0, "daily_sd": 0, "threshold_error": 0.0}, "menin": {"sample_sd": 0.0, "sample_mean": 0.0, "daily_article_count": 0, "30_day_error_count": 0, "threshold_warn": 0.0, "30_day_warn_count": 0, "daily_sd": 0, "threshold_error": 0.0}, "plagu": {"sample_sd": 0.17950549357115009, "sample_mean": 0.033333333333333333, "daily_article_count": 0, "30_day_error_count": 0, "threshold_warn": 0.3923443204756335, "30_day_warn_count": 0, "daily_sd": -0.18569533817705192, "threshold_error": 0.57184981404678359}, "westn": {"sample_sd": 0.17950549357115012, "sample_mean": 0.033333333333333333, "daily_article_count": 0, "30_day_error_count": 1, "threshold_warn": 0.39234432047563356, "30_day_warn_count": 0, "daily_sd": -0.18569533817705189, "threshold_error": 0.5718498140467837}, "swine": {"sample_sd": 0.17950549357115009, "sample_mean": 0.033333333333333333, "daily_article_count": 0, "30_day_error_count": 0, "threshold_warn": 0.3923443204756335, "30_day_warn_count": 0, "daily_sd": -0.18569533817705192, "threshold_error": 0.57184981404678359}, "measl": {"sample_sd": 0.0, "sample_mean": 0.0, "daily_article_count": 1, "30_day_error_count": 1, "threshold_warn": 0.0, "30_day_warn_count": 0, "daily_sd": 0, "threshold_error": 0.0}, "dengu": {"sample_sd": 0.42295258468165059, "sample_mean": 0.23333333333333334, "daily_article_count": 1, "30_day_error_count": 2, "threshold_warn": 1.0792385026966345, "30_day_warn_count": 0, "daily_sd": 1.8126539343499317, "threshold_error": 1.5021910873782851}, "ebola": {"sample_sd": 7.0146671735411328, "sample_mean": 16.833333333333332, "daily_article_count": 11, "30_day_error_count": 0, "threshold_warn": 30.862667680415598, "30_day_warn_count": 0, "daily_sd": -0.8315908922003149, "threshold_error": 37.877334853956725}, "unkno": {"sample_sd": 2.2313423961572747, "sample_mean": 2.4333333333333331, "daily_article_count": 0, "30_day_error_count": 2, "threshold_warn": 6.896018125647883, "30_day_warn_count": 0, "daily_sd": -1.0905244024959677, "threshold_error": 9.1273605218051568}, "mumps": {"sample_sd": 0.17950549357115012, "sample_mean": 0.033333333333333333, "daily_article_count": 0, "30_day_error_count": 0, "threshold_warn": 0.39234432047563356, "30_day_warn_count": 0, "daily_sd": -0.18569533817705189, "threshold_error": 0.5718498140467837}}