{"hemmo": {"sample_sd": 0.0, "sample_mean": 0.0, "daily_article_count": 0, "30_day_error_count": 0, "threshold_warn": 0.0, "30_day_warn_count": 0, "daily_sd": 0, "threshold_error": 0.0}, "mersc": {"sample_sd": 1.2036980056845192, "sample_mean": 1.5333333333333334, "daily_article_count": 0, "30_day_error_count": 0, "threshold_warn": 3.9407293447023717, "30_day_warn_count": 0, "daily_sd": -1.2738521839299362, "threshold_error": 5.1444273503868914}, "influ": {"sample_sd": 0.65743609744386733, "sample_mean": 0.36666666666666664, "daily_article_count": 0, "30_day_error_count": 1, "threshold_warn": 1.6815388615544014, "30_day_warn_count": 0, "daily_sd": -0.55772213921973313, "threshold_error": 2.3389749589982687}, "pertu": {"sample_sd": 0.24944382578492943, "sample_mean": 0.066666666666666666, "daily_article_count": 0, "30_day_error_count": 0, "threshold_warn": 0.56555431823652558, "30_day_warn_count": 0, "daily_sd": -0.2672612419124244, "threshold_error": 0.81499814402145498}, "moldf": {"sample_sd": 0.17950549357115012, "sample_mean": 0.033333333333333333, "daily_article_count": 0, "30_day_error_count": 0, "threshold_warn": 0.39234432047563356, "30_day_warn_count": 0, "daily_sd": -0.18569533817705189, "threshold_error": 0.5718498140467837}, "chole": {"sample_sd": 0.9775252199076786, "sample_mean": 0.66666666666666663, "daily_article_count": 0, "30_day_error_count": 0, "threshold_warn": 2.6217171064820239, "30_day_warn_count": 0, "daily_sd": -0.6819943394704735, "threshold_error": 3.5992423263897022}, "hepat": {"sample_sd": 0.17950549357115012, "sample_mean": 0.033333333333333333, "daily_article_count": 0, "30_day_error_count": 0, "threshold_warn": 0.39234432047563356, "30_day_warn_count": 0, "daily_sd": -0.18569533817705189, "threshold_error": 0.5718498140467837}, "chiku": {"sample_sd": 0.17950549357115009, "sample_mean": 0.033333333333333333, "daily_article_count": 0, "30_day_error_count": 0, "threshold_warn": 0.3923443204756335, "30_day_warn_count": 0, "daily_sd": -0.18569533817705192, "threshold_error": 0.57184981404678359}, "yello": {"sample_sd": 0.0, "sample_mean": 0.0, "daily_article_count": 0, "30_day_error_count": 1, "threshold_warn": 0.0, "30_day_warn_count": 0, "daily_sd": 0, "threshold_error": 0.0}, "menin": {"sample_sd": 0.24944382578492943, "sample_mean": 0.066666666666666666, "daily_article_count": 0, "30_day_error_count": 0, "threshold_warn": 0.56555431823652558, "30_day_warn_count": 0, "daily_sd": -0.2672612419124244, "threshold_error": 0.81499814402145498}, "plagu": {"sample_sd": 0.0, "sample_mean": 0.0, "daily_article_count": 0, "30_day_error_count": 0, "threshold_warn": 0.0, "30_day_warn_count": 0, "daily_sd": 0, "threshold_error": 0.0}, "westn": {"sample_sd": 0.24944382578492943, "sample_mean": 0.066666666666666666, "daily_article_count": 0, "30_day_error_count": 0, "threshold_warn": 0.56555431823652558, "30_day_warn_count": 0, "daily_sd": -0.2672612419124244, "threshold_error": 0.81499814402145498}, "swine": {"sample_sd": 0.75203427817856516, "sample_mean": 0.36666666666666664, "daily_article_count": 0, "30_day_error_count": 0, "threshold_warn": 1.870735223023797, "30_day_warn_count": 0, "daily_sd": -0.48756642789572985, "threshold_error": 2.6227695012023622}, "measl": {"sample_sd": 0.33993463423951903, "sample_mean": 0.13333333333333333, "daily_article_count": 0, "30_day_error_count": 1, "threshold_warn": 0.81320260181237136, "30_day_warn_count": 0, "daily_sd": -0.39223227027636803, "threshold_error": 1.1531372360518903}, "dengu": {"sample_sd": 0.71802197428460057, "sample_mean": 0.46666666666666667, "daily_article_count": 0, "30_day_error_count": 0, "threshold_warn": 1.9027106152358679, "30_day_warn_count": 0, "daily_sd": -0.64993368361968151, "threshold_error": 2.6207325895204683}, "ebola": {"sample_sd": 10.855055145977943, "sample_mean": 26.966666666666665, "daily_article_count": 5, "30_day_error_count": 0, "threshold_warn": 48.676776958622554, "30_day_warn_count": 0, "daily_sd": -2.0236347371119381, "threshold_error": 59.531832104600497}, "unkno": {"sample_sd": 1.9888578520235065, "sample_mean": 2.6666666666666665, "daily_article_count": 1, "30_day_error_count": 0, "threshold_warn": 6.6443823707136795, "30_day_warn_count": 0, "daily_sd": -0.83800190394248852, "threshold_error": 8.6332402227371858}, "mumps": {"sample_sd": 0.0, "sample_mean": 0.0, "daily_article_count": 0, "30_day_error_count": 0, "threshold_warn": 0.0, "30_day_warn_count": 0, "daily_sd": 0, "threshold_error": 0.0}}