{"hemmo": {"sample_sd": 0.0, "sample_mean": 0.0, "daily_article_count": 0, "30_day_error_count": 0, "threshold_warn": 0.0, "30_day_warn_count": 0, "daily_sd": 0, "threshold_error": 0.0}, "mersc": {"sample_sd": 0.37267799624996495, "sample_mean": 0.16666666666666666, "daily_article_count": 0, "30_day_error_count": 3, "threshold_warn": 0.91202265916659653, "30_day_warn_count": 0, "daily_sd": -0.44721359549995793, "threshold_error": 1.2847006554165616}, "influ": {"sample_sd": 0.49553562491061676, "sample_mean": 0.23333333333333334, "daily_article_count": 0, "30_day_error_count": 1, "threshold_warn": 1.2244045831545669, "30_day_warn_count": 0, "daily_sd": -0.47087095579741883, "threshold_error": 1.7199402080651836}, "pertu": {"sample_sd": 0.0, "sample_mean": 0.0, "daily_article_count": 0, "30_day_error_count": 0, "threshold_warn": 0.0, "30_day_warn_count": 0, "daily_sd": 0, "threshold_error": 0.0}, "moldf": {"sample_sd": 0.0, "sample_mean": 0.0, "daily_article_count": 0, "30_day_error_count": 0, "threshold_warn": 0.0, "30_day_warn_count": 0, "daily_sd": 0, "threshold_error": 0.0}, "chole": {"sample_sd": 0.30000000000000004, "sample_mean": 0.10000000000000001, "daily_article_count": 0, "30_day_error_count": 3, "threshold_warn": 0.70000000000000007, "30_day_warn_count": 0, "daily_sd": -0.33333333333333331, "threshold_error": 1.0000000000000002}, "hepat": {"sample_sd": 0.0, "sample_mean": 0.0, "daily_article_count": 0, "30_day_error_count": 0, "threshold_warn": 0.0, "30_day_warn_count": 0, "daily_sd": 0, "threshold_error": 0.0}, "chiku": {"sample_sd": 0.24944382578492943, "sample_mean": 0.066666666666666666, "daily_article_count": 0, "30_day_error_count": 4, "threshold_warn": 0.56555431823652558, "30_day_warn_count": 0, "daily_sd": -0.2672612419124244, "threshold_error": 0.81499814402145498}, "yello": {"sample_sd": 0.17950549357115014, "sample_mean": 0.033333333333333333, "daily_article_count": 0, "30_day_error_count": 2, "threshold_warn": 0.39234432047563361, "30_day_warn_count": 0, "daily_sd": -0.18569533817705186, "threshold_error": 0.5718498140467837}, "menin": {"sample_sd": 0.0, "sample_mean": 0.0, "daily_article_count": 0, "30_day_error_count": 0, "threshold_warn": 0.0, "30_day_warn_count": 0, "daily_sd": 0, "threshold_error": 0.0}, "plagu": {"sample_sd": 0.0, "sample_mean": 0.0, "daily_article_count": 0, "30_day_error_count": 0, "threshold_warn": 0.0, "30_day_warn_count": 0, "daily_sd": 0, "threshold_error": 0.0}, "westn": {"sample_sd": 0.24944382578492943, "sample_mean": 0.066666666666666666, "daily_article_count": 0, "30_day_error_count": 3, "threshold_warn": 0.56555431823652558, "30_day_warn_count": 0, "daily_sd": -0.2672612419124244, "threshold_error": 0.81499814402145498}, "swine": {"sample_sd": 0.24944382578492943, "sample_mean": 0.066666666666666666, "daily_article_count": 0, "30_day_error_count": 4, "threshold_warn": 0.56555431823652558, "30_day_warn_count": 0, "daily_sd": -0.2672612419124244, "threshold_error": 0.81499814402145498}, "measl": {"sample_sd": 0.0, "sample_mean": 0.0, "daily_article_count": 0, "30_day_error_count": 0, "threshold_warn": 0.0, "30_day_warn_count": 0, "daily_sd": 0, "threshold_error": 0.0}, "dengu": {"sample_sd": 0.60461190490723526, "sample_mean": 0.6333333333333333, "daily_article_count": 1, "30_day_error_count": 2, "threshold_warn": 1.8425571431478038, "30_day_warn_count": 0, "daily_sd": 0.60644963106196836, "threshold_error": 2.4471690480550392}, "ebola": {"sample_sd": 15.919973478481538, "sample_mean": 13.566666666666666, "daily_article_count": 595, "30_day_error_count": 3, "threshold_warn": 45.406613623629738, "30_day_warn_count": 15, "daily_sd": 36.522255148178232, "threshold_error": 61.326587102111276}, "unkno": {"sample_sd": 1.4533486237727762, "sample_mean": 1.7666666666666666, "daily_article_count": 3, "30_day_error_count": 3, "threshold_warn": 4.673363914212219, "30_day_warn_count": 0, "daily_sd": 0.84861492498042157, "threshold_error": 6.1267125379849956}, "mumps": {"sample_sd": 0.0, "sample_mean": 0.0, "daily_article_count": 0, "30_day_error_count": 0, "threshold_warn": 0.0, "30_day_warn_count": 0, "daily_sd": 0, "threshold_error": 0.0}}