{"hemmo": {"sample_sd": 0.0, "sample_mean": 0.0, "daily_article_count": 0, "30_day_error_count": 0, "threshold_warn": 0.0, "30_day_warn_count": 0, "daily_sd": 0, "threshold_error": 0.0}, "mersc": {"sample_sd": 0.49553562491061681, "sample_mean": 0.23333333333333334, "daily_article_count": 0, "30_day_error_count": 2, "threshold_warn": 1.2244045831545669, "30_day_warn_count": 0, "daily_sd": -0.47087095579741878, "threshold_error": 1.7199402080651838}, "influ": {"sample_sd": 0.60461190490723515, "sample_mean": 0.36666666666666664, "daily_article_count": 1, "30_day_error_count": 0, "threshold_warn": 1.575890476481137, "30_day_warn_count": 0, "daily_sd": 1.0475039081979454, "threshold_error": 2.1805023813883722}, "pertu": {"sample_sd": 0.0, "sample_mean": 0.0, "daily_article_count": 0, "30_day_error_count": 0, "threshold_warn": 0.0, "30_day_warn_count": 0, "daily_sd": 0, "threshold_error": 0.0}, "moldf": {"sample_sd": 0.0, "sample_mean": 0.0, "daily_article_count": 0, "30_day_error_count": 0, "threshold_warn": 0.0, "30_day_warn_count": 0, "daily_sd": 0, "threshold_error": 0.0}, "chole": {"sample_sd": 0.47609522856952335, "sample_mean": 0.20000000000000001, "daily_article_count": 1, "30_day_error_count": 3, "threshold_warn": 1.1521904571390467, "30_day_warn_count": 0, "daily_sd": 1.6803361008336117, "threshold_error": 1.6282856857085701}, "hepat": {"sample_sd": 0.0, "sample_mean": 0.0, "daily_article_count": 0, "30_day_error_count": 0, "threshold_warn": 0.0, "30_day_warn_count": 0, "daily_sd": 0, "threshold_error": 0.0}, "chiku": {"sample_sd": 0.17950549357115009, "sample_mean": 0.033333333333333333, "daily_article_count": 0, "30_day_error_count": 4, "threshold_warn": 0.3923443204756335, "30_day_warn_count": 0, "daily_sd": -0.18569533817705192, "threshold_error": 0.57184981404678359}, "yello": {"sample_sd": 0.17950549357115012, "sample_mean": 0.033333333333333333, "daily_article_count": 0, "30_day_error_count": 3, "threshold_warn": 0.39234432047563356, "30_day_warn_count": 0, "daily_sd": -0.18569533817705189, "threshold_error": 0.5718498140467837}, "menin": {"sample_sd": 0.0, "sample_mean": 0.0, "daily_article_count": 0, "30_day_error_count": 0, "threshold_warn": 0.0, "30_day_warn_count": 0, "daily_sd": 0, "threshold_error": 0.0}, "plagu": {"sample_sd": 0.0, "sample_mean": 0.0, "daily_article_count": 0, "30_day_error_count": 0, "threshold_warn": 0.0, "30_day_warn_count": 0, "daily_sd": 0, "threshold_error": 0.0}, "westn": {"sample_sd": 0.30000000000000004, "sample_mean": 0.10000000000000001, "daily_article_count": 0, "30_day_error_count": 0, "threshold_warn": 0.70000000000000007, "30_day_warn_count": 0, "daily_sd": -0.33333333333333331, "threshold_error": 1.0000000000000002}, "swine": {"sample_sd": 0.66749947981669278, "sample_mean": 0.23333333333333334, "daily_article_count": 0, "30_day_error_count": 0, "threshold_warn": 1.5683322929667189, "30_day_warn_count": 0, "daily_sd": -0.34956331860724571, "threshold_error": 2.2358317727834116}, "measl": {"sample_sd": 0.0, "sample_mean": 0.0, "daily_article_count": 0, "30_day_error_count": 0, "threshold_warn": 0.0, "30_day_warn_count": 0, "daily_sd": 0, "threshold_error": 0.0}, "dengu": {"sample_sd": 0.6403124237432849, "sample_mean": 0.69999999999999996, "daily_article_count": 0, "30_day_error_count": 3, "threshold_warn": 1.9806248474865698, "30_day_warn_count": 0, "daily_sd": -1.0932163332202423, "threshold_error": 2.6209372712298546}, "ebola": {"sample_sd": 18.662767449895764, "sample_mean": 23.633333333333333, "daily_article_count": 44, "30_day_error_count": 5, "threshold_warn": 60.958868233124861, "30_day_warn_count": 0, "daily_sd": 1.0912993864037255, "threshold_error": 79.621635683020628}, "unkno": {"sample_sd": 2.1241991955139761, "sample_mean": 2.5666666666666669, "daily_article_count": 6, "30_day_error_count": 1, "threshold_warn": 6.8150650576946195, "30_day_warn_count": 0, "daily_sd": 1.6162953740798287, "threshold_error": 8.9392642532085951}, "mumps": {"sample_sd": 0.0, "sample_mean": 0.0, "daily_article_count": 0, "30_day_error_count": 0, "threshold_warn": 0.0, "30_day_warn_count": 0, "daily_sd": 0, "threshold_error": 0.0}}