{"hemmo": {"sample_sd": 0.29999999999999999, "sample_mean": 0.10000000000000001, "daily_article_count": 0, "30_day_error_count": 0, "threshold_warn": 0.69999999999999996, "30_day_warn_count": 0, "daily_sd": -0.33333333333333337, "threshold_error": 0.99999999999999989}, "mersc": {"sample_sd": 0.29999999999999999, "sample_mean": 0.10000000000000001, "daily_article_count": 0, "30_day_error_count": 3, "threshold_warn": 0.69999999999999996, "30_day_warn_count": 0, "daily_sd": -0.33333333333333337, "threshold_error": 0.99999999999999989}, "influ": {"sample_sd": 0.69920589878010098, "sample_mean": 0.33333333333333331, "daily_article_count": 0, "30_day_error_count": 0, "threshold_warn": 1.7317451308935352, "30_day_warn_count": 0, "daily_sd": -0.47673129462279618, "threshold_error": 2.4309510296736363}, "pertu": {"sample_sd": 0.0, "sample_mean": 0.0, "daily_article_count": 0, "30_day_error_count": 0, "threshold_warn": 0.0, "30_day_warn_count": 0, "daily_sd": 0, "threshold_error": 0.0}, "moldf": {"sample_sd": 0.0, "sample_mean": 0.0, "daily_article_count": 0, "30_day_error_count": 0, "threshold_warn": 0.0, "30_day_warn_count": 0, "daily_sd": 0, "threshold_error": 0.0}, "chole": {"sample_sd": 1.015983376941878, "sample_mean": 0.6333333333333333, "daily_article_count": 0, "30_day_error_count": 0, "threshold_warn": 2.6653000872170893, "30_day_warn_count": 0, "daily_sd": -0.6233697791785473, "threshold_error": 3.6812834641589673}, "hepat": {"sample_sd": 0.17950549357115012, "sample_mean": 0.033333333333333333, "daily_article_count": 0, "30_day_error_count": 0, "threshold_warn": 0.39234432047563356, "30_day_warn_count": 0, "daily_sd": -0.18569533817705189, "threshold_error": 0.5718498140467837}, "chiku": {"sample_sd": 0.42687494916218993, "sample_mean": 0.13333333333333333, "daily_article_count": 0, "30_day_error_count": 0, "threshold_warn": 0.98708323165771317, "30_day_warn_count": 0, "daily_sd": -0.31234752377721209, "threshold_error": 1.4139581808199031}, "yello": {"sample_sd": 0.0, "sample_mean": 0.0, "daily_article_count": 0, "30_day_error_count": 0, "threshold_warn": 0.0, "30_day_warn_count": 0, "daily_sd": 0, "threshold_error": 0.0}, "menin": {"sample_sd": 0.17950549357115012, "sample_mean": 0.033333333333333333, "daily_article_count": 0, "30_day_error_count": 1, "threshold_warn": 0.39234432047563356, "30_day_warn_count": 0, "daily_sd": -0.18569533817705189, "threshold_error": 0.5718498140467837}, "plagu": {"sample_sd": 0.0, "sample_mean": 0.0, "daily_article_count": 0, "30_day_error_count": 0, "threshold_warn": 0.0, "30_day_warn_count": 0, "daily_sd": 0, "threshold_error": 0.0}, "westn": {"sample_sd": 0.0, "sample_mean": 0.0, "daily_article_count": 0, "30_day_error_count": 1, "threshold_warn": 0.0, "30_day_warn_count": 0, "daily_sd": 0, "threshold_error": 0.0}, "swine": {"sample_sd": 0.98262686486557826, "sample_mean": 0.36666666666666664, "daily_article_count": 1, "30_day_error_count": 0, "threshold_warn": 2.3319203963978232, "30_day_warn_count": 0, "daily_sd": 0.64453085497512042, "threshold_error": 3.3145472612634017}, "measl": {"sample_sd": 0.0, "sample_mean": 0.0, "daily_article_count": 0, "30_day_error_count": 0, "threshold_warn": 0.0, "30_day_warn_count": 0, "daily_sd": 0, "threshold_error": 0.0}, "dengu": {"sample_sd": 2.2020192753218324, "sample_mean": 0.8666666666666667, "daily_article_count": 0, "30_day_error_count": 0, "threshold_warn": 5.270705217310331, "30_day_warn_count": 0, "daily_sd": -0.39357814728483725, "threshold_error": 7.4727244926321639}, "ebola": {"sample_sd": 12.938701635017322, "sample_mean": 11.699999999999999, "daily_article_count": 3, "30_day_error_count": 1, "threshold_warn": 37.577403270034644, "30_day_warn_count": 0, "daily_sd": -0.6724013154808598, "threshold_error": 50.516104905051961}, "unkno": {"sample_sd": 5.8519702285260786, "sample_mean": 3.5666666666666669, "daily_article_count": 0, "30_day_error_count": 0, "threshold_warn": 15.270607123718824, "30_day_warn_count": 0, "daily_sd": -0.60948134173351642, "threshold_error": 21.122577352244903}, "mumps": {"sample_sd": 0.0, "sample_mean": 0.0, "daily_article_count": 0, "30_day_error_count": 1, "threshold_warn": 0.0, "30_day_warn_count": 0, "daily_sd": 0, "threshold_error": 0.0}}