{"hemmo": {"sample_sd": 0.0, "sample_mean": 0.0, "daily_article_count": 0, "30_day_error_count": 0, "threshold_warn": 0.0, "30_day_warn_count": 0, "daily_sd": 0, "threshold_error": 0.0}, "mersc": {"sample_sd": 0.58594652770823141, "sample_mean": 0.29999999999999999, "daily_article_count": 0, "30_day_error_count": 0, "threshold_warn": 1.4718930554164629, "30_day_warn_count": 0, "daily_sd": -0.51199211158971691, "threshold_error": 2.0578395831246943}, "influ": {"sample_sd": 0.53748384988656994, "sample_mean": 0.33333333333333331, "daily_article_count": 0, "30_day_error_count": 3, "threshold_warn": 1.4083010331064731, "30_day_warn_count": 0, "daily_sd": -0.62017367294604231, "threshold_error": 1.9457848829930431}, "pertu": {"sample_sd": 0.0, "sample_mean": 0.0, "daily_article_count": 0, "30_day_error_count": 0, "threshold_warn": 0.0, "30_day_warn_count": 0, "daily_sd": 0, "threshold_error": 0.0}, "moldf": {"sample_sd": 0.0, "sample_mean": 0.0, "daily_article_count": 0, "30_day_error_count": 0, "threshold_warn": 0.0, "30_day_warn_count": 0, "daily_sd": 0, "threshold_error": 0.0}, "chole": {"sample_sd": 0.70632067001390297, "sample_mean": 0.36666666666666664, "daily_article_count": 0, "30_day_error_count": 0, "threshold_warn": 1.7793080066944726, "30_day_warn_count": 0, "daily_sd": -0.51912209600130954, "threshold_error": 2.4856286767083757}, "hepat": {"sample_sd": 0.0, "sample_mean": 0.0, "daily_article_count": 0, "30_day_error_count": 0, "threshold_warn": 0.0, "30_day_warn_count": 0, "daily_sd": 0, "threshold_error": 0.0}, "chiku": {"sample_sd": 0.45338235029118146, "sample_mean": 0.16666666666666666, "daily_article_count": 0, "30_day_error_count": 0, "threshold_warn": 1.0734313672490297, "30_day_warn_count": 0, "daily_sd": -0.36760731104690386, "threshold_error": 1.5268137175402112}, "yello": {"sample_sd": 0.89193921068397686, "sample_mean": 0.26666666666666666, "daily_article_count": 0, "30_day_error_count": 0, "threshold_warn": 2.0505450880346205, "30_day_warn_count": 0, "daily_sd": -0.2989740371007743, "threshold_error": 2.9424842987185973}, "menin": {"sample_sd": 0.24944382578492943, "sample_mean": 0.066666666666666666, "daily_article_count": 0, "30_day_error_count": 0, "threshold_warn": 0.56555431823652558, "30_day_warn_count": 0, "daily_sd": -0.2672612419124244, "threshold_error": 0.81499814402145498}, "plagu": {"sample_sd": 0.0, "sample_mean": 0.0, "daily_article_count": 0, "30_day_error_count": 1, "threshold_warn": 0.0, "30_day_warn_count": 0, "daily_sd": 0, "threshold_error": 0.0}, "westn": {"sample_sd": 0.17950549357115009, "sample_mean": 0.033333333333333333, "daily_article_count": 0, "30_day_error_count": 1, "threshold_warn": 0.3923443204756335, "30_day_warn_count": 0, "daily_sd": -0.18569533817705192, "threshold_error": 0.57184981404678359}, "swine": {"sample_sd": 0.17950549357115009, "sample_mean": 0.033333333333333333, "daily_article_count": 0, "30_day_error_count": 1, "threshold_warn": 0.3923443204756335, "30_day_warn_count": 0, "daily_sd": -0.18569533817705192, "threshold_error": 0.57184981404678359}, "measl": {"sample_sd": 0.0, "sample_mean": 0.0, "daily_article_count": 0, "30_day_error_count": 0, "threshold_warn": 0.0, "30_day_warn_count": 0, "daily_sd": 0, "threshold_error": 0.0}, "dengu": {"sample_sd": 0.76303487615063958, "sample_mean": 0.53333333333333333, "daily_article_count": 0, "30_day_error_count": 0, "threshold_warn": 2.0594030856346124, "30_day_warn_count": 0, "daily_sd": -0.69896324532883058, "threshold_error": 2.8224379617852522}, "ebola": {"sample_sd": 188.7306016521963, "sample_mean": 97.599999999999994, "daily_article_count": 4, "30_day_error_count": 0, "threshold_warn": 475.06120330439262, "30_day_warn_count": 0, "daily_sd": -0.4959450093445445, "threshold_error": 663.79180495658886}, "unkno": {"sample_sd": 2.7170245163086442, "sample_mean": 2.8666666666666667, "daily_article_count": 0, "30_day_error_count": 0, "threshold_warn": 8.3007156992839555, "30_day_warn_count": 0, "daily_sd": -1.0550757453456205, "threshold_error": 11.0177402155926}, "mumps": {"sample_sd": 0.0, "sample_mean": 0.0, "daily_article_count": 0, "30_day_error_count": 1, "threshold_warn": 0.0, "30_day_warn_count": 0, "daily_sd": 0, "threshold_error": 0.0}}