{"hemmo": {"sample_sd": 0.0, "sample_mean": 0.0, "daily_article_count": 0, "30_day_error_count": 1, "threshold_warn": 0.0, "30_day_warn_count": 0, "daily_sd": 0, "threshold_error": 0.0}, "mersc": {"sample_sd": 0.63683243915142673, "sample_mean": 1.1666666666666667, "daily_article_count": 0, "30_day_error_count": 1, "threshold_warn": 2.4403315449695202, "30_day_warn_count": 0, "daily_sd": -1.8319837290657479, "threshold_error": 3.077163984120947}, "influ": {"sample_sd": 1.3354150416006754, "sample_mean": 0.5, "daily_article_count": 0, "30_day_error_count": 0, "threshold_warn": 3.1708300832013507, "30_day_warn_count": 0, "daily_sd": -0.37441543222448836, "threshold_error": 4.5062451248020263}, "pertu": {"sample_sd": 0.0, "sample_mean": 0.0, "daily_article_count": 0, "30_day_error_count": 1, "threshold_warn": 0.0, "30_day_warn_count": 0, "daily_sd": 0, "threshold_error": 0.0}, "moldf": {"sample_sd": 0.0, "sample_mean": 0.0, "daily_article_count": 0, "30_day_error_count": 0, "threshold_warn": 0.0, "30_day_warn_count": 0, "daily_sd": 0, "threshold_error": 0.0}, "chole": {"sample_sd": 0.82999330653258219, "sample_mean": 0.66666666666666663, "daily_article_count": 0, "30_day_error_count": 5, "threshold_warn": 2.3266532797318309, "30_day_warn_count": 0, "daily_sd": -0.80321932890249881, "threshold_error": 3.1566465862644129}, "hepat": {"sample_sd": 0.17950549357115009, "sample_mean": 0.033333333333333333, "daily_article_count": 0, "30_day_error_count": 0, "threshold_warn": 0.3923443204756335, "30_day_warn_count": 0, "daily_sd": -0.18569533817705192, "threshold_error": 0.57184981404678359}, "chiku": {"sample_sd": 0.17950549357115009, "sample_mean": 0.033333333333333333, "daily_article_count": 0, "30_day_error_count": 2, "threshold_warn": 0.3923443204756335, "30_day_warn_count": 0, "daily_sd": -0.18569533817705192, "threshold_error": 0.57184981404678359}, "yello": {"sample_sd": 0.17950549357115009, "sample_mean": 0.033333333333333333, "daily_article_count": 0, "30_day_error_count": 0, "threshold_warn": 0.3923443204756335, "30_day_warn_count": 0, "daily_sd": -0.18569533817705192, "threshold_error": 0.57184981404678359}, "menin": {"sample_sd": 0.17950549357115014, "sample_mean": 0.033333333333333333, "daily_article_count": 0, "30_day_error_count": 5, "threshold_warn": 0.39234432047563361, "30_day_warn_count": 0, "daily_sd": -0.18569533817705186, "threshold_error": 0.5718498140467837}, "plagu": {"sample_sd": 0.0, "sample_mean": 0.0, "daily_article_count": 1, "30_day_error_count": 1, "threshold_warn": 0.0, "30_day_warn_count": 0, "daily_sd": 0, "threshold_error": 0.0}, "westn": {"sample_sd": 0.29999999999999999, "sample_mean": 0.10000000000000001, "daily_article_count": 1, "30_day_error_count": 7, "threshold_warn": 0.69999999999999996, "30_day_warn_count": 0, "daily_sd": 3.0, "threshold_error": 0.99999999999999989}, "swine": {"sample_sd": 0.47609522856952335, "sample_mean": 0.20000000000000001, "daily_article_count": 0, "30_day_error_count": 0, "threshold_warn": 1.1521904571390467, "30_day_warn_count": 0, "daily_sd": -0.42008402520840293, "threshold_error": 1.6282856857085701}, "measl": {"sample_sd": 0.0, "sample_mean": 0.0, "daily_article_count": 0, "30_day_error_count": 0, "threshold_warn": 0.0, "30_day_warn_count": 0, "daily_sd": 0, "threshold_error": 0.0}, "dengu": {"sample_sd": 0.66999170807472608, "sample_mean": 0.53333333333333333, "daily_article_count": 0, "30_day_error_count": 2, "threshold_warn": 1.8733167494827856, "30_day_warn_count": 3, "daily_sd": -0.79602975216799121, "threshold_error": 2.5433084575575116}, "ebola": {"sample_sd": 5.9160797830996161, "sample_mean": 16.0, "daily_article_count": 78, "30_day_error_count": 18, "threshold_warn": 27.83215956619923, "30_day_warn_count": 0, "daily_sd": 10.479912758633606, "threshold_error": 33.748239349298849}, "unkno": {"sample_sd": 4.5733527696379994, "sample_mean": 5.1333333333333337, "daily_article_count": 5, "30_day_error_count": 0, "threshold_warn": 14.280038872609332, "30_day_warn_count": 0, "daily_sd": -0.029154395046566167, "threshold_error": 18.853391642247331}, "mumps": {"sample_sd": 0.17950549357115009, "sample_mean": 0.033333333333333333, "daily_article_count": 0, "30_day_error_count": 0, "threshold_warn": 0.3923443204756335, "30_day_warn_count": 0, "daily_sd": -0.18569533817705192, "threshold_error": 0.57184981404678359}}