{"hemmo": {"sample_sd": 0.0, "sample_mean": 0.0, "daily_article_count": 0, "30_day_error_count": 0, "threshold_warn": 0.0, "30_day_warn_count": 0, "daily_sd": 0, "threshold_error": 0.0}, "mersc": {"sample_sd": 0.84063468086123283, "sample_mean": 0.40000000000000002, "daily_article_count": 2, "30_day_error_count": 6, "threshold_warn": 2.0812693617224656, "30_day_warn_count": 4, "daily_sd": 1.9033238057235458, "threshold_error": 2.9219040425836984}, "influ": {"sample_sd": 0.29999999999999999, "sample_mean": 0.10000000000000001, "daily_article_count": 0, "30_day_error_count": 5, "threshold_warn": 0.69999999999999996, "30_day_warn_count": 0, "daily_sd": -0.33333333333333337, "threshold_error": 0.99999999999999989}, "pertu": {"sample_sd": 0.0, "sample_mean": 0.0, "daily_article_count": 0, "30_day_error_count": 1, "threshold_warn": 0.0, "30_day_warn_count": 0, "daily_sd": 0, "threshold_error": 0.0}, "moldf": {"sample_sd": 0.0, "sample_mean": 0.0, "daily_article_count": 0, "30_day_error_count": 0, "threshold_warn": 0.0, "30_day_warn_count": 0, "daily_sd": 0, "threshold_error": 0.0}, "chole": {"sample_sd": 0.80622577482985502, "sample_mean": 0.5, "daily_article_count": 1, "30_day_error_count": 2, "threshold_warn": 2.1124515496597098, "30_day_warn_count": 0, "daily_sd": 0.6201736729460422, "threshold_error": 2.9186773244895652}, "hepat": {"sample_sd": 0.17950549357115012, "sample_mean": 0.033333333333333333, "daily_article_count": 0, "30_day_error_count": 0, "threshold_warn": 0.39234432047563356, "30_day_warn_count": 0, "daily_sd": -0.18569533817705189, "threshold_error": 0.5718498140467837}, "chiku": {"sample_sd": 0.17950549357115009, "sample_mean": 0.033333333333333333, "daily_article_count": 0, "30_day_error_count": 3, "threshold_warn": 0.3923443204756335, "30_day_warn_count": 0, "daily_sd": -0.18569533817705192, "threshold_error": 0.57184981404678359}, "yello": {"sample_sd": 0.0, "sample_mean": 0.0, "daily_article_count": 0, "30_day_error_count": 0, "threshold_warn": 0.0, "30_day_warn_count": 0, "daily_sd": 0, "threshold_error": 0.0}, "menin": {"sample_sd": 0.35901098714230029, "sample_mean": 0.066666666666666666, "daily_article_count": 0, "30_day_error_count": 0, "threshold_warn": 0.78468864095126722, "30_day_warn_count": 0, "daily_sd": -0.18569533817705186, "threshold_error": 1.1436996280935674}, "plagu": {"sample_sd": 0.0, "sample_mean": 0.0, "daily_article_count": 0, "30_day_error_count": 0, "threshold_warn": 0.0, "30_day_warn_count": 0, "daily_sd": 0, "threshold_error": 0.0}, "westn": {"sample_sd": 0.42687494916218993, "sample_mean": 0.13333333333333333, "daily_article_count": 2, "30_day_error_count": 2, "threshold_warn": 0.98708323165771317, "30_day_warn_count": 0, "daily_sd": 4.3728653328809699, "threshold_error": 1.4139581808199031}, "swine": {"sample_sd": 0.0, "sample_mean": 0.0, "daily_article_count": 0, "30_day_error_count": 2, "threshold_warn": 0.0, "30_day_warn_count": 0, "daily_sd": 0, "threshold_error": 0.0}, "measl": {"sample_sd": 0.0, "sample_mean": 0.0, "daily_article_count": 0, "30_day_error_count": 0, "threshold_warn": 0.0, "30_day_warn_count": 0, "daily_sd": 0, "threshold_error": 0.0}, "dengu": {"sample_sd": 0.52599112793531666, "sample_mean": 0.29999999999999999, "daily_article_count": 1, "30_day_error_count": 3, "threshold_warn": 1.3519822558706334, "30_day_warn_count": 0, "daily_sd": 1.3308209261014035, "threshold_error": 1.87797338380595}, "ebola": {"sample_sd": 11.839857356498102, "sample_mean": 22.466666666666665, "daily_article_count": 17, "30_day_error_count": 0, "threshold_warn": 46.14638137966287, "30_day_warn_count": 0, "daily_sd": -0.46171727429354364, "threshold_error": 57.986238736160971}, "unkno": {"sample_sd": 0.99777530313971774, "sample_mean": 0.93333333333333335, "daily_article_count": 0, "30_day_error_count": 10, "threshold_warn": 2.9288839396127688, "30_day_warn_count": 4, "daily_sd": -0.93541434669348533, "threshold_error": 3.9266592427524865}, "mumps": {"sample_sd": 0.0, "sample_mean": 0.0, "daily_article_count": 0, "30_day_error_count": 3, "threshold_warn": 0.0, "30_day_warn_count": 0, "daily_sd": 0, "threshold_error": 0.0}}