{"hemmo": {"sample_sd": 0.0, "sample_mean": 0.0, "daily_article_count": 0, "30_day_error_count": 0, "threshold_warn": 0.0, "30_day_warn_count": 0, "daily_sd": 0, "threshold_error": 0.0}, "mersc": {"sample_sd": 0.64031242374328479, "sample_mean": 0.29999999999999999, "daily_article_count": 0, "30_day_error_count": 0, "threshold_warn": 1.5806248474865696, "30_day_warn_count": 0, "daily_sd": -0.46852128566581824, "threshold_error": 2.2209372712298543}, "influ": {"sample_sd": 0.80553639823963796, "sample_mean": 0.46666666666666667, "daily_article_count": 0, "30_day_error_count": 1, "threshold_warn": 2.0777394631459427, "30_day_warn_count": 0, "daily_sd": -0.57932412202165773, "threshold_error": 2.8832758613855809}, "pertu": {"sample_sd": 0.0, "sample_mean": 0.0, "daily_article_count": 0, "30_day_error_count": 0, "threshold_warn": 0.0, "30_day_warn_count": 0, "daily_sd": 0, "threshold_error": 0.0}, "moldf": {"sample_sd": 0.0, "sample_mean": 0.0, "daily_article_count": 0, "30_day_error_count": 0, "threshold_warn": 0.0, "30_day_warn_count": 0, "daily_sd": 0, "threshold_error": 0.0}, "chole": {"sample_sd": 0.51207638319124049, "sample_mean": 0.26666666666666666, "daily_article_count": 0, "30_day_error_count": 0, "threshold_warn": 1.2908194330491476, "30_day_warn_count": 0, "daily_sd": -0.52075564392329554, "threshold_error": 1.8028958162403881}, "hepat": {"sample_sd": 0.0, "sample_mean": 0.0, "daily_article_count": 0, "30_day_error_count": 0, "threshold_warn": 0.0, "30_day_warn_count": 0, "daily_sd": 0, "threshold_error": 0.0}, "chiku": {"sample_sd": 0.17950549357115009, "sample_mean": 0.033333333333333333, "daily_article_count": 0, "30_day_error_count": 1, "threshold_warn": 0.3923443204756335, "30_day_warn_count": 0, "daily_sd": -0.18569533817705192, "threshold_error": 0.57184981404678359}, "yello": {"sample_sd": 0.0, "sample_mean": 0.0, "daily_article_count": 0, "30_day_error_count": 0, "threshold_warn": 0.0, "30_day_warn_count": 0, "daily_sd": 0, "threshold_error": 0.0}, "menin": {"sample_sd": 0.17950549357115009, "sample_mean": 0.033333333333333333, "daily_article_count": 0, "30_day_error_count": 0, "threshold_warn": 0.3923443204756335, "30_day_warn_count": 0, "daily_sd": -0.18569533817705192, "threshold_error": 0.57184981404678359}, "plagu": {"sample_sd": 0.17950549357115009, "sample_mean": 0.033333333333333333, "daily_article_count": 0, "30_day_error_count": 0, "threshold_warn": 0.3923443204756335, "30_day_warn_count": 0, "daily_sd": -0.18569533817705192, "threshold_error": 0.57184981404678359}, "westn": {"sample_sd": 0.17950549357115012, "sample_mean": 0.033333333333333333, "daily_article_count": 0, "30_day_error_count": 1, "threshold_warn": 0.39234432047563356, "30_day_warn_count": 0, "daily_sd": -0.18569533817705189, "threshold_error": 0.5718498140467837}, "swine": {"sample_sd": 0.17950549357115009, "sample_mean": 0.033333333333333333, "daily_article_count": 0, "30_day_error_count": 0, "threshold_warn": 0.3923443204756335, "30_day_warn_count": 0, "daily_sd": -0.18569533817705192, "threshold_error": 0.57184981404678359}, "measl": {"sample_sd": 0.0, "sample_mean": 0.0, "daily_article_count": 0, "30_day_error_count": 0, "threshold_warn": 0.0, "30_day_warn_count": 0, "daily_sd": 0, "threshold_error": 0.0}, "dengu": {"sample_sd": 0.44221663871405326, "sample_mean": 0.26666666666666666, "daily_article_count": 0, "30_day_error_count": 2, "threshold_warn": 1.1510999440947731, "30_day_warn_count": 0, "daily_sd": -0.60302268915552737, "threshold_error": 1.5933165828088263}, "ebola": {"sample_sd": 7.583901077648334, "sample_mean": 19.533333333333335, "daily_article_count": 23, "30_day_error_count": 0, "threshold_warn": 34.701135488630001, "30_day_warn_count": 0, "daily_sd": 0.45710863461600315, "threshold_error": 42.285036566278336}, "unkno": {"sample_sd": 2.5361826082169676, "sample_mean": 2.9666666666666668, "daily_article_count": 7, "30_day_error_count": 2, "threshold_warn": 8.039031883100602, "30_day_warn_count": 0, "daily_sd": 1.5903166121657617, "threshold_error": 10.575214491317571}, "mumps": {"sample_sd": 0.17950549357115012, "sample_mean": 0.033333333333333333, "daily_article_count": 0, "30_day_error_count": 0, "threshold_warn": 0.39234432047563356, "30_day_warn_count": 0, "daily_sd": -0.18569533817705189, "threshold_error": 0.5718498140467837}}