{"hemmo": {"sample_sd": 0.0, "sample_mean": 0.0, "daily_article_count": 0, "30_day_error_count": 0, "threshold_warn": 0.0, "30_day_warn_count": 0, "daily_sd": 0, "threshold_error": 0.0}, "mersc": {"sample_sd": 1.2543258481484518, "sample_mean": 1.3999999999999999, "daily_article_count": 0, "30_day_error_count": 0, "threshold_warn": 3.9086516962969036, "30_day_warn_count": 0, "daily_sd": -1.1161374072507411, "threshold_error": 5.1629775444453561}, "influ": {"sample_sd": 0.65743609744386733, "sample_mean": 0.36666666666666664, "daily_article_count": 1, "30_day_error_count": 1, "threshold_warn": 1.6815388615544014, "30_day_warn_count": 0, "daily_sd": 0.96333824047044825, "threshold_error": 2.3389749589982687}, "pertu": {"sample_sd": 0.24944382578492943, "sample_mean": 0.066666666666666666, "daily_article_count": 0, "30_day_error_count": 0, "threshold_warn": 0.56555431823652558, "30_day_warn_count": 0, "daily_sd": -0.2672612419124244, "threshold_error": 0.81499814402145498}, "moldf": {"sample_sd": 0.17950549357115009, "sample_mean": 0.033333333333333333, "daily_article_count": 0, "30_day_error_count": 0, "threshold_warn": 0.3923443204756335, "30_day_warn_count": 0, "daily_sd": -0.18569533817705192, "threshold_error": 0.57184981404678359}, "chole": {"sample_sd": 0.95510325212629366, "sample_mean": 0.56666666666666665, "daily_article_count": 1, "30_day_error_count": 0, "threshold_warn": 2.4768731709192542, "30_day_warn_count": 0, "daily_sd": 0.4537031282938544, "threshold_error": 3.4319764230455476}, "hepat": {"sample_sd": 0.17950549357115012, "sample_mean": 0.033333333333333333, "daily_article_count": 0, "30_day_error_count": 0, "threshold_warn": 0.39234432047563356, "30_day_warn_count": 0, "daily_sd": -0.18569533817705189, "threshold_error": 0.5718498140467837}, "chiku": {"sample_sd": 0.0, "sample_mean": 0.0, "daily_article_count": 0, "30_day_error_count": 0, "threshold_warn": 0.0, "30_day_warn_count": 0, "daily_sd": 0, "threshold_error": 0.0}, "yello": {"sample_sd": 0.0, "sample_mean": 0.0, "daily_article_count": 0, "30_day_error_count": 1, "threshold_warn": 0.0, "30_day_warn_count": 0, "daily_sd": 0, "threshold_error": 0.0}, "menin": {"sample_sd": 0.24944382578492943, "sample_mean": 0.066666666666666666, "daily_article_count": 1, "30_day_error_count": 1, "threshold_warn": 0.56555431823652558, "30_day_warn_count": 0, "daily_sd": 3.7416573867739413, "threshold_error": 0.81499814402145498}, "plagu": {"sample_sd": 0.0, "sample_mean": 0.0, "daily_article_count": 0, "30_day_error_count": 0, "threshold_warn": 0.0, "30_day_warn_count": 0, "daily_sd": 0, "threshold_error": 0.0}, "westn": {"sample_sd": 0.24944382578492943, "sample_mean": 0.066666666666666666, "daily_article_count": 0, "30_day_error_count": 0, "threshold_warn": 0.56555431823652558, "30_day_warn_count": 0, "daily_sd": -0.2672612419124244, "threshold_error": 0.81499814402145498}, "swine": {"sample_sd": 0.75203427817856516, "sample_mean": 0.36666666666666664, "daily_article_count": 1, "30_day_error_count": 0, "threshold_warn": 1.870735223023797, "30_day_warn_count": 0, "daily_sd": 0.84216019363807881, "threshold_error": 2.6227695012023622}, "measl": {"sample_sd": 0.45338235029118146, "sample_mean": 0.16666666666666666, "daily_article_count": 0, "30_day_error_count": 0, "threshold_warn": 1.0734313672490297, "30_day_warn_count": 0, "daily_sd": -0.36760731104690386, "threshold_error": 1.5268137175402112}, "dengu": {"sample_sd": 0.66999170807472597, "sample_mean": 0.46666666666666667, "daily_article_count": 0, "30_day_error_count": 0, "threshold_warn": 1.8066500828161187, "30_day_warn_count": 0, "daily_sd": -0.69652603314699246, "threshold_error": 2.4766417908908447}, "ebola": {"sample_sd": 11.835915211291812, "sample_mean": 27.333333333333332, "daily_article_count": 23, "30_day_error_count": 0, "threshold_warn": 51.005163755916954, "30_day_warn_count": 0, "daily_sd": -0.36611730111070789, "threshold_error": 62.841078967208773}, "unkno": {"sample_sd": 1.9955506062794355, "sample_mean": 2.5333333333333332, "daily_article_count": 1, "30_day_error_count": 0, "threshold_warn": 6.5244345458922037, "30_day_warn_count": 0, "daily_sd": -0.76837607049821999, "threshold_error": 8.519985152171639}, "mumps": {"sample_sd": 0.0, "sample_mean": 0.0, "daily_article_count": 0, "30_day_error_count": 0, "threshold_warn": 0.0, "30_day_warn_count": 0, "daily_sd": 0, "threshold_error": 0.0}}