{"hemmo": {"sample_sd": 0.71180521680208741, "sample_mean": 0.4000000000001, "daily_article_count": 0, "30_day_error_count": 7, "threshold_warn": 1.8236104336042749, "30_day_warn_count": 2, "daily_sd": -0.56195148694915686, "threshold_error": 2.5354156504063621}, "mersc": {"sample_sd": 5.0882216932834208, "sample_mean": 3.9000000000000998, "daily_article_count": 4, "30_day_error_count": 0, "threshold_warn": 14.076443386566941, "30_day_warn_count": 0, "daily_sd": 0.019653231723747937, "threshold_error": 19.164665079850362}, "influ": {"sample_sd": 5.1103381057964796, "sample_mean": 9.5333333333334327, "daily_article_count": 5, "30_day_error_count": 0, "threshold_warn": 19.75400954492639, "30_day_warn_count": 0, "daily_sd": -0.88709068548545345, "threshold_error": 24.86434765072287}, "pertu": {"sample_sd": 1.1469767022723503, "sample_mean": 1.1333333333334332, "daily_article_count": 0, "30_day_error_count": 0, "threshold_warn": 3.4272867378781338, "30_day_warn_count": 0, "daily_sd": -0.9881049293225509, "threshold_error": 4.5742634401504843}, "moldf": {"sample_sd": 0.29999999999999999, "sample_mean": 0.10000000000010001, "daily_article_count": 1, "30_day_error_count": 2, "threshold_warn": 0.70000000000009999, "30_day_warn_count": 0, "daily_sd": 2.9999999999996669, "threshold_error": 1.0000000000000999}, "chole": {"sample_sd": 3.7012010062801091, "sample_mean": 4.9666666666667671, "daily_article_count": 1, "30_day_error_count": 0, "threshold_warn": 12.369068679226984, "30_day_warn_count": 0, "daily_sd": -1.0717241943726434, "threshold_error": 16.070269685507096}, "hepat": {"sample_sd": 1.662995957768856, "sample_mean": 1.6333333333334332, "daily_article_count": 0, "30_day_error_count": 0, "threshold_warn": 4.9593252488711457, "30_day_warn_count": 0, "daily_sd": -0.98216314098849677, "threshold_error": 6.6223212066400015}, "chiku": {"sample_sd": 2.7245794782559258, "sample_mean": 4.9000000000001007, "daily_article_count": 1, "30_day_error_count": 0, "threshold_warn": 10.349158956511953, "30_day_warn_count": 0, "daily_sd": -1.4314135561560466, "threshold_error": 13.073738434767879}, "yello": {"sample_sd": 0.35901098714230018, "sample_mean": 0.066666666666766669, "daily_article_count": 0, "30_day_error_count": 1, "threshold_warn": 0.78468864095136703, "30_day_warn_count": 0, "daily_sd": -0.18569533817733047, "threshold_error": 1.1436996280936671}, "menin": {"sample_sd": 3.0406505151949896, "sample_mean": 3.7666666666667665, "daily_article_count": 0, "30_day_error_count": 2, "threshold_warn": 9.8479676970567454, "30_day_warn_count": 4, "daily_sd": -1.2387700091949632, "threshold_error": 12.888618212251735}, "plagu": {"sample_sd": 0.17950549357115012, "sample_mean": 0.033333333333433336, "daily_article_count": 0, "30_day_error_count": 3, "threshold_warn": 0.39234432047573359, "30_day_warn_count": 0, "daily_sd": -0.185695338177609, "threshold_error": 0.57184981404688373}, "westn": {"sample_sd": 2.8009918878060955, "sample_mean": 3.7666666666667665, "daily_article_count": 1, "30_day_error_count": 0, "threshold_warn": 9.3686504422789572, "30_day_warn_count": 0, "daily_sd": -0.98774533361243877, "threshold_error": 12.169642330085054}, "swine": {"sample_sd": 1.0327955589886444, "sample_mean": 1.0000000000000999, "daily_article_count": 1, "30_day_error_count": 1, "threshold_warn": 3.0655911179773887, "30_day_warn_count": 0, "daily_sd": -9.6747193911358317e-14, "threshold_error": 4.0983866769660331}, "measl": {"sample_sd": 2.7129319932501073, "sample_mean": 3.2000000000001001, "daily_article_count": 1, "30_day_error_count": 0, "threshold_warn": 8.6258639865003151, "30_day_warn_count": 0, "daily_sd": -0.81093075885197108, "threshold_error": 11.338795979750422}, "dengu": {"sample_sd": 3.4514087301016994, "sample_mean": 8.433333333333433, "daily_article_count": 5, "30_day_error_count": 1, "threshold_warn": 15.336150793536831, "30_day_warn_count": 0, "daily_sd": -0.99476289301506937, "threshold_error": 18.787559523638532}, "ebola": {"sample_sd": 165.64342224589944, "sample_mean": 335.30000000000013, "daily_article_count": 395, "30_day_error_count": 22, "threshold_warn": 666.58684449179896, "30_day_warn_count": 24, "daily_sd": 0.36041274196432976, "threshold_error": 832.23026673769846}, "unkno": {"sample_sd": 47.86166408399199, "sample_mean": 92.166666666666771, "daily_article_count": 24, "30_day_error_count": 0, "threshold_warn": 187.88999483465074, "30_day_warn_count": 0, "daily_sd": -1.4242435563260341, "threshold_error": 235.75165891864273}, "mumps": {"sample_sd": 0.24944382578492943, "sample_mean": 0.066666666666766669, "daily_article_count": 0, "30_day_error_count": 3, "threshold_warn": 0.5655543182366255, "30_day_warn_count": 0, "daily_sd": -0.2672612419128253, "threshold_error": 0.81499814402155502}}