{"hemmo": {"sample_sd": 0.17950549357115014, "sample_mean": 0.033333333333433336, "daily_article_count": 0, "30_day_error_count": 3, "threshold_warn": 0.39234432047573364, "30_day_warn_count": 0, "daily_sd": -0.18569533817760894, "threshold_error": 0.57184981404688373}, "mersc": {"sample_sd": 1.9947152400502908, "sample_mean": 1.2333333333334333, "daily_article_count": 0, "30_day_error_count": 1, "threshold_warn": 5.2227638134340149, "30_day_warn_count": 0, "daily_sd": -0.6183004513979341, "threshold_error": 7.2174790534843059}, "influ": {"sample_sd": 14.713561393792085, "sample_mean": 17.333333333333432, "daily_article_count": 0, "30_day_error_count": 0, "threshold_warn": 46.760456120917603, "30_day_warn_count": 0, "daily_sd": -1.1780515178770161, "threshold_error": 61.474017514709686}, "pertu": {"sample_sd": 0.54670731556189078, "sample_mean": 0.36666666666676662, "daily_article_count": 0, "30_day_error_count": 2, "threshold_warn": 1.4600812977905482, "30_day_warn_count": 2, "daily_sd": -0.67068183693484451, "threshold_error": 2.0067886133524389}, "moldf": {"sample_sd": 0.24944382578492943, "sample_mean": 0.066666666666766669, "daily_article_count": 0, "30_day_error_count": 7, "threshold_warn": 0.5655543182366255, "30_day_warn_count": 0, "daily_sd": -0.2672612419128253, "threshold_error": 0.81499814402155502}, "chole": {"sample_sd": 2.4964419124470374, "sample_mean": 2.0333333333334331, "daily_article_count": 0, "30_day_error_count": 0, "threshold_warn": 7.0262171582275084, "30_day_warn_count": 0, "daily_sd": -0.81449254765168533, "threshold_error": 9.5226590706745444}, "hepat": {"sample_sd": 3.5552777669262356, "sample_mean": 1.4000000000000998, "daily_article_count": 1, "30_day_error_count": 0, "threshold_warn": 8.5105555338525711, "30_day_warn_count": 1, "daily_sd": -0.11250879009263047, "threshold_error": 12.065833300778808}, "chiku": {"sample_sd": 0.61824123303304701, "sample_mean": 0.46666666666676665, "daily_article_count": 0, "30_day_error_count": 2, "threshold_warn": 1.7031491327328607, "30_day_warn_count": 0, "daily_sd": -0.75482941242423052, "threshold_error": 2.3213903657659078}, "yello": {"sample_sd": 0.24944382578492943, "sample_mean": 0.066666666666766669, "daily_article_count": 0, "30_day_error_count": 5, "threshold_warn": 0.5655543182366255, "30_day_warn_count": 0, "daily_sd": -0.2672612419128253, "threshold_error": 0.81499814402155502}, "menin": {"sample_sd": 0.76084748070088848, "sample_mean": 0.43333333333343332, "daily_article_count": 0, "30_day_error_count": 9, "threshold_warn": 1.9550282947352102, "30_day_warn_count": 5, "daily_sd": -0.56954034063995196, "threshold_error": 2.7158757754360989}, "plagu": {"sample_sd": 0.33993463423951903, "sample_mean": 0.13333333333343333, "daily_article_count": 0, "30_day_error_count": 0, "threshold_warn": 0.81320260181247139, "30_day_warn_count": 0, "daily_sd": -0.39223227027666219, "threshold_error": 1.1531372360519905}, "westn": {"sample_sd": 1.3102162671355697, "sample_mean": 0.50000000000010003, "daily_article_count": 0, "30_day_error_count": 2, "threshold_warn": 3.1204325342712393, "30_day_warn_count": 0, "daily_sd": -0.38161638848616464, "threshold_error": 4.4306488014068091}, "swine": {"sample_sd": 9.8635693336641577, "sample_mean": 11.100000000000099, "daily_article_count": 1, "30_day_error_count": 0, "threshold_warn": 30.827138667328413, "30_day_warn_count": 0, "daily_sd": -1.0239700921986739, "threshold_error": 40.690708000992572}, "measl": {"sample_sd": 3.2242139438249988, "sample_mean": 4.266666666666767, "daily_article_count": 0, "30_day_error_count": 2, "threshold_warn": 10.715094554316764, "30_day_warn_count": 0, "daily_sd": -1.3233199598426988, "threshold_error": 13.939308498141763}, "dengu": {"sample_sd": 1.8245242911205346, "sample_mean": 1.9333333333334333, "daily_article_count": 2, "30_day_error_count": 2, "threshold_warn": 5.5823819155745023, "30_day_warn_count": 5, "daily_sd": 0.036539204762038709, "threshold_error": 7.4069062066950373}, "ebola": {"sample_sd": 1.0832051206181279, "sample_mean": 0.60000000000010001, "daily_article_count": 0, "30_day_error_count": 0, "threshold_warn": 2.7664102412363558, "30_day_warn_count": 0, "daily_sd": -0.55391170940708967, "threshold_error": 3.8496153618544837}, "unkno": {"sample_sd": 26.320249914382565, "sample_mean": 37.666666666666764, "daily_article_count": 9, "30_day_error_count": 0, "threshold_warn": 90.307166495431886, "30_day_warn_count": 0, "daily_sd": -1.0891487261677562, "threshold_error": 116.62741640981446}, "mumps": {"sample_sd": 0.0, "sample_mean": 1e-13, "daily_article_count": 0, "30_day_error_count": 6, "threshold_warn": 1e-13, "30_day_warn_count": 0, "daily_sd": -Infinity, "threshold_error": 1e-13}}