{"hemmo": {"sample_sd": 0.30000000000000004, "sample_mean": 0.10000000000000001, "daily_article_count": 0, "30_day_error_count": 0, "threshold_warn": 0.70000000000000007, "30_day_warn_count": 0, "daily_sd": -0.33333333333333331, "threshold_error": 1.0000000000000002}, "mersc": {"sample_sd": 1.085766498326822, "sample_mean": 0.76666666666666672, "daily_article_count": 24, "30_day_error_count": 2, "threshold_warn": 2.9381996633203107, "30_day_warn_count": 0, "daily_sd": 21.398093760616259, "threshold_error": 4.0239661616471327}, "influ": {"sample_sd": 8.3493845415229391, "sample_mean": 17.566666666666666, "daily_article_count": 22, "30_day_error_count": 0, "threshold_warn": 34.265435749712545, "30_day_warn_count": 0, "daily_sd": 0.53097726081312902, "threshold_error": 42.614820291235489}, "pertu": {"sample_sd": 1.3399834161494522, "sample_mean": 2.0666666666666669, "daily_article_count": 0, "30_day_error_count": 0, "threshold_warn": 4.7466334989655712, "30_day_warn_count": 0, "daily_sd": -1.5423076448254831, "threshold_error": 6.0866169151150231}, "moldf": {"sample_sd": 0.99107124982123374, "sample_mean": 0.53333333333333333, "daily_article_count": 0, "30_day_error_count": 0, "threshold_warn": 2.5154758329758007, "30_day_warn_count": 0, "daily_sd": -0.53813823519704995, "threshold_error": 3.5065470827970344}, "chole": {"sample_sd": 2.7976180344476385, "sample_mean": 4.2000000000000002, "daily_article_count": 18, "30_day_error_count": 5, "threshold_warn": 9.795236068895278, "30_day_warn_count": 1, "daily_sd": 4.932767743872752, "threshold_error": 12.592854103342916}, "hepat": {"sample_sd": 2.1898756940875788, "sample_mean": 3.0666666666666669, "daily_article_count": 3, "30_day_error_count": 1, "threshold_warn": 7.4464180548418248, "30_day_warn_count": 0, "daily_sd": -0.030443128277399249, "threshold_error": 9.6362937489294023}, "chiku": {"sample_sd": 1.5132745950421556, "sample_mean": 1.1000000000000001, "daily_article_count": 3, "30_day_error_count": 0, "threshold_warn": 4.1265491900843116, "30_day_warn_count": 0, "daily_sd": 1.2555553408646705, "threshold_error": 5.6398237851264668}, "yello": {"sample_sd": 0.58594652770823152, "sample_mean": 0.29999999999999999, "daily_article_count": 3, "30_day_error_count": 1, "threshold_warn": 1.4718930554164631, "30_day_warn_count": 0, "daily_sd": 4.6079290043074517, "threshold_error": 2.0578395831246943}, "menin": {"sample_sd": 2.3534844144138471, "sample_mean": 2.8333333333333335, "daily_article_count": 5, "30_day_error_count": 2, "threshold_warn": 7.5403021621610282, "30_day_warn_count": 0, "daily_sd": 0.92062078397332026, "threshold_error": 9.8937865765748754}, "plagu": {"sample_sd": 0.33993463423951903, "sample_mean": 0.13333333333333333, "daily_article_count": 0, "30_day_error_count": 3, "threshold_warn": 0.81320260181237136, "30_day_warn_count": 0, "daily_sd": -0.39223227027636803, "threshold_error": 1.1531372360518903}, "westn": {"sample_sd": 1.3535960336164639, "sample_mean": 1.3666666666666667, "daily_article_count": 5, "30_day_error_count": 0, "threshold_warn": 4.0738587338995949, "30_day_warn_count": 0, "daily_sd": 2.6842080229992931, "threshold_error": 5.4274547675160587}, "swine": {"sample_sd": 3.9135093657171121, "sample_mean": 4.8666666666666663, "daily_article_count": 0, "30_day_error_count": 0, "threshold_warn": 12.693685398100889, "30_day_warn_count": 0, "daily_sd": -1.2435556458097035, "threshold_error": 16.607194763818004}, "measl": {"sample_sd": 6.3428875303147407, "sample_mean": 9.6333333333333329, "daily_article_count": 6, "30_day_error_count": 0, "threshold_warn": 22.319108393962814, "30_day_warn_count": 0, "daily_sd": -0.57282007854757644, "threshold_error": 28.661995924277555}, "dengu": {"sample_sd": 2.8039654459750789, "sample_mean": 4.2666666666666666, "daily_article_count": 9, "30_day_error_count": 0, "threshold_warn": 9.8745975586168235, "30_day_warn_count": 0, "daily_sd": 1.6880854719974328, "threshold_error": 12.678563004591904}, "ebola": {"sample_sd": 24.160688915858525, "sample_mean": 60.166666666666664, "daily_article_count": 46, "30_day_error_count": 0, "threshold_warn": 108.48804449838372, "30_day_warn_count": 1, "daily_sd": -0.58635193375500094, "threshold_error": 132.64873341424223}, "unkno": {"sample_sd": 25.209455897870281, "sample_mean": 58.5, "daily_article_count": 89, "30_day_error_count": 0, "threshold_warn": 108.91891179574057, "30_day_warn_count": 0, "daily_sd": 1.2098634783536391, "threshold_error": 134.12836769361084}, "mumps": {"sample_sd": 0.29999999999999999, "sample_mean": 0.10000000000000001, "daily_article_count": 1, "30_day_error_count": 7, "threshold_warn": 0.69999999999999996, "30_day_warn_count": 0, "daily_sd": 3.0, "threshold_error": 0.99999999999999989}}