{"hemmo": {"sample_sd": 0.42687494916218993, "sample_mean": 0.13333333333343333, "daily_article_count": 0, "30_day_error_count": 0, "threshold_warn": 0.9870832316578132, "30_day_warn_count": 0, "daily_sd": -0.3123475237774464, "threshold_error": 1.413958180820003}, "mersc": {"sample_sd": 1.9136933459209762, "sample_mean": 1.0666666666667666, "daily_article_count": 3, "30_day_error_count": 0, "threshold_warn": 4.8940533585087191, "30_day_warn_count": 0, "daily_sd": 1.0102628707227936, "threshold_error": 6.8077467044296958}, "influ": {"sample_sd": 13.139592417152402, "sample_mean": 23.533333333333434, "daily_article_count": 19, "30_day_error_count": 0, "threshold_warn": 49.812518167638238, "30_day_warn_count": 0, "daily_sd": -0.34501323857014232, "threshold_error": 62.952110584790645}, "pertu": {"sample_sd": 2.3084386257574381, "sample_mean": 1.9333333333334333, "daily_article_count": 1, "30_day_error_count": 0, "threshold_warn": 6.5502105848483092, "30_day_warn_count": 1, "daily_sd": -0.40431368758057873, "threshold_error": 8.8586492106057477}, "moldf": {"sample_sd": 0.7118052168020873, "sample_mean": 0.60000000000010001, "daily_article_count": 0, "30_day_error_count": 0, "threshold_warn": 2.0236104336042748, "30_day_warn_count": 0, "daily_sd": -0.84292723042366524, "threshold_error": 2.7354156504063618}, "chole": {"sample_sd": 1.3085190950927015, "sample_mean": 1.2333333333334333, "daily_article_count": 3, "30_day_error_count": 8, "threshold_warn": 3.8503715235188363, "30_day_warn_count": 9, "daily_sd": 1.3501267755984929, "threshold_error": 5.1588906186115384}, "hepat": {"sample_sd": 1.3097921802925669, "sample_mean": 1.1333333333334332, "daily_article_count": 3, "30_day_error_count": 1, "threshold_warn": 3.7529176939185671, "30_day_warn_count": 0, "daily_sd": 1.4251624759659287, "threshold_error": 5.0627098742111336}, "chiku": {"sample_sd": 1.3349989596333858, "sample_mean": 1.4666666666667665, "daily_article_count": 1, "30_day_error_count": 2, "threshold_warn": 4.1366645859335378, "30_day_warn_count": 0, "daily_sd": -0.34956331860732037, "threshold_error": 5.4716635455669236}, "yello": {"sample_sd": 0.24944382578492943, "sample_mean": 0.066666666666766669, "daily_article_count": 2, "30_day_error_count": 7, "threshold_warn": 0.5655543182366255, "30_day_warn_count": 0, "daily_sd": 7.7505760154599059, "threshold_error": 0.81499814402155502}, "menin": {"sample_sd": 4.9912145037277478, "sample_mean": 2.433333333333433, "daily_article_count": 4, "30_day_error_count": 0, "threshold_warn": 12.415762340788929, "30_day_warn_count": 0, "daily_sd": 0.31388486018713146, "threshold_error": 17.406976844516677}, "plagu": {"sample_sd": 0.24944382578492943, "sample_mean": 0.066666666666766669, "daily_article_count": 0, "30_day_error_count": 5, "threshold_warn": 0.5655543182366255, "30_day_warn_count": 0, "daily_sd": -0.2672612419128253, "threshold_error": 0.81499814402155502}, "westn": {"sample_sd": 0.33993463423951903, "sample_mean": 0.13333333333343333, "daily_article_count": 0, "30_day_error_count": 1, "threshold_warn": 0.81320260181247139, "30_day_warn_count": 0, "daily_sd": -0.39223227027666219, "threshold_error": 1.1531372360519905}, "swine": {"sample_sd": 4.1259342376404078, "sample_mean": 4.1000000000001, "daily_article_count": 21, "30_day_error_count": 12, "threshold_warn": 12.351868475280916, "30_day_warn_count": 12, "daily_sd": 4.0960420177867132, "threshold_error": 16.477802712921324}, "measl": {"sample_sd": 2.6350205565295566, "sample_mean": 3.3000000000000997, "daily_article_count": 207, "30_day_error_count": 27, "threshold_warn": 8.5700411130592133, "30_day_warn_count": 21, "daily_sd": 77.30489976453245, "threshold_error": 11.205061669588769}, "dengu": {"sample_sd": 1.7916472867168916, "sample_mean": 2.3000000000000997, "daily_article_count": 1, "30_day_error_count": 2, "threshold_warn": 5.8832945734338828, "30_day_warn_count": 0, "daily_sd": -0.72558924384178758, "threshold_error": 7.6749418601507742}, "ebola": {"sample_sd": 58.429064304980578, "sample_mean": 128.66666666666677, "daily_article_count": 75, "30_day_error_count": 0, "threshold_warn": 245.52479527662791, "30_day_warn_count": 0, "daily_sd": -0.91849265951863179, "threshold_error": 303.95385958160853}, "unkno": {"sample_sd": 21.983453373440266, "sample_mean": 54.166666666666764, "daily_article_count": 48, "30_day_error_count": 0, "threshold_warn": 98.133573413547296, "30_day_warn_count": 0, "daily_sd": -0.2805140103291115, "threshold_error": 120.11702678698757}, "mumps": {"sample_sd": 0.65743609744386722, "sample_mean": 0.36666666666676662, "daily_article_count": 1, "30_day_error_count": 0, "threshold_warn": 1.6815388615545011, "30_day_warn_count": 0, "daily_sd": 0.96333824047029637, "threshold_error": 2.3389749589983682}}