{"hemmo": {"sample_sd": 0.0, "sample_mean": 0.0, "daily_article_count": 0, "30_day_error_count": 4, "threshold_warn": 0.0, "30_day_warn_count": 0, "daily_sd": 0, "threshold_error": 0.0}, "mersc": {"sample_sd": 1.5362291495737217, "sample_mean": 0.80000000000000004, "daily_article_count": 1, "30_day_error_count": 1, "threshold_warn": 3.8724582991474437, "30_day_warn_count": 7, "daily_sd": 0.13018891098082383, "threshold_error": 5.4086874487211647}, "influ": {"sample_sd": 15.7419820861288, "sample_mean": 13.300000000000001, "daily_article_count": 18, "30_day_error_count": 0, "threshold_warn": 44.783964172257598, "30_day_warn_count": 0, "daily_sd": 0.29856468990276958, "threshold_error": 60.525946258386398}, "pertu": {"sample_sd": 0.37267799624996495, "sample_mean": 0.16666666666666666, "daily_article_count": 0, "30_day_error_count": 4, "threshold_warn": 0.91202265916659653, "30_day_warn_count": 2, "daily_sd": -0.44721359549995793, "threshold_error": 1.2847006554165616}, "moldf": {"sample_sd": 0.17950549357115009, "sample_mean": 0.033333333333333333, "daily_article_count": 0, "30_day_error_count": 5, "threshold_warn": 0.3923443204756335, "30_day_warn_count": 0, "daily_sd": -0.18569533817705192, "threshold_error": 0.57184981404678359}, "chole": {"sample_sd": 2.4177583741051452, "sample_mean": 1.5666666666666667, "daily_article_count": 0, "30_day_error_count": 0, "threshold_warn": 6.4021834148769567, "30_day_warn_count": 0, "daily_sd": -0.64798314151078784, "threshold_error": 8.8199417889821028}, "hepat": {"sample_sd": 3.5840696917827306, "sample_mean": 1.2333333333333334, "daily_article_count": 1, "30_day_error_count": 0, "threshold_warn": 8.4014727168987946, "30_day_warn_count": 0, "daily_sd": -0.065102900724364116, "threshold_error": 11.985542408681525}, "chiku": {"sample_sd": 0.61101009266077866, "sample_mean": 0.40000000000000002, "daily_article_count": 3, "30_day_error_count": 1, "threshold_warn": 1.6220201853215572, "30_day_warn_count": 0, "daily_sd": 4.2552488596018518, "threshold_error": 2.2330302779823361}, "yello": {"sample_sd": 0.24944382578492943, "sample_mean": 0.066666666666666666, "daily_article_count": 0, "30_day_error_count": 1, "threshold_warn": 0.56555431823652558, "30_day_warn_count": 0, "daily_sd": -0.2672612419124244, "threshold_error": 0.81499814402145498}, "menin": {"sample_sd": 0.49553562491061681, "sample_mean": 0.23333333333333334, "daily_article_count": 2, "30_day_error_count": 11, "threshold_warn": 1.2244045831545669, "30_day_warn_count": 0, "daily_sd": 3.5651658081804563, "threshold_error": 1.7199402080651838}, "plagu": {"sample_sd": 0.24944382578492943, "sample_mean": 0.066666666666666666, "daily_article_count": 0, "30_day_error_count": 2, "threshold_warn": 0.56555431823652558, "30_day_warn_count": 0, "daily_sd": -0.2672612419124244, "threshold_error": 0.81499814402145498}, "westn": {"sample_sd": 1.7413277182145301, "sample_mean": 0.6333333333333333, "daily_article_count": 0, "30_day_error_count": 0, "threshold_warn": 4.115988769762394, "30_day_warn_count": 0, "daily_sd": -0.3637071452481796, "threshold_error": 5.8573164879769237}, "swine": {"sample_sd": 10.771825389516032, "sample_mean": 9.9666666666666668, "daily_article_count": 1, "30_day_error_count": 0, "threshold_warn": 31.510317445698732, "30_day_warn_count": 0, "daily_sd": -0.8324184938416952, "threshold_error": 42.282142835214763}, "measl": {"sample_sd": 3.3910011632096047, "sample_mean": 3.0333333333333332, "daily_article_count": 3, "30_day_error_count": 1, "threshold_warn": 9.8153356597525416, "30_day_warn_count": 0, "daily_sd": -0.0098299386313931546, "threshold_error": 13.206336822962147}, "dengu": {"sample_sd": 1.7978382080215731, "sample_mean": 1.3666666666666667, "daily_article_count": 3, "30_day_error_count": 1, "threshold_warn": 4.9623430827098129, "30_day_warn_count": 6, "daily_sd": 0.90849851006934113, "threshold_error": 6.7601812907313867}, "ebola": {"sample_sd": 1.085766498326822, "sample_mean": 0.56666666666666665, "daily_article_count": 0, "30_day_error_count": 0, "threshold_warn": 2.7381996633203105, "30_day_warn_count": 0, "daily_sd": -0.52190472586868919, "threshold_error": 3.8239661616471325}, "unkno": {"sample_sd": 25.985551540979248, "sample_mean": 23.866666666666667, "daily_article_count": 20, "30_day_error_count": 0, "threshold_warn": 75.837769748625163, "30_day_warn_count": 8, "daily_sd": -0.14880063871528487, "threshold_error": 101.82332128960442}, "mumps": {"sample_sd": 0.0, "sample_mean": 0.0, "daily_article_count": 0, "30_day_error_count": 3, "threshold_warn": 0.0, "30_day_warn_count": 0, "daily_sd": 0, "threshold_error": 0.0}}