{"hemmo": {"sample_sd": 0.91954094827558153, "sample_mean": 0.23333333333343334, "daily_article_count": 0, "30_day_error_count": 0, "threshold_warn": 2.0724152298845966, "30_day_warn_count": 0, "daily_sd": -0.25374980175815354, "threshold_error": 2.9919561781601778}, "mersc": {"sample_sd": 5.4202295974330168, "sample_mean": 6.5666666666667668, "daily_article_count": 0, "30_day_error_count": 0, "threshold_warn": 17.407125861532801, "30_day_warn_count": 0, "daily_sd": -1.2115107946306729, "threshold_error": 22.827355458965815}, "influ": {"sample_sd": 7.7552133003118193, "sample_mean": 4.3000000000001002, "daily_article_count": 3, "30_day_error_count": 0, "threshold_warn": 19.810426600623739, "30_day_warn_count": 0, "daily_sd": -0.16762917403546207, "threshold_error": 27.565639900935558}, "pertu": {"sample_sd": 3.6049348892255395, "sample_mean": 2.7333333333334333, "daily_article_count": 0, "30_day_error_count": 0, "threshold_warn": 9.9432031117845128, "30_day_warn_count": 0, "daily_sd": -0.7582198894917197, "threshold_error": 13.548138001010052}, "moldf": {"sample_sd": 0.45338235029118146, "sample_mean": 0.16666666666676666, "daily_article_count": 0, "30_day_error_count": 3, "threshold_warn": 1.0734313672491296, "30_day_warn_count": 0, "daily_sd": -0.36760731104712441, "threshold_error": 1.5268137175403111}, "chole": {"sample_sd": 2.4131583730317692, "sample_mean": 3.1000000000001, "daily_article_count": 1, "30_day_error_count": 5, "threshold_warn": 7.9263167460636383, "30_day_warn_count": 3, "daily_sd": -0.8702288351517381, "threshold_error": 10.339475119095408}, "hepat": {"sample_sd": 1.6248076809271921, "sample_mean": 1.6000000000001, "daily_article_count": 2, "30_day_error_count": 6, "threshold_warn": 4.8496153618544842, "30_day_warn_count": 4, "daily_sd": 0.24618298195860391, "threshold_error": 6.4744230427816758}, "chiku": {"sample_sd": 6.7148260505309354, "sample_mean": 10.666666666666766, "daily_article_count": 0, "30_day_error_count": 1, "threshold_warn": 24.096318767728636, "30_day_warn_count": 0, "daily_sd": -1.5885246447781565, "threshold_error": 30.811144818259571}, "yello": {"sample_sd": 0.81377037438224697, "sample_mean": 0.26666666666676664, "daily_article_count": 0, "30_day_error_count": 0, "threshold_warn": 1.8942074154312607, "30_day_warn_count": 0, "daily_sd": -0.32769276820773902, "threshold_error": 2.7079777898135076}, "menin": {"sample_sd": 1.80246744461277, "sample_mean": 1.4666666666667665, "daily_article_count": 0, "30_day_error_count": 1, "threshold_warn": 5.0716015558923067, "30_day_warn_count": 0, "daily_sd": -0.81369939360089538, "threshold_error": 6.8740690005050764}, "plagu": {"sample_sd": 0.24944382578492943, "sample_mean": 0.066666666666766669, "daily_article_count": 1, "30_day_error_count": 13, "threshold_warn": 0.5655543182366255, "30_day_warn_count": 0, "daily_sd": 3.7416573867735403, "threshold_error": 0.81499814402155502}, "westn": {"sample_sd": 2.2903177848402514, "sample_mean": 3.7666666666667665, "daily_article_count": 4, "30_day_error_count": 0, "threshold_warn": 8.3473022363472698, "30_day_warn_count": 0, "daily_sd": 0.10187814759928975, "threshold_error": 10.637620021187521}, "swine": {"sample_sd": 2.0286832072937253, "sample_mean": 1.5333333333334334, "daily_article_count": 0, "30_day_error_count": 0, "threshold_warn": 5.5906997479208842, "30_day_warn_count": 0, "daily_sd": -0.7558268968859404, "threshold_error": 7.6193829552146095}, "measl": {"sample_sd": 5.96992462263972, "sample_mean": 6.6000000000001, "daily_article_count": 1, "30_day_error_count": 0, "threshold_warn": 18.539849245279541, "30_day_warn_count": 0, "daily_sd": -0.93803529424194798, "threshold_error": 24.509773867919261}, "dengu": {"sample_sd": 4.2979323194092096, "sample_mean": 5.8333333333334334, "daily_article_count": 2, "30_day_error_count": 0, "threshold_warn": 14.429197972151853, "30_day_warn_count": 0, "daily_sd": -0.89190174447892667, "threshold_error": 18.72713029156106}, "ebola": {"sample_sd": 17.18513569596961, "sample_mean": 26.933333333333433, "daily_article_count": 501, "30_day_error_count": 19, "threshold_warn": 61.303604725272649, "30_day_warn_count": 16, "daily_sd": 27.585855302722358, "threshold_error": 78.488740421242269}, "unkno": {"sample_sd": 70.298767177431117, "sample_mean": 69.500000000000099, "daily_article_count": 46, "30_day_error_count": 0, "threshold_warn": 210.09753435486232, "30_day_warn_count": 0, "daily_sd": -0.33428751233555909, "threshold_error": 280.39630153229348}, "mumps": {"sample_sd": 0.42687494916218999, "sample_mean": 0.13333333333343333, "daily_article_count": 0, "30_day_error_count": 1, "threshold_warn": 0.98708323165781331, "30_day_warn_count": 0, "daily_sd": -0.31234752377744635, "threshold_error": 1.4139581808200035}}