{"hemmo": {"sample_sd": 1.5860503004493762, "sample_mean": 0.46666666666676665, "daily_article_count": 11, "30_day_error_count": 2, "threshold_warn": 3.6387672675655192, "30_day_warn_count": 0, "daily_sd": 6.6412353570052733, "threshold_error": 5.2248175680148954}, "mersc": {"sample_sd": 1.5849991237291652, "sample_mean": 1.4333333333334333, "daily_article_count": 0, "30_day_error_count": 2, "threshold_warn": 4.6033315807917639, "30_day_warn_count": 0, "daily_sd": -0.90431175126526597, "threshold_error": 6.1883307045209284}, "influ": {"sample_sd": 8.0694210173689385, "sample_mean": 10.866666666666767, "daily_article_count": 4, "30_day_error_count": 0, "threshold_warn": 27.005508701404644, "30_day_warn_count": 0, "daily_sd": -0.85094911417890873, "threshold_error": 35.074929718773582}, "pertu": {"sample_sd": 0.97125348562223091, "sample_mean": 0.70000000000009999, "daily_article_count": 1, "30_day_error_count": 0, "threshold_warn": 2.6425069712445617, "30_day_warn_count": 0, "daily_sd": 0.30887920037445821, "threshold_error": 3.6137604568667929}, "moldf": {"sample_sd": 0.6403124237432849, "sample_mean": 0.30000000000009996, "daily_article_count": 2, "30_day_error_count": 0, "threshold_warn": 1.5806248474866698, "30_day_warn_count": 0, "daily_sd": 2.6549539521061467, "threshold_error": 2.2209372712299547}, "chole": {"sample_sd": 1.5380362660079101, "sample_mean": 1.6333333333334332, "daily_article_count": 4, "30_day_error_count": 3, "threshold_warn": 4.7094058653492539, "30_day_warn_count": 6, "daily_sd": 1.5387586879270603, "threshold_error": 6.2474421313571638}, "hepat": {"sample_sd": 0.96378881965339736, "sample_mean": 0.93333333333343338, "daily_article_count": 3, "30_day_error_count": 2, "threshold_warn": 2.860910972640228, "30_day_warn_count": 0, "daily_sd": 2.1443148379847274, "threshold_error": 3.8246997922936257}, "chiku": {"sample_sd": 0.88443327742810651, "sample_mean": 0.53333333333343336, "daily_article_count": 0, "30_day_error_count": 0, "threshold_warn": 2.3021998881896462, "30_day_warn_count": 0, "daily_sd": -0.60302268915564039, "threshold_error": 3.1866331656177529}, "yello": {"sample_sd": 0.30000000000000004, "sample_mean": 0.10000000000010001, "daily_article_count": 0, "30_day_error_count": 0, "threshold_warn": 0.7000000000001001, "30_day_warn_count": 0, "daily_sd": -0.33333333333366666, "threshold_error": 1.0000000000001001}, "menin": {"sample_sd": 2.2360679774997898, "sample_mean": 2.0000000000000999, "daily_article_count": 1, "30_day_error_count": 3, "threshold_warn": 6.4721359549996791, "30_day_warn_count": 0, "daily_sd": -0.44721359550000261, "threshold_error": 8.7082039324994689}, "plagu": {"sample_sd": 0.24944382578492943, "sample_mean": 0.066666666666766669, "daily_article_count": 0, "30_day_error_count": 1, "threshold_warn": 0.5655543182366255, "30_day_warn_count": 0, "daily_sd": -0.2672612419128253, "threshold_error": 0.81499814402155502}, "westn": {"sample_sd": 1.1352924243950933, "sample_mean": 0.66666666666676666, "daily_article_count": 0, "30_day_error_count": 1, "threshold_warn": 2.9372515154569534, "30_day_warn_count": 0, "daily_sd": -0.58722021951479164, "threshold_error": 4.0725439398520464}, "swine": {"sample_sd": 2.1860669909426127, "sample_mean": 4.5666666666667668, "daily_article_count": 3, "30_day_error_count": 0, "threshold_warn": 8.9388006485519931, "30_day_warn_count": 0, "daily_sd": -0.71665995285498274, "threshold_error": 11.124867639494605}, "measl": {"sample_sd": 5.9307110310091256, "sample_mean": 5.6000000000001, "daily_article_count": 6, "30_day_error_count": 0, "threshold_warn": 17.46142206201835, "30_day_warn_count": 2, "daily_sd": 0.067445538639207478, "threshold_error": 23.392133093027478}, "dengu": {"sample_sd": 2.0933757957476775, "sample_mean": 3.5333333333334331, "daily_article_count": 4, "30_day_error_count": 0, "threshold_warn": 7.7200849248287877, "30_day_warn_count": 0, "daily_sd": 0.22292541435442104, "threshold_error": 9.8134607205764652}, "ebola": {"sample_sd": 0.74535599249992979, "sample_mean": 0.33333333333343329, "daily_article_count": 90, "30_day_error_count": 5, "threshold_warn": 1.824045318333293, "30_day_warn_count": 0, "daily_sd": 120.30045718948858, "threshold_error": 2.5694013108332228}, "unkno": {"sample_sd": 19.450335615499171, "sample_mean": 45.466666666666768, "daily_article_count": 39, "30_day_error_count": 0, "threshold_warn": 84.367337897665109, "30_day_warn_count": 0, "daily_sd": -0.33247069842402865, "threshold_error": 103.81767351316428}, "mumps": {"sample_sd": 0.95219045713904671, "sample_mean": 0.4000000000001, "daily_article_count": 7, "30_day_error_count": 3, "threshold_warn": 2.3043809142781932, "30_day_warn_count": 0, "daily_sd": 6.931386415938543, "threshold_error": 3.2565713714172402}}