{"hemmo": {"sample_sd": 2.2961320132392697, "sample_mean": 1.1666666666666667, "daily_article_count": 0, "30_day_error_count": 0, "threshold_warn": 5.7589306931452064, "30_day_warn_count": 0, "daily_sd": -0.50810086699709878, "threshold_error": 8.0550627063844757}, "mersc": {"sample_sd": 1.4761059883656353, "sample_mean": 1.2333333333333334, "daily_article_count": 48, "30_day_error_count": 28, "threshold_warn": 4.1855453100646045, "30_day_warn_count": 0, "daily_sd": 31.682458465226713, "threshold_error": 5.6616512984302396}, "influ": {"sample_sd": 2.36267268622258, "sample_mean": 3.1333333333333333, "daily_article_count": 15, "30_day_error_count": 4, "threshold_warn": 7.8586787057784928, "30_day_warn_count": 5, "daily_sd": 5.0225605670495934, "threshold_error": 10.221351392001074}, "pertu": {"sample_sd": 0.60461190490723515, "sample_mean": 0.36666666666666664, "daily_article_count": 4, "30_day_error_count": 9, "threshold_warn": 1.575890476481137, "30_day_warn_count": 2, "daily_sd": 6.0093645259776869, "threshold_error": 2.1805023813883722}, "moldf": {"sample_sd": 0.47609522856952341, "sample_mean": 0.20000000000000001, "daily_article_count": 0, "30_day_error_count": 7, "threshold_warn": 1.1521904571390469, "30_day_warn_count": 1, "daily_sd": -0.42008402520840288, "threshold_error": 1.6282856857085701}, "chole": {"sample_sd": 2.2910453703252776, "sample_mean": 2.5333333333333332, "daily_article_count": 2, "30_day_error_count": 0, "threshold_warn": 7.1154240739838883, "30_day_warn_count": 0, "daily_sd": -0.23279038479173014, "threshold_error": 9.4064694443091668}, "hepat": {"sample_sd": 1.6563010998406458, "sample_mean": 1.3, "daily_article_count": 8, "30_day_error_count": 3, "threshold_warn": 4.6126021996812918, "30_day_warn_count": 0, "daily_sd": 4.0451582146776408, "threshold_error": 6.2689032995219369}, "chiku": {"sample_sd": 1.6141733350404335, "sample_mean": 0.83333333333333337, "daily_article_count": 1, "30_day_error_count": 2, "threshold_warn": 4.0616800034142004, "30_day_warn_count": 3, "daily_sd": 0.1032520256955501, "threshold_error": 5.6758533384546332}, "yello": {"sample_sd": 0.37267799624996495, "sample_mean": 0.16666666666666666, "daily_article_count": 1, "30_day_error_count": 2, "threshold_warn": 0.91202265916659653, "30_day_warn_count": 0, "daily_sd": 2.2360679774997898, "threshold_error": 1.2847006554165616}, "menin": {"sample_sd": 4.1831673273835088, "sample_mean": 3.6333333333333333, "daily_article_count": 3, "30_day_error_count": 0, "threshold_warn": 11.999667988100351, "30_day_warn_count": 0, "daily_sd": -0.15140043028818337, "threshold_error": 16.18283531548386}, "plagu": {"sample_sd": 0.17950549357115014, "sample_mean": 0.033333333333333333, "daily_article_count": 0, "30_day_error_count": 2, "threshold_warn": 0.39234432047563361, "30_day_warn_count": 0, "daily_sd": -0.18569533817705186, "threshold_error": 0.5718498140467837}, "westn": {"sample_sd": 0.17950549357115014, "sample_mean": 0.033333333333333333, "daily_article_count": 0, "30_day_error_count": 9, "threshold_warn": 0.39234432047563361, "30_day_warn_count": 0, "daily_sd": -0.18569533817705186, "threshold_error": 0.5718498140467837}, "swine": {"sample_sd": 0.9122621455602673, "sample_mean": 1.0333333333333334, "daily_article_count": 2, "30_day_error_count": 6, "threshold_warn": 2.8578576244538683, "30_day_warn_count": 0, "daily_sd": 1.0596369381007107, "threshold_error": 3.7701197700141353}, "measl": {"sample_sd": 4.453338323350498, "sample_mean": 7.6333333333333337, "daily_article_count": 9, "30_day_error_count": 3, "threshold_warn": 16.540009980034331, "30_day_warn_count": 0, "daily_sd": 0.30688588367533814, "threshold_error": 20.993348303384828}, "dengu": {"sample_sd": 4.4732538492690077, "sample_mean": 4.2999999999999998, "daily_article_count": 4, "30_day_error_count": 1, "threshold_warn": 13.246507698538014, "30_day_warn_count": 0, "daily_sd": -0.067065275101484356, "threshold_error": 17.719761547807025}, "ebola": {"sample_sd": 29.020375983474477, "sample_mean": 28.533333333333335, "daily_article_count": 8, "30_day_error_count": 0, "threshold_warn": 86.574085300282292, "30_day_warn_count": 0, "daily_sd": -0.70754883896149212, "threshold_error": 115.59446128375676}, "unkno": {"sample_sd": 13.405181419469445, "sample_mean": 35.033333333333331, "daily_article_count": 72, "30_day_error_count": 2, "threshold_warn": 61.843696172272217, "30_day_warn_count": 2, "daily_sd": 2.7576401624059295, "threshold_error": 75.24887759174166}, "mumps": {"sample_sd": 2.1281186266016485, "sample_mean": 1.9333333333333333, "daily_article_count": 6, "30_day_error_count": 1, "threshold_warn": 6.1895705865366306, "30_day_warn_count": 1, "daily_sd": 1.910921043513748, "threshold_error": 8.3176892131382782}}