{"hemmo": {"sample_sd": 1.5849991237291654, "sample_mean": 0.43333333333343332, "daily_article_count": 1, "30_day_error_count": 2, "threshold_warn": 3.6033315807917643, "30_day_warn_count": 0, "daily_sd": 0.3575185993373427, "threshold_error": 5.1883307045209293}, "mersc": {"sample_sd": 2.365492666561356, "sample_mean": 1.7333333333334333, "daily_article_count": 3, "30_day_error_count": 0, "threshold_warn": 6.4643186664561458, "30_day_warn_count": 0, "daily_sd": 0.5354768943367223, "threshold_error": 8.829811333017501}, "influ": {"sample_sd": 5.5885796247545958, "sample_mean": 8.3666666666667666, "daily_article_count": 4, "30_day_error_count": 0, "threshold_warn": 19.543825916175958, "30_day_warn_count": 0, "daily_sd": -0.78135536395055205, "threshold_error": 25.132405540930556}, "pertu": {"sample_sd": 0.97752521990767849, "sample_mean": 0.66666666666676666, "daily_article_count": 1, "30_day_error_count": 0, "threshold_warn": 2.6217171064821239, "30_day_warn_count": 0, "daily_sd": 0.3409971697351345, "threshold_error": 3.5992423263898017}, "moldf": {"sample_sd": 0.6403124237432849, "sample_mean": 0.30000000000009996, "daily_article_count": 0, "30_day_error_count": 0, "threshold_warn": 1.5806248474866698, "30_day_warn_count": 0, "daily_sd": -0.46852128566597429, "threshold_error": 2.2209372712299547}, "chole": {"sample_sd": 1.7009801096230766, "sample_mean": 1.8000000000001, "daily_article_count": 1, "30_day_error_count": 2, "threshold_warn": 5.2019602192462528, "30_day_warn_count": 5, "daily_sd": -0.47031708100183106, "threshold_error": 6.9029403288693301}, "hepat": {"sample_sd": 0.99777530313971785, "sample_mean": 1.0666666666667666, "daily_article_count": 0, "30_day_error_count": 3, "threshold_warn": 3.0622172729462021, "30_day_warn_count": 0, "daily_sd": -1.0690449676497975, "threshold_error": 4.0599925760859206}, "chiku": {"sample_sd": 0.88443327742810651, "sample_mean": 0.53333333333343336, "daily_article_count": 3, "30_day_error_count": 0, "threshold_warn": 2.3021998881896462, "30_day_warn_count": 0, "daily_sd": 2.7889799373442004, "threshold_error": 3.1866331656177529}, "yello": {"sample_sd": 0.37267799624996495, "sample_mean": 0.16666666666676666, "daily_article_count": 0, "30_day_error_count": 0, "threshold_warn": 0.91202265916669656, "30_day_warn_count": 0, "daily_sd": -0.44721359550022627, "threshold_error": 1.2847006554166616}, "menin": {"sample_sd": 2.3307128141884452, "sample_mean": 1.9666666666667665, "daily_article_count": 4, "30_day_error_count": 2, "threshold_warn": 6.6280922950436567, "30_day_warn_count": 0, "daily_sd": 0.87240835548468931, "threshold_error": 8.9588051092321024}, "plagu": {"sample_sd": 0.17950549357115012, "sample_mean": 0.033333333333433336, "daily_article_count": 0, "30_day_error_count": 0, "threshold_warn": 0.39234432047573359, "30_day_warn_count": 0, "daily_sd": -0.185695338177609, "threshold_error": 0.57184981404688373}, "westn": {"sample_sd": 1.4772346537440224, "sample_mean": 0.86666666666676673, "daily_article_count": 0, "30_day_error_count": 0, "threshold_warn": 3.8211359741548114, "30_day_warn_count": 0, "daily_sd": -0.58668178712854924, "threshold_error": 5.2983706278988336}, "swine": {"sample_sd": 2.368543856465402, "sample_mean": 4.3000000000001002, "daily_article_count": 1, "30_day_error_count": 0, "threshold_warn": 9.0370877129309051, "30_day_warn_count": 0, "daily_sd": -1.3932610920385144, "threshold_error": 11.405631569396306}, "measl": {"sample_sd": 6.0285432181691565, "sample_mean": 6.3000000000001002, "daily_article_count": 17, "30_day_error_count": 0, "threshold_warn": 18.357086436338413, "30_day_warn_count": 0, "daily_sd": 1.7748898220969287, "threshold_error": 24.385629654507571}, "dengu": {"sample_sd": 2.1807236311728171, "sample_mean": 3.6666666666667664, "daily_article_count": 4, "30_day_error_count": 0, "threshold_warn": 8.0281139290124006, "30_day_warn_count": 0, "daily_sd": 0.15285446012888998, "threshold_error": 10.208837560185216}, "ebola": {"sample_sd": 0.84590516936330118, "sample_mean": 0.46666666666676665, "daily_article_count": 74, "30_day_error_count": 13, "threshold_warn": 2.1584770053933688, "30_day_warn_count": 8, "daily_sd": 86.928577808172705, "threshold_error": 3.0043821747566701}, "unkno": {"sample_sd": 17.536026409144753, "sample_mean": 43.766666666666765, "daily_article_count": 53, "30_day_error_count": 0, "threshold_warn": 78.838719484956272, "30_day_warn_count": 0, "daily_sd": 0.52653509511813923, "threshold_error": 96.374745894101025}, "mumps": {"sample_sd": 0.95219045713904671, "sample_mean": 0.4000000000001, "daily_article_count": 2, "30_day_error_count": 7, "threshold_warn": 2.3043809142781932, "30_day_warn_count": 4, "daily_sd": 1.6803361008335067, "threshold_error": 3.2565713714172402}}