{"hemmo": {"sample_sd": 2.048305532764962, "sample_mean": 1.7333333333333334, "daily_article_count": 0, "30_day_error_count": 0, "threshold_warn": 5.8299443988632573, "30_day_warn_count": 0, "daily_sd": -0.8462279213753553, "threshold_error": 7.8782499316282193}, "mersc": {"sample_sd": 2.337139752394414, "sample_mean": 2.7333333333333334, "daily_article_count": 0, "30_day_error_count": 0, "threshold_warn": 7.4076128381221613, "30_day_warn_count": 0, "daily_sd": -1.1695207060395154, "threshold_error": 9.7447525905165762}, "influ": {"sample_sd": 4.6667857127672887, "sample_mean": 9.7666666666666675, "daily_article_count": 19, "30_day_error_count": 3, "threshold_warn": 19.100238092201245, "30_day_warn_count": 0, "daily_sd": 1.9785209567418072, "threshold_error": 23.767023804968531}, "pertu": {"sample_sd": 0.99777530313971785, "sample_mean": 1.0666666666666667, "daily_article_count": 0, "30_day_error_count": 0, "threshold_warn": 3.0622172729461026, "30_day_warn_count": 0, "daily_sd": -1.0690449676496974, "threshold_error": 4.0599925760858202}, "moldf": {"sample_sd": 0.5120763831912406, "sample_mean": 0.26666666666666666, "daily_article_count": 0, "30_day_error_count": 7, "threshold_warn": 1.2908194330491478, "30_day_warn_count": 0, "daily_sd": -0.52075564392329543, "threshold_error": 1.8028958162403885}, "chole": {"sample_sd": 3.562302626111375, "sample_mean": 5.0999999999999996, "daily_article_count": 5, "30_day_error_count": 0, "threshold_warn": 12.22460525222275, "30_day_warn_count": 0, "daily_sd": -0.028071730702217201, "threshold_error": 15.786907878334125}, "hepat": {"sample_sd": 1.2995725793078619, "sample_mean": 1.6666666666666667, "daily_article_count": 1, "30_day_error_count": 2, "threshold_warn": 4.2658118252823902, "30_day_warn_count": 1, "daily_sd": -0.5129891760425771, "threshold_error": 5.5653844045902527}, "chiku": {"sample_sd": 2.462158041682585, "sample_mean": 3.9333333333333331, "daily_article_count": 2, "30_day_error_count": 0, "threshold_warn": 8.8576494166985036, "30_day_warn_count": 0, "daily_sd": -0.78521902355712936, "threshold_error": 11.319807458381089}, "yello": {"sample_sd": 0.40000000000000002, "sample_mean": 0.20000000000000001, "daily_article_count": 0, "30_day_error_count": 2, "threshold_warn": 1.0, "30_day_warn_count": 0, "daily_sd": -0.5, "threshold_error": 1.4000000000000001}, "menin": {"sample_sd": 2.9295430056959773, "sample_mean": 3.4666666666666668, "daily_article_count": 0, "30_day_error_count": 1, "threshold_warn": 9.3257526780586204, "30_day_warn_count": 0, "daily_sd": -1.1833472524302759, "threshold_error": 12.255295683754598}, "plagu": {"sample_sd": 0.17950549357115012, "sample_mean": 0.033333333333333333, "daily_article_count": 16, "30_day_error_count": 9, "threshold_warn": 0.39234432047563356, "30_day_warn_count": 0, "daily_sd": 88.948066986807859, "threshold_error": 0.5718498140467837}, "westn": {"sample_sd": 2.0893911925619757, "sample_mean": 2.0333333333333332, "daily_article_count": 0, "30_day_error_count": 0, "threshold_warn": 6.2121157184572846, "30_day_warn_count": 0, "daily_sd": -0.97317024239969863, "threshold_error": 8.3015069110192599}, "swine": {"sample_sd": 1.236482466066094, "sample_mean": 0.93333333333333335, "daily_article_count": 1, "30_day_error_count": 2, "threshold_warn": 3.4062982654655212, "30_day_warn_count": 0, "daily_sd": 0.053916386601719185, "threshold_error": 4.6427807315316159}, "measl": {"sample_sd": 1.9058389811897072, "sample_mean": 1.9666666666666666, "daily_article_count": 1, "30_day_error_count": 2, "threshold_warn": 5.7783446290460807, "30_day_warn_count": 3, "daily_sd": -0.50721318863109377, "threshold_error": 7.6841836102357881}, "dengu": {"sample_sd": 3.8564520251420498, "sample_mean": 8.1666666666666661, "daily_article_count": 4, "30_day_error_count": 0, "threshold_warn": 15.879570716950766, "30_day_warn_count": 0, "daily_sd": -1.0804404254226889, "threshold_error": 19.736022742092814}, "ebola": {"sample_sd": 484.50828338292285, "sample_mean": 990.29999999999995, "daily_article_count": 223, "30_day_error_count": 0, "threshold_warn": 1959.3165667658457, "30_day_warn_count": 0, "daily_sd": -1.5836674548525262, "threshold_error": 2443.8248501487687}, "unkno": {"sample_sd": 28.504892367607507, "sample_mean": 62.06666666666667, "daily_article_count": 58, "30_day_error_count": 1, "threshold_warn": 119.07645140188168, "30_day_warn_count": 0, "daily_sd": -0.14266556821971949, "threshold_error": 147.58134376948919}, "mumps": {"sample_sd": 0.30000000000000004, "sample_mean": 0.10000000000000001, "daily_article_count": 1, "30_day_error_count": 4, "threshold_warn": 0.70000000000000007, "30_day_warn_count": 0, "daily_sd": 2.9999999999999996, "threshold_error": 1.0000000000000002}}