{"hemmo": {"sample_sd": 0.80553639823963796, "sample_mean": 0.46666666666666667, "daily_article_count": 2, "30_day_error_count": 1, "threshold_warn": 2.0777394631459427, "30_day_warn_count": 0, "daily_sd": 1.9034935437854466, "threshold_error": 2.8832758613855809}, "mersc": {"sample_sd": 1.2036980056845192, "sample_mean": 0.8666666666666667, "daily_article_count": 10, "30_day_error_count": 8, "threshold_warn": 3.2740626780357052, "30_day_warn_count": 2, "daily_sd": 7.5877282260174441, "threshold_error": 4.4777606837202244}, "influ": {"sample_sd": 1.8571184369578828, "sample_mean": 2.8666666666666667, "daily_article_count": 10, "30_day_error_count": 15, "threshold_warn": 6.5809035405824323, "30_day_warn_count": 10, "daily_sd": 3.8410761486048983, "threshold_error": 8.4380219775403145}, "pertu": {"sample_sd": 2.1921577396609848, "sample_mean": 2.1666666666666665, "daily_article_count": 0, "30_day_error_count": 0, "threshold_warn": 6.5509821459886357, "30_day_warn_count": 0, "daily_sd": -0.98837169765061683, "threshold_error": 8.7431398856496205}, "moldf": {"sample_sd": 0.37267799624996495, "sample_mean": 0.16666666666666666, "daily_article_count": 0, "30_day_error_count": 0, "threshold_warn": 0.91202265916659653, "30_day_warn_count": 0, "daily_sd": -0.44721359549995793, "threshold_error": 1.2847006554165616}, "chole": {"sample_sd": 6.0634606913507376, "sample_mean": 7.0333333333333332, "daily_article_count": 5, "30_day_error_count": 0, "threshold_warn": 19.160254716034807, "30_day_warn_count": 0, "daily_sd": -0.33534204917561261, "threshold_error": 25.223715407385548}, "hepat": {"sample_sd": 1.2472191289246473, "sample_mean": 1.6666666666666667, "daily_article_count": 0, "30_day_error_count": 1, "threshold_warn": 4.1611049245159615, "30_day_warn_count": 0, "daily_sd": -1.3363062095621219, "threshold_error": 5.4083240534406087}, "chiku": {"sample_sd": 3.2463654891106897, "sample_mean": 3.8333333333333335, "daily_article_count": 4, "30_day_error_count": 0, "threshold_warn": 10.326064311554713, "30_day_warn_count": 2, "daily_sd": 0.051339464772441022, "threshold_error": 13.572429800665402}, "yello": {"sample_sd": 0.66332495807108005, "sample_mean": 0.40000000000000002, "daily_article_count": 0, "30_day_error_count": 0, "threshold_warn": 1.72664991614216, "30_day_warn_count": 0, "daily_sd": -0.60302268915552726, "threshold_error": 2.3899748742132401}, "menin": {"sample_sd": 1.4624940645653537, "sample_mean": 1.8333333333333333, "daily_article_count": 1, "30_day_error_count": 5, "threshold_warn": 4.7583214624640409, "30_day_warn_count": 7, "daily_sd": -0.56980288229818965, "threshold_error": 6.2208155270293943}, "plagu": {"sample_sd": 0.45338235029118146, "sample_mean": 0.16666666666666666, "daily_article_count": 0, "30_day_error_count": 0, "threshold_warn": 1.0734313672490297, "30_day_warn_count": 0, "daily_sd": -0.36760731104690386, "threshold_error": 1.5268137175402112}, "westn": {"sample_sd": 2.6602004936971699, "sample_mean": 5.2999999999999998, "daily_article_count": 2, "30_day_error_count": 0, "threshold_warn": 10.620400987394341, "30_day_warn_count": 0, "daily_sd": -1.2405080022422035, "threshold_error": 13.280601481091509}, "swine": {"sample_sd": 0.9775252199076786, "sample_mean": 0.66666666666666663, "daily_article_count": 0, "30_day_error_count": 1, "threshold_warn": 2.6217171064820239, "30_day_warn_count": 0, "daily_sd": -0.6819943394704735, "threshold_error": 3.5992423263897022}, "measl": {"sample_sd": 1.6110727964792761, "sample_mean": 1.9333333333333333, "daily_article_count": 3, "30_day_error_count": 4, "threshold_warn": 5.1554789262918854, "30_day_warn_count": 0, "daily_sd": 0.66208471088189436, "threshold_error": 6.7665517227711618}, "dengu": {"sample_sd": 3.5995370072644994, "sample_mean": 4.0999999999999996, "daily_article_count": 4, "30_day_error_count": 2, "threshold_warn": 11.299074014528998, "30_day_warn_count": 9, "daily_sd": -0.027781350712100483, "threshold_error": 14.898611021793497}, "ebola": {"sample_sd": 151.52961206752076, "sample_mean": 407.89999999999998, "daily_article_count": 729, "30_day_error_count": 1, "threshold_warn": 710.9592241350415, "30_day_warn_count": 0, "daily_sd": 2.1190577578785037, "threshold_error": 862.4888362025622}, "unkno": {"sample_sd": 69.905173866698405, "sample_mean": 60.0, "daily_article_count": 68, "30_day_error_count": 0, "threshold_warn": 199.81034773339681, "30_day_warn_count": 0, "daily_sd": 0.11444074247286951, "threshold_error": 269.7155216000952}, "mumps": {"sample_sd": 0.82999330653258208, "sample_mean": 0.33333333333333331, "daily_article_count": 0, "30_day_error_count": 0, "threshold_warn": 1.9933199463984974, "30_day_warn_count": 0, "daily_sd": -0.40160966445124946, "threshold_error": 2.8233132529310798}}