{"hemmo": {"sample_sd": 0.24944382578492943, "sample_mean": 0.066666666666766669, "daily_article_count": 0, "30_day_error_count": 2, "threshold_warn": 0.5655543182366255, "30_day_warn_count": 0, "daily_sd": -0.2672612419128253, "threshold_error": 0.81499814402155502}, "mersc": {"sample_sd": 7.0934241848818456, "sample_mean": 4.5000000000001004, "daily_article_count": 4, "30_day_error_count": 0, "threshold_warn": 18.686848369763791, "30_day_warn_count": 0, "daily_sd": -0.070487818995196433, "threshold_error": 25.780272554645634}, "influ": {"sample_sd": 3.4344658326376689, "sample_mean": 7.266666666666767, "daily_article_count": 25, "30_day_error_count": 4, "threshold_warn": 14.135598331942106, "30_day_warn_count": 0, "daily_sd": 5.1633453926994051, "threshold_error": 17.570064164579776}, "pertu": {"sample_sd": 1.5723301886761007, "sample_mean": 2.1666666666667664, "daily_article_count": 1, "30_day_error_count": 0, "threshold_warn": 5.3113270440189684, "30_day_warn_count": 0, "daily_sd": -0.74199851600451538, "threshold_error": 6.8836572326950689}, "moldf": {"sample_sd": 0.78102496759066531, "sample_mean": 0.70000000000009999, "daily_article_count": 5, "30_day_error_count": 1, "threshold_warn": 2.2620499351814307, "30_day_warn_count": 0, "daily_sd": 5.5055858371144, "threshold_error": 3.043074902772096}, "chole": {"sample_sd": 2.1343747458109497, "sample_mean": 3.3333333333334334, "daily_article_count": 11, "30_day_error_count": 2, "threshold_warn": 7.6020828249553327, "30_day_warn_count": 0, "daily_sd": 3.5919965234378926, "threshold_error": 9.7364575707662819}, "hepat": {"sample_sd": 7.6416984732162483, "sample_mean": 6.0666666666667668, "daily_article_count": 4, "30_day_error_count": 0, "threshold_warn": 21.350063613099262, "30_day_warn_count": 0, "daily_sd": -0.2704459844771846, "threshold_error": 28.991762086315511}, "chiku": {"sample_sd": 1.8015425489162211, "sample_mean": 1.4333333333334333, "daily_article_count": 0, "30_day_error_count": 0, "threshold_warn": 5.0364184311658757, "30_day_warn_count": 0, "daily_sd": -0.79561447726877366, "threshold_error": 6.8379609800820962}, "yello": {"sample_sd": 0.24944382578492943, "sample_mean": 0.066666666666766669, "daily_article_count": 0, "30_day_error_count": 4, "threshold_warn": 0.5655543182366255, "30_day_warn_count": 0, "daily_sd": -0.2672612419128253, "threshold_error": 0.81499814402155502}, "menin": {"sample_sd": 5.4017486880536092, "sample_mean": 5.766666666666767, "daily_article_count": 3, "30_day_error_count": 0, "threshold_warn": 16.570164042773985, "30_day_warn_count": 0, "daily_sd": -0.51217981924732392, "threshold_error": 21.971912730827597}, "plagu": {"sample_sd": 0.9568466729604882, "sample_mean": 0.86666666666676673, "daily_article_count": 0, "30_day_error_count": 6, "threshold_warn": 2.7803600125877432, "30_day_warn_count": 7, "daily_sd": -0.90575291857920759, "threshold_error": 3.7372066855482311}, "westn": {"sample_sd": 4.4448472039730085, "sample_mean": 7.9000000000001007, "daily_article_count": 3, "30_day_error_count": 0, "threshold_warn": 16.789694407946119, "30_day_warn_count": 0, "daily_sd": -1.1024000995175394, "threshold_error": 21.234541611919127}, "swine": {"sample_sd": 1.4220486005134363, "sample_mean": 1.6666666666667667, "daily_article_count": 5, "30_day_error_count": 3, "threshold_warn": 4.5107638676936395, "30_day_warn_count": 5, "daily_sd": 2.3440361546924064, "threshold_error": 5.9328124682070751}, "measl": {"sample_sd": 2.7746871695542343, "sample_mean": 4.0333333333334336, "daily_article_count": 2, "30_day_error_count": 2, "threshold_warn": 9.5827076724419022, "30_day_warn_count": 4, "daily_sd": -0.73281534424657235, "threshold_error": 12.357394841996136}, "dengu": {"sample_sd": 4.0553120170408041, "sample_mean": 8.5666666666667659, "daily_article_count": 35, "30_day_error_count": 11, "threshold_warn": 16.677290700748372, "30_day_warn_count": 12, "daily_sd": 6.5181996409296916, "threshold_error": 20.732602717789177}, "ebola": {"sample_sd": 20.187702527363864, "sample_mean": 33.700000000000102, "daily_article_count": 43, "30_day_error_count": 0, "threshold_warn": 74.075405054727838, "30_day_warn_count": 0, "daily_sd": 0.46067649289927909, "threshold_error": 94.263107582091692}, "unkno": {"sample_sd": 21.610414156142404, "sample_mean": 66.700000000000102, "daily_article_count": 47, "30_day_error_count": 0, "threshold_warn": 109.92082831228491, "30_day_warn_count": 0, "daily_sd": -0.91159752227148783, "threshold_error": 131.53124246842731}, "mumps": {"sample_sd": 1.8015425489162216, "sample_mean": 1.5666666666667666, "daily_article_count": 2, "30_day_error_count": 0, "threshold_warn": 5.1697517644992095, "30_day_warn_count": 0, "daily_sd": 0.24053460940676624, "threshold_error": 6.9712943134154317}}