{"hemmo": {"sample_sd": 2.3144473782453265, "sample_mean": 1.1000000000000001, "daily_article_count": 0, "30_day_error_count": 0, "threshold_warn": 5.7288947564906536, "30_day_warn_count": 0, "daily_sd": -0.47527544170563657, "threshold_error": 8.0433421347359797}, "mersc": {"sample_sd": 1.4696938456699071, "sample_mean": 1.2, "daily_article_count": 39, "30_day_error_count": 26, "threshold_warn": 4.139387691339814, "30_day_warn_count": 0, "daily_sd": 25.719642299223363, "threshold_error": 5.6090815370097218}, "influ": {"sample_sd": 2.3142073276946378, "sample_mean": 3.3333333333333335, "daily_article_count": 1, "30_day_error_count": 3, "threshold_warn": 7.9617479887226086, "30_day_warn_count": 5, "daily_sd": -1.0082646033524354, "threshold_error": 10.275955316417248}, "pertu": {"sample_sd": 0.61101009266077866, "sample_mean": 0.40000000000000002, "daily_article_count": 0, "30_day_error_count": 7, "threshold_warn": 1.6220201853215572, "30_day_warn_count": 2, "daily_sd": -0.6546536707079772, "threshold_error": 2.2330302779823361}, "moldf": {"sample_sd": 0.47609522856952341, "sample_mean": 0.20000000000000001, "daily_article_count": 1, "30_day_error_count": 6, "threshold_warn": 1.1521904571390469, "30_day_warn_count": 1, "daily_sd": 1.6803361008336115, "threshold_error": 1.6282856857085701}, "chole": {"sample_sd": 2.2903177848402518, "sample_mean": 2.5666666666666669, "daily_article_count": 0, "30_day_error_count": 0, "threshold_warn": 7.147302236347171, "30_day_warn_count": 0, "daily_sd": -1.1206596235926667, "threshold_error": 9.4376200211874224}, "hepat": {"sample_sd": 1.642829537380214, "sample_mean": 1.3666666666666667, "daily_article_count": 0, "30_day_error_count": 2, "threshold_warn": 4.6523257414270951, "30_day_warn_count": 0, "daily_sd": -0.83189803663139728, "threshold_error": 6.2951552788073091}, "chiku": {"sample_sd": 0.80622577482985502, "sample_mean": 0.5, "daily_article_count": 4, "30_day_error_count": 10, "threshold_warn": 2.1124515496597098, "30_day_warn_count": 0, "daily_sd": 4.3412157106222953, "threshold_error": 2.9186773244895652}, "yello": {"sample_sd": 0.37267799624996495, "sample_mean": 0.16666666666666666, "daily_article_count": 0, "30_day_error_count": 2, "threshold_warn": 0.91202265916659653, "30_day_warn_count": 0, "daily_sd": -0.44721359549995793, "threshold_error": 1.2847006554165616}, "menin": {"sample_sd": 4.1840968758701882, "sample_mean": 3.3999999999999999, "daily_article_count": 4, "30_day_error_count": 0, "threshold_warn": 11.768193751740377, "30_day_warn_count": 0, "daily_sd": 0.14340012141215422, "threshold_error": 15.952290627610564}, "plagu": {"sample_sd": 0.0, "sample_mean": 0.0, "daily_article_count": 0, "30_day_error_count": 3, "threshold_warn": 0.0, "30_day_warn_count": 0, "daily_sd": 0, "threshold_error": 0.0}, "westn": {"sample_sd": 0.24944382578492943, "sample_mean": 0.066666666666666666, "daily_article_count": 1, "30_day_error_count": 9, "threshold_warn": 0.56555431823652558, "30_day_warn_count": 0, "daily_sd": 3.7416573867739413, "threshold_error": 0.81499814402145498}, "swine": {"sample_sd": 0.89442719099991586, "sample_mean": 1.0, "daily_article_count": 0, "30_day_error_count": 5, "threshold_warn": 2.7888543819998315, "30_day_warn_count": 0, "daily_sd": -1.1180339887498949, "threshold_error": 3.6832815729997477}, "measl": {"sample_sd": 4.2406760467328004, "sample_mean": 7.5, "daily_article_count": 1, "30_day_error_count": 3, "threshold_warn": 15.981352093465601, "30_day_warn_count": 0, "daily_sd": -1.532774474722699, "threshold_error": 20.2220281401984}, "dengu": {"sample_sd": 3.0630413353760382, "sample_mean": 3.5333333333333332, "daily_article_count": 1, "30_day_error_count": 3, "threshold_warn": 9.6594160040854096, "30_day_warn_count": 0, "daily_sd": -0.82706469027207086, "threshold_error": 12.722457339461448}, "ebola": {"sample_sd": 29.254743205162473, "sample_mean": 25.399999999999999, "daily_article_count": 1, "30_day_error_count": 0, "threshold_warn": 83.909486410324945, "30_day_warn_count": 0, "daily_sd": -0.83405278347116796, "threshold_error": 113.16422961548741}, "unkno": {"sample_sd": 15.368654968980062, "sample_mean": 37.266666666666666, "daily_article_count": 67, "30_day_error_count": 1, "threshold_warn": 68.003976604626786, "30_day_warn_count": 1, "daily_sd": 1.934673749482098, "threshold_error": 83.372631573606853}, "mumps": {"sample_sd": 2.2133433734712038, "sample_mean": 2.0333333333333332, "daily_article_count": 0, "30_day_error_count": 1, "threshold_warn": 6.4600200802757408, "30_day_warn_count": 0, "daily_sd": -0.91867053151560507, "threshold_error": 8.6733634537469442}}