{"hemmo": {"sample_sd": 0.47609522856952335, "sample_mean": 0.20000000000000001, "daily_article_count": 0, "30_day_error_count": 1, "threshold_warn": 1.1521904571390467, "30_day_warn_count": 0, "daily_sd": -0.42008402520840293, "threshold_error": 1.6282856857085701}, "mersc": {"sample_sd": 1.4302291968616625, "sample_mean": 1.2333333333333334, "daily_article_count": 1, "30_day_error_count": 1, "threshold_warn": 4.0937917270566579, "30_day_warn_count": 0, "daily_sd": -0.16314401485114019, "threshold_error": 5.5240209239183207}, "influ": {"sample_sd": 13.590029024578605, "sample_mean": 19.333333333333332, "daily_article_count": 22, "30_day_error_count": 1, "threshold_warn": 46.513391382490539, "30_day_warn_count": 0, "daily_sd": 0.19622229370105079, "threshold_error": 60.103420407069152}, "pertu": {"sample_sd": 2.1715329966536441, "sample_mean": 1.8666666666666667, "daily_article_count": 0, "30_day_error_count": 0, "threshold_warn": 6.2097326599739553, "30_day_warn_count": 0, "daily_sd": -0.85960778378372338, "threshold_error": 8.3812656566275994}, "moldf": {"sample_sd": 0.82259751195020436, "sample_mean": 0.69999999999999996, "daily_article_count": 0, "30_day_error_count": 0, "threshold_warn": 2.3451950239004087, "30_day_warn_count": 0, "daily_sd": -0.85096294339676315, "threshold_error": 3.1677925358506132}, "chole": {"sample_sd": 2.287405128573035, "sample_mean": 2.6333333333333333, "daily_article_count": 21, "30_day_error_count": 2, "threshold_warn": 7.2081435904794038, "30_day_warn_count": 0, "daily_sd": 8.0294769113001205, "threshold_error": 9.4955487190524384}, "hepat": {"sample_sd": 1.2092238098144705, "sample_mean": 1.0666666666666667, "daily_article_count": 2, "30_day_error_count": 1, "threshold_warn": 3.4851142862956079, "30_day_warn_count": 0, "daily_sd": 0.77184498498795961, "threshold_error": 4.6943380961100782}, "chiku": {"sample_sd": 0.98657657246324948, "sample_mean": 1.3999999999999999, "daily_article_count": 1, "30_day_error_count": 2, "threshold_warn": 3.3731531449264986, "30_day_warn_count": 0, "daily_sd": -0.40544242703969147, "threshold_error": 4.3597297173897482}, "yello": {"sample_sd": 0.58214163988576628, "sample_mean": 0.16666666666666666, "daily_article_count": 0, "30_day_error_count": 0, "threshold_warn": 1.3309499464381993, "30_day_warn_count": 0, "daily_sd": -0.28629916715693399, "threshold_error": 1.9130915863239657}, "menin": {"sample_sd": 0.88254681965824844, "sample_mean": 0.76666666666666672, "daily_article_count": 3, "30_day_error_count": 6, "threshold_warn": 2.5317603059831635, "30_day_warn_count": 4, "daily_sd": 2.5305550749116681, "threshold_error": 3.4143071256414119}, "plagu": {"sample_sd": 3.4974593953643298, "sample_mean": 1.6333333333333333, "daily_article_count": 0, "30_day_error_count": 0, "threshold_warn": 8.6282521240619925, "30_day_warn_count": 0, "daily_sd": -0.46700566002230576, "threshold_error": 12.125711519426321}, "westn": {"sample_sd": 0.24944382578492943, "sample_mean": 0.066666666666666666, "daily_article_count": 0, "30_day_error_count": 6, "threshold_warn": 0.56555431823652558, "30_day_warn_count": 0, "daily_sd": -0.2672612419124244, "threshold_error": 0.81499814402145498}, "swine": {"sample_sd": 2.9181424837652385, "sample_mean": 1.5333333333333334, "daily_article_count": 6, "30_day_error_count": 4, "threshold_warn": 7.3696183008638103, "30_day_warn_count": 6, "daily_sd": 1.5306540689895953, "threshold_error": 10.287760784629048}, "measl": {"sample_sd": 2.4451766580124406, "sample_mean": 2.7666666666666666, "daily_article_count": 12, "30_day_error_count": 4, "threshold_warn": 7.6570199826915477, "30_day_warn_count": 3, "daily_sd": 3.7761416145852791, "threshold_error": 10.102196640703987}, "dengu": {"sample_sd": 2.0765890836230025, "sample_mean": 3.5666666666666669, "daily_article_count": 5, "30_day_error_count": 0, "threshold_warn": 7.7198448339126724, "30_day_warn_count": 0, "daily_sd": 0.6902344544894804, "threshold_error": 9.7964339175356745}, "ebola": {"sample_sd": 98.467230871775584, "sample_mean": 206.06666666666666, "daily_article_count": 110, "30_day_error_count": 0, "threshold_warn": 403.0011284102178, "30_day_warn_count": 0, "daily_sd": -0.9756206792467339, "threshold_error": 501.4683592819934}, "unkno": {"sample_sd": 22.709983120498645, "sample_mean": 58.299999999999997, "daily_article_count": 81, "30_day_error_count": 0, "threshold_warn": 103.71996624099728, "30_day_warn_count": 0, "daily_sd": 0.99956040828187009, "threshold_error": 126.42994936149593}, "mumps": {"sample_sd": 0.66332495807108005, "sample_mean": 0.40000000000000002, "daily_article_count": 0, "30_day_error_count": 1, "threshold_warn": 1.72664991614216, "30_day_warn_count": 0, "daily_sd": -0.60302268915552726, "threshold_error": 2.3899748742132401}}