{"hemmo": {"sample_sd": 0.29999999999999999, "sample_mean": 0.10000000000000001, "daily_article_count": 0, "30_day_error_count": 7, "threshold_warn": 0.69999999999999996, "30_day_warn_count": 0, "daily_sd": -0.33333333333333337, "threshold_error": 0.99999999999999989}, "mersc": {"sample_sd": 0.71569701845279621, "sample_mean": 0.76666666666666672, "daily_article_count": 55, "30_day_error_count": 28, "threshold_warn": 2.198060703572259, "30_day_warn_count": 0, "daily_sd": 75.776944621867656, "threshold_error": 2.9137577220250552}, "influ": {"sample_sd": 8.6471575291151801, "sample_mean": 17.600000000000001, "daily_article_count": 9, "30_day_error_count": 0, "threshold_warn": 34.894315058230362, "30_day_warn_count": 0, "daily_sd": -0.99454647044923161, "threshold_error": 43.541472587345538}, "pertu": {"sample_sd": 1.8208667044996887, "sample_mean": 1.8666666666666667, "daily_article_count": 2, "30_day_error_count": 0, "threshold_warn": 5.5084000756660441, "30_day_warn_count": 0, "daily_sd": 0.073225202593821218, "threshold_error": 7.3292667801657334}, "moldf": {"sample_sd": 0.8692269873603532, "sample_mean": 0.66666666666666663, "daily_article_count": 1, "30_day_error_count": 0, "threshold_warn": 2.4051206413873731, "30_day_warn_count": 0, "daily_sd": 0.38348249442368526, "threshold_error": 3.274347628747726}, "chole": {"sample_sd": 4.7721413781795414, "sample_mean": 5.5999999999999996, "daily_article_count": 5, "30_day_error_count": 2, "threshold_warn": 15.144282756359082, "30_day_warn_count": 0, "daily_sd": -0.12572972015110026, "threshold_error": 19.916424134538623}, "hepat": {"sample_sd": 2.7626476833324625, "sample_mean": 3.3666666666666667, "daily_article_count": 2, "30_day_error_count": 0, "threshold_warn": 8.8919620333315912, "30_day_warn_count": 0, "daily_sd": -0.49469451892545191, "threshold_error": 11.654609716664055}, "chiku": {"sample_sd": 0.99777530313971774, "sample_mean": 0.93333333333333335, "daily_article_count": 2, "30_day_error_count": 3, "threshold_warn": 2.9288839396127688, "30_day_warn_count": 0, "daily_sd": 1.0690449676496976, "threshold_error": 3.9266592427524865}, "yello": {"sample_sd": 0.55876848714134031, "sample_mean": 0.23333333333333334, "daily_article_count": 1, "30_day_error_count": 1, "threshold_warn": 1.350870307616014, "30_day_warn_count": 0, "daily_sd": 1.3720649684253552, "threshold_error": 1.9096387947573543}, "menin": {"sample_sd": 4.4998765415163211, "sample_mean": 4.4666666666666668, "daily_article_count": 2, "30_day_error_count": 0, "threshold_warn": 13.466419749699309, "30_day_warn_count": 0, "daily_sd": -0.54816318712501289, "threshold_error": 17.966296291215627}, "plagu": {"sample_sd": 1.3844373104863459, "sample_mean": 0.5, "daily_article_count": 0, "30_day_error_count": 0, "threshold_warn": 3.2688746209726918, "30_day_warn_count": 0, "daily_sd": -0.36115755925730758, "threshold_error": 4.6533119314590374}, "westn": {"sample_sd": 1.2133516482134199, "sample_mean": 1.1666666666666667, "daily_article_count": 5, "30_day_error_count": 8, "threshold_warn": 3.5933699630935063, "30_day_warn_count": 3, "daily_sd": 3.1592929708198469, "threshold_error": 4.8067216113069264}, "swine": {"sample_sd": 2.2223611067711051, "sample_mean": 2.1666666666666665, "daily_article_count": 5, "30_day_error_count": 0, "threshold_warn": 6.6113888802088763, "30_day_warn_count": 0, "daily_sd": 1.2749203199699248, "threshold_error": 8.8337499869799814}, "measl": {"sample_sd": 6.8961341827625908, "sample_mean": 9.0999999999999996, "daily_article_count": 0, "30_day_error_count": 0, "threshold_warn": 22.892268365525183, "30_day_warn_count": 0, "daily_sd": -1.3195798919844306, "threshold_error": 29.78840254828777}, "dengu": {"sample_sd": 2.1398338460938708, "sample_mean": 3.2333333333333334, "daily_article_count": 7, "30_day_error_count": 3, "threshold_warn": 7.5130010255210751, "30_day_warn_count": 4, "daily_sd": 1.7602612808197582, "threshold_error": 9.6528348716149459}, "ebola": {"sample_sd": 23.008911317139717, "sample_mean": 47.700000000000003, "daily_article_count": 43, "30_day_error_count": 0, "threshold_warn": 93.717822634279429, "30_day_warn_count": 0, "daily_sd": -0.20426868247777094, "threshold_error": 116.72673395141915}, "unkno": {"sample_sd": 21.955611785802937, "sample_mean": 65.533333333333331, "daily_article_count": 154, "30_day_error_count": 12, "threshold_warn": 109.4445569049392, "30_day_warn_count": 3, "daily_sd": 4.029341907196204, "threshold_error": 131.40016869074213}, "mumps": {"sample_sd": 0.73711147958319934, "sample_mean": 0.29999999999999999, "daily_article_count": 0, "30_day_error_count": 0, "threshold_warn": 1.7742229591663987, "30_day_warn_count": 0, "daily_sd": -0.40699406848152114, "threshold_error": 2.5113344387495977}}