{"hemmo": {"sample_sd": 0.17950549357115012, "sample_mean": 0.033333333333433336, "daily_article_count": 0, "30_day_error_count": 3, "threshold_warn": 0.39234432047573359, "30_day_warn_count": 0, "daily_sd": -0.185695338177609, "threshold_error": 0.57184981404688373}, "mersc": {"sample_sd": 2.7920522121829232, "sample_mean": 1.9333333333334333, "daily_article_count": 2, "30_day_error_count": 0, "threshold_warn": 7.5174377576992795, "30_day_warn_count": 0, "daily_sd": 0.023877299420000608, "threshold_error": 10.309489969882202}, "influ": {"sample_sd": 6.8056349201721558, "sample_mean": 11.500000000000099, "daily_article_count": 17, "30_day_error_count": 5, "threshold_warn": 25.111269840344413, "30_day_warn_count": 0, "daily_sd": 0.8081538408264739, "threshold_error": 31.916904760516566}, "pertu": {"sample_sd": 1.1000000000000001, "sample_mean": 1.3000000000001, "daily_article_count": 5, "30_day_error_count": 4, "threshold_warn": 3.5000000000001004, "30_day_warn_count": 0, "daily_sd": 3.3636363636362723, "threshold_error": 4.6000000000001}, "moldf": {"sample_sd": 0.58594652770823141, "sample_mean": 0.30000000000009996, "daily_article_count": 0, "30_day_error_count": 1, "threshold_warn": 1.4718930554165628, "30_day_warn_count": 0, "daily_sd": -0.51199211158988756, "threshold_error": 2.0578395831247942}, "chole": {"sample_sd": 3.4215006454283579, "sample_mean": 4.4000000000001007, "daily_article_count": 12, "30_day_error_count": 0, "threshold_warn": 11.243001290856817, "30_day_warn_count": 0, "daily_sd": 2.2212475716334144, "threshold_error": 14.664501936285173}, "hepat": {"sample_sd": 1.9058389811897074, "sample_mean": 2.0333333333334331, "daily_article_count": 0, "30_day_error_count": 2, "threshold_warn": 5.8450112957128475, "30_day_warn_count": 0, "daily_sd": -1.066896707120629, "threshold_error": 7.7508502769025558}, "chiku": {"sample_sd": 1.5434449203720302, "sample_mean": 1.4666666666667665, "daily_article_count": 1, "30_day_error_count": 0, "threshold_warn": 4.5535565074108266, "30_day_warn_count": 0, "daily_sd": -0.30235394895354067, "threshold_error": 6.0970014277828568}, "yello": {"sample_sd": 0.47609522856952335, "sample_mean": 0.20000000000010001, "daily_article_count": 0, "30_day_error_count": 1, "threshold_warn": 1.1521904571391468, "30_day_warn_count": 0, "daily_sd": -0.42008402520861299, "threshold_error": 1.6282856857086703}, "menin": {"sample_sd": 2.4946609656090213, "sample_mean": 2.9000000000000998, "daily_article_count": 3, "30_day_error_count": 2, "threshold_warn": 7.8893219312181424, "30_day_warn_count": 0, "daily_sd": 0.040085607374502362, "threshold_error": 10.383982896827163}, "plagu": {"sample_sd": 0.0, "sample_mean": 1e-13, "daily_article_count": 0, "30_day_error_count": 9, "threshold_warn": 1e-13, "30_day_warn_count": 0, "daily_sd": -Infinity, "threshold_error": 1e-13}, "westn": {"sample_sd": 0.80346471954626342, "sample_mean": 0.56666666666676668, "daily_article_count": 2, "30_day_error_count": 4, "threshold_warn": 2.1735961057592936, "30_day_warn_count": 5, "daily_sd": 1.7839405993366733, "threshold_error": 2.977060825305557}, "swine": {"sample_sd": 15.675210436297888, "sample_mean": 16.766666666666765, "daily_article_count": 0, "30_day_error_count": 0, "threshold_warn": 48.117087539262542, "30_day_warn_count": 0, "daily_sd": -1.0696294467499763, "threshold_error": 63.79229797556043}, "measl": {"sample_sd": 8.378278794332136, "sample_mean": 11.933333333333433, "daily_article_count": 8, "30_day_error_count": 0, "threshold_warn": 28.689890921997705, "30_day_warn_count": 0, "daily_sd": -0.46946794561125293, "threshold_error": 37.068169716329841}, "dengu": {"sample_sd": 3.2154142639617822, "sample_mean": 4.1666666666667673, "daily_article_count": 2, "30_day_error_count": 0, "threshold_warn": 10.597495194590332, "30_day_warn_count": 0, "daily_sd": -0.67383748680556321, "threshold_error": 13.812909458552113}, "ebola": {"sample_sd": 34.337475478290798, "sample_mean": 65.733333333333434, "daily_article_count": 44, "30_day_error_count": 0, "threshold_warn": 134.40828428991503, "30_day_warn_count": 0, "daily_sd": -0.63293334849482197, "threshold_error": 168.74575976820583}, "unkno": {"sample_sd": 26.156813431473054, "sample_mean": 48.566666666666769, "daily_article_count": 71, "30_day_error_count": 0, "threshold_warn": 100.88029352961289, "30_day_warn_count": 0, "daily_sd": 0.85764779383793111, "threshold_error": 127.03710696108593}, "mumps": {"sample_sd": 0.29999999999999999, "sample_mean": 0.10000000000010001, "daily_article_count": 0, "30_day_error_count": 0, "threshold_warn": 0.70000000000009999, "30_day_warn_count": 0, "daily_sd": -0.33333333333366671, "threshold_error": 1.0000000000000999}}