{"hemmo": {"sample_sd": 0.9285592184789413, "sample_mean": 0.26666666666666666, "daily_article_count": 2, "30_day_error_count": 0, "threshold_warn": 2.1237851036245492, "30_day_warn_count": 0, "daily_sd": 1.8666912124061192, "threshold_error": 3.0523443221034903}, "mersc": {"sample_sd": 5.0842895275544651, "sample_mean": 4.5, "daily_article_count": 1, "30_day_error_count": 0, "threshold_warn": 14.66857905510893, "30_day_warn_count": 0, "daily_sd": -0.68839510044257735, "threshold_error": 19.752868582663396}, "influ": {"sample_sd": 7.5215246681330052, "sample_mean": 5.5999999999999996, "daily_article_count": 1, "30_day_error_count": 0, "threshold_warn": 20.64304933626601, "30_day_warn_count": 0, "daily_sd": -0.61157813115858761, "threshold_error": 28.164574004399014}, "pertu": {"sample_sd": 1.5595583420386112, "sample_mean": 1.6333333333333333, "daily_article_count": 1, "30_day_error_count": 1, "threshold_warn": 4.7524500174105562, "30_day_warn_count": 0, "daily_sd": -0.40609787800914049, "threshold_error": 6.3120083594491661}, "moldf": {"sample_sd": 0.5587684871413402, "sample_mean": 0.23333333333333334, "daily_article_count": 0, "30_day_error_count": 1, "threshold_warn": 1.3508703076160138, "30_day_warn_count": 0, "daily_sd": -0.41758499039032565, "threshold_error": 1.9096387947573539}, "chole": {"sample_sd": 4.9541228621556552, "sample_mean": 4.7000000000000002, "daily_article_count": 4, "30_day_error_count": 1, "threshold_warn": 14.60824572431131, "30_day_warn_count": 3, "daily_sd": -0.14129645539218899, "threshold_error": 19.562368586466967}, "hepat": {"sample_sd": 2.7098585448936876, "sample_mean": 2.7000000000000002, "daily_article_count": 2, "30_day_error_count": 2, "threshold_warn": 8.1197170897873754, "30_day_warn_count": 0, "daily_sd": -0.25831606646739652, "threshold_error": 10.829575634681063}, "chiku": {"sample_sd": 9.3083594449051841, "sample_mean": 10.233333333333333, "daily_article_count": 1, "30_day_error_count": 0, "threshold_warn": 28.850052223143699, "30_day_warn_count": 0, "daily_sd": -0.99193992109824292, "threshold_error": 38.158411668048885}, "yello": {"sample_sd": 0.24944382578492943, "sample_mean": 0.066666666666666666, "daily_article_count": 0, "30_day_error_count": 8, "threshold_warn": 0.56555431823652558, "30_day_warn_count": 0, "daily_sd": -0.2672612419124244, "threshold_error": 0.81499814402145498}, "menin": {"sample_sd": 1.5638272140986536, "sample_mean": 1.2333333333333334, "daily_article_count": 3, "30_day_error_count": 0, "threshold_warn": 4.3609877615306409, "30_day_warn_count": 0, "daily_sd": 1.1297070742466417, "threshold_error": 5.9248149756292943}, "plagu": {"sample_sd": 5.642005159712479, "sample_mean": 2.0333333333333332, "daily_article_count": 0, "30_day_error_count": 0, "threshold_warn": 13.317343652758291, "30_day_warn_count": 0, "daily_sd": -0.36039196629110376, "threshold_error": 18.959348812470772}, "westn": {"sample_sd": 2.3019315560826055, "sample_mean": 3.9666666666666668, "daily_article_count": 1, "30_day_error_count": 0, "threshold_warn": 8.5705297788318777, "30_day_warn_count": 0, "daily_sd": -1.2887727520948964, "threshold_error": 10.872461334914483}, "swine": {"sample_sd": 1.9482185594936607, "sample_mean": 1.7333333333333334, "daily_article_count": 0, "30_day_error_count": 0, "threshold_warn": 5.6297704523206544, "30_day_warn_count": 0, "daily_sd": -0.88970168407790151, "threshold_error": 7.5779890118143154}, "measl": {"sample_sd": 5.807657779939249, "sample_mean": 6.0666666666666664, "daily_article_count": 1, "30_day_error_count": 0, "threshold_warn": 17.681982226545166, "30_day_warn_count": 0, "daily_sd": -0.87241136765459792, "threshold_error": 23.489640006484414}, "dengu": {"sample_sd": 4.2038342286800781, "sample_mean": 6.833333333333333, "daily_article_count": 0, "30_day_error_count": 0, "threshold_warn": 15.241001790693488, "30_day_warn_count": 0, "daily_sd": -1.625500189021218, "threshold_error": 19.444836019373568}, "ebola": {"sample_sd": 20.300082101640214, "sample_mean": 38.200000000000003, "daily_article_count": 264, "30_day_error_count": 29, "threshold_warn": 78.800164203280431, "30_day_warn_count": 0, "daily_sd": 11.123107722887275, "threshold_error": 99.100246304920645}, "unkno": {"sample_sd": 74.390112843635947, "sample_mean": 88.666666666666671, "daily_article_count": 53, "30_day_error_count": 1, "threshold_warn": 237.44689235393855, "30_day_warn_count": 0, "daily_sd": -0.47945439660289402, "threshold_error": 311.83700519757451}, "mumps": {"sample_sd": 0.0, "sample_mean": 0.0, "daily_article_count": 0, "30_day_error_count": 30, "threshold_warn": 0.0, "30_day_warn_count": 0, "daily_sd": 0, "threshold_error": 0.0}}