{"hemmo": {"sample_sd": 0.29999999999999999, "sample_mean": 0.10000000000010001, "daily_article_count": 1, "30_day_error_count": 5, "threshold_warn": 0.70000000000009999, "30_day_warn_count": 0, "daily_sd": 2.9999999999996669, "threshold_error": 1.0000000000000999}, "mersc": {"sample_sd": 0.80346471954626331, "sample_mean": 0.76666666666676675, "daily_article_count": 69, "30_day_error_count": 15, "threshold_warn": 2.3735961057592934, "30_day_warn_count": 14, "daily_sd": 84.923869926567917, "threshold_error": 3.1770608253055563}, "influ": {"sample_sd": 8.3822563920594924, "sample_mean": 20.733333333333434, "daily_article_count": 15, "30_day_error_count": 0, "threshold_warn": 37.497846117452418, "30_day_warn_count": 0, "daily_sd": -0.6839844864164043, "threshold_error": 45.880102509511914}, "pertu": {"sample_sd": 1.8208667044996882, "sample_mean": 2.5333333333334331, "daily_article_count": 1, "30_day_error_count": 0, "threshold_warn": 6.1750667423328096, "30_day_warn_count": 0, "daily_sd": -0.84208982982899927, "threshold_error": 7.9959334468324972}, "moldf": {"sample_sd": 1.0624918300339483, "sample_mean": 0.73333333333343331, "daily_article_count": 0, "30_day_error_count": 0, "threshold_warn": 2.8583169934013299, "30_day_warn_count": 0, "daily_sd": -0.69020138565206868, "threshold_error": 3.9208088234352783}, "chole": {"sample_sd": 3.8182311204128134, "sample_mean": 4.766666666666767, "daily_article_count": 6, "30_day_error_count": 5, "threshold_warn": 12.403128907492395, "30_day_warn_count": 0, "daily_sd": 0.32301170213077346, "threshold_error": 16.221360027905206}, "hepat": {"sample_sd": 2.6280537792569367, "sample_mean": 3.6000000000001, "daily_article_count": 4, "30_day_error_count": 0, "threshold_warn": 8.8561075585139726, "30_day_warn_count": 0, "daily_sd": 0.15220388682951425, "threshold_error": 11.48416133777091}, "chiku": {"sample_sd": 0.75718777944003646, "sample_mean": 0.60000000000010001, "daily_article_count": 4, "30_day_error_count": 7, "threshold_warn": 2.1143755588801731, "30_day_warn_count": 0, "daily_sd": 4.4902996222605491, "threshold_error": 2.8715633383202093}, "yello": {"sample_sd": 0.47609522856952335, "sample_mean": 0.20000000000010001, "daily_article_count": 0, "30_day_error_count": 2, "threshold_warn": 1.1521904571391468, "30_day_warn_count": 0, "daily_sd": -0.42008402520861299, "threshold_error": 1.6282856857086703}, "menin": {"sample_sd": 4.4492196569236224, "sample_mean": 4.266666666666767, "daily_article_count": 2, "30_day_error_count": 0, "threshold_warn": 13.165105980514012, "30_day_warn_count": 0, "daily_sd": -0.50945263247219308, "threshold_error": 17.614325637437634}, "plagu": {"sample_sd": 1.382831234179436, "sample_mean": 0.56666666666676668, "daily_article_count": 1, "30_day_error_count": 0, "threshold_warn": 3.3323291350256388, "30_day_warn_count": 0, "daily_sd": 0.31336675266115954, "threshold_error": 4.7151603692050745}, "westn": {"sample_sd": 1.2806248474865698, "sample_mean": 1.4000000000000998, "daily_article_count": 2, "30_day_error_count": 2, "threshold_warn": 3.9612496949732394, "30_day_warn_count": 3, "daily_sd": 0.46852128566574019, "threshold_error": 5.2418745424598097}, "swine": {"sample_sd": 2.7317068331397167, "sample_mean": 2.7333333333334333, "daily_article_count": 3, "30_day_error_count": 0, "threshold_warn": 8.1967469996128663, "30_day_warn_count": 0, "daily_sd": 0.097619064912639428, "threshold_error": 10.928453832752584}, "measl": {"sample_sd": 7.1109461786428643, "sample_mean": 11.033333333333433, "daily_article_count": 6, "30_day_error_count": 0, "threshold_warn": 25.255225690619163, "30_day_warn_count": 0, "daily_sd": -0.70782891712085105, "threshold_error": 32.366171869262025}, "dengu": {"sample_sd": 2.165640782770772, "sample_mean": 3.1000000000001, "daily_article_count": 8, "30_day_error_count": 1, "threshold_warn": 7.431281565541644, "30_day_warn_count": 1, "daily_sd": 2.2626097730440429, "threshold_error": 9.5969223483124146}, "ebola": {"sample_sd": 20.62633160684555, "sample_mean": 47.233333333333434, "daily_article_count": 28, "30_day_error_count": 0, "threshold_warn": 88.485996547024541, "30_day_warn_count": 1, "daily_sd": -0.93246505001161706, "threshold_error": 109.11232815387008}, "unkno": {"sample_sd": 24.060664071374994, "sample_mean": 66.466666666666768, "daily_article_count": 185, "30_day_error_count": 3, "threshold_warn": 114.58799480941676, "30_day_warn_count": 0, "daily_sd": 4.926436484949412, "threshold_error": 138.64865888079174}, "mumps": {"sample_sd": 0.24944382578492943, "sample_mean": 0.066666666666766669, "daily_article_count": 0, "30_day_error_count": 10, "threshold_warn": 0.5655543182366255, "30_day_warn_count": 0, "daily_sd": -0.2672612419128253, "threshold_error": 0.81499814402155502}}