{"hemmo": {"sample_sd": 1.7065234314893603, "sample_mean": 0.76666666666676675, "daily_article_count": 0, "30_day_error_count": 1, "threshold_warn": 4.179713529645487, "30_day_warn_count": 0, "daily_sd": -0.44925645468440012, "threshold_error": 5.8862369611348475}, "mersc": {"sample_sd": 2.4675674031095665, "sample_mean": 2.3333333333334334, "daily_article_count": 3, "30_day_error_count": 0, "threshold_warn": 7.2684681395525663, "30_day_warn_count": 0, "daily_sd": 0.27017161347910901, "threshold_error": 9.7360355426621332}, "influ": {"sample_sd": 4.9943301185777997, "sample_mean": 9.7000000000000988, "daily_article_count": 4, "30_day_error_count": 0, "threshold_warn": 19.688660237155698, "30_day_warn_count": 0, "daily_sd": -1.1412942005570204, "threshold_error": 24.682990355733498}, "pertu": {"sample_sd": 1.2133516482134197, "sample_mean": 1.1666666666667667, "daily_article_count": 1, "30_day_error_count": 0, "threshold_warn": 3.5933699630936058, "30_day_warn_count": 0, "daily_sd": -0.13736056394877144, "threshold_error": 4.8067216113070259}, "moldf": {"sample_sd": 0.30000000000000004, "sample_mean": 0.10000000000010001, "daily_article_count": 0, "30_day_error_count": 2, "threshold_warn": 0.7000000000001001, "30_day_warn_count": 0, "daily_sd": -0.33333333333366666, "threshold_error": 1.0000000000001001}, "chole": {"sample_sd": 2.4287628309262494, "sample_mean": 3.9666666666667667, "daily_article_count": 4, "30_day_error_count": 3, "threshold_warn": 8.8241923285192652, "30_day_warn_count": 0, "daily_sd": 0.013724408537873198, "threshold_error": 11.252955159445515}, "hepat": {"sample_sd": 1.662995957768856, "sample_mean": 1.6333333333334332, "daily_article_count": 1, "30_day_error_count": 0, "threshold_warn": 4.9593252488711457, "30_day_warn_count": 0, "daily_sd": -0.38083876895476004, "threshold_error": 6.6223212066400015}, "chiku": {"sample_sd": 2.6518337470931734, "sample_mean": 4.6333333333334341, "daily_article_count": 2, "30_day_error_count": 0, "threshold_warn": 9.9370008275197819, "30_day_warn_count": 0, "daily_sd": -0.99302353936025645, "threshold_error": 12.588834574612955}, "yello": {"sample_sd": 0.0, "sample_mean": 1e-13, "daily_article_count": 0, "30_day_error_count": 8, "threshold_warn": 1e-13, "30_day_warn_count": 0, "daily_sd": -Infinity, "threshold_error": 1e-13}, "menin": {"sample_sd": 3.0324174441451093, "sample_mean": 3.7333333333334333, "daily_article_count": 3, "30_day_error_count": 2, "threshold_warn": 9.7981682216236514, "30_day_warn_count": 4, "daily_sd": -0.24183126064959456, "threshold_error": 12.830585665768762}, "plagu": {"sample_sd": 0.17950549357115012, "sample_mean": 0.033333333333433336, "daily_article_count": 0, "30_day_error_count": 4, "threshold_warn": 0.39234432047573359, "30_day_warn_count": 0, "daily_sd": -0.185695338177609, "threshold_error": 0.57184981404688373}, "westn": {"sample_sd": 2.2617593938249834, "sample_mean": 3.1333333333334332, "daily_article_count": 0, "30_day_error_count": 0, "threshold_warn": 7.6568521209834, "30_day_warn_count": 0, "daily_sd": -1.3853521916999687, "threshold_error": 9.9186115148083829}, "swine": {"sample_sd": 1.015983376941878, "sample_mean": 1.0333333333334334, "daily_article_count": 0, "30_day_error_count": 1, "threshold_warn": 3.0653000872171896, "30_day_warn_count": 0, "daily_sd": -1.0170770081335179, "threshold_error": 4.0812834641590676}, "measl": {"sample_sd": 2.7610384519838425, "sample_mean": 3.1000000000001, "daily_article_count": 2, "30_day_error_count": 0, "threshold_warn": 8.622076903967784, "30_day_warn_count": 0, "daily_sd": -0.39840082604055571, "threshold_error": 11.383115355951627}, "dengu": {"sample_sd": 3.4879156462786707, "sample_mean": 8.3666666666667666, "daily_article_count": 10, "30_day_error_count": 1, "threshold_warn": 15.342497959224108, "30_day_warn_count": 0, "daily_sd": 0.46828349621237841, "threshold_error": 18.830413605502777}, "ebola": {"sample_sd": 210.92157837030857, "sample_mean": 367.43333333333345, "daily_article_count": 344, "30_day_error_count": 16, "threshold_warn": 789.27649007395053, "30_day_warn_count": 21, "daily_sd": -0.11109974386874853, "threshold_error": 1000.1980684442592}, "unkno": {"sample_sd": 50.092536592013602, "sample_mean": 92.066666666666762, "daily_article_count": 53, "30_day_error_count": 0, "threshold_warn": 192.25173985069398, "30_day_warn_count": 0, "daily_sd": -0.7798899661410893, "threshold_error": 242.34427644270755}, "mumps": {"sample_sd": 0.24944382578492943, "sample_mean": 0.066666666666766669, "daily_article_count": 0, "30_day_error_count": 4, "threshold_warn": 0.5655543182366255, "30_day_warn_count": 0, "daily_sd": -0.2672612419128253, "threshold_error": 0.81499814402155502}}