{"hemmo": {"sample_sd": 0.33993463423951903, "sample_mean": 0.13333333333343333, "daily_article_count": 0, "30_day_error_count": 0, "threshold_warn": 0.81320260181247139, "30_day_warn_count": 0, "daily_sd": -0.39223227027666219, "threshold_error": 1.1531372360519905}, "mersc": {"sample_sd": 21.772051401331531, "sample_mean": 50.333333333333435, "daily_article_count": 13, "30_day_error_count": 0, "threshold_warn": 93.877436135996504, "30_day_warn_count": 0, "daily_sd": -1.714736597170178, "threshold_error": 115.64948753732801}, "influ": {"sample_sd": 3.4292856398964489, "sample_mean": 4.2000000000001005, "daily_article_count": 3, "30_day_error_count": 0, "threshold_warn": 11.058571279792998, "30_day_warn_count": 0, "daily_sd": -0.34992710611191197, "threshold_error": 14.487856919689447}, "pertu": {"sample_sd": 1.9913702708325127, "sample_mean": 1.9666666666667665, "daily_article_count": 12, "30_day_error_count": 3, "threshold_warn": 5.9494072083317917, "30_day_warn_count": 0, "daily_sd": 5.0384067093352236, "threshold_error": 7.9407774791643044}, "moldf": {"sample_sd": 0.7156970184527961, "sample_mean": 0.43333333333343332, "daily_article_count": 0, "30_day_error_count": 1, "threshold_warn": 1.8647273702390255, "30_day_warn_count": 0, "daily_sd": -0.60547036268254883, "threshold_error": 2.5804243886918217}, "chole": {"sample_sd": 2.3685438564654024, "sample_mean": 2.3000000000000997, "daily_article_count": 5, "30_day_error_count": 4, "threshold_warn": 7.0370877129309051, "30_day_warn_count": 7, "daily_sd": 1.1399408934859803, "threshold_error": 9.4056315693963075}, "hepat": {"sample_sd": 3.0506829836393465, "sample_mean": 2.4000000000000998, "daily_article_count": 1, "30_day_error_count": 1, "threshold_warn": 8.5013659672787938, "30_day_warn_count": 0, "daily_sd": -0.45891362934406055, "threshold_error": 11.55204895091814}, "chiku": {"sample_sd": 2.1147629234082532, "sample_mean": 2.1666666666667664, "daily_article_count": 11, "30_day_error_count": 12, "threshold_warn": 6.3961925134832729, "30_day_warn_count": 7, "daily_sd": 4.1769851530671858, "threshold_error": 8.5109554368915248}, "yello": {"sample_sd": 0.69920589878010098, "sample_mean": 0.33333333333343329, "daily_article_count": 4, "30_day_error_count": 1, "threshold_warn": 1.7317451308936351, "30_day_warn_count": 0, "daily_sd": 5.2440442408506147, "threshold_error": 2.4309510296737362}, "menin": {"sample_sd": 1.7, "sample_mean": 1.9000000000000998, "daily_article_count": 6, "30_day_error_count": 0, "threshold_warn": 5.3000000000001002, "30_day_warn_count": 0, "daily_sd": 2.4117647058822942, "threshold_error": 7.0000000000000995}, "plagu": {"sample_sd": 0.0, "sample_mean": 1e-13, "daily_article_count": 0, "30_day_error_count": 0, "threshold_warn": 1e-13, "30_day_warn_count": 0, "daily_sd": -Infinity, "threshold_error": 1e-13}, "westn": {"sample_sd": 0.71802197428460057, "sample_mean": 0.53333333333343336, "daily_article_count": 4, "30_day_error_count": 11, "threshold_warn": 1.9693772819026345, "30_day_warn_count": 9, "daily_sd": 4.8280787926032085, "threshold_error": 2.6873992561872351}, "swine": {"sample_sd": 2.6948510575210314, "sample_mean": 1.9333333333334333, "daily_article_count": 1, "30_day_error_count": 0, "threshold_warn": 7.3230354483754958, "30_day_warn_count": 0, "daily_sd": -0.34633948719674251, "threshold_error": 10.017886505896527}, "measl": {"sample_sd": 10.441849559451729, "sample_mean": 11.033333333333433, "daily_article_count": 12, "30_day_error_count": 1, "threshold_warn": 31.917032452236889, "30_day_warn_count": 0, "daily_sd": 0.092576191714193221, "threshold_error": 42.358882011688621}, "dengu": {"sample_sd": 2.0645150089602695, "sample_mean": 2.7333333333334333, "daily_article_count": 6, "30_day_error_count": 1, "threshold_warn": 6.8623633512539719, "30_day_warn_count": 0, "daily_sd": 1.5822925251154867, "threshold_error": 8.9268783602142427}, "ebola": {"sample_sd": 3.5188381921057728, "sample_mean": 4.8666666666667666, "daily_article_count": 12, "30_day_error_count": 6, "threshold_warn": 11.904343050878312, "30_day_warn_count": 0, "daily_sd": 2.0271842420422419, "threshold_error": 15.423181242984086}, "unkno": {"sample_sd": 26.656685632105294, "sample_mean": 58.766666666666765, "daily_article_count": 97, "30_day_error_count": 0, "threshold_warn": 112.08003793087735, "30_day_warn_count": 0, "daily_sd": 1.4342868374935942, "threshold_error": 138.73672356298266}, "mumps": {"sample_sd": 1.8318175552045444, "sample_mean": 1.6666666666667667, "daily_article_count": 1, "30_day_error_count": 0, "threshold_warn": 5.3303017770758556, "30_day_warn_count": 0, "daily_sd": -0.36393726262347414, "threshold_error": 7.1621193322803993}}