{"hemmo": {"sample_sd": 0.17950549357115009, "sample_mean": 0.033333333333433336, "daily_article_count": 0, "30_day_error_count": 3, "threshold_warn": 0.39234432047573353, "30_day_warn_count": 0, "daily_sd": -0.18569533817760903, "threshold_error": 0.57184981404688362}, "mersc": {"sample_sd": 1.3840359661351129, "sample_mean": 0.86666666666676673, "daily_article_count": 1, "30_day_error_count": 0, "threshold_warn": 3.6347385989369925, "30_day_warn_count": 0, "daily_sd": 0.096336610171745315, "threshold_error": 5.0187745650721052}, "influ": {"sample_sd": 6.7741338109671911, "sample_mean": 12.333333333333433, "daily_article_count": 22, "30_day_error_count": 2, "threshold_warn": 25.881600955267814, "30_day_warn_count": 0, "daily_sd": 1.4269967107848418, "threshold_error": 32.655734766235007}, "pertu": {"sample_sd": 1.0567244989431572, "sample_mean": 1.5000000000000999, "daily_article_count": 2, "30_day_error_count": 5, "threshold_warn": 3.6134489978864144, "30_day_warn_count": 0, "daily_sd": 0.47316022340728925, "threshold_error": 4.6701734968295714}, "moldf": {"sample_sd": 0.87939373055152803, "sample_mean": 0.4000000000001, "daily_article_count": 0, "30_day_error_count": 0, "threshold_warn": 2.1587874611031559, "30_day_warn_count": 0, "daily_sd": -0.45485882614745571, "threshold_error": 3.0381811916546839}, "chole": {"sample_sd": 3.2802438933713449, "sample_mean": 4.2000000000001005, "daily_article_count": 4, "30_day_error_count": 0, "threshold_warn": 10.760487786742789, "30_day_warn_count": 1, "daily_sd": -0.060971076084999888, "threshold_error": 14.040731680114135}, "hepat": {"sample_sd": 1.86785676348292, "sample_mean": 2.3333333333334334, "daily_article_count": 3, "30_day_error_count": 2, "threshold_warn": 6.0690468602992738, "30_day_warn_count": 0, "daily_sd": 0.35691530512407127, "threshold_error": 7.9369036237821931}, "chiku": {"sample_sd": 1.5380362660079101, "sample_mean": 1.3666666666667666, "daily_article_count": 1, "30_day_error_count": 0, "threshold_warn": 4.4427391986825864, "30_day_warn_count": 0, "daily_sd": -0.2383992333408872, "threshold_error": 5.9807754646904971}, "yello": {"sample_sd": 0.49553562491061676, "sample_mean": 0.23333333333343334, "daily_article_count": 0, "30_day_error_count": 1, "threshold_warn": 1.2244045831546668, "30_day_warn_count": 0, "daily_sd": -0.47087095579762062, "threshold_error": 1.7199402080652835}, "menin": {"sample_sd": 2.4695928589321943, "sample_mean": 2.9666666666667667, "daily_article_count": 3, "30_day_error_count": 2, "threshold_warn": 7.9058523845311548, "30_day_warn_count": 0, "daily_sd": 0.013497501506238565, "threshold_error": 10.37544524346335}, "plagu": {"sample_sd": 0.29999999999999999, "sample_mean": 0.10000000000010001, "daily_article_count": 0, "30_day_error_count": 3, "threshold_warn": 0.70000000000009999, "30_day_warn_count": 0, "daily_sd": -0.33333333333366671, "threshold_error": 1.0000000000000999}, "westn": {"sample_sd": 1.2512216252748973, "sample_mean": 0.96666666666676671, "daily_article_count": 1, "30_day_error_count": 1, "threshold_warn": 3.4691099172165614, "30_day_warn_count": 5, "daily_sd": 0.026640630772274142, "threshold_error": 4.7203315424914587}, "swine": {"sample_sd": 8.7015324320872747, "sample_mean": 8.5000000000000995, "daily_article_count": 3, "30_day_error_count": 0, "threshold_warn": 25.903064864174649, "30_day_warn_count": 0, "daily_sd": -0.63207257375937753, "threshold_error": 34.604597296261922}, "measl": {"sample_sd": 5.0628274928366084, "sample_mean": 8.3666666666667666, "daily_article_count": 15, "30_day_error_count": 2, "threshold_warn": 18.492321652339982, "30_day_warn_count": 0, "daily_sd": 1.3102033088661884, "threshold_error": 23.555149145176593}, "dengu": {"sample_sd": 3.0259984578096977, "sample_mean": 4.1000000000001, "daily_article_count": 3, "30_day_error_count": 0, "threshold_warn": 10.151996915619495, "30_day_warn_count": 0, "daily_sd": -0.36351637825893368, "threshold_error": 13.177995373429194}, "ebola": {"sample_sd": 31.064538553719988, "sample_mean": 62.166666666666764, "daily_article_count": 70, "30_day_error_count": 0, "threshold_warn": 124.29574377410674, "30_day_warn_count": 0, "daily_sd": 0.25216319630137213, "threshold_error": 155.36028232782672}, "unkno": {"sample_sd": 27.530266172987787, "sample_mean": 53.133333333333432, "daily_article_count": 84, "30_day_error_count": 0, "threshold_warn": 108.193865679309, "30_day_warn_count": 0, "daily_sd": 1.1211902737414285, "threshold_error": 135.72413185229681}, "mumps": {"sample_sd": 0.24944382578492943, "sample_mean": 0.066666666666766669, "daily_article_count": 0, "30_day_error_count": 4, "threshold_warn": 0.5655543182366255, "30_day_warn_count": 0, "daily_sd": -0.2672612419128253, "threshold_error": 0.81499814402155502}}