{"hemmo": {"sample_sd": 0.92855921847894141, "sample_mean": 0.26666666666666666, "daily_article_count": 0, "30_day_error_count": 0, "threshold_warn": 2.1237851036245496, "30_day_warn_count": 0, "daily_sd": -0.28718326344709522, "threshold_error": 3.0523443221034907}, "mersc": {"sample_sd": 4.8643830258545862, "sample_mean": 3.7333333333333334, "daily_article_count": 0, "30_day_error_count": 0, "threshold_warn": 13.462099385042507, "30_day_warn_count": 0, "daily_sd": -0.7674834225615802, "threshold_error": 18.326482410897093}, "influ": {"sample_sd": 7.4562427237554134, "sample_mean": 5.7333333333333334, "daily_article_count": 3, "30_day_error_count": 0, "threshold_warn": 20.645818780844159, "30_day_warn_count": 0, "daily_sd": -0.36658320210325207, "threshold_error": 28.102061504599575}, "pertu": {"sample_sd": 1.4514360704718161, "sample_mean": 1.6000000000000001, "daily_article_count": 5, "30_day_error_count": 1, "threshold_warn": 4.5028721409436319, "30_day_warn_count": 0, "daily_sd": 2.342507582090589, "threshold_error": 5.954308211415448}, "moldf": {"sample_sd": 0.6403124237432849, "sample_mean": 0.29999999999999999, "daily_article_count": 0, "30_day_error_count": 0, "threshold_warn": 1.5806248474865698, "30_day_warn_count": 0, "daily_sd": -0.46852128566581813, "threshold_error": 2.2209372712298547}, "chole": {"sample_sd": 4.8900124971437675, "sample_mean": 4.5666666666666664, "daily_article_count": 5, "30_day_error_count": 1, "threshold_warn": 14.346691660954201, "30_day_warn_count": 3, "daily_sd": 0.088615997113799083, "threshold_error": 19.236704158097968}, "hepat": {"sample_sd": 4.638486343146389, "sample_mean": 3.8666666666666667, "daily_article_count": 2, "30_day_error_count": 0, "threshold_warn": 13.143639352959445, "30_day_warn_count": 0, "daily_sd": -0.40243013098977132, "threshold_error": 17.782125696105833}, "chiku": {"sample_sd": 9.587955407118292, "sample_mean": 9.7333333333333325, "daily_article_count": 10, "30_day_error_count": 0, "threshold_warn": 28.909244147569915, "30_day_warn_count": 0, "daily_sd": 0.027812672811211529, "threshold_error": 38.497199554688208}, "yello": {"sample_sd": 0.24944382578492943, "sample_mean": 0.066666666666666666, "daily_article_count": 0, "30_day_error_count": 8, "threshold_warn": 0.56555431823652558, "30_day_warn_count": 0, "daily_sd": -0.2672612419124244, "threshold_error": 0.81499814402145498}, "menin": {"sample_sd": 1.5524174696260025, "sample_mean": 1.3, "daily_article_count": 1, "30_day_error_count": 0, "threshold_warn": 4.4048349392520052, "30_day_warn_count": 0, "daily_sd": -0.19324698792024927, "threshold_error": 5.9572524088780074}, "plagu": {"sample_sd": 5.6420051597124781, "sample_mean": 2.0333333333333332, "daily_article_count": 0, "30_day_error_count": 0, "threshold_warn": 13.317343652758289, "30_day_warn_count": 0, "daily_sd": -0.36039196629110382, "threshold_error": 18.959348812470765}, "westn": {"sample_sd": 2.3935097428021659, "sample_mean": 4.0666666666666664, "daily_article_count": 3, "30_day_error_count": 0, "threshold_warn": 8.8536861522709991, "30_day_warn_count": 0, "daily_sd": -0.44564960300428202, "threshold_error": 11.247195895073164}, "swine": {"sample_sd": 1.9779338265529065, "sample_mean": 1.5666666666666667, "daily_article_count": 0, "30_day_error_count": 0, "threshold_warn": 5.5225343197724799, "30_day_warn_count": 0, "daily_sd": -0.79207233610894556, "threshold_error": 7.5004681463253862}, "measl": {"sample_sd": 5.9221805293508432, "sample_mean": 5.833333333333333, "daily_article_count": 4, "30_day_error_count": 0, "threshold_warn": 17.677694392035018, "30_day_warn_count": 0, "daily_sd": -0.3095706596999489, "threshold_error": 23.599874921385862}, "dengu": {"sample_sd": 4.1547830535687682, "sample_mean": 6.9333333333333336, "daily_article_count": 11, "30_day_error_count": 0, "threshold_warn": 15.24289944047087, "30_day_warn_count": 0, "daily_sd": 0.97879157930366212, "threshold_error": 19.397682494039639}, "ebola": {"sample_sd": 55.695691036201353, "sample_mean": 53.299999999999997, "daily_article_count": 382, "30_day_error_count": 30, "threshold_warn": 164.69138207240269, "30_day_warn_count": 0, "daily_sd": 5.9017132902857776, "threshold_error": 220.38707310860406}, "unkno": {"sample_sd": 74.287945784554367, "sample_mean": 90.36666666666666, "daily_article_count": 50, "30_day_error_count": 1, "threshold_warn": 238.94255823577538, "30_day_warn_count": 0, "daily_sd": -0.54338111305077341, "threshold_error": 313.23050402032976}, "mumps": {"sample_sd": 0.0, "sample_mean": 0.0, "daily_article_count": 0, "30_day_error_count": 5, "threshold_warn": 0.0, "30_day_warn_count": 0, "daily_sd": 0, "threshold_error": 0.0}}