{"hemmo": {"sample_sd": 0.17950549357115009, "sample_mean": 0.033333333333333333, "daily_article_count": 0, "30_day_error_count": 1, "threshold_warn": 0.3923443204756335, "30_day_warn_count": 0, "daily_sd": -0.18569533817705192, "threshold_error": 0.57184981404678359}, "mersc": {"sample_sd": 5.2646620657613594, "sample_mean": 7.5, "daily_article_count": 3, "30_day_error_count": 0, "threshold_warn": 18.029324131522721, "30_day_warn_count": 0, "daily_sd": -0.85475571723124899, "threshold_error": 23.293986197284077}, "influ": {"sample_sd": 6.2311047709588925, "sample_mean": 11.199999999999999, "daily_article_count": 22, "30_day_error_count": 1, "threshold_warn": 23.662209541917782, "30_day_warn_count": 0, "daily_sd": 1.7332399946691972, "threshold_error": 29.893314312876676}, "pertu": {"sample_sd": 1.2892719737209142, "sample_mean": 1.2666666666666666, "daily_article_count": 2, "30_day_error_count": 0, "threshold_warn": 3.845210614108495, "30_day_warn_count": 0, "daily_sd": 0.56879645899452125, "threshold_error": 5.1344825878294094}, "moldf": {"sample_sd": 1.0132456102380443, "sample_mean": 0.80000000000000004, "daily_article_count": 0, "30_day_error_count": 1, "threshold_warn": 2.8264912204760888, "30_day_warn_count": 0, "daily_sd": -0.78954203395172284, "threshold_error": 3.8397368307141324}, "chole": {"sample_sd": 3.8209946349085602, "sample_mean": 6.0, "daily_article_count": 4, "30_day_error_count": 0, "threshold_warn": 13.64198926981712, "30_day_warn_count": 0, "daily_sd": -0.52342392259021364, "threshold_error": 17.462983904725682}, "hepat": {"sample_sd": 6.3819189033463033, "sample_mean": 5.9333333333333336, "daily_article_count": 2, "30_day_error_count": 0, "threshold_warn": 18.69717114002594, "30_day_warn_count": 0, "daily_sd": -0.61632455581203405, "threshold_error": 25.079090043372243}, "chiku": {"sample_sd": 1.3844373104863459, "sample_mean": 1.5, "daily_article_count": 0, "30_day_error_count": 1, "threshold_warn": 4.2688746209726922, "30_day_warn_count": 0, "daily_sd": -1.0834726777719228, "threshold_error": 5.6533119314590374}, "yello": {"sample_sd": 0.47609522856952335, "sample_mean": 0.20000000000000001, "daily_article_count": 0, "30_day_error_count": 1, "threshold_warn": 1.1521904571390467, "30_day_warn_count": 0, "daily_sd": -0.42008402520840293, "threshold_error": 1.6282856857085701}, "menin": {"sample_sd": 2.9061238025169462, "sample_mean": 3.7666666666666666, "daily_article_count": 7, "30_day_error_count": 0, "threshold_warn": 9.5789142717005582, "30_day_warn_count": 0, "daily_sd": 1.1125931147644146, "threshold_error": 12.485038074217506}, "plagu": {"sample_sd": 0.40000000000000008, "sample_mean": 0.20000000000000001, "daily_article_count": 0, "30_day_error_count": 0, "threshold_warn": 1.0000000000000002, "30_day_warn_count": 0, "daily_sd": -0.49999999999999994, "threshold_error": 1.4000000000000001}, "westn": {"sample_sd": 0.66999170807472597, "sample_mean": 0.46666666666666667, "daily_article_count": 4, "30_day_error_count": 3, "threshold_warn": 1.8066500828161187, "30_day_warn_count": 0, "daily_sd": 5.2736971081129429, "threshold_error": 2.4766417908908447}, "swine": {"sample_sd": 21.345933778799392, "sample_mean": 48.466666666666669, "daily_article_count": 1, "30_day_error_count": 0, "threshold_warn": 91.158534224265452, "30_day_warn_count": 0, "daily_sd": -2.2236865886752715, "threshold_error": 112.50446800306484}, "measl": {"sample_sd": 32.268594983702378, "sample_mean": 44.266666666666666, "daily_article_count": 10, "30_day_error_count": 0, "threshold_warn": 108.80385663407142, "30_day_warn_count": 0, "daily_sd": -1.061920008725928, "threshold_error": 141.07245161777382}, "dengu": {"sample_sd": 2.7770888034454755, "sample_mean": 4.4333333333333336, "daily_article_count": 8, "30_day_error_count": 1, "threshold_warn": 9.9875109402242845, "30_day_warn_count": 0, "daily_sd": 1.2843185505056873, "threshold_error": 12.764599743669759}, "ebola": {"sample_sd": 37.430825086640375, "sample_mean": 87.0, "daily_article_count": 49, "30_day_error_count": 0, "threshold_warn": 161.86165017328074, "30_day_warn_count": 0, "daily_sd": -1.0152060477438627, "threshold_error": 199.29247525992113}, "unkno": {"sample_sd": 30.330329521600799, "sample_mean": 60.93333333333333, "daily_article_count": 80, "30_day_error_count": 0, "threshold_warn": 121.59399237653493, "30_day_warn_count": 0, "daily_sd": 0.62863368012825838, "threshold_error": 151.92432189813573}, "mumps": {"sample_sd": 0.49553562491061681, "sample_mean": 0.23333333333333334, "daily_article_count": 0, "30_day_error_count": 0, "threshold_warn": 1.2244045831545669, "30_day_warn_count": 0, "daily_sd": -0.47087095579741878, "threshold_error": 1.7199402080651838}}