{"hemmo": {"sample_sd": 0.33993463423951903, "sample_mean": 0.13333333333343333, "daily_article_count": 0, "30_day_error_count": 1, "threshold_warn": 0.81320260181247139, "30_day_warn_count": 0, "daily_sd": -0.39223227027666219, "threshold_error": 1.1531372360519905}, "mersc": {"sample_sd": 3.3474700231003647, "sample_mean": 3.1666666666667664, "daily_article_count": 3, "30_day_error_count": 0, "threshold_warn": 9.8616067128674949, "30_day_warn_count": 0, "daily_sd": -0.04978884516265298, "threshold_error": 13.209076735967862}, "influ": {"sample_sd": 9.8673986214987579, "sample_mean": 18.633333333333432, "daily_article_count": 19, "30_day_error_count": 0, "threshold_warn": 38.368130576330948, "30_day_warn_count": 0, "daily_sd": 0.037159405506096269, "threshold_error": 48.235529197829706}, "pertu": {"sample_sd": 1.0561986345169907, "sample_mean": 1.1333333333334332, "daily_article_count": 0, "30_day_error_count": 1, "threshold_warn": 3.2457306023674146, "30_day_warn_count": 0, "daily_sd": -1.0730304852663599, "threshold_error": 4.3019292368844049}, "moldf": {"sample_sd": 1.0754843869934454, "sample_mean": 0.90000000000010005, "daily_article_count": 1, "30_day_error_count": 0, "threshold_warn": 3.0509687739869911, "30_day_warn_count": 0, "daily_sd": 0.092981359105968497, "threshold_error": 4.1264531609804358}, "chole": {"sample_sd": 3.2932591084753042, "sample_mean": 5.5666666666667668, "daily_article_count": 3, "30_day_error_count": 1, "threshold_warn": 12.153184883617374, "30_day_warn_count": 1, "daily_sd": -0.77936979208874602, "threshold_error": 15.446443992092679}, "hepat": {"sample_sd": 6.6587452938889982, "sample_mean": 5.8333333333334334, "daily_article_count": 4, "30_day_error_count": 0, "threshold_warn": 19.150823921111432, "30_day_warn_count": 0, "daily_sd": -0.27532714534312613, "threshold_error": 25.80956921500043}, "chiku": {"sample_sd": 0.88254681965824866, "sample_mean": 0.56666666666676668, "daily_article_count": 1, "30_day_error_count": 0, "threshold_warn": 2.3317603059832641, "30_day_warn_count": 1, "daily_sd": 0.49100322349021019, "threshold_error": 3.214307125641513}, "yello": {"sample_sd": 0.78102496759066531, "sample_mean": 0.30000000000009996, "daily_article_count": 0, "30_day_error_count": 1, "threshold_warn": 1.8620499351814306, "30_day_warn_count": 0, "daily_sd": -0.38411063979881599, "threshold_error": 2.6430749027720957}, "menin": {"sample_sd": 2.4776781245530843, "sample_mean": 2.8333333333334334, "daily_article_count": 2, "30_day_error_count": 3, "threshold_warn": 7.7886895824396021, "30_day_warn_count": 0, "daily_sd": -0.33633639699819662, "threshold_error": 10.266367706992686}, "plagu": {"sample_sd": 0.45338235029118146, "sample_mean": 0.16666666666676666, "daily_article_count": 0, "30_day_error_count": 4, "threshold_warn": 1.0734313672491296, "30_day_warn_count": 2, "daily_sd": -0.36760731104712441, "threshold_error": 1.5268137175403111}, "westn": {"sample_sd": 1.6763054614240209, "sample_mean": 1.7000000000000999, "daily_article_count": 0, "30_day_error_count": 0, "threshold_warn": 5.0526109228481415, "30_day_warn_count": 0, "daily_sd": -1.0141349766622787, "threshold_error": 6.7289163842721624}, "swine": {"sample_sd": 3.2836294282732665, "sample_mean": 3.8666666666667666, "daily_article_count": 3, "30_day_error_count": 0, "threshold_warn": 10.433925523213301, "30_day_warn_count": 0, "daily_sd": -0.26393558883485613, "threshold_error": 13.717554951486566}, "measl": {"sample_sd": 3.8960093543122931, "sample_mean": 3.7666666666667665, "daily_article_count": 3, "30_day_error_count": 0, "threshold_warn": 11.558685375291352, "30_day_warn_count": 0, "daily_sd": -0.19678255284941307, "threshold_error": 15.454694729603647}, "dengu": {"sample_sd": 6.4928165434321841, "sample_mean": 13.9000000000001, "daily_article_count": 7, "30_day_error_count": 0, "threshold_warn": 26.885633086864466, "30_day_warn_count": 0, "daily_sd": -1.0627129157037098, "threshold_error": 33.37844963029665}, "ebola": {"sample_sd": 23.448785801306549, "sample_mean": 34.433333333333429, "daily_article_count": 89, "30_day_error_count": 0, "threshold_warn": 81.330904935946535, "30_day_warn_count": 0, "daily_sd": 2.3270572356725676, "threshold_error": 104.77969073725308}, "unkno": {"sample_sd": 22.118971243909353, "sample_mean": 52.133333333333432, "daily_article_count": 86, "30_day_error_count": 0, "threshold_warn": 96.371275821152139, "30_day_warn_count": 0, "daily_sd": 1.5311140058555861, "threshold_error": 118.49024706506148}, "mumps": {"sample_sd": 0.91226214556026708, "sample_mean": 0.63333333333343333, "daily_article_count": 0, "30_day_error_count": 2, "threshold_warn": 2.4578576244539674, "30_day_warn_count": 2, "daily_sd": -0.69424489047988591, "threshold_error": 3.3701197700142345}}