{"hemmo": {"sample_sd": 0.17950549357115012, "sample_mean": 0.033333333333333333, "daily_article_count": 0, "30_day_error_count": 0, "threshold_warn": 0.39234432047563356, "30_day_warn_count": 0, "daily_sd": -0.18569533817705189, "threshold_error": 0.5718498140467837}, "mersc": {"sample_sd": 28.746709956677357, "sample_mean": 41.399999999999999, "daily_article_count": 2, "30_day_error_count": 0, "threshold_warn": 98.893419913354705, "30_day_warn_count": 0, "daily_sd": -1.370591628029004, "threshold_error": 127.64012987003207}, "influ": {"sample_sd": 3.2283466700808661, "sample_mean": 3.3333333333333335, "daily_article_count": 2, "30_day_error_count": 0, "threshold_warn": 9.7900266734950652, "30_day_warn_count": 0, "daily_sd": -0.41300810278220063, "threshold_error": 13.018373343575933}, "pertu": {"sample_sd": 1.6468825769380833, "sample_mean": 1.4333333333333333, "daily_article_count": 2, "30_day_error_count": 5, "threshold_warn": 4.7270984872095001, "30_day_warn_count": 0, "daily_sd": 0.34408443844261477, "threshold_error": 6.3739810641475838}, "moldf": {"sample_sd": 0.61553951042064614, "sample_mean": 0.43333333333333335, "daily_article_count": 0, "30_day_error_count": 1, "threshold_warn": 1.6644123541746256, "30_day_warn_count": 0, "daily_sd": -0.70398946939604723, "threshold_error": 2.2799518645952714}, "chole": {"sample_sd": 5.2248338623241306, "sample_mean": 5.6333333333333337, "daily_article_count": 4, "30_day_error_count": 0, "threshold_warn": 16.083001057981594, "30_day_warn_count": 0, "daily_sd": -0.31260962097018491, "threshold_error": 21.307834920305726}, "hepat": {"sample_sd": 3.8850139424889236, "sample_mean": 3.7999999999999998, "daily_article_count": 0, "30_day_error_count": 0, "threshold_warn": 11.570027884977847, "30_day_warn_count": 0, "daily_sd": -0.97811746785277687, "threshold_error": 15.455041827466772}, "chiku": {"sample_sd": 3.4253953543107007, "sample_mean": 4.0, "daily_article_count": 4, "30_day_error_count": 7, "threshold_warn": 10.850790708621401, "30_day_warn_count": 3, "daily_sd": 0.0, "threshold_error": 14.276186062932101}, "yello": {"sample_sd": 0.49553562491061681, "sample_mean": 0.23333333333333334, "daily_article_count": 0, "30_day_error_count": 3, "threshold_warn": 1.2244045831545669, "30_day_warn_count": 0, "daily_sd": -0.47087095579741878, "threshold_error": 1.7199402080651838}, "menin": {"sample_sd": 1.2736648783028535, "sample_mean": 1.3333333333333333, "daily_article_count": 4, "30_day_error_count": 1, "threshold_warn": 3.8806630899390404, "30_day_warn_count": 0, "daily_sd": 2.093695690360855, "threshold_error": 5.1543279682418932}, "plagu": {"sample_sd": 0.0, "sample_mean": 0.0, "daily_article_count": 0, "30_day_error_count": 1, "threshold_warn": 0.0, "30_day_warn_count": 0, "daily_sd": 0, "threshold_error": 0.0}, "westn": {"sample_sd": 1.2133516482134197, "sample_mean": 1.1666666666666667, "daily_article_count": 3, "30_day_error_count": 2, "threshold_warn": 3.5933699630935063, "30_day_warn_count": 2, "daily_sd": 1.5109662034355793, "threshold_error": 4.8067216113069255}, "swine": {"sample_sd": 2.6518337470931743, "sample_mean": 1.6333333333333333, "daily_article_count": 1, "30_day_error_count": 0, "threshold_warn": 6.9370008275196824, "30_day_warn_count": 0, "daily_sd": -0.23882844617524232, "threshold_error": 9.5888345746128554}, "measl": {"sample_sd": 9.8331073420358841, "sample_mean": 9.0999999999999996, "daily_article_count": 4, "30_day_error_count": 0, "threshold_warn": 28.76621468407177, "30_day_warn_count": 0, "daily_sd": -0.51865598763453302, "threshold_error": 38.59932202610765}, "dengu": {"sample_sd": 1.9610088106776968, "sample_mean": 2.4333333333333331, "daily_article_count": 5, "30_day_error_count": 2, "threshold_warn": 6.3553509546887268, "30_day_warn_count": 0, "daily_sd": 1.3088501452370647, "threshold_error": 8.316359765366423}, "ebola": {"sample_sd": 5.6714685536953784, "sample_mean": 5.3666666666666663, "daily_article_count": 19, "30_day_error_count": 4, "threshold_warn": 16.709603774057424, "30_day_warn_count": 5, "daily_sd": 2.4038453540309614, "threshold_error": 22.381072327752804}, "unkno": {"sample_sd": 27.549329493756382, "sample_mean": 62.966666666666669, "daily_article_count": 70, "30_day_error_count": 0, "threshold_warn": 118.06532565417943, "30_day_warn_count": 0, "daily_sd": 0.25529961935833412, "threshold_error": 145.61465514793582}, "mumps": {"sample_sd": 1.3416407864998738, "sample_mean": 1.0, "daily_article_count": 0, "30_day_error_count": 0, "threshold_warn": 3.6832815729997477, "30_day_warn_count": 0, "daily_sd": -0.7453559924999299, "threshold_error": 5.0249223594996213}}