{"hemmo": {"sample_sd": 0.17950549357115012, "sample_mean": 0.033333333333333333, "daily_article_count": 0, "30_day_error_count": 3, "threshold_warn": 0.39234432047563356, "30_day_warn_count": 0, "daily_sd": -0.18569533817705189, "threshold_error": 0.5718498140467837}, "mersc": {"sample_sd": 1.6224124698183944, "sample_mean": 0.96666666666666667, "daily_article_count": 1, "30_day_error_count": 2, "threshold_warn": 4.2114916063034551, "30_day_warn_count": 0, "daily_sd": 0.020545535708970795, "threshold_error": 5.8339040761218497}, "influ": {"sample_sd": 9.7957473766255667, "sample_mean": 11.1, "daily_article_count": 3, "30_day_error_count": 0, "threshold_warn": 30.691494753251135, "30_day_warn_count": 0, "daily_sd": -0.8268894336054512, "threshold_error": 40.487242129876698}, "pertu": {"sample_sd": 0.97752521990767871, "sample_mean": 0.66666666666666663, "daily_article_count": 0, "30_day_error_count": 0, "threshold_warn": 2.6217171064820239, "30_day_warn_count": 0, "daily_sd": -0.68199433947047339, "threshold_error": 3.5992423263897027}, "moldf": {"sample_sd": 0.61553951042064614, "sample_mean": 0.23333333333333334, "daily_article_count": 0, "30_day_error_count": 0, "threshold_warn": 1.4644123541746257, "30_day_warn_count": 0, "daily_sd": -0.37907125275171771, "threshold_error": 2.0799518645952717}, "chole": {"sample_sd": 1.8882678717691395, "sample_mean": 1.6333333333333333, "daily_article_count": 9, "30_day_error_count": 1, "threshold_warn": 5.4098690768716118, "30_day_warn_count": 2, "daily_sd": 3.9012826393983784, "threshold_error": 7.2981369486407512}, "hepat": {"sample_sd": 1.3699148392023013, "sample_mean": 0.69999999999999996, "daily_article_count": 1, "30_day_error_count": 0, "threshold_warn": 3.4398296784046023, "30_day_warn_count": 1, "daily_sd": 0.2189917149701725, "threshold_error": 4.8097445176069042}, "chiku": {"sample_sd": 0.66332495807108005, "sample_mean": 0.40000000000000002, "daily_article_count": 0, "30_day_error_count": 2, "threshold_warn": 1.72664991614216, "30_day_warn_count": 0, "daily_sd": -0.60302268915552726, "threshold_error": 2.3899748742132401}, "yello": {"sample_sd": 0.24944382578492943, "sample_mean": 0.066666666666666666, "daily_article_count": 0, "30_day_error_count": 7, "threshold_warn": 0.56555431823652558, "30_day_warn_count": 0, "daily_sd": -0.2672612419124244, "threshold_error": 0.81499814402145498}, "menin": {"sample_sd": 1.7904065335994381, "sample_mean": 0.83333333333333337, "daily_article_count": 4, "30_day_error_count": 2, "threshold_warn": 4.4141464005322097, "30_day_warn_count": 4, "daily_sd": 1.7686858304188553, "threshold_error": 6.2045529341316472}, "plagu": {"sample_sd": 0.33993463423951903, "sample_mean": 0.13333333333333333, "daily_article_count": 0, "30_day_error_count": 0, "threshold_warn": 0.81320260181237136, "30_day_warn_count": 0, "daily_sd": -0.39223227027636803, "threshold_error": 1.1531372360518903}, "westn": {"sample_sd": 0.45338235029118146, "sample_mean": 0.16666666666666666, "daily_article_count": 0, "30_day_error_count": 6, "threshold_warn": 1.0734313672490297, "30_day_warn_count": 0, "daily_sd": -0.36760731104690386, "threshold_error": 1.5268137175402112}, "swine": {"sample_sd": 7.3515682378357576, "sample_mean": 6.5666666666666664, "daily_article_count": 1, "30_day_error_count": 0, "threshold_warn": 21.269803142338183, "30_day_warn_count": 0, "daily_sd": -0.75720805229245181, "threshold_error": 28.62137138017394}, "measl": {"sample_sd": 2.8792360097775944, "sample_mean": 3.1000000000000001, "daily_article_count": 11, "30_day_error_count": 6, "threshold_warn": 8.8584720195551885, "30_day_warn_count": 5, "daily_sd": 2.7437834110063917, "threshold_error": 11.737708029332783}, "dengu": {"sample_sd": 1.9899748742132399, "sample_mean": 2.2000000000000002, "daily_article_count": 3, "30_day_error_count": 0, "threshold_warn": 6.1799497484264805, "30_day_warn_count": 0, "daily_sd": 0.40201512610368473, "threshold_error": 8.1699246226397193}, "ebola": {"sample_sd": 0.65743609744386733, "sample_mean": 0.36666666666666664, "daily_article_count": 1, "30_day_error_count": 1, "threshold_warn": 1.6815388615544014, "30_day_warn_count": 0, "daily_sd": 0.96333824047044825, "threshold_error": 2.3389749589982687}, "unkno": {"sample_sd": 25.369272752682527, "sample_mean": 37.0, "daily_article_count": 52, "30_day_error_count": 0, "threshold_warn": 87.738545505365053, "30_day_warn_count": 0, "daily_sd": 0.59126645632417318, "threshold_error": 113.10781825804759}, "mumps": {"sample_sd": 0.0, "sample_mean": 0.0, "daily_article_count": 3, "30_day_error_count": 30, "threshold_warn": 0.0, "30_day_warn_count": 0, "daily_sd": 0, "threshold_error": 0.0}}