{"hemmo": {"sample_sd": 0.24944382578492943, "sample_mean": 0.066666666666766669, "daily_article_count": 0, "30_day_error_count": 5, "threshold_warn": 0.5655543182366255, "30_day_warn_count": 0, "daily_sd": -0.2672612419128253, "threshold_error": 0.81499814402155502}, "mersc": {"sample_sd": 1.8740923729160794, "sample_mean": 1.2333333333334333, "daily_article_count": 0, "30_day_error_count": 0, "threshold_warn": 4.9815180791655926, "30_day_warn_count": 0, "daily_sd": -0.65809634101139425, "threshold_error": 6.8556104520816721}, "influ": {"sample_sd": 11.58082706699118, "sample_mean": 19.866666666666767, "daily_article_count": 32, "30_day_error_count": 1, "threshold_warn": 43.028320800649126, "30_day_warn_count": 0, "daily_sd": 1.047708705358088, "threshold_error": 54.60914786764031}, "pertu": {"sample_sd": 2.305548862105411, "sample_mean": 2.1333333333334332, "daily_article_count": 1, "30_day_error_count": 0, "threshold_warn": 6.7444310575442552, "30_day_warn_count": 0, "daily_sd": -0.49156769217134755, "threshold_error": 9.0499799196496653}, "moldf": {"sample_sd": 0.80346471954626331, "sample_mean": 0.76666666666676675, "daily_article_count": 1, "30_day_error_count": 0, "threshold_warn": 2.3735961057592934, "30_day_warn_count": 0, "daily_sd": 0.29040893477563329, "threshold_error": 3.1770608253055563}, "chole": {"sample_sd": 1.8427033281447005, "sample_mean": 1.7333333333334333, "daily_article_count": 3, "30_day_error_count": 5, "threshold_warn": 5.4187399896228339, "30_day_warn_count": 6, "daily_sd": 0.68739587502774624, "threshold_error": 7.2614433177675348}, "hepat": {"sample_sd": 1.5405626677721789, "sample_mean": 1.4000000000000998, "daily_article_count": 5, "30_day_error_count": 0, "threshold_warn": 4.4811253355444576, "30_day_warn_count": 0, "daily_sd": 2.3368085410026791, "threshold_error": 6.0216880033166369}, "chiku": {"sample_sd": 1.2092238098144705, "sample_mean": 1.2666666666667665, "daily_article_count": 2, "30_day_error_count": 3, "threshold_warn": 3.6851142862957076, "30_day_warn_count": 0, "daily_sd": 0.60644963106188565, "threshold_error": 4.8943380961101788}, "yello": {"sample_sd": 0.24944382578492943, "sample_mean": 0.066666666666766669, "daily_article_count": 0, "30_day_error_count": 3, "threshold_warn": 0.5655543182366255, "30_day_warn_count": 0, "daily_sd": -0.2672612419128253, "threshold_error": 0.81499814402155502}, "menin": {"sample_sd": 4.9965543683177867, "sample_mean": 2.3666666666667666, "daily_article_count": 5, "30_day_error_count": 0, "threshold_warn": 12.35977540330234, "30_day_warn_count": 0, "daily_sd": 0.52702985682107373, "threshold_error": 17.356329771620125}, "plagu": {"sample_sd": 0.29999999999999999, "sample_mean": 0.10000000000010001, "daily_article_count": 0, "30_day_error_count": 0, "threshold_warn": 0.70000000000009999, "30_day_warn_count": 0, "daily_sd": -0.33333333333366671, "threshold_error": 1.0000000000000999}, "westn": {"sample_sd": 0.33993463423951903, "sample_mean": 0.13333333333343333, "daily_article_count": 0, "30_day_error_count": 0, "threshold_warn": 0.81320260181247139, "30_day_warn_count": 0, "daily_sd": -0.39223227027666219, "threshold_error": 1.1531372360519905}, "swine": {"sample_sd": 4.1016256939576206, "sample_mean": 2.9000000000000998, "daily_article_count": 6, "30_day_error_count": 5, "threshold_warn": 11.103251387915341, "30_day_warn_count": 11, "daily_sd": 0.75579787901336726, "threshold_error": 15.204877081872961}, "measl": {"sample_sd": 2.3570226039551585, "sample_mean": 2.3333333333334334, "daily_article_count": 43, "30_day_error_count": 18, "threshold_warn": 7.0473785412437504, "30_day_warn_count": 16, "daily_sd": 17.253405460951715, "threshold_error": 9.4044011451989089}, "dengu": {"sample_sd": 1.9102065042525873, "sample_mean": 2.8666666666667666, "daily_article_count": 7, "30_day_error_count": 1, "threshold_warn": 6.6870796751719412, "30_day_warn_count": 0, "daily_sd": 2.1638149195552532, "threshold_error": 8.597286179424529}, "ebola": {"sample_sd": 50.807796864479599, "sample_mean": 127.96666666666677, "daily_article_count": 95, "30_day_error_count": 1, "threshold_warn": 229.58226039562595, "30_day_warn_count": 0, "daily_sd": -0.64885054462407121, "threshold_error": 280.39005726010555}, "unkno": {"sample_sd": 23.626750376074433, "sample_mean": 54.100000000000101, "daily_article_count": 68, "30_day_error_count": 0, "threshold_warn": 101.35350075214896, "30_day_warn_count": 0, "daily_sd": 0.58831620001689688, "threshold_error": 124.98025112822341}, "mumps": {"sample_sd": 0.66749947981669266, "sample_mean": 0.43333333333343332, "daily_article_count": 0, "30_day_error_count": 0, "threshold_warn": 1.7683322929668186, "30_day_warn_count": 0, "daily_sd": -0.64918902027074898, "threshold_error": 2.4358317727835117}}