{"hemmo": {"sample_sd": 0.29999999999999999, "sample_mean": 0.10000000000000001, "daily_article_count": 0, "30_day_error_count": 6, "threshold_warn": 0.69999999999999996, "30_day_warn_count": 0, "daily_sd": -0.33333333333333337, "threshold_error": 0.99999999999999989}, "mersc": {"sample_sd": 0.80346471954626331, "sample_mean": 0.76666666666666672, "daily_article_count": 52, "30_day_error_count": 14, "threshold_warn": 2.3735961057591934, "30_day_warn_count": 2, "daily_sd": 63.765504678619969, "threshold_error": 3.1770608253054564}, "influ": {"sample_sd": 8.3533758977367274, "sample_mean": 21.233333333333334, "daily_article_count": 13, "30_day_error_count": 0, "threshold_warn": 37.940085128806786, "30_day_warn_count": 0, "daily_sd": -0.98562945498048071, "threshold_error": 46.293461026543518}, "pertu": {"sample_sd": 1.7641491496532322, "sample_mean": 2.4333333333333331, "daily_article_count": 0, "30_day_error_count": 0, "threshold_warn": 5.9616316326397971, "30_day_warn_count": 0, "daily_sd": -1.3793240406071325, "threshold_error": 7.7257807822930307}, "moldf": {"sample_sd": 1.0624918300339483, "sample_mean": 0.73333333333333328, "daily_article_count": 1, "30_day_error_count": 0, "threshold_warn": 2.85831699340123, "30_day_warn_count": 0, "daily_sd": 0.2509823220552635, "threshold_error": 3.9208088234351783}, "chole": {"sample_sd": 3.8378234572331347, "sample_mean": 4.7333333333333334, "daily_article_count": 8, "30_day_error_count": 5, "threshold_warn": 12.408980247799603, "30_day_warn_count": 0, "daily_sd": 0.85117689833022137, "threshold_error": 16.246803705032736}, "hepat": {"sample_sd": 2.6417586734766081, "sample_mean": 3.5666666666666669, "daily_article_count": 6, "30_day_error_count": 0, "threshold_warn": 8.8501840136198826, "30_day_warn_count": 0, "daily_sd": 0.921103565501317, "threshold_error": 11.491942687096492}, "chiku": {"sample_sd": 0.75718777944003646, "sample_mean": 0.59999999999999998, "daily_article_count": 2, "30_day_error_count": 6, "threshold_warn": 2.1143755588800728, "30_day_warn_count": 0, "daily_sd": 1.84894690328381, "threshold_error": 2.8715633383201093}, "yello": {"sample_sd": 0.49553562491061676, "sample_mean": 0.23333333333333334, "daily_article_count": 0, "30_day_error_count": 2, "threshold_warn": 1.2244045831545669, "30_day_warn_count": 0, "daily_sd": -0.47087095579741883, "threshold_error": 1.7199402080651836}, "menin": {"sample_sd": 4.4623113094249964, "sample_mean": 4.2333333333333334, "daily_article_count": 3, "30_day_error_count": 0, "threshold_warn": 13.157955952183325, "30_day_warn_count": 0, "daily_sd": -0.27638890427218044, "threshold_error": 17.620267261608323}, "plagu": {"sample_sd": 1.3808210118138653, "sample_mean": 0.59999999999999998, "daily_article_count": 0, "30_day_error_count": 0, "threshold_warn": 3.3616420236277307, "30_day_warn_count": 0, "daily_sd": -0.4345240946267408, "threshold_error": 4.7424630354415953}, "westn": {"sample_sd": 1.2806248474865698, "sample_mean": 1.3999999999999999, "daily_article_count": 4, "30_day_error_count": 2, "threshold_warn": 3.9612496949731395, "30_day_warn_count": 2, "daily_sd": 2.0302589045518786, "threshold_error": 5.2418745424597093}, "swine": {"sample_sd": 2.7866746411369152, "sample_mean": 2.9666666666666668, "daily_article_count": 1, "30_day_error_count": 0, "threshold_warn": 8.5400159489404963, "30_day_warn_count": 0, "daily_sd": -0.70573960721309781, "threshold_error": 11.326690590077412}, "measl": {"sample_sd": 7.2207263408114901, "sample_mean": 10.833333333333334, "daily_article_count": 3, "30_day_error_count": 0, "threshold_warn": 25.274786014956312, "30_day_warn_count": 0, "daily_sd": -1.0848400789072137, "threshold_error": 32.495512355767808}, "dengu": {"sample_sd": 2.165640782770772, "sample_mean": 3.1000000000000001, "daily_article_count": 6, "30_day_error_count": 1, "threshold_warn": 7.4312815655415445, "30_day_warn_count": 1, "daily_sd": 1.3390955799648689, "threshold_error": 9.5969223483123152}, "ebola": {"sample_sd": 20.686442151537054, "sample_mean": 46.733333333333334, "daily_article_count": 53, "30_day_error_count": 0, "threshold_warn": 88.10621763640745, "30_day_warn_count": 2, "daily_sd": 0.30293593363037719, "threshold_error": 108.7926597879445}, "unkno": {"sample_sd": 23.931754822596876, "sample_mean": 66.733333333333334, "daily_article_count": 183, "30_day_error_count": 2, "threshold_warn": 114.59684297852709, "30_day_warn_count": 0, "daily_sd": 4.8582591426553137, "threshold_error": 138.52859780112396}, "mumps": {"sample_sd": 0.24944382578492943, "sample_mean": 0.066666666666666666, "daily_article_count": 0, "30_day_error_count": 10, "threshold_warn": 0.56555431823652558, "30_day_warn_count": 0, "daily_sd": -0.2672612419124244, "threshold_error": 0.81499814402145498}}