{"hemmo": {"sample_sd": 2.0933757957476775, "sample_mean": 1.5333333333334334, "daily_article_count": 0, "30_day_error_count": 0, "threshold_warn": 5.7200849248287886, "30_day_warn_count": 0, "daily_sd": -0.73246921859330216, "threshold_error": 7.8134607205764661}, "mersc": {"sample_sd": 2.3192431715731945, "sample_mean": 2.5666666666667668, "daily_article_count": 0, "30_day_error_count": 0, "threshold_warn": 7.2051530098131558, "30_day_warn_count": 0, "daily_sd": -1.1066828602219143, "threshold_error": 9.5243961813863507}, "influ": {"sample_sd": 5.0088810016698231, "sample_mean": 11.666666666666766, "daily_article_count": 16, "30_day_error_count": 0, "threshold_warn": 21.684428670006412, "30_day_warn_count": 0, "daily_sd": 0.86513002243188053, "threshold_error": 26.693309671676232}, "pertu": {"sample_sd": 0.99107124982123362, "sample_mean": 1.1333333333334332, "daily_article_count": 1, "30_day_error_count": 0, "threshold_warn": 3.1154758329759007, "30_day_warn_count": 0, "daily_sd": -0.1345345587993633, "threshold_error": 4.1065470827971335}, "moldf": {"sample_sd": 0.49553562491061681, "sample_mean": 0.23333333333343334, "daily_article_count": 0, "30_day_error_count": 4, "threshold_warn": 1.224404583154667, "30_day_warn_count": 0, "daily_sd": -0.47087095579762056, "threshold_error": 1.7199402080652837}, "chole": {"sample_sd": 2.9629189811550516, "sample_mean": 4.4333333333334339, "daily_article_count": 1, "30_day_error_count": 1, "threshold_warn": 10.359171295643538, "30_day_warn_count": 0, "daily_sd": -1.1587672005783289, "threshold_error": 13.322090276798587}, "hepat": {"sample_sd": 1.4817407180595246, "sample_mean": 1.7333333333334333, "daily_article_count": 0, "30_day_error_count": 2, "threshold_warn": 4.696814769452482, "30_day_warn_count": 1, "daily_sd": -1.1697953037312712, "threshold_error": 6.178555487512007}, "chiku": {"sample_sd": 2.4315061633115849, "sample_mean": 4.4333333333334339, "daily_article_count": 3, "30_day_error_count": 0, "threshold_warn": 9.2963456599566037, "30_day_warn_count": 0, "daily_sd": -0.58948373438680024, "threshold_error": 11.727851823268189}, "yello": {"sample_sd": 0.33993463423951903, "sample_mean": 0.13333333333343333, "daily_article_count": 0, "30_day_error_count": 1, "threshold_warn": 0.81320260181247139, "30_day_warn_count": 0, "daily_sd": -0.39223227027666219, "threshold_error": 1.1531372360519905}, "menin": {"sample_sd": 3.0397368307141326, "sample_mean": 3.4000000000000998, "daily_article_count": 0, "30_day_error_count": 1, "threshold_warn": 9.479473661428365, "30_day_warn_count": 1, "daily_sd": -1.1185178814316401, "threshold_error": 12.519210492142497}, "plagu": {"sample_sd": 0.17950549357115009, "sample_mean": 0.033333333333433336, "daily_article_count": 0, "30_day_error_count": 4, "threshold_warn": 0.39234432047573353, "30_day_warn_count": 0, "daily_sd": -0.18569533817760903, "threshold_error": 0.57184981404688362}, "westn": {"sample_sd": 2.2163533613172386, "sample_mean": 2.2333333333334333, "daily_article_count": 0, "30_day_error_count": 0, "threshold_warn": 6.66604005596791, "30_day_warn_count": 0, "daily_sd": -1.0076612205944016, "threshold_error": 8.8823934172851491}, "swine": {"sample_sd": 1.3399834161494519, "sample_mean": 1.2666666666667665, "daily_article_count": 0, "30_day_error_count": 1, "threshold_warn": 3.9466334989656704, "30_day_warn_count": 0, "daily_sd": -0.94528533069956433, "threshold_error": 5.2866169151151219}, "measl": {"sample_sd": 2.3380903889000244, "sample_mean": 2.0000000000000999, "daily_article_count": 3, "30_day_error_count": 2, "threshold_warn": 6.6761807778001483, "30_day_warn_count": 0, "daily_sd": 0.42769946138410803, "threshold_error": 9.0142711667001727}, "dengu": {"sample_sd": 4.0040257519429394, "sample_mean": 8.6333333333334323, "daily_article_count": 2, "30_day_error_count": 0, "threshold_warn": 16.641384837219313, "30_day_warn_count": 0, "daily_sd": -1.656666001739532, "threshold_error": 20.64541058916225}, "ebola": {"sample_sd": 555.98751384860759, "sample_mean": 764.13333333333344, "daily_article_count": 277, "30_day_error_count": 0, "threshold_warn": 1876.1083610305486, "30_day_warn_count": 7, "daily_sd": -0.87615876471998833, "threshold_error": 2432.0958748791563}, "unkno": {"sample_sd": 30.360866625019487, "sample_mean": 73.133333333333439, "daily_article_count": 62, "30_day_error_count": 1, "threshold_warn": 133.85506658337241, "30_day_warn_count": 0, "daily_sd": -0.36670011666132057, "threshold_error": 164.2159332083919}, "mumps": {"sample_sd": 0.24944382578492943, "sample_mean": 0.066666666666766669, "daily_article_count": 0, "30_day_error_count": 4, "threshold_warn": 0.5655543182366255, "30_day_warn_count": 0, "daily_sd": -0.2672612419128253, "threshold_error": 0.81499814402155502}}