{"hemmo": {"sample_sd": 0.42295258468165059, "sample_mean": 0.23333333333333334, "daily_article_count": 0, "30_day_error_count": 1, "threshold_warn": 1.0792385026966345, "30_day_warn_count": 0, "daily_sd": -0.55167728436737062, "threshold_error": 1.5021910873782851}, "mersc": {"sample_sd": 3.2957885584822071, "sample_mean": 3.7333333333333334, "daily_article_count": 0, "30_day_error_count": 0, "threshold_warn": 10.324910450297747, "30_day_warn_count": 0, "daily_sd": -1.1327587516878288, "threshold_error": 13.620699008779955}, "influ": {"sample_sd": 9.0836238485651855, "sample_mean": 15.233333333333333, "daily_article_count": 12, "30_day_error_count": 0, "threshold_warn": 33.400581030463705, "30_day_warn_count": 0, "daily_sd": -0.35595191822524197, "threshold_error": 42.484204879028887}, "pertu": {"sample_sd": 1.1234866364235143, "sample_mean": 1.2666666666666666, "daily_article_count": 2, "30_day_error_count": 0, "threshold_warn": 3.5136399395136952, "30_day_warn_count": 0, "daily_sd": 0.65272991200661945, "threshold_error": 4.6371265759372093}, "moldf": {"sample_sd": 1.3564659966250536, "sample_mean": 1.3999999999999999, "daily_article_count": 0, "30_day_error_count": 0, "threshold_warn": 4.1129319932501076, "30_day_warn_count": 0, "daily_sd": -1.0320936930842799, "threshold_error": 5.4693979898751603}, "chole": {"sample_sd": 2.3199616855073755, "sample_mean": 4.5333333333333332, "daily_article_count": 15, "30_day_error_count": 5, "threshold_warn": 9.1732567043480842, "30_day_warn_count": 0, "daily_sd": 4.5115687608339137, "threshold_error": 11.493218389855461}, "hepat": {"sample_sd": 6.793788012262052, "sample_mean": 5.333333333333333, "daily_article_count": 3, "30_day_error_count": 0, "threshold_warn": 18.920909357857436, "30_day_warn_count": 0, "daily_sd": -0.34345100687891922, "threshold_error": 25.714697370119488}, "chiku": {"sample_sd": 0.91226214556026719, "sample_mean": 0.6333333333333333, "daily_article_count": 0, "30_day_error_count": 0, "threshold_warn": 2.4578576244538679, "30_day_warn_count": 0, "daily_sd": -0.69424489047977611, "threshold_error": 3.370119770014135}, "yello": {"sample_sd": 0.24944382578492943, "sample_mean": 0.066666666666666666, "daily_article_count": 0, "30_day_error_count": 9, "threshold_warn": 0.56555431823652558, "30_day_warn_count": 0, "daily_sd": -0.2672612419124244, "threshold_error": 0.81499814402145498}, "menin": {"sample_sd": 2.5317977802344327, "sample_mean": 4.2999999999999998, "daily_article_count": 0, "30_day_error_count": 0, "threshold_warn": 9.3635955604688661, "30_day_warn_count": 0, "daily_sd": -1.6983978868967331, "threshold_error": 11.895393340703297}, "plagu": {"sample_sd": 2.943165340619216, "sample_mean": 1.0666666666666667, "daily_article_count": 0, "30_day_error_count": 1, "threshold_warn": 6.9529973479050984, "30_day_warn_count": 0, "daily_sd": -0.36242159145644515, "threshold_error": 9.8961626885243135}, "westn": {"sample_sd": 2.2793761329705009, "sample_mean": 3.9333333333333331, "daily_article_count": 1, "30_day_error_count": 0, "threshold_warn": 8.4920855992743345, "30_day_warn_count": 0, "daily_sd": -1.2869018372630716, "threshold_error": 10.771461732244836}, "swine": {"sample_sd": 3.2413988749715248, "sample_mean": 3.3999999999999999, "daily_article_count": 0, "30_day_error_count": 0, "threshold_warn": 9.8827977499430499, "30_day_warn_count": 0, "daily_sd": -1.048929838981902, "threshold_error": 13.124196624914575}, "measl": {"sample_sd": 3.7142368739157652, "sample_mean": 4.0666666666666664, "daily_article_count": 2, "30_day_error_count": 0, "threshold_warn": 11.495140414498197, "30_day_warn_count": 0, "daily_sd": -0.55641757292874694, "threshold_error": 15.209377288413961}, "dengu": {"sample_sd": 22.984922594315318, "sample_mean": 32.399999999999999, "daily_article_count": 13, "30_day_error_count": 0, "threshold_warn": 78.369845188630634, "30_day_warn_count": 0, "daily_sd": -0.8440315567909743, "threshold_error": 101.35476778294594}, "ebola": {"sample_sd": 19.209980045105027, "sample_mean": 29.100000000000001, "daily_article_count": 47, "30_day_error_count": 2, "threshold_warn": 67.519960090210049, "30_day_warn_count": 0, "daily_sd": 0.93180731879839562, "threshold_error": 86.729940135315076}, "unkno": {"sample_sd": 20.084377566213551, "sample_mean": 48.866666666666667, "daily_article_count": 28, "30_day_error_count": 1, "threshold_warn": 89.035421799093768, "30_day_warn_count": 0, "daily_sd": -1.0389501291675129, "threshold_error": 109.11979936530733}, "mumps": {"sample_sd": 1.0645812948447542, "sample_mean": 1.0, "daily_article_count": 2, "30_day_error_count": 1, "threshold_warn": 3.1291625896895083, "30_day_warn_count": 0, "daily_sd": 0.93933643662772426, "threshold_error": 4.1937438845342623}}