{"hemmo": {"sample_sd": 0.47609522856952335, "sample_mean": 0.20000000000010001, "daily_article_count": 0, "30_day_error_count": 0, "threshold_warn": 1.1521904571391468, "30_day_warn_count": 0, "daily_sd": -0.42008402520861299, "threshold_error": 1.6282856857086703}, "mersc": {"sample_sd": 1.2649110640673518, "sample_mean": 1.0000000000000999, "daily_article_count": 2, "30_day_error_count": 18, "threshold_warn": 3.5298221281348034, "30_day_warn_count": 13, "daily_sd": 0.79056941504201583, "threshold_error": 4.7947331922021554}, "influ": {"sample_sd": 12.160272292272991, "sample_mean": 22.833333333333432, "daily_article_count": 12, "30_day_error_count": 0, "threshold_warn": 47.153877917879413, "30_day_warn_count": 0, "daily_sd": -0.89087917383373594, "threshold_error": 59.314150210152405}, "pertu": {"sample_sd": 1.1571036638473187, "sample_mean": 0.8333333333334334, "daily_article_count": 0, "30_day_error_count": 1, "threshold_warn": 3.1475406610280707, "30_day_warn_count": 7, "daily_sd": -0.72018900239468331, "threshold_error": 4.3046443248753894}, "moldf": {"sample_sd": 0.44221663871405337, "sample_mean": 0.26666666666676664, "daily_article_count": 0, "30_day_error_count": 4, "threshold_warn": 1.1510999440948733, "30_day_warn_count": 2, "daily_sd": -0.60302268915575319, "threshold_error": 1.5933165828089266}, "chole": {"sample_sd": 4.6790312387644235, "sample_mean": 4.8000000000001002, "daily_article_count": 4, "30_day_error_count": 0, "threshold_warn": 14.158062477528947, "30_day_warn_count": 0, "daily_sd": -0.17097556292685781, "threshold_error": 18.837093716293371}, "hepat": {"sample_sd": 1.6669999666733315, "sample_mean": 1.4333333333334333, "daily_article_count": 2, "30_day_error_count": 9, "threshold_warn": 4.7673332666800965, "30_day_warn_count": 12, "daily_sd": 0.33993202039314246, "threshold_error": 6.4343332333534278}, "chiku": {"sample_sd": 2.183015244004392, "sample_mean": 1.9666666666667665, "daily_article_count": 1, "30_day_error_count": 1, "threshold_warn": 6.3326971546755502, "30_day_warn_count": 0, "daily_sd": -0.44281260486920432, "threshold_error": 8.515712398679943}, "yello": {"sample_sd": 0.24944382578492943, "sample_mean": 0.066666666666766669, "daily_article_count": 0, "30_day_error_count": 11, "threshold_warn": 0.5655543182366255, "30_day_warn_count": 0, "daily_sd": -0.2672612419128253, "threshold_error": 0.81499814402155502}, "menin": {"sample_sd": 2.3380903889000244, "sample_mean": 3.0000000000000999, "daily_article_count": 1, "30_day_error_count": 1, "threshold_warn": 7.6761807778001483, "30_day_warn_count": 0, "daily_sd": -0.85539892276834428, "threshold_error": 10.014271166700173}, "plagu": {"sample_sd": 0.65319726474218076, "sample_mean": 0.20000000000010001, "daily_article_count": 0, "30_day_error_count": 0, "threshold_warn": 1.5063945294844616, "30_day_warn_count": 0, "daily_sd": -0.30618621784805039, "threshold_error": 2.1595917942266425}, "westn": {"sample_sd": 0.47609522856952335, "sample_mean": 0.20000000000010001, "daily_article_count": 0, "30_day_error_count": 2, "threshold_warn": 1.1521904571391468, "30_day_warn_count": 0, "daily_sd": -0.42008402520861299, "threshold_error": 1.6282856857086703}, "swine": {"sample_sd": 8.9617086664442649, "sample_mean": 11.766666666666767, "daily_article_count": 45, "30_day_error_count": 14, "threshold_warn": 29.690083999555299, "30_day_warn_count": 22, "daily_sd": 3.7083701970552023, "threshold_error": 38.651792665999558}, "measl": {"sample_sd": 29.982142833508231, "sample_mean": 30.933333333333433, "daily_article_count": 23, "30_day_error_count": 7, "threshold_warn": 90.897619000349891, "30_day_warn_count": 9, "daily_sd": -0.26460194581112761, "threshold_error": 120.87976183385813}, "dengu": {"sample_sd": 2.3544284515213736, "sample_mean": 2.7000000000001001, "daily_article_count": 2, "30_day_error_count": 2, "threshold_warn": 7.4088569030428477, "30_day_warn_count": 4, "daily_sd": -0.29731207144892313, "threshold_error": 9.7632853545642213}, "ebola": {"sample_sd": 41.536717358126523, "sample_mean": 105.63333333333344, "daily_article_count": 31, "30_day_error_count": 0, "threshold_warn": 188.70676804958649, "30_day_warn_count": 0, "daily_sd": -1.7968038420044206, "threshold_error": 230.24348540771302}, "unkno": {"sample_sd": 23.119976931937742, "sample_mean": 59.000000000000099, "daily_article_count": 29, "30_day_error_count": 1, "threshold_warn": 105.23995386387558, "30_day_warn_count": 0, "daily_sd": -1.2975791493354973, "threshold_error": 128.35993079581334}, "mumps": {"sample_sd": 0.42295258468165059, "sample_mean": 0.23333333333343334, "daily_article_count": 0, "30_day_error_count": 4, "threshold_warn": 1.0792385026967346, "30_day_warn_count": 0, "daily_sd": -0.55167728436760699, "threshold_error": 1.502191087378385}}