{"hemmo": {"sample_sd": 0.80622577482985502, "sample_mean": 0.5, "daily_article_count": 3, "30_day_error_count": 7, "threshold_warn": 2.1124515496597098, "30_day_warn_count": 2, "daily_sd": 3.1008683647302111, "threshold_error": 2.9186773244895652}, "mersc": {"sample_sd": 5.008991914547277, "sample_mean": 3.1000000000000001, "daily_article_count": 3, "30_day_error_count": 0, "threshold_warn": 13.117983829094554, "30_day_warn_count": 0, "daily_sd": -0.019964096909315592, "threshold_error": 18.126975743641832}, "influ": {"sample_sd": 3.9113794099893826, "sample_mean": 4.9666666666666668, "daily_article_count": 18, "30_day_error_count": 5, "threshold_warn": 12.789425486645431, "30_day_warn_count": 15, "daily_sd": 3.3321577804615767, "threshold_error": 16.700804896634814}, "pertu": {"sample_sd": 1.5595583420386112, "sample_mean": 1.6333333333333333, "daily_article_count": 0, "30_day_error_count": 0, "threshold_warn": 4.7524500174105562, "30_day_warn_count": 0, "daily_sd": -1.0473050538130466, "threshold_error": 6.3120083594491661}, "moldf": {"sample_sd": 0.29999999999999999, "sample_mean": 0.10000000000000001, "daily_article_count": 2, "30_day_error_count": 6, "threshold_warn": 0.69999999999999996, "30_day_warn_count": 0, "daily_sd": 6.333333333333333, "threshold_error": 0.99999999999999989}, "chole": {"sample_sd": 6.30705072826348, "sample_mean": 7.5666666666666664, "daily_article_count": 6, "30_day_error_count": 0, "threshold_warn": 20.180768123193626, "30_day_warn_count": 0, "daily_sd": -0.24839924937436117, "threshold_error": 26.487818851457106}, "hepat": {"sample_sd": 1.1469767022723503, "sample_mean": 1.4666666666666666, "daily_article_count": 5, "30_day_error_count": 2, "threshold_warn": 3.7606200712113669, "30_day_warn_count": 0, "daily_sd": 3.0805624267112108, "threshold_error": 4.9075967734837178}, "chiku": {"sample_sd": 2.8790430508918914, "sample_mean": 3.6666666666666665, "daily_article_count": 6, "30_day_error_count": 0, "threshold_warn": 9.4247527684504497, "30_day_warn_count": 2, "daily_sd": 0.81045447813310612, "threshold_error": 12.303795819342341}, "yello": {"sample_sd": 0.52174919474995096, "sample_mean": 0.16666666666666666, "daily_article_count": 1, "30_day_error_count": 0, "threshold_warn": 1.2101650561665687, "30_day_warn_count": 0, "daily_sd": 1.5971914124998499, "threshold_error": 1.7319142509165195}, "menin": {"sample_sd": 2.4287628309262494, "sample_mean": 2.6333333333333333, "daily_article_count": 4, "30_day_error_count": 2, "threshold_warn": 7.4908589951858318, "30_day_warn_count": 3, "daily_sd": 0.56270075005448983, "threshold_error": 9.9196218261120812}, "plagu": {"sample_sd": 0.39581140290126388, "sample_mean": 0.10000000000000001, "daily_article_count": 0, "30_day_error_count": 0, "threshold_warn": 0.89162280580252773, "30_day_warn_count": 0, "daily_sd": -0.25264557631995571, "threshold_error": 1.2874342087037918}, "westn": {"sample_sd": 2.9166190472303146, "sample_mean": 4.5999999999999996, "daily_article_count": 2, "30_day_error_count": 0, "threshold_warn": 10.433238094460629, "30_day_warn_count": 0, "daily_sd": -0.89144312572086393, "threshold_error": 13.349857141690944}, "swine": {"sample_sd": 0.90676470058236291, "sample_mean": 0.66666666666666663, "daily_article_count": 2, "30_day_error_count": 2, "threshold_warn": 2.4801960678313923, "30_day_warn_count": 0, "daily_sd": 1.4704292441876157, "threshold_error": 3.3869607684137555}, "measl": {"sample_sd": 2.3249850656629079, "sample_mean": 2.8333333333333335, "daily_article_count": 2, "30_day_error_count": 1, "threshold_warn": 7.4833034646591496, "30_day_warn_count": 0, "daily_sd": -0.35842524136632703, "threshold_error": 9.8082885303220575}, "dengu": {"sample_sd": 4.1741266551619312, "sample_mean": 7.0999999999999996, "daily_article_count": 9, "30_day_error_count": 1, "threshold_warn": 15.448253310323862, "30_day_warn_count": 0, "daily_sd": 0.45518503796485582, "threshold_error": 19.622379965485791}, "ebola": {"sample_sd": 106.11117859218332, "sample_mean": 312.53333333333336, "daily_article_count": 1646, "30_day_error_count": 12, "threshold_warn": 524.75569051770003, "30_day_warn_count": 1, "daily_sd": 12.566693578926062, "threshold_error": 630.86686910988328}, "unkno": {"sample_sd": 79.651637355005661, "sample_mean": 83.5, "daily_article_count": 52, "30_day_error_count": 0, "threshold_warn": 242.80327471001132, "30_day_warn_count": 0, "daily_sd": -0.3954720963186879, "threshold_error": 322.45491206501697}, "mumps": {"sample_sd": 0.82999330653258208, "sample_mean": 0.33333333333333331, "daily_article_count": 0, "30_day_error_count": 0, "threshold_warn": 1.9933199463984974, "30_day_warn_count": 0, "daily_sd": -0.40160966445124946, "threshold_error": 2.8233132529310798}}