{"hemmo": {"sample_sd": 0.48189440982669857, "sample_mean": 0.36666666666676662, "daily_article_count": 0, "30_day_error_count": 0, "threshold_warn": 1.3304554863201639, "30_day_warn_count": 0, "daily_sd": -0.76088591025288965, "threshold_error": 1.8123498961468623}, "mersc": {"sample_sd": 18.258757411779758, "sample_mean": 21.533333333333434, "daily_article_count": 30, "30_day_error_count": 5, "threshold_warn": 58.050848156892954, "30_day_warn_count": 14, "daily_sd": 0.46370442827638642, "threshold_error": 76.309605568672708}, "influ": {"sample_sd": 5.8362849675304762, "sample_mean": 5.7333333333334338, "daily_article_count": 3, "30_day_error_count": 0, "threshold_warn": 17.405903268394386, "30_day_warn_count": 0, "daily_sd": -0.46833445394459494, "threshold_error": 23.242188235924864}, "pertu": {"sample_sd": 1.3940349110884325, "sample_mean": 1.3000000000001, "daily_article_count": 0, "30_day_error_count": 2, "threshold_warn": 4.0880698221769647, "30_day_warn_count": 0, "daily_sd": -0.93254479472475182, "threshold_error": 5.4821047332653974}, "moldf": {"sample_sd": 1.1756794725698929, "sample_mean": 0.86666666666676673, "daily_article_count": 0, "30_day_error_count": 0, "threshold_warn": 3.2180256118065524, "30_day_warn_count": 0, "daily_sd": -0.73716237026095077, "threshold_error": 4.3937050843764451}, "chole": {"sample_sd": 2.0733762053445313, "sample_mean": 1.9666666666667665, "daily_article_count": 15, "30_day_error_count": 5, "threshold_warn": 6.1134190773558288, "30_day_warn_count": 10, "daily_sd": 6.2860436517682015, "threshold_error": 8.1867952827003609}, "hepat": {"sample_sd": 2.183015244004392, "sample_mean": 1.9666666666667665, "daily_article_count": 5, "30_day_error_count": 3, "threshold_warn": 6.3326971546755502, "30_day_warn_count": 0, "daily_sd": 1.3895154152790383, "threshold_error": 8.515712398679943}, "chiku": {"sample_sd": 1.8856180831641267, "sample_mean": 1.6666666666667667, "daily_article_count": 5, "30_day_error_count": 4, "threshold_warn": 5.4379028329950199, "30_day_warn_count": 8, "daily_sd": 1.7677669529663158, "threshold_error": 7.3235209161591461}, "yello": {"sample_sd": 0.67986926847903806, "sample_mean": 0.26666666666676664, "daily_article_count": 0, "30_day_error_count": 0, "threshold_warn": 1.6264052036248429, "30_day_warn_count": 0, "daily_sd": -0.39223227027651508, "threshold_error": 2.3062744721038806}, "menin": {"sample_sd": 3.0103525079668367, "sample_mean": 2.2666666666667665, "daily_article_count": 0, "30_day_error_count": 0, "threshold_warn": 8.2873716826004404, "30_day_warn_count": 0, "daily_sd": -0.75295722367001183, "threshold_error": 11.297724190567278}, "plagu": {"sample_sd": 0.29999999999999999, "sample_mean": 0.10000000000010001, "daily_article_count": 0, "30_day_error_count": 0, "threshold_warn": 0.70000000000009999, "30_day_warn_count": 0, "daily_sd": -0.33333333333366671, "threshold_error": 1.0000000000000999}, "westn": {"sample_sd": 0.51207638319124049, "sample_mean": 0.26666666666676664, "daily_article_count": 2, "30_day_error_count": 11, "threshold_warn": 1.2908194330492475, "30_day_warn_count": 0, "daily_sd": 3.3849116855012258, "threshold_error": 1.802895816240488}, "swine": {"sample_sd": 2.1509687739868903, "sample_mean": 1.8000000000001, "daily_article_count": 0, "30_day_error_count": 2, "threshold_warn": 6.1019375479738809, "30_day_warn_count": 0, "daily_sd": -0.83683223195460044, "threshold_error": 8.2529063219607703}, "measl": {"sample_sd": 10.120441360599514, "sample_mean": 13.100000000000099, "daily_article_count": 2, "30_day_error_count": 0, "threshold_warn": 33.340882721199129, "30_day_warn_count": 0, "daily_sd": -1.0967901106777973, "threshold_error": 43.461324081798644}, "dengu": {"sample_sd": 6.694027188471825, "sample_mean": 6.3000000000001002, "daily_article_count": 2, "30_day_error_count": 0, "threshold_warn": 19.68805437694375, "30_day_warn_count": 0, "daily_sd": -0.64236368914147546, "threshold_error": 26.382081565415575}, "ebola": {"sample_sd": 21.600308639770251, "sample_mean": 27.600000000000101, "daily_article_count": 19, "30_day_error_count": 0, "threshold_warn": 70.800617279540603, "30_day_warn_count": 0, "daily_sd": -0.39814245913902707, "threshold_error": 92.400925919310851}, "unkno": {"sample_sd": 13.638548309845882, "sample_mean": 41.700000000000102, "daily_article_count": 77, "30_day_error_count": 6, "threshold_warn": 68.977096619691864, "30_day_warn_count": 8, "daily_sd": 2.5882520043952386, "threshold_error": 82.615644929537751}, "mumps": {"sample_sd": 2.4722908854384875, "sample_mean": 2.433333333333433, "daily_article_count": 0, "30_day_error_count": 0, "threshold_warn": 7.3779151042104081, "30_day_warn_count": 0, "daily_sd": -0.98424232668796785, "threshold_error": 9.8502059896488952}}