{"hemmo": {"sample_sd": 0.39581140290126388, "sample_mean": 0.10000000000010001, "daily_article_count": 0, "30_day_error_count": 4, "threshold_warn": 0.89162280580262776, "30_day_warn_count": 0, "daily_sd": -0.2526455763202084, "threshold_error": 1.2874342087038917}, "mersc": {"sample_sd": 2.404856198057034, "sample_mean": 1.5000000000000999, "daily_article_count": 51, "30_day_error_count": 11, "threshold_warn": 6.3097123961141683, "30_day_warn_count": 7, "daily_sd": 20.583351320545759, "threshold_error": 8.714568594171201}, "influ": {"sample_sd": 3.000925783080207, "sample_mean": 4.1666666666667673, "daily_article_count": 6, "30_day_error_count": 1, "threshold_warn": 10.168518232827182, "30_day_warn_count": 4, "daily_sd": 0.6109225838472635, "threshold_error": 13.169444015907388}, "pertu": {"sample_sd": 0.60461190490723515, "sample_mean": 0.36666666666676662, "daily_article_count": 0, "30_day_error_count": 1, "threshold_warn": 1.5758904764812369, "30_day_warn_count": 0, "daily_sd": -0.60644963106213368, "threshold_error": 2.1805023813884721}, "moldf": {"sample_sd": 0.24944382578492943, "sample_mean": 0.066666666666766669, "daily_article_count": 0, "30_day_error_count": 14, "threshold_warn": 0.5655543182366255, "30_day_warn_count": 1, "daily_sd": -0.2672612419128253, "threshold_error": 0.81499814402155502}, "chole": {"sample_sd": 2.3872345693058508, "sample_mean": 2.6333333333334332, "daily_article_count": 2, "30_day_error_count": 0, "threshold_warn": 7.4078024719451347, "30_day_warn_count": 0, "daily_sd": -0.26530000087825095, "threshold_error": 9.7950370412509855}, "hepat": {"sample_sd": 1.5563490039905001, "sample_mean": 1.3333333333334332, "daily_article_count": 1, "30_day_error_count": 2, "threshold_warn": 4.4460313413144332, "30_day_warn_count": 0, "daily_sd": -0.21417646843912383, "threshold_error": 6.0023803453049336}, "chiku": {"sample_sd": 0.37267799624996495, "sample_mean": 0.16666666666676666, "daily_article_count": 1, "30_day_error_count": 10, "threshold_warn": 0.91202265916669656, "30_day_warn_count": 2, "daily_sd": 2.2360679774995216, "threshold_error": 1.2847006554166616}, "yello": {"sample_sd": 0.44221663871405326, "sample_mean": 0.26666666666676664, "daily_article_count": 1, "30_day_error_count": 0, "threshold_warn": 1.1510999440948733, "30_day_warn_count": 0, "daily_sd": 1.6583123951774741, "threshold_error": 1.5933165828089262}, "menin": {"sample_sd": 3.8011694107062484, "sample_mean": 2.8666666666667666, "daily_article_count": 2, "30_day_error_count": 0, "threshold_warn": 10.469005488079263, "30_day_warn_count": 0, "daily_sd": -0.22800001079292648, "threshold_error": 14.270174898785513}, "plagu": {"sample_sd": 0.17950549357115009, "sample_mean": 0.033333333333433336, "daily_article_count": 0, "30_day_error_count": 3, "threshold_warn": 0.39234432047573353, "30_day_warn_count": 0, "daily_sd": -0.18569533817760903, "threshold_error": 0.57184981404688362}, "westn": {"sample_sd": 1.1455226851626386, "sample_mean": 0.43333333333343332, "daily_article_count": 1, "30_day_error_count": 0, "threshold_warn": 2.7243787036587106, "30_day_warn_count": 0, "daily_sd": 0.4946795676823395, "threshold_error": 3.8699013888213494}, "swine": {"sample_sd": 2.1052843566184167, "sample_mean": 2.3666666666667666, "daily_article_count": 0, "30_day_error_count": 0, "threshold_warn": 6.5772353799036001, "30_day_warn_count": 0, "daily_sd": -1.1241553471038903, "threshold_error": 8.6825197365220177}, "measl": {"sample_sd": 3.8327535793473602, "sample_mean": 7.1000000000001, "daily_article_count": 6, "30_day_error_count": 3, "threshold_warn": 14.76550715869482, "30_day_warn_count": 5, "daily_sd": -0.28699992765707821, "threshold_error": 18.598260738042182}, "dengu": {"sample_sd": 2.337139752394414, "sample_mean": 3.2666666666667665, "daily_article_count": 3, "30_day_error_count": 5, "threshold_warn": 7.9409461714555949, "30_day_warn_count": 3, "daily_sd": -0.11409958107706862, "threshold_error": 10.278085923850009}, "ebola": {"sample_sd": 3.1084115271666044, "sample_mean": 1.0666666666667666, "daily_article_count": 9, "30_day_error_count": 25, "threshold_warn": 7.2834897209999756, "30_day_warn_count": 24, "daily_sd": 2.552214616371812, "threshold_error": 10.39190124816658}, "unkno": {"sample_sd": 19.422466944809617, "sample_mean": 40.366666666666767, "daily_article_count": 41, "30_day_error_count": 0, "threshold_warn": 79.211600556286001, "30_day_warn_count": 0, "daily_sd": 0.032608284783436477, "threshold_error": 98.634067501095615}, "mumps": {"sample_sd": 1.6918103387266026, "sample_mean": 0.93333333333343338, "daily_article_count": 1, "30_day_error_count": 4, "threshold_warn": 4.3169540107866382, "30_day_warn_count": 12, "daily_sd": 0.039405520311895897, "threshold_error": 6.0087643495132408}}