{"hemmo": {"sample_sd": 0.9480975102218594, "sample_mean": 0.63333333333343333, "daily_article_count": 0, "30_day_error_count": 1, "threshold_warn": 2.529528353777152, "30_day_warn_count": 0, "daily_sd": -0.66800442623800405, "threshold_error": 3.4776258639990116}, "mersc": {"sample_sd": 2.0645150089602695, "sample_mean": 3.0666666666667668, "daily_article_count": 3, "30_day_error_count": 0, "threshold_warn": 7.1956966845873058, "30_day_warn_count": 0, "daily_sd": -0.032291684186079833, "threshold_error": 9.2602116935475749}, "influ": {"sample_sd": 4.8876260995383936, "sample_mean": 8.6666666666667656, "daily_article_count": 15, "30_day_error_count": 7, "threshold_warn": 18.441918865743553, "30_day_warn_count": 0, "daily_sd": 1.2957892449938793, "threshold_error": 23.329544965281947}, "pertu": {"sample_sd": 1.1352924243950935, "sample_mean": 1.3333333333334332, "daily_article_count": 3, "30_day_error_count": 0, "threshold_warn": 3.6039181821236204, "30_day_warn_count": 0, "daily_sd": 1.4680505487866706, "threshold_error": 4.7392106065187134}, "moldf": {"sample_sd": 0.66749947981669278, "sample_mean": 0.43333333333343332, "daily_article_count": 0, "30_day_error_count": 0, "threshold_warn": 1.7683322929668188, "30_day_warn_count": 0, "daily_sd": -0.64918902027074887, "threshold_error": 2.4358317727835117}, "chole": {"sample_sd": 3.7119925766209296, "sample_mean": 4.2333333333334338, "daily_article_count": 1, "30_day_error_count": 0, "threshold_warn": 11.657318486575292, "30_day_warn_count": 0, "daily_sd": -0.87105059253021866, "threshold_error": 15.369311063196223}, "hepat": {"sample_sd": 1.390443574307614, "sample_mean": 2.0000000000000999, "daily_article_count": 3, "30_day_error_count": 2, "threshold_warn": 4.7808871486153279, "30_day_warn_count": 0, "daily_sd": 0.71919495222800434, "threshold_error": 6.1713307229229422}, "chiku": {"sample_sd": 2.1343747458109497, "sample_mean": 2.6666666666667664, "daily_article_count": 1, "30_day_error_count": 0, "threshold_warn": 6.9354161582886658, "30_day_warn_count": 0, "daily_sd": -0.78086880944307702, "threshold_error": 9.0697909040996159}, "yello": {"sample_sd": 0.51207638319124049, "sample_mean": 0.26666666666676664, "daily_article_count": 0, "30_day_error_count": 1, "threshold_warn": 1.2908194330492475, "30_day_warn_count": 0, "daily_sd": -0.52075564392349072, "threshold_error": 1.802895816240488}, "menin": {"sample_sd": 3.5377331097124265, "sample_mean": 4.1333333333334341, "daily_article_count": 1, "30_day_error_count": 0, "threshold_warn": 11.208799552758286, "30_day_warn_count": 0, "daily_sd": -0.8856895746972091, "threshold_error": 14.746532662470713}, "plagu": {"sample_sd": 0.54160256030906384, "sample_mean": 0.20000000000010001, "daily_article_count": 0, "30_day_error_count": 7, "threshold_warn": 1.2832051206182278, "30_day_warn_count": 2, "daily_sd": -0.369274472938183, "threshold_error": 1.8248076809272917}, "westn": {"sample_sd": 1.7387735140993301, "sample_mean": 1.1000000000001, "daily_article_count": 0, "30_day_error_count": 0, "threshold_warn": 4.5775470281987598, "30_day_warn_count": 0, "daily_sd": -0.63262983423685903, "threshold_error": 6.3163205422980901}, "swine": {"sample_sd": 1.3888444437333107, "sample_mean": 1.0666666666667666, "daily_article_count": 2, "30_day_error_count": 2, "threshold_warn": 3.8443555541333883, "30_day_warn_count": 0, "daily_sd": 0.67202150503217506, "threshold_error": 5.2331999978666994}, "measl": {"sample_sd": 1.7950549357115013, "sample_mean": 1.6666666666667667, "daily_article_count": 2, "30_day_error_count": 2, "threshold_warn": 5.2567765380897695, "30_day_warn_count": 3, "daily_sd": 0.18569533817699616, "threshold_error": 7.0518314738012702}, "dengu": {"sample_sd": 2.5394662606321208, "sample_mean": 7.8666666666667666, "daily_article_count": 2, "30_day_error_count": 0, "threshold_warn": 12.945599187931009, "30_day_warn_count": 0, "daily_sd": -2.310196736067855, "threshold_error": 15.485065448563128}, "ebola": {"sample_sd": 495.52556162343654, "sample_mean": 941.53333333333342, "daily_article_count": 125, "30_day_error_count": 0, "threshold_warn": 1932.5844565802065, "30_day_warn_count": 0, "daily_sd": -1.6478127397872553, "threshold_error": 2428.110018203643}, "unkno": {"sample_sd": 18.200244198605933, "sample_mean": 47.866666666666767, "daily_article_count": 46, "30_day_error_count": 2, "threshold_warn": 84.267155063878633, "30_day_warn_count": 0, "daily_sd": -0.10256272642812923, "threshold_error": 102.46739926248458}, "mumps": {"sample_sd": 0.47609522856952335, "sample_mean": 0.20000000000010001, "daily_article_count": 0, "30_day_error_count": 3, "threshold_warn": 1.1521904571391468, "30_day_warn_count": 0, "daily_sd": -0.42008402520861299, "threshold_error": 1.6282856857086703}}