{"hemmo": {"sample_sd": 0.17950549357115014, "sample_mean": 0.033333333333433336, "daily_article_count": 0, "30_day_error_count": 7, "threshold_warn": 0.39234432047573364, "30_day_warn_count": 0, "daily_sd": -0.18569533817760894, "threshold_error": 0.57184981404688373}, "mersc": {"sample_sd": 4.2354325503883175, "sample_mean": 6.1666666666667673, "daily_article_count": 1, "30_day_error_count": 0, "threshold_warn": 14.637531767443402, "30_day_warn_count": 0, "daily_sd": -1.2198675354169131, "threshold_error": 18.87296431783172}, "influ": {"sample_sd": 4.2000000000000002, "sample_mean": 8.4000000000000998, "daily_article_count": 35, "30_day_error_count": 8, "threshold_warn": 16.8000000000001, "30_day_warn_count": 6, "daily_sd": 6.3333333333333099, "threshold_error": 21.000000000000099}, "pertu": {"sample_sd": 1.1813363431112898, "sample_mean": 1.7333333333334333, "daily_article_count": 3, "30_day_error_count": 0, "threshold_warn": 4.0960060195560128, "30_day_warn_count": 0, "daily_sd": 1.0722320311678062, "threshold_error": 5.2773423626673033}, "moldf": {"sample_sd": 0.83599574693229672, "sample_mean": 0.63333333333343333, "daily_article_count": 4, "30_day_error_count": 2, "threshold_warn": 2.3053248271980267, "30_day_warn_count": 0, "daily_sd": 4.0271337252858261, "threshold_error": 3.1413205741303232}, "chole": {"sample_sd": 5.9717855137489844, "sample_mean": 4.0666666666667668, "daily_article_count": 7, "30_day_error_count": 0, "threshold_warn": 16.010237694164736, "30_day_warn_count": 0, "daily_sd": 0.49119870875800042, "threshold_error": 21.98202320791372}, "hepat": {"sample_sd": 2.1898756940875783, "sample_mean": 2.7333333333334333, "daily_article_count": 16, "30_day_error_count": 4, "threshold_warn": 7.1130847215085904, "30_day_warn_count": 0, "daily_sd": 6.058182527202387, "threshold_error": 9.3029604155961678}, "chiku": {"sample_sd": 1.711399687065791, "sample_mean": 1.0666666666667666, "daily_article_count": 0, "30_day_error_count": 0, "threshold_warn": 4.4894660407983489, "30_day_warn_count": 0, "daily_sd": -0.62327150970535439, "threshold_error": 6.2008657278641399}, "yello": {"sample_sd": 0.45338235029118146, "sample_mean": 0.16666666666676666, "daily_article_count": 0, "30_day_error_count": 0, "threshold_warn": 1.0734313672491296, "30_day_warn_count": 0, "daily_sd": -0.36760731104712441, "threshold_error": 1.5268137175403111}, "menin": {"sample_sd": 5.3187300071435191, "sample_mean": 5.3333333333334334, "daily_article_count": 3, "30_day_error_count": 0, "threshold_warn": 15.970793347620472, "30_day_warn_count": 0, "daily_sd": -0.43870121818546209, "threshold_error": 21.289523354763993}, "plagu": {"sample_sd": 1.5088627063675033, "sample_mean": 1.3000000000001, "daily_article_count": 0, "30_day_error_count": 2, "threshold_warn": 4.3177254127351068, "30_day_warn_count": 0, "daily_sd": -0.8615760695217739, "threshold_error": 5.8265881191026097}, "westn": {"sample_sd": 4.5024684587703918, "sample_mean": 8.1666666666667656, "daily_article_count": 4, "30_day_error_count": 0, "threshold_warn": 17.171603584207549, "30_day_warn_count": 0, "daily_sd": -0.92541829105998163, "threshold_error": 21.67407204297794}, "swine": {"sample_sd": 1.3564659966250534, "sample_mean": 2.4000000000000998, "daily_article_count": 7, "30_day_error_count": 4, "threshold_warn": 5.1129319932502071, "30_day_warn_count": 0, "daily_sd": 3.3911649915625612, "threshold_error": 6.4693979898752598}, "measl": {"sample_sd": 3.6363901514184822, "sample_mean": 4.9000000000001007, "daily_article_count": 17, "30_day_error_count": 1, "threshold_warn": 12.172780302837065, "30_day_warn_count": 0, "daily_sd": 3.3274757372445123, "threshold_error": 15.809170454255547}, "dengu": {"sample_sd": 4.194705657797166, "sample_mean": 10.066666666666766, "daily_article_count": 20, "30_day_error_count": 19, "threshold_warn": 18.4560779822611, "30_day_warn_count": 24, "daily_sd": 2.3680644468746079, "threshold_error": 22.650783640058265}, "ebola": {"sample_sd": 10.763312170929956, "sample_mean": 29.533333333333434, "daily_article_count": 115, "30_day_error_count": 1, "threshold_warn": 51.059957675193345, "30_day_warn_count": 0, "daily_sd": 7.9405544788990552, "threshold_error": 61.823269846123296}, "unkno": {"sample_sd": 19.33623541437164, "sample_mean": 58.100000000000101, "daily_article_count": 93, "30_day_error_count": 0, "threshold_warn": 96.77247082874338, "30_day_warn_count": 0, "daily_sd": 1.8049014842910169, "threshold_error": 116.10870624311502}, "mumps": {"sample_sd": 0.81377037438224675, "sample_mean": 0.73333333333343331, "daily_article_count": 1, "30_day_error_count": 0, "threshold_warn": 2.3608740820979266, "30_day_warn_count": 2, "daily_sd": 0.32769276820749338, "threshold_error": 3.1746444564801735}}