{"hemmo": {"sample_sd": 0.17950549357115009, "sample_mean": 0.033333333333333333, "daily_article_count": 0, "30_day_error_count": 1, "threshold_warn": 0.3923443204756335, "30_day_warn_count": 0, "daily_sd": -0.18569533817705192, "threshold_error": 0.57184981404678359}, "mersc": {"sample_sd": 5.5099909255823647, "sample_mean": 6.7999999999999998, "daily_article_count": 0, "30_day_error_count": 0, "threshold_warn": 17.81998185116473, "30_day_warn_count": 0, "daily_sd": -1.2341218146890669, "threshold_error": 23.329972776747095}, "influ": {"sample_sd": 5.6902450640450351, "sample_mean": 10.233333333333333, "daily_article_count": 13, "30_day_error_count": 1, "threshold_warn": 21.613823461423401, "30_day_warn_count": 0, "daily_sd": 0.48621221678981996, "threshold_error": 27.304068525468438}, "pertu": {"sample_sd": 1.5423647068345696, "sample_mean": 1.7666666666666666, "daily_article_count": 1, "30_day_error_count": 0, "threshold_warn": 4.8513960803358058, "30_day_warn_count": 0, "daily_sd": -0.49707223153472835, "threshold_error": 6.3937607871703754}, "moldf": {"sample_sd": 0.99777530313971763, "sample_mean": 0.73333333333333328, "daily_article_count": 0, "30_day_error_count": 0, "threshold_warn": 2.7288839396127686, "30_day_warn_count": 0, "daily_sd": -0.73496841525916701, "threshold_error": 3.7266592427524863}, "chole": {"sample_sd": 3.9778553685790707, "sample_mean": 5.0999999999999996, "daily_article_count": 2, "30_day_error_count": 0, "threshold_warn": 13.05571073715814, "30_day_warn_count": 0, "daily_sd": -0.77931440757921533, "threshold_error": 17.033566105737211}, "hepat": {"sample_sd": 6.4173376272580676, "sample_mean": 5.8666666666666663, "daily_article_count": 1, "30_day_error_count": 0, "threshold_warn": 18.701341921182802, "30_day_warn_count": 0, "daily_sd": -0.75836226007420526, "threshold_error": 25.11867954844087}, "chiku": {"sample_sd": 1.8749814813900312, "sample_mean": 1.8666666666666667, "daily_article_count": 0, "30_day_error_count": 0, "threshold_warn": 5.6166296294467291, "30_day_warn_count": 0, "daily_sd": -0.99556538834868902, "threshold_error": 7.4916111108367609}, "yello": {"sample_sd": 0.66332495807108005, "sample_mean": 0.40000000000000002, "daily_article_count": 0, "30_day_error_count": 0, "threshold_warn": 1.72664991614216, "30_day_warn_count": 0, "daily_sd": -0.60302268915552726, "threshold_error": 2.3899748742132401}, "menin": {"sample_sd": 2.94561821468205, "sample_mean": 4.2999999999999998, "daily_article_count": 2, "30_day_error_count": 0, "threshold_warn": 10.1912364293641, "30_day_warn_count": 0, "daily_sd": -0.78082080988498426, "threshold_error": 13.136854644046149}, "plagu": {"sample_sd": 0.42295258468165059, "sample_mean": 0.23333333333333334, "daily_article_count": 0, "30_day_error_count": 0, "threshold_warn": 1.0792385026966345, "30_day_warn_count": 0, "daily_sd": -0.55167728436737062, "threshold_error": 1.5021910873782851}, "westn": {"sample_sd": 0.66332495807108005, "sample_mean": 0.40000000000000002, "daily_article_count": 1, "30_day_error_count": 1, "threshold_warn": 1.72664991614216, "30_day_warn_count": 0, "daily_sd": 0.90453403373329078, "threshold_error": 2.3899748742132401}, "swine": {"sample_sd": 22.966255438988934, "sample_mean": 46.133333333333333, "daily_article_count": 4, "30_day_error_count": 0, "threshold_warn": 92.065844211311202, "30_day_warn_count": 0, "daily_sd": -1.8345756645119073, "threshold_error": 115.03209965030013}, "measl": {"sample_sd": 57.504482917034863, "sample_mean": 74.966666666666669, "daily_article_count": 6, "30_day_error_count": 0, "threshold_warn": 189.9756325007364, "30_day_warn_count": 0, "daily_sd": -1.1993267858119685, "threshold_error": 247.48011541777126}, "dengu": {"sample_sd": 2.5907956735764057, "sample_mean": 4.2333333333333334, "daily_article_count": 4, "30_day_error_count": 1, "threshold_warn": 9.4149246804861448, "30_day_warn_count": 0, "daily_sd": -0.090062422024672295, "threshold_error": 12.00572035406255}, "ebola": {"sample_sd": 37.119985632181127, "sample_mean": 86.799999999999997, "daily_article_count": 24, "30_day_error_count": 0, "threshold_warn": 161.03997126436224, "30_day_warn_count": 0, "daily_sd": -1.6918109996668644, "threshold_error": 198.15995689654338}, "unkno": {"sample_sd": 30.810964859211328, "sample_mean": 62.866666666666667, "daily_article_count": 61, "30_day_error_count": 0, "threshold_warn": 124.48859638508932, "30_day_warn_count": 0, "daily_sd": -0.060584492410292158, "threshold_error": 155.29956124430066}, "mumps": {"sample_sd": 0.71180521680208753, "sample_mean": 0.40000000000000002, "daily_article_count": 0, "30_day_error_count": 0, "threshold_warn": 1.8236104336041752, "30_day_warn_count": 0, "daily_sd": -0.56195148694901631, "threshold_error": 2.5354156504062626}}