{"hemmo": {"sample_sd": 0.49553562491061681, "sample_mean": 0.23333333333343334, "daily_article_count": 0, "30_day_error_count": 0, "threshold_warn": 1.224404583154667, "30_day_warn_count": 0, "daily_sd": -0.47087095579762056, "threshold_error": 1.7199402080652837}, "mersc": {"sample_sd": 1.2092238098144705, "sample_mean": 1.0666666666667666, "daily_article_count": 14, "30_day_error_count": 13, "threshold_warn": 3.4851142862957074, "30_day_warn_count": 5, "daily_sd": 10.695566220547358, "threshold_error": 4.6943380961101786}, "influ": {"sample_sd": 14.067653993786202, "sample_mean": 23.966666666666764, "daily_article_count": 11, "30_day_error_count": 0, "threshold_warn": 52.101974654239172, "30_day_warn_count": 0, "daily_sd": -0.92173625200010234, "threshold_error": 66.169628648025366}, "pertu": {"sample_sd": 0.75718777944003646, "sample_mean": 0.60000000000010001, "daily_article_count": 1, "30_day_error_count": 13, "threshold_warn": 2.1143755588801731, "30_day_warn_count": 11, "daily_sd": 0.52827054379524219, "threshold_error": 2.8715633383202093}, "moldf": {"sample_sd": 0.66332495807108005, "sample_mean": 0.4000000000001, "daily_article_count": 1, "30_day_error_count": 1, "threshold_warn": 1.7266499161422602, "30_day_warn_count": 0, "daily_sd": 0.9045340337331399, "threshold_error": 2.38997487421334}, "chole": {"sample_sd": 4.853521058640486, "sample_mean": 3.9000000000000998, "daily_article_count": 13, "30_day_error_count": 0, "threshold_warn": 13.607042117281072, "30_day_warn_count": 0, "daily_sd": 1.8749274784333356, "threshold_error": 18.460563175921557}, "hepat": {"sample_sd": 1.4161763857498668, "sample_mean": 1.1666666666667667, "daily_article_count": 14, "30_day_error_count": 9, "threshold_warn": 3.9990194381665001, "30_day_warn_count": 6, "daily_sd": 9.0619596982885504, "threshold_error": 5.4151958239163669}, "chiku": {"sample_sd": 1.5832456116050557, "sample_mean": 1.6000000000001, "daily_article_count": 1, "30_day_error_count": 3, "threshold_warn": 4.7664912232102115, "30_day_warn_count": 0, "daily_sd": -0.37896836447999666, "threshold_error": 6.3497368348152667}, "yello": {"sample_sd": 0.29999999999999999, "sample_mean": 0.10000000000010001, "daily_article_count": 0, "30_day_error_count": 3, "threshold_warn": 0.70000000000009999, "30_day_warn_count": 0, "daily_sd": -0.33333333333366671, "threshold_error": 1.0000000000000999}, "menin": {"sample_sd": 1.9561867668161614, "sample_mean": 2.2000000000001001, "daily_article_count": 1, "30_day_error_count": 5, "threshold_warn": 6.1123735336324234, "30_day_warn_count": 0, "daily_sd": -0.61343835893194842, "threshold_error": 8.0685603004485849}, "plagu": {"sample_sd": 0.17950549357115014, "sample_mean": 0.033333333333433336, "daily_article_count": 1, "30_day_error_count": 6, "threshold_warn": 0.39234432047573364, "30_day_warn_count": 0, "daily_sd": 5.3851648071339469, "threshold_error": 0.57184981404688373}, "westn": {"sample_sd": 0.37267799624996495, "sample_mean": 0.16666666666676666, "daily_article_count": 2, "30_day_error_count": 3, "threshold_warn": 0.91202265916669656, "30_day_warn_count": 0, "daily_sd": 4.9193495504992688, "threshold_error": 1.2847006554166616}, "swine": {"sample_sd": 7.1212514505683773, "sample_mean": 7.766666666666767, "daily_article_count": 95, "30_day_error_count": 12, "threshold_warn": 22.009169567803522, "30_day_warn_count": 19, "daily_sd": 12.249719580730543, "threshold_error": 29.130421018371898}, "measl": {"sample_sd": 15.562097830591123, "sample_mean": 13.766666666666767, "daily_article_count": 33, "30_day_error_count": 21, "threshold_warn": 44.890862327849014, "30_day_warn_count": 24, "daily_sd": 1.2359087793115782, "threshold_error": 60.452960158440135}, "dengu": {"sample_sd": 1.8, "sample_mean": 2.4000000000000998, "daily_article_count": 7, "30_day_error_count": 3, "threshold_warn": 6.0000000000000995, "30_day_warn_count": 0, "daily_sd": 2.5555555555554998, "threshold_error": 7.8000000000001002}, "ebola": {"sample_sd": 62.622147306949905, "sample_mean": 115.0000000000001, "daily_article_count": 106, "30_day_error_count": 0, "threshold_warn": 240.24429461389991, "30_day_warn_count": 0, "daily_sd": -0.14371912154154551, "threshold_error": 302.86644192084981}, "unkno": {"sample_sd": 23.910574136886709, "sample_mean": 56.133333333333432, "daily_article_count": 148, "30_day_error_count": 1, "threshold_warn": 103.95448160710686, "30_day_warn_count": 0, "daily_sd": 3.8420937172288294, "threshold_error": 127.86505574399357}, "mumps": {"sample_sd": 0.37267799624996495, "sample_mean": 0.16666666666676666, "daily_article_count": 0, "30_day_error_count": 4, "threshold_warn": 0.91202265916669656, "30_day_warn_count": 0, "daily_sd": -0.44721359550022627, "threshold_error": 1.2847006554166616}}