{"hemmo": {"sample_sd": 0.0, "sample_mean": 0.0, "daily_article_count": 0, "30_day_error_count": 30, "threshold_warn": 0.0, "30_day_warn_count": 0, "daily_sd": 0, "threshold_error": 0.0}, "mersc": {"sample_sd": 6.5814554283650324, "sample_mean": 8.4666666666666668, "daily_article_count": 2, "30_day_error_count": 0, "threshold_warn": 21.629577523396733, "30_day_warn_count": 0, "daily_sd": -0.98255875726155584, "threshold_error": 28.211032951761766}, "influ": {"sample_sd": 2.3192431715731945, "sample_mean": 2.2333333333333334, "daily_article_count": 4, "30_day_error_count": 2, "threshold_warn": 6.8718196764797224, "30_day_warn_count": 0, "daily_sd": 0.76174274794492425, "threshold_error": 9.1910628480529155}, "pertu": {"sample_sd": 3.610016928245936, "sample_mean": 2.6333333333333333, "daily_article_count": 2, "30_day_error_count": 0, "threshold_warn": 9.8533671898252049, "30_day_warn_count": 0, "daily_sd": -0.17543777381705034, "threshold_error": 13.46338411807114}, "moldf": {"sample_sd": 0.66749947981669278, "sample_mean": 0.23333333333333334, "daily_article_count": 0, "30_day_error_count": 0, "threshold_warn": 1.5683322929667189, "30_day_warn_count": 0, "daily_sd": -0.34956331860724571, "threshold_error": 2.2358317727834116}, "chole": {"sample_sd": 2.4560582693051525, "sample_mean": 4.0333333333333332, "daily_article_count": 8, "30_day_error_count": 4, "threshold_warn": 8.9454498719436373, "30_day_warn_count": 0, "daily_sd": 1.6150539733688334, "threshold_error": 11.40150814124879}, "hepat": {"sample_sd": 1.521694961401777, "sample_mean": 1.4666666666666666, "daily_article_count": 1, "30_day_error_count": 6, "threshold_warn": 4.5100565894702207, "30_day_warn_count": 1, "daily_sd": -0.30667556803682638, "threshold_error": 6.0317515508719977}, "chiku": {"sample_sd": 6.900885611443087, "sample_mean": 9.6666666666666661, "daily_article_count": 4, "30_day_error_count": 1, "threshold_warn": 23.468437889552838, "30_day_warn_count": 0, "daily_sd": -0.82115064438543484, "threshold_error": 30.369323500995925}, "yello": {"sample_sd": 0.86922698736035298, "sample_mean": 0.33333333333333331, "daily_article_count": 0, "30_day_error_count": 0, "threshold_warn": 2.0717873080540392, "30_day_warn_count": 0, "daily_sd": -0.38348249442368526, "threshold_error": 2.9410142954143925}, "menin": {"sample_sd": 1.738453974720706, "sample_mean": 1.6666666666666667, "daily_article_count": 2, "30_day_error_count": 1, "threshold_warn": 5.1435746161080784, "30_day_warn_count": 0, "daily_sd": 0.1917412472118426, "threshold_error": 6.882028590828785}, "plagu": {"sample_sd": 0.17950549357115012, "sample_mean": 0.033333333333333333, "daily_article_count": 0, "30_day_error_count": 11, "threshold_warn": 0.39234432047563356, "30_day_warn_count": 0, "daily_sd": -0.18569533817705189, "threshold_error": 0.5718498140467837}, "westn": {"sample_sd": 1.8502252115170554, "sample_mean": 2.8999999999999999, "daily_article_count": 7, "30_day_error_count": 1, "threshold_warn": 6.6004504230341112, "30_day_warn_count": 0, "daily_sd": 2.2159464558578175, "threshold_error": 8.4506756345511658}, "swine": {"sample_sd": 1.7688665548562132, "sample_mean": 1.0666666666666667, "daily_article_count": 0, "30_day_error_count": 0, "threshold_warn": 4.6043997763790934, "30_day_warn_count": 0, "daily_sd": -0.60302268915552726, "threshold_error": 6.3732663312353059}, "measl": {"sample_sd": 4.1773197148410848, "sample_mean": 6.5, "daily_article_count": 0, "30_day_error_count": 1, "threshold_warn": 14.85463942968217, "30_day_warn_count": 0, "daily_sd": -1.5560216702846446, "threshold_error": 19.031959144523256}, "dengu": {"sample_sd": 3.0369941279714934, "sample_mean": 3.8999999999999999, "daily_article_count": 4, "30_day_error_count": 1, "threshold_warn": 9.9739882559429862, "30_day_warn_count": 2, "daily_sd": 0.032927294484692775, "threshold_error": 13.010982383914481}, "ebola": {"sample_sd": 15.576656323557447, "sample_mean": 19.033333333333335, "daily_article_count": 578, "30_day_error_count": 11, "threshold_warn": 50.186645980448233, "30_day_warn_count": 6, "daily_sd": 35.884894360884765, "threshold_error": 65.763302304005677}, "unkno": {"sample_sd": 24.914431337858964, "sample_mean": 56.733333333333334, "daily_article_count": 77, "30_day_error_count": 5, "threshold_warn": 106.56219600905126, "30_day_warn_count": 3, "daily_sd": 0.81345090288576072, "threshold_error": 131.47662734691022}, "mumps": {"sample_sd": 0.49553562491061676, "sample_mean": 0.23333333333333334, "daily_article_count": 0, "30_day_error_count": 1, "threshold_warn": 1.2244045831545669, "30_day_warn_count": 0, "daily_sd": -0.47087095579741883, "threshold_error": 1.7199402080651836}}