{"hemmo": {"sample_sd": 0.35901098714230029, "sample_mean": 0.066666666666766669, "daily_article_count": 1, "30_day_error_count": 4, "threshold_warn": 0.78468864095136726, "30_day_warn_count": 0, "daily_sd": 2.5997347344784472, "threshold_error": 1.1436996280936673}, "mersc": {"sample_sd": 2.404856198057034, "sample_mean": 1.5000000000000999, "daily_article_count": 33, "30_day_error_count": 9, "threshold_warn": 6.3097123961141683, "30_day_warn_count": 5, "daily_sd": 13.09849629489274, "threshold_error": 8.714568594171201}, "influ": {"sample_sd": 3.3481338085566419, "sample_mean": 4.7000000000001005, "daily_article_count": 2, "30_day_error_count": 1, "threshold_warn": 11.396267617113384, "30_day_warn_count": 4, "daily_sd": -0.80641938297085336, "threshold_error": 14.744401425670025}, "pertu": {"sample_sd": 0.60461190490723515, "sample_mean": 0.36666666666676662, "daily_article_count": 2, "30_day_error_count": 1, "threshold_warn": 1.5758904764812369, "30_day_warn_count": 0, "daily_sd": 2.701457447457694, "threshold_error": 2.1805023813884721}, "moldf": {"sample_sd": 0.33993463423951903, "sample_mean": 0.13333333333343333, "daily_article_count": 3, "30_day_error_count": 7, "threshold_warn": 0.81320260181247139, "30_day_warn_count": 0, "daily_sd": 8.4329938109416194, "threshold_error": 1.1531372360519905}, "chole": {"sample_sd": 2.3907228102721483, "sample_mean": 2.5333333333334331, "daily_article_count": 0, "30_day_error_count": 0, "threshold_warn": 7.3147789538777293, "30_day_warn_count": 0, "daily_sd": -1.0596516344130462, "threshold_error": 9.7055017641498775}, "hepat": {"sample_sd": 1.559558342038611, "sample_mean": 1.3666666666667666, "daily_article_count": 1, "30_day_error_count": 2, "threshold_warn": 4.4857833507439882, "30_day_warn_count": 0, "daily_sd": -0.23510929779482967, "threshold_error": 6.0453416927825998}, "chiku": {"sample_sd": 0.37267799624996495, "sample_mean": 0.16666666666676666, "daily_article_count": 0, "30_day_error_count": 10, "threshold_warn": 0.91202265916669656, "30_day_warn_count": 2, "daily_sd": -0.44721359550022627, "threshold_error": 1.2847006554166616}, "yello": {"sample_sd": 0.44221663871405326, "sample_mean": 0.26666666666676664, "daily_article_count": 0, "30_day_error_count": 0, "threshold_warn": 1.1510999440948733, "30_day_warn_count": 0, "daily_sd": -0.60302268915575341, "threshold_error": 1.5933165828089262}, "menin": {"sample_sd": 3.0832882879592476, "sample_mean": 2.6000000000001, "daily_article_count": 0, "30_day_error_count": 2, "threshold_warn": 8.7665765759185952, "30_day_warn_count": 0, "daily_sd": -0.84325556262563295, "threshold_error": 11.849864863877844}, "plagu": {"sample_sd": 0.17950549357115009, "sample_mean": 0.033333333333433336, "daily_article_count": 0, "30_day_error_count": 3, "threshold_warn": 0.39234432047573353, "30_day_warn_count": 0, "daily_sd": -0.18569533817760903, "threshold_error": 0.57184981404688362}, "westn": {"sample_sd": 1.1455226851626386, "sample_mean": 0.43333333333343332, "daily_article_count": 0, "30_day_error_count": 0, "threshold_warn": 2.7243787036587106, "30_day_warn_count": 0, "daily_sd": -0.37828437528664893, "threshold_error": 3.8699013888213494}, "swine": {"sample_sd": 2.3513589451397863, "sample_mean": 2.7333333333334333, "daily_article_count": 0, "30_day_error_count": 0, "threshold_warn": 7.4360512236130063, "30_day_warn_count": 0, "daily_sd": -1.1624483531037151, "threshold_error": 9.7874101687527926}, "measl": {"sample_sd": 3.7423997054771627, "sample_mean": 7.1666666666667673, "daily_article_count": 10, "30_day_error_count": 3, "threshold_warn": 14.651466077621093, "30_day_warn_count": 5, "daily_sd": 0.75708998405128336, "threshold_error": 18.393865783098256}, "dengu": {"sample_sd": 2.4810392087904529, "sample_mean": 3.6666666666667664, "daily_article_count": 0, "30_day_error_count": 5, "threshold_warn": 8.6287450842476723, "30_day_warn_count": 3, "daily_sd": -1.4778753409763026, "threshold_error": 11.109784293038125}, "ebola": {"sample_sd": 0.91954094827558142, "sample_mean": 0.43333333333343332, "daily_article_count": 8, "30_day_error_count": 29, "threshold_warn": 2.2724152298845963, "30_day_warn_count": 24, "daily_sd": 8.2287435712964871, "threshold_error": 3.191956178160178}, "unkno": {"sample_sd": 19.462927723124174, "sample_mean": 42.833333333333435, "daily_article_count": 25, "30_day_error_count": 0, "threshold_warn": 81.759188779581791, "30_day_warn_count": 0, "daily_sd": -0.91627187785039166, "threshold_error": 101.22211650270596}, "mumps": {"sample_sd": 1.6918103387266026, "sample_mean": 0.93333333333343338, "daily_article_count": 3, "30_day_error_count": 4, "threshold_warn": 4.3169540107866382, "30_day_warn_count": 12, "daily_sd": 1.2215711296705469, "threshold_error": 6.0087643495132408}}