{"hemmo": {"sample_sd": 0.17950549357115012, "sample_mean": 0.033333333333333333, "daily_article_count": 0, "30_day_error_count": 3, "threshold_warn": 0.39234432047563356, "30_day_warn_count": 0, "daily_sd": -0.18569533817705189, "threshold_error": 0.5718498140467837}, "mersc": {"sample_sd": 2.758622844826744, "sample_mean": 2.2999999999999998, "daily_article_count": 1, "30_day_error_count": 0, "threshold_warn": 7.8172456896534879, "30_day_warn_count": 0, "daily_sd": -0.47124963183636892, "threshold_error": 10.575868534480232}, "influ": {"sample_sd": 7.447594690010102, "sample_mean": 12.0, "daily_article_count": 17, "30_day_error_count": 1, "threshold_warn": 26.895189380020206, "30_day_warn_count": 0, "daily_sd": 0.67135769441196835, "threshold_error": 34.342784070030305}, "pertu": {"sample_sd": 1.1590225767142475, "sample_mean": 1.3, "daily_article_count": 0, "30_day_error_count": 3, "threshold_warn": 3.6180451534284952, "30_day_warn_count": 0, "daily_sd": -1.1216347516589489, "threshold_error": 4.7770677301427424}, "moldf": {"sample_sd": 0.58594652770823152, "sample_mean": 0.29999999999999999, "daily_article_count": 0, "30_day_error_count": 1, "threshold_warn": 1.4718930554164631, "30_day_warn_count": 0, "daily_sd": -0.5119921115897168, "threshold_error": 2.0578395831246943}, "chole": {"sample_sd": 3.229895079135269, "sample_mean": 4.6333333333333337, "daily_article_count": 8, "30_day_error_count": 0, "threshold_warn": 11.093123491603873, "30_day_warn_count": 0, "daily_sd": 1.0423455202662542, "threshold_error": 14.323018570739141}, "hepat": {"sample_sd": 1.9275776393067949, "sample_mean": 2.1333333333333333, "daily_article_count": 1, "30_day_error_count": 2, "threshold_warn": 5.9884886119469236, "30_day_warn_count": 0, "daily_sd": -0.58795729428616339, "threshold_error": 7.9160662512537172}, "chiku": {"sample_sd": 1.5563490039905001, "sample_mean": 1.6666666666666667, "daily_article_count": 1, "30_day_error_count": 0, "threshold_warn": 4.7793646746476668, "30_day_warn_count": 0, "daily_sd": -0.42835293687811943, "threshold_error": 6.3357136786381671}, "yello": {"sample_sd": 0.33993463423951903, "sample_mean": 0.13333333333333333, "daily_article_count": 0, "30_day_error_count": 2, "threshold_warn": 0.81320260181237136, "30_day_warn_count": 0, "daily_sd": -0.39223227027636803, "threshold_error": 1.1531372360518903}, "menin": {"sample_sd": 2.4946609656090208, "sample_mean": 2.8999999999999999, "daily_article_count": 5, "30_day_error_count": 2, "threshold_warn": 7.889321931218042, "30_day_warn_count": 0, "daily_sd": 0.84179775486539021, "threshold_error": 10.383982896827062}, "plagu": {"sample_sd": 0.17950549357115009, "sample_mean": 0.033333333333333333, "daily_article_count": 7, "30_day_error_count": 7, "threshold_warn": 0.3923443204756335, "30_day_warn_count": 0, "daily_sd": 38.810325679003853, "threshold_error": 0.57184981404678359}, "westn": {"sample_sd": 0.83599574693229695, "sample_mean": 0.6333333333333333, "daily_article_count": 1, "30_day_error_count": 3, "threshold_warn": 2.3053248271979272, "30_day_warn_count": 5, "daily_sd": 0.43859872255589499, "threshold_error": 3.1413205741302241}, "swine": {"sample_sd": 16.076760314883789, "sample_mean": 20.266666666666666, "daily_article_count": 1, "30_day_error_count": 0, "threshold_warn": 52.420187296434243, "30_day_warn_count": 0, "daily_sd": -1.1984172363899508, "threshold_error": 68.496947611318035}, "measl": {"sample_sd": 8.6653845205443076, "sample_mean": 13.333333333333334, "daily_article_count": 5, "30_day_error_count": 0, "threshold_warn": 30.664102374421951, "30_day_warn_count": 0, "daily_sd": -0.96168073252563335, "threshold_error": 39.329486894966259}, "dengu": {"sample_sd": 3.4215006454283579, "sample_mean": 4.4000000000000004, "daily_article_count": 7, "30_day_error_count": 0, "threshold_warn": 11.243001290856716, "30_day_warn_count": 0, "daily_sd": 0.75990048503249374, "threshold_error": 14.664501936285074}, "ebola": {"sample_sd": 37.054149565197143, "sample_mean": 74.299999999999997, "daily_article_count": 34, "30_day_error_count": 0, "threshold_warn": 148.40829913039428, "30_day_warn_count": 0, "daily_sd": -1.0875974883485517, "threshold_error": 185.46244869559143}, "unkno": {"sample_sd": 27.106805213615434, "sample_mean": 50.56666666666667, "daily_article_count": 81, "30_day_error_count": 0, "threshold_warn": 104.78027709389754, "30_day_warn_count": 0, "daily_sd": 1.1227192984751673, "threshold_error": 131.88708230751297}, "mumps": {"sample_sd": 0.33993463423951903, "sample_mean": 0.13333333333333333, "daily_article_count": 0, "30_day_error_count": 0, "threshold_warn": 0.81320260181237136, "30_day_warn_count": 0, "daily_sd": -0.39223227027636803, "threshold_error": 1.1531372360518903}}