{"hemmo": {"sample_sd": 0.84063468086123283, "sample_mean": 0.40000000000000002, "daily_article_count": 0, "30_day_error_count": 0, "threshold_warn": 2.0812693617224656, "30_day_warn_count": 0, "daily_sd": -0.47583095143088644, "threshold_error": 2.9219040425836984}, "mersc": {"sample_sd": 1.7065234314893605, "sample_mean": 1.5666666666666667, "daily_article_count": 0, "30_day_error_count": 1, "threshold_warn": 4.9797135296453874, "30_day_warn_count": 0, "daily_sd": -0.91804579870278458, "threshold_error": 6.6862369611347479}, "influ": {"sample_sd": 11.977571632940554, "sample_mean": 14.066666666666666, "daily_article_count": 23, "30_day_error_count": 2, "threshold_warn": 38.021809932547775, "30_day_warn_count": 0, "daily_sd": 0.74583843930141913, "threshold_error": 49.999381565488335}, "pertu": {"sample_sd": 1.2310790208412925, "sample_mean": 1.1333333333333333, "daily_article_count": 0, "30_day_error_count": 5, "threshold_warn": 3.5954913750159183, "30_day_warn_count": 0, "daily_sd": -0.92060161382560002, "threshold_error": 4.8265703958572104}, "moldf": {"sample_sd": 0.86216781042517077, "sample_mean": 0.69999999999999996, "daily_article_count": 0, "30_day_error_count": 0, "threshold_warn": 2.4243356208503415, "30_day_warn_count": 0, "daily_sd": -0.81190690667841203, "threshold_error": 3.2865034312755119}, "chole": {"sample_sd": 2.1210584359910709, "sample_mean": 2.6333333333333333, "daily_article_count": 2, "30_day_error_count": 0, "threshold_warn": 6.8754502053154756, "30_day_warn_count": 0, "daily_sd": -0.2985930621177848, "threshold_error": 8.996508641306546}, "hepat": {"sample_sd": 2.9365512652316039, "sample_mean": 2.1000000000000001, "daily_article_count": 1, "30_day_error_count": 0, "threshold_warn": 7.9731025304632084, "30_day_warn_count": 0, "daily_sd": -0.37458906746286408, "threshold_error": 10.909653795694812}, "chiku": {"sample_sd": 1.3597385369580761, "sample_mean": 2.1333333333333333, "daily_article_count": 0, "30_day_error_count": 0, "threshold_warn": 4.8528104072494855, "30_day_warn_count": 0, "daily_sd": -1.5689290811054721, "threshold_error": 6.2125489442075619}, "yello": {"sample_sd": 0.58214163988576628, "sample_mean": 0.16666666666666666, "daily_article_count": 0, "30_day_error_count": 0, "threshold_warn": 1.3309499464381993, "30_day_warn_count": 0, "daily_sd": -0.28629916715693399, "threshold_error": 1.9130915863239657}, "menin": {"sample_sd": 1.2565384549980507, "sample_mean": 1.2333333333333334, "daily_article_count": 0, "30_day_error_count": 2, "threshold_warn": 3.7464102433294348, "30_day_warn_count": 0, "daily_sd": -0.98153250179298868, "threshold_error": 5.0029486983274856}, "plagu": {"sample_sd": 3.5080858978460991, "sample_mean": 1.6000000000000001, "daily_article_count": 0, "30_day_error_count": 0, "threshold_warn": 8.6161717956921979, "30_day_warn_count": 0, "daily_sd": -0.45608917415117201, "threshold_error": 12.124257693538297}, "westn": {"sample_sd": 0.33993463423951903, "sample_mean": 0.13333333333333333, "daily_article_count": 0, "30_day_error_count": 0, "threshold_warn": 0.81320260181237136, "30_day_warn_count": 0, "daily_sd": -0.39223227027636803, "threshold_error": 1.1531372360518903}, "swine": {"sample_sd": 1.5933891203622828, "sample_mean": 1.1666666666666667, "daily_article_count": 6, "30_day_error_count": 8, "threshold_warn": 4.353444907391232, "30_day_warn_count": 0, "daily_sd": 3.0333665967509535, "threshold_error": 5.946834027753515}, "measl": {"sample_sd": 2.4997777679003566, "sample_mean": 2.5333333333333332, "daily_article_count": 3, "30_day_error_count": 0, "threshold_warn": 7.5328888691340463, "30_day_warn_count": 0, "daily_sd": 0.18668326147193279, "threshold_error": 10.032666637034403}, "dengu": {"sample_sd": 3.1164438423020275, "sample_mean": 5.7666666666666666, "daily_article_count": 0, "30_day_error_count": 0, "threshold_warn": 11.999554351270721, "30_day_warn_count": 0, "daily_sd": -1.8503996729833565, "threshold_error": 15.11599819357275}, "ebola": {"sample_sd": 118.90717201058798, "sample_mean": 288.13333333333333, "daily_article_count": 81, "30_day_error_count": 0, "threshold_warn": 525.94767735450932, "30_day_warn_count": 0, "daily_sd": -1.741975104032323, "threshold_error": 644.85484936509727}, "unkno": {"sample_sd": 48.668538776777204, "sample_mean": 60.200000000000003, "daily_article_count": 39, "30_day_error_count": 0, "threshold_warn": 157.53707755355441, "30_day_warn_count": 0, "daily_sd": -0.43559968170065227, "threshold_error": 206.20561633033162}, "mumps": {"sample_sd": 0.70632067001390297, "sample_mean": 0.36666666666666664, "daily_article_count": 0, "30_day_error_count": 1, "threshold_warn": 1.7793080066944726, "30_day_warn_count": 0, "daily_sd": -0.51912209600130954, "threshold_error": 2.4856286767083757}}