{"hemmo": {"sample_sd": 0.80553639823963785, "sample_mean": 0.46666666666666667, "daily_article_count": 2, "30_day_error_count": 4, "threshold_warn": 2.0777394631459423, "30_day_warn_count": 1, "daily_sd": 1.9034935437854468, "threshold_error": 2.8832758613855805}, "mersc": {"sample_sd": 5.0526120857323775, "sample_mean": 2.9333333333333331, "daily_article_count": 2, "30_day_error_count": 0, "threshold_warn": 13.038557504798089, "30_day_warn_count": 0, "daily_sd": -0.1847229348892408, "threshold_error": 18.091169590530466}, "influ": {"sample_sd": 2.4991109530302085, "sample_mean": 3.5666666666666669, "daily_article_count": 15, "30_day_error_count": 11, "threshold_warn": 8.5648885727270834, "30_day_warn_count": 11, "daily_sd": 4.5749602751611524, "threshold_error": 11.063999525757293}, "pertu": {"sample_sd": 2.1406125810669763, "sample_mean": 2.1333333333333333, "daily_article_count": 3, "30_day_error_count": 0, "threshold_warn": 6.4145584954672863, "30_day_warn_count": 0, "daily_sd": 0.40486852891179476, "threshold_error": 8.5551710765342612}, "moldf": {"sample_sd": 0.33993463423951903, "sample_mean": 0.13333333333333333, "daily_article_count": 0, "30_day_error_count": 0, "threshold_warn": 0.81320260181237136, "30_day_warn_count": 0, "daily_sd": -0.39223227027636803, "threshold_error": 1.1531372360518903}, "chole": {"sample_sd": 6.323149707402334, "sample_mean": 7.4666666666666668, "daily_article_count": 6, "30_day_error_count": 0, "threshold_warn": 20.112966081471335, "30_day_warn_count": 0, "daily_sd": -0.23195191234357163, "threshold_error": 26.436115788873671}, "hepat": {"sample_sd": 1.0225241100118647, "sample_mean": 1.4333333333333333, "daily_article_count": 0, "30_day_error_count": 1, "threshold_warn": 3.478381553357063, "30_day_warn_count": 0, "daily_sd": -1.4017599382734378, "threshold_error": 4.5009056633689273}, "chiku": {"sample_sd": 3.1883468373995254, "sample_mean": 4.0333333333333332, "daily_article_count": 0, "30_day_error_count": 0, "threshold_warn": 10.410027008132385, "30_day_warn_count": 2, "daily_sd": -1.2650233926943137, "threshold_error": 13.59837384553191}, "yello": {"sample_sd": 0.64978628965393093, "sample_mean": 0.33333333333333331, "daily_article_count": 0, "30_day_error_count": 0, "threshold_warn": 1.6329059126411951, "30_day_warn_count": 0, "daily_sd": -0.51298917604257699, "threshold_error": 2.2826922022951264}, "menin": {"sample_sd": 2.0604745947367453, "sample_mean": 2.2333333333333334, "daily_article_count": 3, "30_day_error_count": 3, "threshold_warn": 6.354282522806824, "30_day_warn_count": 3, "daily_sd": 0.37208256225290615, "threshold_error": 8.4147571175435694}, "plagu": {"sample_sd": 0.42687494916218993, "sample_mean": 0.13333333333333333, "daily_article_count": 0, "30_day_error_count": 0, "threshold_warn": 0.98708323165771317, "30_day_warn_count": 0, "daily_sd": -0.31234752377721209, "threshold_error": 1.4139581808199031}, "westn": {"sample_sd": 2.9431653406192151, "sample_mean": 5.2666666666666666, "daily_article_count": 5, "30_day_error_count": 0, "threshold_warn": 11.152997347905096, "30_day_warn_count": 0, "daily_sd": -0.090605397864111287, "threshold_error": 14.096162688524313}, "swine": {"sample_sd": 0.94280904158206325, "sample_mean": 0.66666666666666663, "daily_article_count": 1, "30_day_error_count": 1, "threshold_warn": 2.5522847498307932, "30_day_warn_count": 0, "daily_sd": 0.35355339059327384, "threshold_error": 3.4950937914128564}, "measl": {"sample_sd": 1.6275407487644939, "sample_mean": 2.1333333333333333, "daily_article_count": 1, "30_day_error_count": 2, "threshold_warn": 5.3884148308623212, "30_day_warn_count": 0, "daily_sd": -0.69634713244118429, "threshold_error": 7.0159555796268158}, "dengu": {"sample_sd": 4.1081220364865825, "sample_mean": 5.2999999999999998, "daily_article_count": 13, "30_day_error_count": 2, "threshold_warn": 13.516244072973166, "30_day_warn_count": 5, "daily_sd": 1.8743357504017393, "threshold_error": 17.624366109459746}, "ebola": {"sample_sd": 118.49795591298424, "sample_mean": 351.03333333333336, "daily_article_count": 1421, "30_day_error_count": 6, "threshold_warn": 588.02924515930181, "30_day_warn_count": 0, "daily_sd": 9.0294103254605318, "threshold_error": 706.52720107228606}, "unkno": {"sample_sd": 72.316403548726214, "sample_mean": 67.733333333333334, "daily_article_count": 102, "30_day_error_count": 0, "threshold_warn": 212.36614043078578, "30_day_warn_count": 0, "daily_sd": 0.47384362309414435, "threshold_error": 284.68254397951199}, "mumps": {"sample_sd": 0.82999330653258208, "sample_mean": 0.33333333333333331, "daily_article_count": 0, "30_day_error_count": 0, "threshold_warn": 1.9933199463984974, "30_day_warn_count": 0, "daily_sd": -0.40160966445124946, "threshold_error": 2.8233132529310798}}