{"hemmo": {"sample_sd": 0.17950549357115009, "sample_mean": 0.033333333333333333, "daily_article_count": 0, "30_day_error_count": 3, "threshold_warn": 0.3923443204756335, "30_day_warn_count": 0, "daily_sd": -0.18569533817705192, "threshold_error": 0.57184981404678359}, "mersc": {"sample_sd": 14.049752864572229, "sample_mean": 16.733333333333334, "daily_article_count": 2, "30_day_error_count": 0, "threshold_warn": 44.832839062477788, "30_day_warn_count": 0, "daily_sd": -1.0486542699612047, "threshold_error": 58.882591927050022}, "influ": {"sample_sd": 1.7587874611030561, "sample_mean": 2.2000000000000002, "daily_article_count": 3, "30_day_error_count": 4, "threshold_warn": 5.7175749222061123, "30_day_warn_count": 0, "daily_sd": 0.45485882614734191, "threshold_error": 7.4763623833091684}, "pertu": {"sample_sd": 2.6476404589747453, "sample_mean": 1.7, "daily_article_count": 3, "30_day_error_count": 2, "threshold_warn": 6.9952809179494908, "30_day_warn_count": 0, "daily_sd": 0.49100322349032366, "threshold_error": 9.6429213769242352}, "moldf": {"sample_sd": 0.76303487615063981, "sample_mean": 0.46666666666666667, "daily_article_count": 0, "30_day_error_count": 0, "threshold_warn": 1.9927364189679464, "30_day_warn_count": 0, "daily_sd": -0.6115928396627266, "threshold_error": 2.7557712951185862}, "chole": {"sample_sd": 4.6529560496527367, "sample_mean": 6.5, "daily_article_count": 25, "30_day_error_count": 1, "threshold_warn": 15.805912099305473, "30_day_warn_count": 0, "daily_sd": 3.975967063213655, "threshold_error": 20.45886814895821}, "hepat": {"sample_sd": 3.2427697352040825, "sample_mean": 2.4666666666666668, "daily_article_count": 3, "30_day_error_count": 0, "threshold_warn": 8.9522061370748318, "30_day_warn_count": 0, "daily_sd": 0.16446845656149189, "threshold_error": 12.194975872278915}, "chiku": {"sample_sd": 5.0644732094156533, "sample_mean": 6.4666666666666668, "daily_article_count": 4, "30_day_error_count": 3, "threshold_warn": 16.595613085497973, "30_day_warn_count": 0, "daily_sd": -0.48705295983810221, "threshold_error": 21.660086294913626}, "yello": {"sample_sd": 0.54160256030906395, "sample_mean": 0.20000000000000001, "daily_article_count": 0, "30_day_error_count": 2, "threshold_warn": 1.2832051206181279, "30_day_warn_count": 0, "daily_sd": -0.36927447293799825, "threshold_error": 1.8248076809271918}, "menin": {"sample_sd": 1.2671051872498809, "sample_mean": 1.1666666666666667, "daily_article_count": 3, "30_day_error_count": 2, "threshold_warn": 3.7008770411664287, "30_day_warn_count": 0, "daily_sd": 1.446867514852805, "threshold_error": 4.9679822284163091}, "plagu": {"sample_sd": 0.0, "sample_mean": 0.0, "daily_article_count": 1, "30_day_error_count": 30, "threshold_warn": 0.0, "30_day_warn_count": 0, "daily_sd": 0, "threshold_error": 0.0}, "westn": {"sample_sd": 1.303414319734477, "sample_mean": 1.6333333333333333, "daily_article_count": 7, "30_day_error_count": 7, "threshold_warn": 4.2401619728022872, "30_day_warn_count": 9, "daily_sd": 4.1173912127648942, "threshold_error": 5.5435762925367644}, "swine": {"sample_sd": 0.61101009266077877, "sample_mean": 0.40000000000000002, "daily_article_count": 2, "30_day_error_count": 6, "threshold_warn": 1.6220201853215577, "30_day_warn_count": 3, "daily_sd": 2.6186146828319083, "threshold_error": 2.2330302779823361}, "measl": {"sample_sd": 9.8849492776757444, "sample_mean": 8.2333333333333325, "daily_article_count": 9, "30_day_error_count": 0, "threshold_warn": 28.003231888684823, "30_day_warn_count": 0, "daily_sd": 0.077558988430837389, "threshold_error": 37.888181166360567}, "dengu": {"sample_sd": 2.5623340054636818, "sample_mean": 2.6333333333333333, "daily_article_count": 8, "30_day_error_count": 5, "threshold_warn": 7.7580013442606965, "30_day_warn_count": 5, "daily_sd": 2.0944446177677416, "threshold_error": 10.320335349724379}, "ebola": {"sample_sd": 6.3827023186804581, "sample_mean": 8.1666666666666661, "daily_article_count": 63, "30_day_error_count": 14, "threshold_warn": 20.932071304027581, "30_day_warn_count": 10, "daily_sd": 8.5909275719863789, "threshold_error": 27.314773622708039}, "unkno": {"sample_sd": 25.324757320324579, "sample_mean": 55.299999999999997, "daily_article_count": 110, "30_day_error_count": 1, "threshold_warn": 105.94951464064916, "30_day_warn_count": 0, "daily_sd": 2.1599417245392551, "threshold_error": 131.27427196097375}, "mumps": {"sample_sd": 0.60461190490723515, "sample_mean": 0.36666666666666664, "daily_article_count": 0, "30_day_error_count": 0, "threshold_warn": 1.575890476481137, "30_day_warn_count": 0, "daily_sd": -0.60644963106196836, "threshold_error": 2.1805023813883722}}