{"hemmo": {"sample_sd": 0.17950549357115012, "sample_mean": 0.033333333333333333, "daily_article_count": 0, "30_day_error_count": 3, "threshold_warn": 0.39234432047563356, "30_day_warn_count": 0, "daily_sd": -0.18569533817705189, "threshold_error": 0.5718498140467837}, "mersc": {"sample_sd": 1.7603661235347858, "sample_mean": 1.0333333333333334, "daily_article_count": 0, "30_day_error_count": 2, "threshold_warn": 4.5540655804029049, "30_day_warn_count": 0, "daily_sd": -0.5869991017882219, "threshold_error": 6.3144317039376912}, "influ": {"sample_sd": 14.943188712215639, "sample_mean": 15.966666666666667, "daily_article_count": 3, "30_day_error_count": 0, "threshold_warn": 45.853044091097942, "30_day_warn_count": 0, "daily_sd": -0.8677309051224642, "threshold_error": 60.796232803313586}, "pertu": {"sample_sd": 0.54670731556189078, "sample_mean": 0.36666666666666664, "daily_article_count": 0, "30_day_error_count": 2, "threshold_warn": 1.4600812977904483, "30_day_warn_count": 2, "daily_sd": -0.67068183693466166, "threshold_error": 2.0067886133523389}, "moldf": {"sample_sd": 0.56174331821175716, "sample_mean": 0.13333333333333333, "daily_article_count": 0, "30_day_error_count": 0, "threshold_warn": 1.2568199697568476, "30_day_warn_count": 0, "daily_sd": -0.23735633163877071, "threshold_error": 1.8185632879686047}, "chole": {"sample_sd": 2.5166114784235831, "sample_mean": 2.0, "daily_article_count": 4, "30_day_error_count": 0, "threshold_warn": 7.0332229568471663, "30_day_warn_count": 0, "daily_sd": 0.79471941423902637, "threshold_error": 9.5498344352707498}, "hepat": {"sample_sd": 1.3682917167849196, "sample_mean": 0.83333333333333337, "daily_article_count": 1, "30_day_error_count": 0, "threshold_warn": 3.5699167669031726, "30_day_warn_count": 1, "daily_sd": 0.12180638428352394, "threshold_error": 4.9382084836880917}, "chiku": {"sample_sd": 0.66999170807472608, "sample_mean": 0.46666666666666667, "daily_article_count": 1, "30_day_error_count": 2, "threshold_warn": 1.8066500828161187, "30_day_warn_count": 0, "daily_sd": 0.79602975216799121, "threshold_error": 2.4766417908908451}, "yello": {"sample_sd": 0.30000000000000004, "sample_mean": 0.10000000000000001, "daily_article_count": 0, "30_day_error_count": 0, "threshold_warn": 0.70000000000000007, "30_day_warn_count": 0, "daily_sd": -0.33333333333333331, "threshold_error": 1.0000000000000002}, "menin": {"sample_sd": 1.7688665548562132, "sample_mean": 0.93333333333333335, "daily_article_count": 0, "30_day_error_count": 2, "threshold_warn": 4.4710664430457596, "30_day_warn_count": 4, "daily_sd": -0.52764485301108632, "threshold_error": 6.2399329979019731}, "plagu": {"sample_sd": 0.33993463423951903, "sample_mean": 0.13333333333333333, "daily_article_count": 0, "30_day_error_count": 0, "threshold_warn": 0.81320260181237136, "30_day_warn_count": 0, "daily_sd": -0.39223227027636803, "threshold_error": 1.1531372360518903}, "westn": {"sample_sd": 0.45338235029118146, "sample_mean": 0.16666666666666666, "daily_article_count": 0, "30_day_error_count": 6, "threshold_warn": 1.0734313672490297, "30_day_warn_count": 0, "daily_sd": -0.36760731104690386, "threshold_error": 1.5268137175402112}, "swine": {"sample_sd": 9.7183103241024131, "sample_mean": 9.5666666666666664, "daily_article_count": 1, "30_day_error_count": 0, "threshold_warn": 29.003287314871493, "30_day_warn_count": 0, "daily_sd": -0.8814975423680852, "threshold_error": 38.721597638973904}, "measl": {"sample_sd": 3.3605555096342825, "sample_mean": 3.7999999999999998, "daily_article_count": 11, "30_day_error_count": 2, "threshold_warn": 10.521111019268565, "30_day_warn_count": 3, "daily_sd": 2.1425029223170164, "threshold_error": 13.881666528902848}, "dengu": {"sample_sd": 1.7888543819998317, "sample_mean": 2.0, "daily_article_count": 3, "30_day_error_count": 2, "threshold_warn": 5.577708763999663, "30_day_warn_count": 0, "daily_sd": 0.55901699437494745, "threshold_error": 7.3665631459994954}, "ebola": {"sample_sd": 1.0832051206181279, "sample_mean": 0.59999999999999998, "daily_article_count": 0, "30_day_error_count": 0, "threshold_warn": 2.7664102412362559, "30_day_warn_count": 0, "daily_sd": -0.5539117094069973, "threshold_error": 3.8496153618543838}, "unkno": {"sample_sd": 26.026055320688833, "sample_mean": 39.333333333333336, "daily_article_count": 72, "30_day_error_count": 0, "threshold_warn": 91.385443974710995, "30_day_warn_count": 0, "daily_sd": 1.25515243336546, "threshold_error": 117.41149929539984}, "mumps": {"sample_sd": 0.0, "sample_mean": 0.0, "daily_article_count": 0, "30_day_error_count": 6, "threshold_warn": 0.0, "30_day_warn_count": 0, "daily_sd": 0, "threshold_error": 0.0}}