{"hemmo": {"sample_sd": 0.17950549357115009, "sample_mean": 0.033333333333333333, "daily_article_count": 0, "30_day_error_count": 3, "threshold_warn": 0.3923443204756335, "30_day_warn_count": 0, "daily_sd": -0.18569533817705192, "threshold_error": 0.57184981404678359}, "mersc": {"sample_sd": 1.3840359661351129, "sample_mean": 0.8666666666666667, "daily_article_count": 1, "30_day_error_count": 0, "threshold_warn": 3.6347385989368926, "30_day_warn_count": 0, "daily_sd": 0.096336610171817591, "threshold_error": 5.0187745650720057}, "influ": {"sample_sd": 6.7741338109671911, "sample_mean": 12.333333333333334, "daily_article_count": 22, "30_day_error_count": 2, "threshold_warn": 25.881600955267714, "30_day_warn_count": 0, "daily_sd": 1.4269967107848565, "threshold_error": 32.655734766234907}, "pertu": {"sample_sd": 1.0567244989431572, "sample_mean": 1.5, "daily_article_count": 2, "30_day_error_count": 5, "threshold_warn": 3.6134489978863145, "30_day_warn_count": 0, "daily_sd": 0.47316022340738384, "threshold_error": 4.6701734968294719}, "moldf": {"sample_sd": 0.87939373055152803, "sample_mean": 0.40000000000000002, "daily_article_count": 0, "30_day_error_count": 0, "threshold_warn": 2.158787461103056, "30_day_warn_count": 0, "daily_sd": -0.45485882614734202, "threshold_error": 3.038181191654584}, "chole": {"sample_sd": 3.2802438933713449, "sample_mean": 4.2000000000000002, "daily_article_count": 4, "30_day_error_count": 0, "threshold_warn": 10.76048778674269, "30_day_warn_count": 1, "daily_sd": -0.060971076084969295, "threshold_error": 14.040731680114035}, "hepat": {"sample_sd": 1.86785676348292, "sample_mean": 2.3333333333333335, "daily_article_count": 3, "30_day_error_count": 2, "threshold_warn": 6.0690468602991734, "30_day_warn_count": 0, "daily_sd": 0.35691530512412478, "threshold_error": 7.9369036237820936}, "chiku": {"sample_sd": 1.5380362660079101, "sample_mean": 1.3666666666666667, "daily_article_count": 1, "30_day_error_count": 0, "threshold_warn": 4.4427391986824869, "30_day_warn_count": 0, "daily_sd": -0.23839923334082225, "threshold_error": 5.9807754646903977}, "yello": {"sample_sd": 0.49553562491061676, "sample_mean": 0.23333333333333334, "daily_article_count": 0, "30_day_error_count": 1, "threshold_warn": 1.2244045831545669, "30_day_warn_count": 0, "daily_sd": -0.47087095579741883, "threshold_error": 1.7199402080651836}, "menin": {"sample_sd": 2.4695928589321943, "sample_mean": 2.9666666666666668, "daily_article_count": 3, "30_day_error_count": 2, "threshold_warn": 7.9058523845310553, "30_day_warn_count": 0, "daily_sd": 0.013497501506279024, "threshold_error": 10.37544524346325}, "plagu": {"sample_sd": 0.29999999999999999, "sample_mean": 0.10000000000000001, "daily_article_count": 0, "30_day_error_count": 7, "threshold_warn": 0.69999999999999996, "30_day_warn_count": 0, "daily_sd": -0.33333333333333337, "threshold_error": 0.99999999999999989}, "westn": {"sample_sd": 1.2512216252748973, "sample_mean": 0.96666666666666667, "daily_article_count": 1, "30_day_error_count": 1, "threshold_warn": 3.4691099172164614, "30_day_warn_count": 5, "daily_sd": 0.026640630772354089, "threshold_error": 4.7203315424913583}, "swine": {"sample_sd": 8.7015324320872747, "sample_mean": 8.5, "daily_article_count": 3, "30_day_error_count": 0, "threshold_warn": 25.903064864174549, "30_day_warn_count": 0, "daily_sd": -0.6320725737593661, "threshold_error": 34.604597296261822}, "measl": {"sample_sd": 5.0628274928366084, "sample_mean": 8.3666666666666671, "daily_article_count": 15, "30_day_error_count": 2, "threshold_warn": 18.492321652339882, "30_day_warn_count": 0, "daily_sd": 1.3102033088662082, "threshold_error": 23.555149145176493}, "dengu": {"sample_sd": 3.0259984578096977, "sample_mean": 4.0999999999999996, "daily_article_count": 3, "30_day_error_count": 0, "threshold_warn": 10.151996915619396, "30_day_warn_count": 0, "daily_sd": -0.36351637825890049, "threshold_error": 13.177995373429093}, "ebola": {"sample_sd": 31.064538553719988, "sample_mean": 62.166666666666664, "daily_article_count": 70, "30_day_error_count": 0, "threshold_warn": 124.29574377410664, "30_day_warn_count": 0, "daily_sd": 0.25216319630137535, "threshold_error": 155.36028232782664}, "unkno": {"sample_sd": 27.530266172987787, "sample_mean": 53.133333333333333, "daily_article_count": 84, "30_day_error_count": 0, "threshold_warn": 108.19386567930891, "30_day_warn_count": 0, "daily_sd": 1.1211902737414321, "threshold_error": 135.72413185229669}, "mumps": {"sample_sd": 0.24944382578492943, "sample_mean": 0.066666666666666666, "daily_article_count": 0, "30_day_error_count": 4, "threshold_warn": 0.56555431823652558, "30_day_warn_count": 0, "daily_sd": -0.2672612419124244, "threshold_error": 0.81499814402145498}}