{"hemmo": {"sample_sd": 0.37267799624996495, "sample_mean": 0.16666666666676666, "daily_article_count": 1, "30_day_error_count": 2, "threshold_warn": 0.91202265916669656, "30_day_warn_count": 0, "daily_sd": 2.2360679774995216, "threshold_error": 1.2847006554166616}, "mersc": {"sample_sd": 21.546048877281937, "sample_mean": 34.033333333333431, "daily_article_count": 0, "30_day_error_count": 0, "threshold_warn": 77.125431087897311, "30_day_warn_count": 0, "daily_sd": -1.5795626161981853, "threshold_error": 98.671479965179245}, "influ": {"sample_sd": 4.7309853331227121, "sample_mean": 10.866666666666767, "daily_article_count": 8, "30_day_error_count": 1, "threshold_warn": 20.328637332912191, "30_day_warn_count": 0, "daily_sd": -0.60593438043372838, "threshold_error": 25.059622666034905}, "pertu": {"sample_sd": 1.5380362660079103, "sample_mean": 1.0333333333334334, "daily_article_count": 1, "30_day_error_count": 0, "threshold_warn": 4.1094058653492542, "30_day_warn_count": 0, "daily_sd": -0.021672657576503412, "threshold_error": 5.6474421313571641}, "moldf": {"sample_sd": 0.70632067001390297, "sample_mean": 0.36666666666676662, "daily_article_count": 0, "30_day_error_count": 2, "threshold_warn": 1.7793080066945726, "30_day_warn_count": 1, "daily_sd": -0.51912209600145109, "threshold_error": 2.4856286767084756}, "chole": {"sample_sd": 4.5294100670568076, "sample_mean": 5.8666666666667666, "daily_article_count": 2, "30_day_error_count": 0, "threshold_warn": 14.925486800780382, "30_day_warn_count": 0, "daily_sd": -0.85367997364374448, "threshold_error": 19.454896867837189}, "hepat": {"sample_sd": 2.4542480178933292, "sample_mean": 2.9000000000000998, "daily_article_count": 5, "30_day_error_count": 4, "threshold_warn": 7.8084960357867583, "30_day_warn_count": 8, "daily_sd": 0.85565924254162884, "threshold_error": 10.262744053680088}, "chiku": {"sample_sd": 1.1396880664852505, "sample_mean": 1.0333333333334334, "daily_article_count": 0, "30_day_error_count": 3, "threshold_warn": 3.312709466303934, "30_day_warn_count": 0, "daily_sd": -0.90668083988997927, "threshold_error": 4.4523975327891847}, "yello": {"sample_sd": 1.5832456116050557, "sample_mean": 0.60000000000010001, "daily_article_count": 0, "30_day_error_count": 0, "threshold_warn": 3.7664912232102115, "30_day_warn_count": 0, "daily_sd": -0.37896836447999666, "threshold_error": 5.3497368348152667}, "menin": {"sample_sd": 3.5471428251794741, "sample_mean": 4.4666666666667671, "daily_article_count": 1, "30_day_error_count": 0, "threshold_warn": 11.560952317025716, "30_day_warn_count": 0, "daily_sd": -0.97731239973156847, "threshold_error": 15.10809514220519}, "plagu": {"sample_sd": 1.7204650534085255, "sample_mean": 0.80000000000010008, "daily_article_count": 0, "30_day_error_count": 0, "threshold_warn": 4.2409301068171512, "30_day_warn_count": 0, "daily_sd": -0.46499055497533526, "threshold_error": 5.9613951602256767}, "westn": {"sample_sd": 2.5482019804821858, "sample_mean": 3.2000000000001001, "daily_article_count": 2, "30_day_error_count": 10, "threshold_warn": 8.2964039609644722, "30_day_warn_count": 7, "daily_sd": -0.4709202838673836, "threshold_error": 10.844605941446657}, "swine": {"sample_sd": 2.0869967789998038, "sample_mean": 2.6666666666667664, "daily_article_count": 0, "30_day_error_count": 1, "threshold_warn": 6.8406602246663741, "30_day_warn_count": 0, "daily_sd": -1.2777531299999276, "threshold_error": 8.9276570036661766}, "measl": {"sample_sd": 5.1490020608096687, "sample_mean": 5.2333333333334338, "daily_article_count": 0, "30_day_error_count": 0, "threshold_warn": 15.531337454952771, "30_day_warn_count": 0, "daily_sd": -1.0163781780484478, "threshold_error": 20.680339515762441}, "dengu": {"sample_sd": 3.9715656022950614, "sample_mean": 8.6000000000000991, "daily_article_count": 3, "30_day_error_count": 0, "threshold_warn": 16.543131204590221, "30_day_warn_count": 0, "daily_sd": -1.410023290755668, "threshold_error": 20.514696806885283}, "ebola": {"sample_sd": 17.275030149515416, "sample_mean": 41.200000000000102, "daily_article_count": 30, "30_day_error_count": 1, "threshold_warn": 75.750060299030935, "30_day_warn_count": 0, "daily_sd": -0.64833461377862056, "threshold_error": 93.025090448546351}, "unkno": {"sample_sd": 56.191191480515876, "sample_mean": 122.5000000000001, "daily_article_count": 39, "30_day_error_count": 0, "threshold_warn": 234.88238296103185, "30_day_warn_count": 0, "daily_sd": -1.4859980327869267, "threshold_error": 291.07357444154775}, "mumps": {"sample_sd": 0.42687494916218993, "sample_mean": 0.13333333333343333, "daily_article_count": 0, "30_day_error_count": 6, "threshold_warn": 0.9870832316578132, "30_day_warn_count": 0, "daily_sd": -0.3123475237774464, "threshold_error": 1.413958180820003}}