{"hemmo": {"sample_sd": 0.29999999999999999, "sample_mean": 0.10000000000010001, "daily_article_count": 2, "30_day_error_count": 2, "threshold_warn": 0.70000000000009999, "30_day_warn_count": 0, "daily_sd": 6.333333333333, "threshold_error": 1.0000000000000999}, "mersc": {"sample_sd": 0.75718777944003646, "sample_mean": 0.60000000000010001, "daily_article_count": 9, "30_day_error_count": 6, "threshold_warn": 2.1143755588801731, "30_day_warn_count": 5, "daily_sd": 11.093681419702728, "threshold_error": 2.8715633383202093}, "influ": {"sample_sd": 8.919952665544562, "sample_mean": 20.033333333333434, "daily_article_count": 17, "30_day_error_count": 0, "threshold_warn": 37.873238664422558, "30_day_warn_count": 0, "daily_sd": -0.34006159528742858, "threshold_error": 46.793191329967115}, "pertu": {"sample_sd": 1.5307950004273376, "sample_mean": 2.3000000000000997, "daily_article_count": 0, "30_day_error_count": 0, "threshold_warn": 5.3615900008547754, "30_day_warn_count": 0, "daily_sd": -1.5024872692672959, "threshold_error": 6.8923850012821131}, "moldf": {"sample_sd": 1.0434983894999019, "sample_mean": 0.66666666666676666, "daily_article_count": 0, "30_day_error_count": 0, "threshold_warn": 2.7536634456665707, "30_day_warn_count": 0, "daily_sd": -0.63887656500003565, "threshold_error": 3.797161835166472}, "chole": {"sample_sd": 3.4300955607031645, "sample_mean": 3.6333333333334332, "daily_article_count": 9, "30_day_error_count": 7, "threshold_warn": 10.493524454739763, "30_day_warn_count": 1, "daily_sd": 1.5645822606663495, "threshold_error": 13.923620015442925}, "hepat": {"sample_sd": 2.7049337638224462, "sample_mean": 3.5000000000000999, "daily_article_count": 3, "30_day_error_count": 0, "threshold_warn": 8.9098675276449928, "30_day_warn_count": 0, "daily_sd": -0.18484740982845016, "threshold_error": 11.614801291467439}, "chiku": {"sample_sd": 0.94516312525052171, "sample_mean": 0.80000000000010008, "daily_article_count": 1, "30_day_error_count": 3, "threshold_warn": 2.6903262505011436, "30_day_warn_count": 0, "daily_sd": 0.2116036847574736, "threshold_error": 3.6354893757516651}, "yello": {"sample_sd": 0.58594652770823152, "sample_mean": 0.30000000000009996, "daily_article_count": 1, "30_day_error_count": 1, "threshold_warn": 1.471893055416563, "30_day_warn_count": 0, "daily_sd": 1.1946482603758355, "threshold_error": 2.0578395831247942}, "menin": {"sample_sd": 4.638486343146389, "sample_mean": 4.5333333333334336, "daily_article_count": 2, "30_day_error_count": 0, "threshold_warn": 13.810306019626211, "30_day_warn_count": 0, "daily_sd": -0.54615517777185407, "threshold_error": 18.4487923627726}, "plagu": {"sample_sd": 0.37267799624996495, "sample_mean": 0.16666666666676666, "daily_article_count": 0, "30_day_error_count": 3, "threshold_warn": 0.91202265916669656, "30_day_warn_count": 0, "daily_sd": -0.44721359550022627, "threshold_error": 1.2847006554166616}, "westn": {"sample_sd": 1.2827920936595902, "sample_mean": 1.4333333333334333, "daily_article_count": 1, "30_day_error_count": 0, "threshold_warn": 3.998917520652614, "30_day_warn_count": 0, "daily_sd": -0.33780480521766088, "threshold_error": 5.281709614312204}, "swine": {"sample_sd": 3.0515933907095523, "sample_mean": 3.5666666666667668, "daily_article_count": 0, "30_day_error_count": 0, "threshold_warn": 9.6698534480858704, "30_day_warn_count": 0, "daily_sd": -1.1687883049967711, "threshold_error": 12.721446838795423}, "measl": {"sample_sd": 6.8492497561574019, "sample_mean": 9.766666666666767, "daily_article_count": 0, "30_day_error_count": 0, "threshold_warn": 23.465166178981569, "30_day_warn_count": 0, "daily_sd": -1.4259469305943528, "threshold_error": 30.314415935138975}, "dengu": {"sample_sd": 2.2233608194203054, "sample_mean": 3.3000000000000997, "daily_article_count": 12, "30_day_error_count": 1, "threshold_warn": 7.746721638840711, "30_day_warn_count": 0, "daily_sd": 3.912995103632456, "threshold_error": 9.9700824582610164}, "ebola": {"sample_sd": 20.62148286509861, "sample_mean": 51.433333333333429, "daily_article_count": 53, "30_day_error_count": 0, "threshold_warn": 92.676299063530649, "30_day_warn_count": 2, "daily_sd": 0.075972551388053575, "threshold_error": 113.29778192862926}, "unkno": {"sample_sd": 24.75937532868442, "sample_mean": 60.200000000000102, "daily_article_count": 86, "30_day_error_count": 0, "threshold_warn": 109.71875065736894, "30_day_warn_count": 0, "daily_sd": 1.0420295204342205, "threshold_error": 134.47812598605336}, "mumps": {"sample_sd": 0.29999999999999999, "sample_mean": 0.10000000000010001, "daily_article_count": 0, "30_day_error_count": 3, "threshold_warn": 0.70000000000009999, "30_day_warn_count": 0, "daily_sd": -0.33333333333366671, "threshold_error": 1.0000000000000999}}