{"hemmo": {"sample_sd": 1.6224124698183944, "sample_mean": 0.63333333333343333, "daily_article_count": 0, "30_day_error_count": 0, "threshold_warn": 3.878158272970222, "30_day_warn_count": 0, "daily_sd": -0.39036517847050684, "threshold_error": 5.5005707427886161}, "mersc": {"sample_sd": 8.9656752859633126, "sample_mean": 5.5000000000001004, "daily_article_count": 20, "30_day_error_count": 17, "threshold_warn": 23.431350571926725, "30_day_warn_count": 20, "daily_sd": 1.6172791828297801, "threshold_error": 32.397025857890036}, "influ": {"sample_sd": 5.3441556863549549, "sample_mean": 13.8000000000001, "daily_article_count": 14, "30_day_error_count": 0, "threshold_warn": 24.488311372710008, "30_day_warn_count": 0, "daily_sd": 0.03742405942823724, "threshold_error": 29.832467059064964}, "pertu": {"sample_sd": 1.4456832294800961, "sample_mean": 1.1000000000001, "daily_article_count": 0, "30_day_error_count": 0, "threshold_warn": 3.9913664589602922, "30_day_warn_count": 0, "daily_sd": -0.76088591025275132, "threshold_error": 5.4370496884403883}, "moldf": {"sample_sd": 0.76084748070088859, "sample_mean": 0.56666666666676668, "daily_article_count": 0, "30_day_error_count": 1, "threshold_warn": 2.0883616280685438, "30_day_warn_count": 0, "daily_sd": -0.74478352237528134, "threshold_error": 2.8492091087694327}, "chole": {"sample_sd": 7.9888811621041294, "sample_mean": 8.6666666666667656, "daily_article_count": 6, "30_day_error_count": 0, "threshold_warn": 24.644428990875024, "30_day_warn_count": 0, "daily_sd": -0.33379726304057489, "threshold_error": 32.633310152979156}, "hepat": {"sample_sd": 2.1561282171728307, "sample_mean": 2.5333333333334331, "daily_article_count": 3, "30_day_error_count": 1, "threshold_warn": 6.845589767679094, "30_day_warn_count": 0, "daily_sd": 0.21643734493604092, "threshold_error": 9.0017179848519255}, "chiku": {"sample_sd": 1.284090685617215, "sample_mean": 1.1333333333334332, "daily_article_count": 0, "30_day_error_count": 0, "threshold_warn": 3.7015147045678631, "30_day_warn_count": 0, "daily_sd": -0.88259602380705826, "threshold_error": 4.9856053901850785}, "yello": {"sample_sd": 0.69041050590693265, "sample_mean": 0.30000000000009996, "daily_article_count": 0, "30_day_error_count": 3, "threshold_warn": 1.6808210118139653, "30_day_warn_count": 0, "daily_sd": -0.43452409462688563, "threshold_error": 2.371231517720898}, "menin": {"sample_sd": 2.3579652245103193, "sample_mean": 2.8000000000000997, "daily_article_count": 3, "30_day_error_count": 4, "threshold_warn": 7.5159304490207379, "30_day_warn_count": 1, "daily_sd": 0.084818892967954793, "threshold_error": 9.8738956735310577}, "plagu": {"sample_sd": 0.42687494916218999, "sample_mean": 0.13333333333343333, "daily_article_count": 0, "30_day_error_count": 5, "threshold_warn": 0.98708323165781331, "30_day_warn_count": 0, "daily_sd": -0.31234752377744635, "threshold_error": 1.4139581808200035}, "westn": {"sample_sd": 1.8061622912192088, "sample_mean": 2.0666666666667668, "daily_article_count": 3, "30_day_error_count": 1, "threshold_warn": 5.6789912491051844, "30_day_warn_count": 0, "daily_sd": 0.51674942936783808, "threshold_error": 7.4851535403243927}, "swine": {"sample_sd": 2.0264912204760881, "sample_mean": 1.4000000000000998, "daily_article_count": 1, "30_day_error_count": 1, "threshold_warn": 5.452982440952276, "30_day_warn_count": 0, "daily_sd": -0.19738550848798, "threshold_error": 7.4794736614283641}, "measl": {"sample_sd": 4.0409019895177973, "sample_mean": 5.266666666666767, "daily_article_count": 11, "30_day_error_count": 0, "threshold_warn": 13.348470645702362, "30_day_warn_count": 0, "daily_sd": 1.4188251405764469, "threshold_error": 17.389372635220159}, "dengu": {"sample_sd": 2.7041120949809425, "sample_mean": 4.5666666666667668, "daily_article_count": 7, "30_day_error_count": 3, "threshold_warn": 9.9748908566286509, "30_day_warn_count": 4, "daily_sd": 0.89986407658532452, "threshold_error": 12.679002951609593}, "ebola": {"sample_sd": 23.026289323293057, "sample_mean": 46.300000000000097, "daily_article_count": 66, "30_day_error_count": 0, "threshold_warn": 92.35257864658621, "30_day_warn_count": 0, "daily_sd": 0.8555438404950324, "threshold_error": 115.37886796987927}, "unkno": {"sample_sd": 22.419336891769721, "sample_mean": 61.800000000000097, "daily_article_count": 83, "30_day_error_count": 15, "threshold_warn": 106.63867378353953, "30_day_warn_count": 14, "daily_sd": 0.94561226776437601, "threshold_error": 129.05801067530928}, "mumps": {"sample_sd": 0.76084748070088859, "sample_mean": 0.43333333333343332, "daily_article_count": 0, "30_day_error_count": 0, "threshold_warn": 1.9550282947352104, "30_day_warn_count": 0, "daily_sd": -0.56954034063995196, "threshold_error": 2.7158757754360994}}