{"hemmo": {"sample_sd": 1.6224124698183944, "sample_mean": 0.63333333333343333, "daily_article_count": 0, "30_day_error_count": 0, "threshold_warn": 3.878158272970222, "30_day_warn_count": 0, "daily_sd": -0.39036517847050684, "threshold_error": 5.5005707427886161}, "mersc": {"sample_sd": 8.8895069229588497, "sample_mean": 5.1000000000001, "daily_article_count": 13, "30_day_error_count": 18, "threshold_warn": 22.8790138459178, "30_day_warn_count": 21, "daily_sd": 0.88868821054592362, "threshold_error": 31.768520768876648}, "influ": {"sample_sd": 5.347896782848375, "sample_mean": 14.000000000000099, "daily_article_count": 9, "30_day_error_count": 0, "threshold_warn": 24.695793565696849, "30_day_warn_count": 0, "daily_sd": -0.93494699000847581, "threshold_error": 30.043690348545226}, "pertu": {"sample_sd": 1.4456832294800961, "sample_mean": 1.1000000000001, "daily_article_count": 5, "30_day_error_count": 0, "threshold_warn": 3.9913664589602922, "30_day_warn_count": 0, "daily_sd": 2.697686409077622, "threshold_error": 5.4370496884403883}, "moldf": {"sample_sd": 0.76084748070088859, "sample_mean": 0.56666666666676668, "daily_article_count": 0, "30_day_error_count": 1, "threshold_warn": 2.0883616280685438, "30_day_warn_count": 0, "daily_sd": -0.74478352237528134, "threshold_error": 2.8492091087694327}, "chole": {"sample_sd": 7.9207884007142173, "sample_mean": 8.8333333333334334, "daily_article_count": 3, "30_day_error_count": 0, "threshold_warn": 24.674910134761866, "30_day_warn_count": 0, "daily_sd": -0.73645867535199427, "threshold_error": 32.595698535476089}, "hepat": {"sample_sd": 2.1241991955139761, "sample_mean": 2.5666666666667668, "daily_article_count": 1, "30_day_error_count": 1, "threshold_warn": 6.8150650576947189, "30_day_warn_count": 0, "daily_sd": -0.73753284059958069, "threshold_error": 8.9392642532086946}, "chiku": {"sample_sd": 1.2671051872498809, "sample_mean": 1.1666666666667667, "daily_article_count": 1, "30_day_error_count": 0, "threshold_warn": 3.7008770411665282, "30_day_warn_count": 0, "daily_sd": -0.131533410441243, "threshold_error": 4.9679822284164095}, "yello": {"sample_sd": 0.69041050590693265, "sample_mean": 0.30000000000009996, "daily_article_count": 3, "30_day_error_count": 3, "threshold_warn": 1.6808210118139653, "30_day_warn_count": 0, "daily_sd": 3.9107168516405224, "threshold_error": 2.371231517720898}, "menin": {"sample_sd": 2.3853720883753127, "sample_mean": 2.9000000000000998, "daily_article_count": 1, "30_day_error_count": 4, "threshold_warn": 7.6707441767507252, "30_day_warn_count": 1, "daily_sd": -0.79652143548564702, "threshold_error": 10.056116265126038}, "plagu": {"sample_sd": 1.3034143197344772, "sample_mean": 0.36666666666676662, "daily_article_count": 1, "30_day_error_count": 1, "threshold_warn": 2.973495306135721, "30_day_warn_count": 0, "daily_sd": 0.48590331082310939, "threshold_error": 4.2769096258701982}, "westn": {"sample_sd": 1.8073922282301278, "sample_mean": 2.0000000000000999, "daily_article_count": 4, "30_day_error_count": 1, "threshold_warn": 5.614784456460356, "30_day_warn_count": 0, "daily_sd": 1.1065666703449211, "threshold_error": 7.4221766846904824}, "swine": {"sample_sd": 2.0245712852080282, "sample_mean": 1.3666666666667666, "daily_article_count": 1, "30_day_error_count": 1, "threshold_warn": 5.415809237082823, "30_day_warn_count": 0, "daily_sd": -0.18110830146891616, "threshold_error": 7.4403805222908517}, "measl": {"sample_sd": 4.0193974119954294, "sample_mean": 5.3333333333334334, "daily_article_count": 4, "30_day_error_count": 0, "threshold_warn": 13.372128157324292, "30_day_warn_count": 0, "daily_sd": -0.33172468324586502, "threshold_error": 17.391525569319722}, "dengu": {"sample_sd": 2.6948510575210318, "sample_mean": 4.7333333333334338, "daily_article_count": 6, "30_day_error_count": 3, "threshold_warn": 10.123035448375497, "30_day_warn_count": 3, "daily_sd": 0.47003216119549146, "threshold_error": 12.81788650589653}, "ebola": {"sample_sd": 22.544893484384044, "sample_mean": 46.833333333333435, "daily_article_count": 30, "30_day_error_count": 0, "threshold_warn": 91.923120302101523, "30_day_warn_count": 0, "daily_sd": -0.74665836611706415, "threshold_error": 114.46801378648556}, "unkno": {"sample_sd": 22.674116422819118, "sample_mean": 62.533333333333431, "daily_article_count": 68, "30_day_error_count": 15, "threshold_warn": 107.88156617897167, "30_day_warn_count": 14, "daily_sd": 0.24109723019526103, "threshold_error": 130.55568260179081}, "mumps": {"sample_sd": 0.76084748070088859, "sample_mean": 0.43333333333343332, "daily_article_count": 0, "30_day_error_count": 0, "threshold_warn": 1.9550282947352104, "30_day_warn_count": 0, "daily_sd": -0.56954034063995196, "threshold_error": 2.7158757754360994}}