{"hemmo": {"sample_sd": 0.5587684871413402, "sample_mean": 0.43333333333333335, "daily_article_count": 0, "30_day_error_count": 0, "threshold_warn": 1.5508703076160137, "30_day_warn_count": 0, "daily_sd": -0.77551498215346193, "threshold_error": 2.1096387947573536}, "mersc": {"sample_sd": 17.34115208270649, "sample_mean": 16.133333333333333, "daily_article_count": 4, "30_day_error_count": 5, "threshold_warn": 50.815637498746312, "30_day_warn_count": 15, "daily_sd": -0.69968438518184339, "threshold_error": 68.156789581452813}, "influ": {"sample_sd": 5.8286647985051712, "sample_mean": 5.5999999999999996, "daily_article_count": 5, "30_day_error_count": 0, "threshold_warn": 17.25732959701034, "30_day_warn_count": 0, "daily_sd": -0.10293952744612739, "threshold_error": 23.085994395515513}, "pertu": {"sample_sd": 1.3034143197344767, "sample_mean": 1.0333333333333334, "daily_article_count": 3, "30_day_error_count": 2, "threshold_warn": 3.6401619728022867, "30_day_warn_count": 0, "daily_sd": 1.5088576493983152, "threshold_error": 4.9435762925367639}, "moldf": {"sample_sd": 1.1855612829185826, "sample_mean": 0.83333333333333337, "daily_article_count": 1, "30_day_error_count": 0, "threshold_warn": 3.2044558991704988, "30_day_warn_count": 0, "daily_sd": 0.14058038927888328, "threshold_error": 4.390017182089081}, "chole": {"sample_sd": 2.0805982045769644, "sample_mean": 2.0666666666666669, "daily_article_count": 3, "30_day_error_count": 3, "threshold_warn": 6.2278630758205953, "30_day_warn_count": 3, "daily_sd": 0.44858893527840094, "threshold_error": 8.3084612803975606}, "hepat": {"sample_sd": 2.1860669909426127, "sample_mean": 2.2333333333333334, "daily_article_count": 3, "30_day_error_count": 3, "threshold_warn": 6.6054673152185588, "30_day_warn_count": 0, "daily_sd": 0.35070593437582015, "threshold_error": 8.7915343061611715}, "chiku": {"sample_sd": 1.9058389811897074, "sample_mean": 1.6333333333333333, "daily_article_count": 6, "30_day_error_count": 4, "threshold_warn": 5.4450112957127477, "30_day_warn_count": 4, "daily_sd": 2.2912044038163204, "threshold_error": 7.350850276902456}, "yello": {"sample_sd": 0.61553951042064625, "sample_mean": 0.23333333333333334, "daily_article_count": 0, "30_day_error_count": 0, "threshold_warn": 1.4644123541746259, "30_day_warn_count": 0, "daily_sd": -0.37907125275171766, "threshold_error": 2.0799518645952721}, "menin": {"sample_sd": 2.9544693074880453, "sample_mean": 2.0666666666666669, "daily_article_count": 2, "30_day_error_count": 0, "threshold_warn": 7.9756052816427569, "30_day_warn_count": 0, "daily_sd": -0.022564684120326278, "threshold_error": 10.930074589130802}, "plagu": {"sample_sd": 0.29999999999999999, "sample_mean": 0.10000000000000001, "daily_article_count": 0, "30_day_error_count": 0, "threshold_warn": 0.69999999999999996, "30_day_warn_count": 0, "daily_sd": -0.33333333333333337, "threshold_error": 0.99999999999999989}, "westn": {"sample_sd": 0.49553562491061681, "sample_mean": 0.23333333333333334, "daily_article_count": 0, "30_day_error_count": 8, "threshold_warn": 1.2244045831545669, "30_day_warn_count": 0, "daily_sd": -0.47087095579741878, "threshold_error": 1.7199402080651838}, "swine": {"sample_sd": 2.1707653540219916, "sample_mean": 1.7666666666666666, "daily_article_count": 1, "30_day_error_count": 2, "threshold_warn": 6.1081973747106497, "30_day_warn_count": 0, "daily_sd": -0.35317804628039945, "threshold_error": 8.2789627287326404}, "measl": {"sample_sd": 7.4954801195268486, "sample_mean": 11.533333333333333, "daily_article_count": 3, "30_day_error_count": 1, "threshold_warn": 26.52429357238703, "30_day_warn_count": 0, "daily_sd": -1.1384638738621589, "threshold_error": 34.019773691913876}, "dengu": {"sample_sd": 6.8092257677033698, "sample_mean": 6.0333333333333332, "daily_article_count": 1, "30_day_error_count": 0, "threshold_warn": 19.651784868740073, "30_day_warn_count": 0, "daily_sd": -0.7391931924488071, "threshold_error": 26.46101063644344}, "ebola": {"sample_sd": 21.086067016450038, "sample_mean": 33.333333333333336, "daily_article_count": 4, "30_day_error_count": 0, "threshold_warn": 75.505467366233404, "30_day_warn_count": 0, "daily_sd": -1.3911239734963041, "threshold_error": 96.591534382683449}, "unkno": {"sample_sd": 13.228966533919252, "sample_mean": 41.166666666666664, "daily_article_count": 36, "30_day_error_count": 6, "threshold_warn": 67.624599734505168, "30_day_warn_count": 7, "daily_sd": -0.39055708950652041, "threshold_error": 80.85356626842443}, "mumps": {"sample_sd": 2.4729649321321876, "sample_mean": 2.8666666666666667, "daily_article_count": 0, "30_day_error_count": 0, "threshold_warn": 7.8125965309310423, "30_day_warn_count": 0, "daily_sd": -1.159202311936963, "threshold_error": 10.28556146306323}}