{"hemmo": {"sample_sd": 1.5860503004493762, "sample_mean": 0.46666666666666667, "daily_article_count": 11, "30_day_error_count": 2, "threshold_warn": 3.6387672675654192, "30_day_warn_count": 0, "daily_sd": 6.6412353570053355, "threshold_error": 5.2248175680147959}, "mersc": {"sample_sd": 1.5849991237291652, "sample_mean": 1.4333333333333333, "daily_article_count": 0, "30_day_error_count": 2, "threshold_warn": 4.6033315807916635, "30_day_warn_count": 0, "daily_sd": -0.90431175126520291, "threshold_error": 6.1883307045208289}, "influ": {"sample_sd": 8.0694210173689385, "sample_mean": 10.866666666666667, "daily_article_count": 4, "30_day_error_count": 0, "threshold_warn": 27.005508701404544, "30_day_warn_count": 0, "daily_sd": -0.8509491141788964, "threshold_error": 35.074929718773483}, "pertu": {"sample_sd": 0.97125348562223091, "sample_mean": 0.69999999999999996, "daily_article_count": 1, "30_day_error_count": 0, "threshold_warn": 2.6425069712444618, "30_day_warn_count": 0, "daily_sd": 0.30887920037456118, "threshold_error": 3.613760456866693}, "moldf": {"sample_sd": 0.6403124237432849, "sample_mean": 0.29999999999999999, "daily_article_count": 2, "30_day_error_count": 0, "threshold_warn": 1.5806248474865698, "30_day_warn_count": 0, "daily_sd": 2.654953952106303, "threshold_error": 2.2209372712298547}, "chole": {"sample_sd": 1.5380362660079101, "sample_mean": 1.6333333333333333, "daily_article_count": 4, "30_day_error_count": 3, "threshold_warn": 4.7094058653491535, "30_day_warn_count": 4, "daily_sd": 1.5387586879271251, "threshold_error": 6.2474421313570634}, "hepat": {"sample_sd": 0.96378881965339736, "sample_mean": 0.93333333333333335, "daily_article_count": 3, "30_day_error_count": 2, "threshold_warn": 2.8609109726401281, "30_day_warn_count": 0, "daily_sd": 2.1443148379848314, "threshold_error": 3.8246997922935257}, "chiku": {"sample_sd": 0.88443327742810651, "sample_mean": 0.53333333333333333, "daily_article_count": 0, "30_day_error_count": 0, "threshold_warn": 2.3021998881895462, "30_day_warn_count": 0, "daily_sd": -0.60302268915552737, "threshold_error": 3.1866331656176525}, "yello": {"sample_sd": 0.30000000000000004, "sample_mean": 0.10000000000000001, "daily_article_count": 0, "30_day_error_count": 0, "threshold_warn": 0.70000000000000007, "30_day_warn_count": 0, "daily_sd": -0.33333333333333331, "threshold_error": 1.0000000000000002}, "menin": {"sample_sd": 2.2360679774997898, "sample_mean": 2.0, "daily_article_count": 1, "30_day_error_count": 3, "threshold_warn": 6.4721359549995796, "30_day_warn_count": 0, "daily_sd": -0.44721359549995793, "threshold_error": 8.7082039324993694}, "plagu": {"sample_sd": 0.24944382578492943, "sample_mean": 0.066666666666666666, "daily_article_count": 0, "30_day_error_count": 1, "threshold_warn": 0.56555431823652558, "30_day_warn_count": 0, "daily_sd": -0.2672612419124244, "threshold_error": 0.81499814402145498}, "westn": {"sample_sd": 1.1352924243950933, "sample_mean": 0.66666666666666663, "daily_article_count": 0, "30_day_error_count": 1, "threshold_warn": 2.937251515456853, "30_day_warn_count": 0, "daily_sd": -0.58722021951470349, "threshold_error": 4.072543939851947}, "swine": {"sample_sd": 2.1860669909426127, "sample_mean": 4.5666666666666664, "daily_article_count": 3, "30_day_error_count": 0, "threshold_warn": 8.9388006485518918, "30_day_warn_count": 0, "daily_sd": -0.71665995285493678, "threshold_error": 11.124867639494504}, "measl": {"sample_sd": 5.9307110310091256, "sample_mean": 5.5999999999999996, "daily_article_count": 6, "30_day_error_count": 0, "threshold_warn": 17.461422062018251, "30_day_warn_count": 2, "daily_sd": 0.067445538639224395, "threshold_error": 23.392133093027375}, "dengu": {"sample_sd": 2.0933757957476775, "sample_mean": 3.5333333333333332, "daily_article_count": 4, "30_day_error_count": 0, "threshold_warn": 7.7200849248286882, "30_day_warn_count": 0, "daily_sd": 0.22292541435446878, "threshold_error": 9.8134607205763658}, "ebola": {"sample_sd": 0.74535599249992979, "sample_mean": 0.33333333333333331, "daily_article_count": 90, "30_day_error_count": 5, "threshold_warn": 1.8240453183331928, "30_day_warn_count": 0, "daily_sd": 120.30045718948871, "threshold_error": 2.5694013108331228}, "unkno": {"sample_sd": 19.450335615499171, "sample_mean": 45.466666666666669, "daily_article_count": 39, "30_day_error_count": 0, "threshold_warn": 84.36733789766501, "30_day_warn_count": 0, "daily_sd": -0.33247069842402349, "threshold_error": 103.81767351316418}, "mumps": {"sample_sd": 0.95219045713904671, "sample_mean": 0.40000000000000002, "daily_article_count": 7, "30_day_error_count": 3, "threshold_warn": 2.3043809142780933, "30_day_warn_count": 0, "daily_sd": 6.9313864159386478, "threshold_error": 3.2565713714171403}}