{"hemmo": {"sample_sd": 0.69920589878010098, "sample_mean": 0.33333333333333331, "daily_article_count": 0, "30_day_error_count": 0, "threshold_warn": 1.7317451308935352, "30_day_warn_count": 0, "daily_sd": -0.47673129462279618, "threshold_error": 2.4309510296736363}, "mersc": {"sample_sd": 6.8463291056026678, "sample_mean": 9.8333333333333339, "daily_article_count": 8, "30_day_error_count": 1, "threshold_warn": 23.52599154453867, "30_day_warn_count": 0, "daily_sd": -0.26778340699880065, "threshold_error": 30.37232065014134}, "influ": {"sample_sd": 5.6011903496786584, "sample_mean": 10.4, "daily_article_count": 12, "30_day_error_count": 0, "threshold_warn": 21.602380699357319, "30_day_warn_count": 0, "daily_sd": 0.28565356649444917, "threshold_error": 27.203571049035972}, "pertu": {"sample_sd": 1.564892612574067, "sample_mean": 1.5333333333333334, "daily_article_count": 0, "30_day_error_count": 0, "threshold_warn": 4.6631185584814672, "30_day_warn_count": 0, "daily_sd": -0.97983294253730158, "threshold_error": 6.2280111710555346}, "moldf": {"sample_sd": 0.9574271077563381, "sample_mean": 0.5, "daily_article_count": 0, "30_day_error_count": 0, "threshold_warn": 2.4148542155126762, "30_day_warn_count": 1, "daily_sd": -0.5222329678670935, "threshold_error": 3.3722813232690143}, "chole": {"sample_sd": 5.531726674375733, "sample_mean": 7.0, "daily_article_count": 4, "30_day_error_count": 0, "threshold_warn": 18.063453348751466, "30_day_warn_count": 0, "daily_sd": -0.54232614454664041, "threshold_error": 23.595180023127199}, "hepat": {"sample_sd": 2.2133433734712038, "sample_mean": 2.6333333333333333, "daily_article_count": 5, "30_day_error_count": 4, "threshold_warn": 7.0600200802757413, "30_day_warn_count": 6, "daily_sd": 1.0692722579935732, "threshold_error": 9.2733634537469438}, "chiku": {"sample_sd": 1.4255603186895398, "sample_mean": 0.96666666666666667, "daily_article_count": 1, "30_day_error_count": 1, "threshold_warn": 3.8177873040457464, "30_day_warn_count": 1, "daily_sd": 0.023382618677247776, "threshold_error": 5.2433476227352864}, "yello": {"sample_sd": 1.5860503004493762, "sample_mean": 0.53333333333333333, "daily_article_count": 1, "30_day_error_count": 0, "threshold_warn": 3.7054339342320857, "30_day_warn_count": 0, "daily_sd": 0.29423194619643894, "threshold_error": 5.2914842346814623}, "menin": {"sample_sd": 3.7142368739157647, "sample_mean": 4.9333333333333336, "daily_article_count": 8, "30_day_error_count": 2, "threshold_warn": 12.361807081164862, "30_day_warn_count": 0, "daily_sd": 0.82565188241039889, "threshold_error": 16.076043955080628}, "plagu": {"sample_sd": 1.7065234314893603, "sample_mean": 0.76666666666666672, "daily_article_count": 3, "30_day_error_count": 0, "threshold_warn": 4.1797135296453876, "30_day_warn_count": 0, "daily_sd": 1.3087035853848208, "threshold_error": 5.8862369611347471}, "westn": {"sample_sd": 4.9978884430216013, "sample_mean": 6.5666666666666664, "daily_article_count": 9, "30_day_error_count": 0, "threshold_warn": 16.562443552709869, "30_day_warn_count": 0, "daily_sd": 0.48687227837806635, "threshold_error": 21.56033199573147}, "swine": {"sample_sd": 2.4711670657134186, "sample_mean": 2.6000000000000001, "daily_article_count": 2, "30_day_error_count": 0, "threshold_warn": 7.5423341314268377, "30_day_warn_count": 0, "daily_sd": -0.24280025754826165, "threshold_error": 10.013501197140256}, "measl": {"sample_sd": 5.4524204614912897, "sample_mean": 5.9333333333333336, "daily_article_count": 5, "30_day_error_count": 0, "threshold_warn": 16.838174256315913, "30_day_warn_count": 0, "daily_sd": -0.17117779891062507, "threshold_error": 22.290594717807203}, "dengu": {"sample_sd": 4.120544732057752, "sample_mean": 9.5666666666666664, "daily_article_count": 12, "30_day_error_count": 0, "threshold_warn": 17.80775613078217, "30_day_warn_count": 0, "daily_sd": 0.59053680801037078, "threshold_error": 21.928300862839922}, "ebola": {"sample_sd": 22.252615326942781, "sample_mean": 43.766666666666666, "daily_article_count": 38, "30_day_error_count": 1, "threshold_warn": 88.271897320552227, "30_day_warn_count": 0, "daily_sd": -0.25914556927088761, "threshold_error": 110.524512647495}, "unkno": {"sample_sd": 36.544706258985798, "sample_mean": 67.466666666666669, "daily_article_count": 72, "30_day_error_count": 0, "threshold_warn": 140.55607918463826, "30_day_warn_count": 0, "daily_sd": 0.12404897445902038, "threshold_error": 177.10078544362406}, "mumps": {"sample_sd": 0.37267799624996495, "sample_mean": 0.16666666666666666, "daily_article_count": 1, "30_day_error_count": 12, "threshold_warn": 0.91202265916659653, "30_day_warn_count": 0, "daily_sd": 2.2360679774997898, "threshold_error": 1.2847006554165616}}