{"hemmo": {"sample_sd": 0.24944382578492943, "sample_mean": 0.066666666666666666, "daily_article_count": 0, "30_day_error_count": 7, "threshold_warn": 0.56555431823652558, "30_day_warn_count": 0, "daily_sd": -0.2672612419124244, "threshold_error": 0.81499814402145498}, "mersc": {"sample_sd": 4.495059015803414, "sample_mean": 1.8333333333333333, "daily_article_count": 21, "30_day_error_count": 22, "threshold_warn": 10.823451364940162, "30_day_warn_count": 0, "daily_sd": 4.263941051559466, "threshold_error": 15.318510380743577}, "influ": {"sample_sd": 7.7491218140437628, "sample_mean": 16.866666666666667, "daily_article_count": 10, "30_day_error_count": 0, "threshold_warn": 32.364910294754196, "30_day_warn_count": 0, "daily_sd": -0.88612191567593912, "threshold_error": 40.114032108797957}, "pertu": {"sample_sd": 1.8162843634433701, "sample_mean": 1.6333333333333333, "daily_article_count": 1, "30_day_error_count": 0, "threshold_warn": 5.265902060220073, "30_day_warn_count": 0, "daily_sd": -0.34869723380354367, "threshold_error": 7.082186423663444}, "moldf": {"sample_sd": 0.83599574693229672, "sample_mean": 0.6333333333333333, "daily_article_count": 0, "30_day_error_count": 0, "threshold_warn": 2.3053248271979268, "30_day_warn_count": 0, "daily_sd": -0.75757961168745502, "threshold_error": 3.1413205741302233}, "chole": {"sample_sd": 5.6788105170791612, "sample_mean": 6.4666666666666668, "daily_article_count": 2, "30_day_error_count": 1, "threshold_warn": 17.824287700824989, "30_day_warn_count": 0, "daily_sd": -0.78654969262190699, "threshold_error": 23.503098217904153}, "hepat": {"sample_sd": 2.7465129406819355, "sample_mean": 3.2999999999999998, "daily_article_count": 0, "30_day_error_count": 0, "threshold_warn": 8.7930258813638709, "30_day_warn_count": 0, "daily_sd": -1.2015235577883854, "threshold_error": 11.539538822045806}, "chiku": {"sample_sd": 1.1756794725698931, "sample_mean": 1.1333333333333333, "daily_article_count": 0, "30_day_error_count": 0, "threshold_warn": 3.4846922784731196, "30_day_warn_count": 0, "daily_sd": -0.96398156111036259, "threshold_error": 4.6603717510430123}, "yello": {"sample_sd": 0.66749947981669289, "sample_mean": 0.23333333333333334, "daily_article_count": 0, "30_day_error_count": 0, "threshold_warn": 1.5683322929667192, "30_day_warn_count": 0, "daily_sd": -0.3495633186072456, "threshold_error": 2.2358317727834121}, "menin": {"sample_sd": 4.499876541516322, "sample_mean": 4.5333333333333332, "daily_article_count": 3, "30_day_error_count": 0, "threshold_warn": 13.533086416365977, "30_day_warn_count": 0, "daily_sd": -0.34075008929392681, "threshold_error": 18.032962957882297}, "plagu": {"sample_sd": 1.3844373104863459, "sample_mean": 0.5, "daily_article_count": 2, "30_day_error_count": 0, "threshold_warn": 3.2688746209726918, "30_day_warn_count": 0, "daily_sd": 1.0834726777719228, "threshold_error": 4.6533119314590374}, "westn": {"sample_sd": 1.3888444437333107, "sample_mean": 1.2666666666666666, "daily_article_count": 0, "30_day_error_count": 4, "threshold_warn": 4.0443555541332881, "30_day_warn_count": 3, "daily_sd": -0.91202918540090661, "threshold_error": 5.4331999978665992}, "swine": {"sample_sd": 2.2499382707581606, "sample_mean": 1.9333333333333333, "daily_article_count": 1, "30_day_error_count": 1, "threshold_warn": 6.4332098748496547, "30_day_warn_count": 0, "daily_sd": -0.41482619566217188, "threshold_error": 8.6831481456078148}, "measl": {"sample_sd": 6.4712183293925936, "sample_mean": 8.6999999999999993, "daily_article_count": 1, "30_day_error_count": 0, "threshold_warn": 21.642436658785186, "30_day_warn_count": 0, "daily_sd": -1.1898841312502499, "threshold_error": 28.113654988177782}, "dengu": {"sample_sd": 2.4046251729161914, "sample_mean": 3.5333333333333332, "daily_article_count": 9, "30_day_error_count": 2, "threshold_warn": 8.3425836791657169, "30_day_warn_count": 7, "daily_sd": 2.273396589305853, "threshold_error": 10.747208852081908}, "ebola": {"sample_sd": 21.82190540616368, "sample_mean": 45.733333333333334, "daily_article_count": 43, "30_day_error_count": 0, "threshold_warn": 89.377144145660694, "30_day_warn_count": 0, "daily_sd": -0.12525640096310262, "threshold_error": 111.19904955182437}, "unkno": {"sample_sd": 21.986258334595171, "sample_mean": 65.733333333333334, "daily_article_count": 93, "30_day_error_count": 13, "threshold_warn": 109.70585000252368, "30_day_warn_count": 4, "daily_sd": 1.2401685749213098, "threshold_error": 131.69210833711884}, "mumps": {"sample_sd": 0.75203427817856516, "sample_mean": 0.36666666666666664, "daily_article_count": 0, "30_day_error_count": 0, "threshold_warn": 1.870735223023797, "30_day_warn_count": 0, "daily_sd": -0.48756642789572985, "threshold_error": 2.6227695012023622}}