{"hemmo": {"sample_sd": 0.17950549357115014, "sample_mean": 0.033333333333333333, "daily_article_count": 0, "30_day_error_count": 3, "threshold_warn": 0.39234432047563361, "30_day_warn_count": 0, "daily_sd": -0.18569533817705186, "threshold_error": 0.5718498140467837}, "mersc": {"sample_sd": 1.7701224063135672, "sample_mean": 1.0, "daily_article_count": 1, "30_day_error_count": 2, "threshold_warn": 4.5402448126271349, "30_day_warn_count": 0, "daily_sd": 0.0, "threshold_error": 6.3103672189407014}, "influ": {"sample_sd": 14.94318871221564, "sample_mean": 15.966666666666667, "daily_article_count": 4, "30_day_error_count": 0, "threshold_warn": 45.853044091097949, "30_day_warn_count": 0, "daily_sd": -0.80081078390479332, "threshold_error": 60.796232803313586}, "pertu": {"sample_sd": 0.54670731556189078, "sample_mean": 0.36666666666666664, "daily_article_count": 0, "30_day_error_count": 2, "threshold_warn": 1.4600812977904483, "30_day_warn_count": 2, "daily_sd": -0.67068183693466166, "threshold_error": 2.0067886133523389}, "moldf": {"sample_sd": 0.17950549357115012, "sample_mean": 0.033333333333333333, "daily_article_count": 0, "30_day_error_count": 7, "threshold_warn": 0.39234432047563356, "30_day_warn_count": 0, "daily_sd": -0.18569533817705189, "threshold_error": 0.5718498140467837}, "chole": {"sample_sd": 2.5166114784235831, "sample_mean": 2.0, "daily_article_count": 5, "30_day_error_count": 0, "threshold_warn": 7.0332229568471663, "30_day_warn_count": 0, "daily_sd": 1.1920791213585396, "threshold_error": 9.5498344352707498}, "hepat": {"sample_sd": 1.4000000000000001, "sample_mean": 0.80000000000000004, "daily_article_count": 0, "30_day_error_count": 0, "threshold_warn": 3.6000000000000005, "30_day_warn_count": 1, "daily_sd": -0.5714285714285714, "threshold_error": 5.0}, "chiku": {"sample_sd": 0.61553951042064614, "sample_mean": 0.43333333333333335, "daily_article_count": 0, "30_day_error_count": 2, "threshold_warn": 1.6644123541746256, "30_day_warn_count": 0, "daily_sd": -0.70398946939604723, "threshold_error": 2.2799518645952714}, "yello": {"sample_sd": 0.30000000000000004, "sample_mean": 0.10000000000000001, "daily_article_count": 1, "30_day_error_count": 0, "threshold_warn": 0.70000000000000007, "30_day_warn_count": 0, "daily_sd": 2.9999999999999996, "threshold_error": 1.0000000000000002}, "menin": {"sample_sd": 1.5524174696260022, "sample_mean": 0.69999999999999996, "daily_article_count": 1, "30_day_error_count": 3, "threshold_warn": 3.8048349392520047, "30_day_warn_count": 4, "daily_sd": 0.1932469879202493, "threshold_error": 5.3572524088780069}, "plagu": {"sample_sd": 0.33993463423951903, "sample_mean": 0.13333333333333333, "daily_article_count": 0, "30_day_error_count": 0, "threshold_warn": 0.81320260181237136, "30_day_warn_count": 0, "daily_sd": -0.39223227027636803, "threshold_error": 1.1531372360518903}, "westn": {"sample_sd": 0.47609522856952335, "sample_mean": 0.20000000000000001, "daily_article_count": 1, "30_day_error_count": 6, "threshold_warn": 1.1521904571390467, "30_day_warn_count": 0, "daily_sd": 1.6803361008336117, "threshold_error": 1.6282856857085701}, "swine": {"sample_sd": 9.6813681310488793, "sample_mean": 10.066666666666666, "daily_article_count": 5, "30_day_error_count": 0, "threshold_warn": 29.429402928764425, "30_day_warn_count": 0, "daily_sd": -0.52334201097234212, "threshold_error": 39.110771059813302}, "measl": {"sample_sd": 3.2709156040608707, "sample_mean": 3.9666666666666668, "daily_article_count": 9, "30_day_error_count": 2, "threshold_warn": 10.508497874788407, "30_day_warn_count": 3, "daily_sd": 1.5388147976317106, "threshold_error": 13.779413478849278}, "dengu": {"sample_sd": 1.7792008193443358, "sample_mean": 1.9666666666666666, "daily_article_count": 3, "30_day_error_count": 2, "threshold_warn": 5.5250683053553384, "30_day_warn_count": 5, "daily_sd": 0.5807851042436758, "threshold_error": 7.3042691246996743}, "ebola": {"sample_sd": 1.0857664983268218, "sample_mean": 0.56666666666666665, "daily_article_count": 0, "30_day_error_count": 0, "threshold_warn": 2.7381996633203105, "30_day_warn_count": 0, "daily_sd": -0.5219047258686893, "threshold_error": 3.8239661616471317}, "unkno": {"sample_sd": 26.314444702482323, "sample_mean": 37.5, "daily_article_count": 68, "30_day_error_count": 0, "threshold_warn": 90.128889404964639, "30_day_warn_count": 0, "daily_sd": 1.1590592294399753, "threshold_error": 116.44333410744697}, "mumps": {"sample_sd": 0.0, "sample_mean": 0.0, "daily_article_count": 0, "30_day_error_count": 6, "threshold_warn": 0.0, "30_day_warn_count": 0, "daily_sd": 0, "threshold_error": 0.0}}