{"hemmo": {"sample_sd": 0.69920589878010098, "sample_mean": 0.33333333333333331, "daily_article_count": 0, "30_day_error_count": 0, "threshold_warn": 1.7317451308935352, "30_day_warn_count": 0, "daily_sd": -0.47673129462279618, "threshold_error": 2.4309510296736363}, "mersc": {"sample_sd": 8.5427682216532652, "sample_mean": 11.766666666666667, "daily_article_count": 2, "30_day_error_count": 1, "threshold_warn": 28.852203109973196, "30_day_warn_count": 0, "daily_sd": -1.1432671955106075, "threshold_error": 37.394971331626465}, "influ": {"sample_sd": 5.4893836933970404, "sample_mean": 11.0, "daily_article_count": 6, "30_day_error_count": 0, "threshold_warn": 21.978767386794082, "30_day_warn_count": 0, "daily_sd": -0.91084906416986289, "threshold_error": 27.46815108019112}, "pertu": {"sample_sd": 1.5864005379054391, "sample_mean": 1.5, "daily_article_count": 0, "30_day_error_count": 0, "threshold_warn": 4.6728010758108782, "30_day_warn_count": 0, "daily_sd": -0.94553674444695046, "threshold_error": 6.2592016137163178}, "moldf": {"sample_sd": 1.024152766382481, "sample_mean": 0.53333333333333333, "daily_article_count": 1, "30_day_error_count": 0, "threshold_warn": 2.5816388660982952, "30_day_warn_count": 1, "daily_sd": 0.45566118843288361, "threshold_error": 3.6057916324807762}, "chole": {"sample_sd": 5.4472215139667508, "sample_mean": 7.166666666666667, "daily_article_count": 4, "30_day_error_count": 0, "threshold_warn": 18.061109694600169, "30_day_warn_count": 0, "daily_sd": -0.58133612862030493, "threshold_error": 23.508331208566918}, "hepat": {"sample_sd": 2.2617593938249834, "sample_mean": 2.4666666666666668, "daily_article_count": 2, "30_day_error_count": 4, "threshold_warn": 6.9901854543166335, "30_day_warn_count": 7, "daily_sd": -0.20632904982764838, "threshold_error": 9.2519448481416173}, "chiku": {"sample_sd": 1.4255603186895398, "sample_mean": 0.96666666666666667, "daily_article_count": 2, "30_day_error_count": 1, "threshold_warn": 3.8177873040457464, "30_day_warn_count": 1, "daily_sd": 0.72486117899468117, "threshold_error": 5.2433476227352864}, "yello": {"sample_sd": 1.5860503004493762, "sample_mean": 0.53333333333333333, "daily_article_count": 0, "30_day_error_count": 0, "threshold_warn": 3.7054339342320857, "30_day_warn_count": 0, "daily_sd": -0.33626508136735878, "threshold_error": 5.2914842346814623}, "menin": {"sample_sd": 3.6704525909242065, "sample_mean": 4.833333333333333, "daily_article_count": 10, "30_day_error_count": 1, "threshold_warn": 12.174238515181745, "30_day_warn_count": 0, "daily_sd": 1.4076374884781495, "threshold_error": 15.844691106105952}, "plagu": {"sample_sd": 1.7204650534085255, "sample_mean": 0.80000000000000004, "daily_article_count": 0, "30_day_error_count": 0, "threshold_warn": 4.2409301068170508, "30_day_warn_count": 0, "daily_sd": -0.46499055497527708, "threshold_error": 5.9613951602255764}, "westn": {"sample_sd": 5.1606416483052007, "sample_mean": 6.3666666666666663, "daily_article_count": 4, "30_day_error_count": 0, "threshold_warn": 16.687949963277067, "30_day_warn_count": 0, "daily_sd": -0.45859930372105956, "threshold_error": 21.848591611582268}, "swine": {"sample_sd": 2.7121127475743991, "sample_mean": 2.6666666666666665, "daily_article_count": 1, "30_day_error_count": 0, "threshold_warn": 8.0908921618154643, "30_day_warn_count": 0, "daily_sd": -0.61452705760749216, "threshold_error": 10.803004909389864}, "measl": {"sample_sd": 5.4340490326172883, "sample_mean": 5.9333333333333336, "daily_article_count": 1, "30_day_error_count": 0, "threshold_warn": 16.80143139856791, "30_day_warn_count": 0, "daily_sd": -0.90785587390204558, "threshold_error": 22.235480431185199}, "dengu": {"sample_sd": 4.3583891009816407, "sample_mean": 9.9333333333333336, "daily_article_count": 13, "30_day_error_count": 0, "threshold_warn": 18.650111535296617, "30_day_warn_count": 0, "daily_sd": 0.70362388387396635, "threshold_error": 23.008500636278256}, "ebola": {"sample_sd": 21.476110759011586, "sample_mean": 44.899999999999999, "daily_article_count": 28, "30_day_error_count": 1, "threshold_warn": 87.852221518023171, "30_day_warn_count": 0, "daily_sd": -0.78692088104959101, "threshold_error": 109.32833227703475}, "unkno": {"sample_sd": 40.982503041609789, "sample_mean": 75.033333333333331, "daily_article_count": 46, "30_day_error_count": 0, "threshold_warn": 156.99833941655291, "30_day_warn_count": 0, "daily_sd": -0.70843240843185218, "threshold_error": 197.9808424581627}, "mumps": {"sample_sd": 0.37267799624996495, "sample_mean": 0.16666666666666666, "daily_article_count": 1, "30_day_error_count": 12, "threshold_warn": 0.91202265916659653, "30_day_warn_count": 0, "daily_sd": 2.2360679774997898, "threshold_error": 1.2847006554165616}}