{"hemmo": {"sample_sd": 1.6193277068654823, "sample_mean": 0.66666666666676666, "daily_article_count": 0, "30_day_error_count": 0, "threshold_warn": 3.9053220803977311, "30_day_warn_count": 0, "daily_sd": -0.41169348479637091, "threshold_error": 5.5246497872632139}, "mersc": {"sample_sd": 24.945473871359241, "sample_mean": 34.300000000000097, "daily_article_count": 5, "30_day_error_count": 0, "threshold_warn": 84.190947742718578, "30_day_warn_count": 0, "daily_sd": -1.1745617722516162, "threshold_error": 109.13642161407782}, "influ": {"sample_sd": 5.6648036153074184, "sample_mean": 12.9000000000001, "daily_article_count": 12, "30_day_error_count": 1, "threshold_warn": 24.229607230614938, "30_day_warn_count": 0, "daily_sd": -0.15887576359542668, "threshold_error": 29.894410845922351}, "pertu": {"sample_sd": 1.1234866364235143, "sample_mean": 0.73333333333343331, "daily_article_count": 3, "30_day_error_count": 3, "threshold_warn": 2.9803066061804619, "30_day_warn_count": 5, "daily_sd": 2.017528818929462, "threshold_error": 4.1037932426039756}, "moldf": {"sample_sd": 0.48189440982669857, "sample_mean": 0.36666666666676662, "daily_article_count": 0, "30_day_error_count": 4, "threshold_warn": 1.3304554863201639, "30_day_warn_count": 0, "daily_sd": -0.76088591025288965, "threshold_error": 1.8123498961468623}, "chole": {"sample_sd": 7.9487245657540697, "sample_mean": 8.8666666666667666, "daily_article_count": 5, "30_day_error_count": 0, "threshold_warn": 24.764115798174906, "30_day_warn_count": 0, "daily_sd": -0.48645120794922758, "threshold_error": 32.712840363928976}, "hepat": {"sample_sd": 2.20504472113883, "sample_mean": 2.7333333333334333, "daily_article_count": 0, "30_day_error_count": 0, "threshold_warn": 7.1434227756110928, "30_day_warn_count": 0, "daily_sd": -1.2395818130716916, "threshold_error": 9.3484674967499242}, "chiku": {"sample_sd": 1.3349989596333858, "sample_mean": 1.4666666666667665, "daily_article_count": 1, "30_day_error_count": 1, "threshold_warn": 4.1366645859335378, "30_day_warn_count": 0, "daily_sd": -0.34956331860732037, "threshold_error": 5.4716635455669236}, "yello": {"sample_sd": 0.70632067001390297, "sample_mean": 0.36666666666676662, "daily_article_count": 0, "30_day_error_count": 3, "threshold_warn": 1.7793080066945726, "30_day_warn_count": 0, "daily_sd": -0.51912209600145109, "threshold_error": 2.4856286767084756}, "menin": {"sample_sd": 2.696705809357451, "sample_mean": 3.1666666666667664, "daily_article_count": 0, "30_day_error_count": 3, "threshold_warn": 8.5600782853816675, "30_day_warn_count": 0, "daily_sd": -1.1742722011717304, "threshold_error": 11.256784094739121}, "plagu": {"sample_sd": 0.17950549357115012, "sample_mean": 0.033333333333433336, "daily_article_count": 0, "30_day_error_count": 9, "threshold_warn": 0.39234432047573359, "30_day_warn_count": 0, "daily_sd": -0.185695338177609, "threshold_error": 0.57184981404688373}, "westn": {"sample_sd": 2.2261077142752002, "sample_mean": 3.3333333333334334, "daily_article_count": 8, "30_day_error_count": 5, "threshold_warn": 7.7855487618838337, "30_day_warn_count": 5, "daily_sd": 2.0963346188241343, "threshold_error": 10.011656476159034}, "swine": {"sample_sd": 1.4047538337136984, "sample_mean": 1.4000000000000998, "daily_article_count": 7, "30_day_error_count": 5, "threshold_warn": 4.2095076674274967, "30_day_warn_count": 0, "daily_sd": 3.9864635821604248, "threshold_error": 5.6142615011411952}, "measl": {"sample_sd": 3.1276544281973062, "sample_mean": 4.5333333333334336, "daily_article_count": 4, "30_day_error_count": 3, "threshold_warn": 10.788642189728046, "30_day_warn_count": 3, "daily_sd": -0.1705218225278271, "threshold_error": 13.916296617925351}, "dengu": {"sample_sd": 2.8276413413931332, "sample_mean": 6.0666666666667668, "daily_article_count": 10, "30_day_error_count": 6, "threshold_warn": 11.721949349453034, "30_day_warn_count": 5, "daily_sd": 1.3910297871777979, "threshold_error": 14.549590690846166}, "ebola": {"sample_sd": 15.098785823149269, "sample_mean": 38.400000000000098, "daily_article_count": 41, "30_day_error_count": 1, "threshold_warn": 68.597571646298633, "30_day_warn_count": 0, "daily_sd": 0.17219927684606365, "threshold_error": 83.696357469447904}, "unkno": {"sample_sd": 54.987028773460146, "sample_mean": 113.40000000000011, "daily_article_count": 47, "30_day_error_count": 0, "threshold_warn": 223.3740575469204, "30_day_warn_count": 0, "daily_sd": -1.2075575182205245, "threshold_error": 278.36108632038054}, "mumps": {"sample_sd": 0.58594652770823152, "sample_mean": 0.30000000000009996, "daily_article_count": 0, "30_day_error_count": 0, "threshold_warn": 1.471893055416563, "30_day_warn_count": 0, "daily_sd": -0.51199211158988744, "threshold_error": 2.0578395831247942}}