{"hemmo": {"sample_sd": 0.37267799624996495, "sample_mean": 0.16666666666676666, "daily_article_count": 0, "30_day_error_count": 2, "threshold_warn": 0.91202265916669656, "30_day_warn_count": 0, "daily_sd": -0.44721359550022627, "threshold_error": 1.2847006554166616}, "mersc": {"sample_sd": 21.975137466388389, "sample_mean": 32.400000000000098, "daily_article_count": 1, "30_day_error_count": 0, "threshold_warn": 76.35027493277687, "30_day_warn_count": 0, "daily_sd": -1.4288875347436305, "threshold_error": 98.325412399165259}, "influ": {"sample_sd": 4.8276978640617791, "sample_mean": 10.600000000000099, "daily_article_count": 5, "30_day_error_count": 1, "threshold_warn": 20.255395728123659, "30_day_warn_count": 0, "daily_sd": -1.1599731709988463, "threshold_error": 25.083093592185435}, "pertu": {"sample_sd": 1.5380362660079103, "sample_mean": 1.0333333333334334, "daily_article_count": 4, "30_day_error_count": 0, "threshold_warn": 4.1094058653492542, "30_day_warn_count": 0, "daily_sd": 1.9288665243029506, "threshold_error": 5.6474421313571641}, "moldf": {"sample_sd": 0.69920589878010098, "sample_mean": 0.33333333333343329, "daily_article_count": 2, "30_day_error_count": 2, "threshold_warn": 1.7317451308936351, "30_day_warn_count": 1, "daily_sd": 2.3836564731138377, "threshold_error": 2.4309510296737362}, "chole": {"sample_sd": 4.5398237851264671, "sample_mean": 5.7000000000001005, "daily_article_count": 2, "30_day_error_count": 0, "threshold_warn": 14.779647570253035, "30_day_warn_count": 0, "daily_sd": -0.81500960722796612, "threshold_error": 19.319471355379502}, "hepat": {"sample_sd": 2.3955978145107935, "sample_mean": 2.8333333333334334, "daily_article_count": 4, "30_day_error_count": 4, "threshold_warn": 7.6245289623550203, "30_day_warn_count": 9, "daily_sd": 0.48700439597988709, "threshold_error": 10.020126776865814}, "chiku": {"sample_sd": 1.1254628677422756, "sample_mean": 1.0000000000000999, "daily_article_count": 3, "30_day_error_count": 3, "threshold_warn": 3.250925735484651, "30_day_warn_count": 0, "daily_sd": 1.7770466332771881, "threshold_error": 4.3763886032269266}, "yello": {"sample_sd": 1.5832456116050557, "sample_mean": 0.60000000000010001, "daily_article_count": 0, "30_day_error_count": 0, "threshold_warn": 3.7664912232102115, "30_day_warn_count": 0, "daily_sd": -0.37896836447999666, "threshold_error": 5.3497368348152667}, "menin": {"sample_sd": 3.5471428251794741, "sample_mean": 4.4666666666667671, "daily_article_count": 12, "30_day_error_count": 0, "threshold_warn": 11.560952317025716, "30_day_warn_count": 0, "daily_sd": 2.1237750224935108, "threshold_error": 15.10809514220519}, "plagu": {"sample_sd": 1.7204650534085255, "sample_mean": 0.80000000000010008, "daily_article_count": 0, "30_day_error_count": 0, "threshold_warn": 4.2409301068171512, "30_day_warn_count": 0, "daily_sd": -0.46499055497533526, "threshold_error": 5.9613951602256767}, "westn": {"sample_sd": 2.5735837529276822, "sample_mean": 3.1000000000001, "daily_article_count": 2, "30_day_error_count": 10, "threshold_warn": 8.2471675058554652, "30_day_warn_count": 7, "daily_sd": -0.4274195462839519, "threshold_error": 10.820751258783147}, "swine": {"sample_sd": 2.0869967789998038, "sample_mean": 2.6666666666667664, "daily_article_count": 1, "30_day_error_count": 1, "threshold_warn": 6.8406602246663741, "30_day_warn_count": 0, "daily_sd": -0.79859570624997267, "threshold_error": 8.9276570036661766}, "measl": {"sample_sd": 5.1337662155142558, "sample_mean": 5.3333333333334334, "daily_article_count": 5, "30_day_error_count": 0, "threshold_warn": 15.600865764361945, "30_day_warn_count": 0, "daily_sd": -0.064929589572290836, "threshold_error": 20.734631979876198}, "dengu": {"sample_sd": 3.9866443700602812, "sample_mean": 8.8000000000001002, "daily_article_count": 8, "30_day_error_count": 0, "threshold_warn": 16.773288740120663, "30_day_warn_count": 0, "daily_sd": -0.20067001862722045, "threshold_error": 20.759933110180945}, "ebola": {"sample_sd": 17.430624391187674, "sample_mean": 40.200000000000102, "daily_article_count": 39, "30_day_error_count": 1, "threshold_warn": 75.061248782375458, "30_day_warn_count": 0, "daily_sd": -0.068844349638259722, "threshold_error": 92.491873173563121}, "unkno": {"sample_sd": 57.659161361303966, "sample_mean": 117.23333333333343, "daily_article_count": 69, "30_day_error_count": 0, "threshold_warn": 232.55165605594135, "30_day_warn_count": 0, "daily_sd": -0.83652505854349168, "threshold_error": 290.21081741724532}, "mumps": {"sample_sd": 0.42687494916218999, "sample_mean": 0.13333333333343333, "daily_article_count": 1, "30_day_error_count": 6, "threshold_warn": 0.98708323165781331, "30_day_warn_count": 0, "daily_sd": 2.0302589045516442, "threshold_error": 1.4139581808200035}}