{"hemmo": {"sample_sd": 0.24944382578492943, "sample_mean": 0.066666666666666666, "daily_article_count": 0, "30_day_error_count": 6, "threshold_warn": 0.56555431823652558, "30_day_warn_count": 0, "daily_sd": -0.2672612419124244, "threshold_error": 0.81499814402145498}, "mersc": {"sample_sd": 1.9035055380358981, "sample_mean": 1.1000000000000001, "daily_article_count": 0, "30_day_error_count": 0, "threshold_warn": 4.9070110760717967, "30_day_warn_count": 0, "daily_sd": -0.57788116610105456, "threshold_error": 6.8105166141076943}, "influ": {"sample_sd": 14.557777608168388, "sample_mean": 23.266666666666666, "daily_article_count": 4, "30_day_error_count": 0, "threshold_warn": 52.382221883003439, "30_day_warn_count": 0, "daily_sd": -1.3234620822793799, "threshold_error": 66.939999491171832}, "pertu": {"sample_sd": 2.2815686611530142, "sample_mean": 2.1666666666666665, "daily_article_count": 3, "30_day_error_count": 0, "threshold_warn": 6.7298039889726944, "30_day_warn_count": 0, "daily_sd": 0.36524578353570125, "threshold_error": 9.0113726501257094}, "moldf": {"sample_sd": 0.7453559924999299, "sample_mean": 0.66666666666666663, "daily_article_count": 0, "30_day_error_count": 0, "threshold_warn": 2.1573786516665265, "30_day_warn_count": 0, "daily_sd": -0.89442719099991586, "threshold_error": 2.9027346441664563}, "chole": {"sample_sd": 1.6881943016134133, "sample_mean": 1.5, "daily_article_count": 1, "30_day_error_count": 7, "threshold_warn": 4.8763886032268271, "30_day_warn_count": 8, "daily_sd": -0.29617443887954614, "threshold_error": 6.5645829048402398}, "hepat": {"sample_sd": 1.4487542541400487, "sample_mean": 1.3666666666666667, "daily_article_count": 1, "30_day_error_count": 1, "threshold_warn": 4.2641751749467645, "30_day_warn_count": 0, "daily_sd": -0.25309100257608053, "threshold_error": 5.7129294290868131}, "chiku": {"sample_sd": 1.3535960336164634, "sample_mean": 1.3666666666666667, "daily_article_count": 0, "30_day_error_count": 1, "threshold_warn": 4.0738587338995931, "30_day_warn_count": 0, "daily_sd": -1.0096562288345969, "threshold_error": 5.4274547675160569}, "yello": {"sample_sd": 0.24944382578492943, "sample_mean": 0.066666666666666666, "daily_article_count": 0, "30_day_error_count": 3, "threshold_warn": 0.56555431823652558, "30_day_warn_count": 0, "daily_sd": -0.2672612419124244, "threshold_error": 0.81499814402145498}, "menin": {"sample_sd": 4.9912145037277478, "sample_mean": 2.4333333333333331, "daily_article_count": 0, "30_day_error_count": 0, "threshold_warn": 12.415762340788829, "30_day_warn_count": 0, "daily_sd": -0.48752329348217138, "threshold_error": 17.406976844516578}, "plagu": {"sample_sd": 0.24944382578492943, "sample_mean": 0.066666666666666666, "daily_article_count": 0, "30_day_error_count": 4, "threshold_warn": 0.56555431823652558, "30_day_warn_count": 0, "daily_sd": -0.2672612419124244, "threshold_error": 0.81499814402145498}, "westn": {"sample_sd": 0.33993463423951903, "sample_mean": 0.13333333333333333, "daily_article_count": 0, "30_day_error_count": 1, "threshold_warn": 0.81320260181237136, "30_day_warn_count": 0, "daily_sd": -0.39223227027636803, "threshold_error": 1.1531372360518903}, "swine": {"sample_sd": 4.2190046219457971, "sample_mean": 4.0, "daily_article_count": 24, "30_day_error_count": 8, "threshold_warn": 12.438009243891594, "30_day_warn_count": 5, "daily_sd": 4.7404546313997722, "threshold_error": 16.657013865837392}, "measl": {"sample_sd": 2.6164012604253872, "sample_mean": 2.7666666666666666, "daily_article_count": 49, "30_day_error_count": 24, "threshold_warn": 7.9994691875174411, "30_day_warn_count": 0, "daily_sd": 17.670582120808373, "threshold_error": 10.615870447942829}, "dengu": {"sample_sd": 1.857417562100671, "sample_mean": 2.5, "daily_article_count": 4, "30_day_error_count": 2, "threshold_warn": 6.2148351242013415, "30_day_warn_count": 0, "daily_sd": 0.80757285308724824, "threshold_error": 8.0722526863020132}, "ebola": {"sample_sd": 60.228721461516088, "sample_mean": 126.96666666666667, "daily_article_count": 40, "30_day_error_count": 0, "threshold_warn": 247.42410958969884, "30_day_warn_count": 0, "daily_sd": -1.4439401095743853, "threshold_error": 307.65283105121489}, "unkno": {"sample_sd": 22.314021501189686, "sample_mean": 53.533333333333331, "daily_article_count": 26, "30_day_error_count": 0, "threshold_warn": 98.161376335712703, "30_day_warn_count": 0, "daily_sd": -1.2339027876201238, "threshold_error": 120.47539783690239}, "mumps": {"sample_sd": 0.66332495807108005, "sample_mean": 0.40000000000000002, "daily_article_count": 1, "30_day_error_count": 0, "threshold_warn": 1.72664991614216, "30_day_warn_count": 0, "daily_sd": 0.90453403373329078, "threshold_error": 2.3899748742132401}}