{"hemmo": {"sample_sd": 0.84063468086123283, "sample_mean": 0.4000000000001, "daily_article_count": 0, "30_day_error_count": 0, "threshold_warn": 2.0812693617225655, "30_day_warn_count": 0, "daily_sd": -0.4758309514310054, "threshold_error": 2.9219040425837983}, "mersc": {"sample_sd": 1.7065234314893605, "sample_mean": 1.5666666666667666, "daily_article_count": 0, "30_day_error_count": 1, "threshold_warn": 4.9797135296454877, "30_day_warn_count": 0, "daily_sd": -0.9180457987028432, "threshold_error": 6.6862369611348482}, "influ": {"sample_sd": 11.977571632940554, "sample_mean": 14.066666666666766, "daily_article_count": 23, "30_day_error_count": 2, "threshold_warn": 38.021809932547875, "30_day_warn_count": 0, "daily_sd": 0.7458384393014108, "threshold_error": 49.999381565488434}, "pertu": {"sample_sd": 1.2310790208412925, "sample_mean": 1.1333333333334332, "daily_article_count": 0, "30_day_error_count": 5, "threshold_warn": 3.5954913750160182, "30_day_warn_count": 0, "daily_sd": -0.92060161382568118, "threshold_error": 4.8265703958573107}, "moldf": {"sample_sd": 0.86216781042517077, "sample_mean": 0.70000000000009999, "daily_article_count": 0, "30_day_error_count": 0, "threshold_warn": 2.4243356208504414, "30_day_warn_count": 0, "daily_sd": -0.81190690667852805, "threshold_error": 3.2865034312756123}, "chole": {"sample_sd": 2.1210584359910709, "sample_mean": 2.6333333333334332, "daily_article_count": 2, "30_day_error_count": 0, "threshold_warn": 6.875450205315575, "30_day_warn_count": 0, "daily_sd": -0.29859306211783193, "threshold_error": 8.9965086413066473}, "hepat": {"sample_sd": 2.9365512652316039, "sample_mean": 2.1000000000001, "daily_article_count": 1, "30_day_error_count": 0, "threshold_warn": 7.9731025304633079, "30_day_warn_count": 0, "daily_sd": -0.37458906746289811, "threshold_error": 10.909653795694911}, "chiku": {"sample_sd": 1.3597385369580761, "sample_mean": 2.1333333333334332, "daily_article_count": 0, "30_day_error_count": 0, "threshold_warn": 4.852810407249585, "30_day_warn_count": 0, "daily_sd": -1.5689290811055456, "threshold_error": 6.2125489442076613}, "yello": {"sample_sd": 0.58214163988576628, "sample_mean": 0.16666666666676666, "daily_article_count": 0, "30_day_error_count": 0, "threshold_warn": 1.3309499464382992, "30_day_warn_count": 0, "daily_sd": -0.28629916715710574, "threshold_error": 1.9130915863240656}, "menin": {"sample_sd": 1.2565384549980507, "sample_mean": 1.2333333333334333, "daily_article_count": 0, "30_day_error_count": 2, "threshold_warn": 3.7464102433295348, "30_day_warn_count": 0, "daily_sd": -0.98153250179306817, "threshold_error": 5.0029486983275859}, "plagu": {"sample_sd": 3.5080858978460991, "sample_mean": 1.6000000000001, "daily_article_count": 0, "30_day_error_count": 0, "threshold_warn": 8.6161717956922992, "30_day_warn_count": 0, "daily_sd": -0.45608917415120048, "threshold_error": 12.124257693538397}, "westn": {"sample_sd": 0.33993463423951903, "sample_mean": 0.13333333333343333, "daily_article_count": 0, "30_day_error_count": 0, "threshold_warn": 0.81320260181247139, "30_day_warn_count": 0, "daily_sd": -0.39223227027666219, "threshold_error": 1.1531372360519905}, "swine": {"sample_sd": 1.5933891203622828, "sample_mean": 1.1666666666667667, "daily_article_count": 6, "30_day_error_count": 8, "threshold_warn": 4.3534449073913324, "30_day_warn_count": 1, "daily_sd": 3.0333665967508909, "threshold_error": 5.9468340277536145}, "measl": {"sample_sd": 2.4997777679003566, "sample_mean": 2.5333333333334331, "daily_article_count": 3, "30_day_error_count": 0, "threshold_warn": 7.5328888691341458, "30_day_warn_count": 0, "daily_sd": 0.18668326147189282, "threshold_error": 10.032666637034502}, "dengu": {"sample_sd": 3.1164438423020275, "sample_mean": 5.766666666666767, "daily_article_count": 0, "30_day_error_count": 0, "threshold_warn": 11.999554351270822, "30_day_warn_count": 0, "daily_sd": -1.8503996729833887, "threshold_error": 15.11599819357285}, "ebola": {"sample_sd": 118.90717201058798, "sample_mean": 288.13333333333344, "daily_article_count": 81, "30_day_error_count": 0, "threshold_warn": 525.94767735450944, "30_day_warn_count": 0, "daily_sd": -1.7419751040323239, "threshold_error": 644.85484936509738}, "unkno": {"sample_sd": 48.668538776777204, "sample_mean": 60.200000000000102, "daily_article_count": 39, "30_day_error_count": 0, "threshold_warn": 157.53707755355452, "30_day_warn_count": 0, "daily_sd": -0.43559968170065433, "threshold_error": 206.20561633033171}, "mumps": {"sample_sd": 0.70632067001390297, "sample_mean": 0.36666666666676662, "daily_article_count": 0, "30_day_error_count": 1, "threshold_warn": 1.7793080066945726, "30_day_warn_count": 0, "daily_sd": -0.51912209600145109, "threshold_error": 2.4856286767084756}}