{"hemmo": {"sample_sd": 0.9521904571390466, "sample_mean": 0.59999999999999998, "daily_article_count": 0, "30_day_error_count": 1, "threshold_warn": 2.5043809142780931, "30_day_warn_count": 0, "daily_sd": -0.63012603781260446, "threshold_error": 3.45657137141714}, "mersc": {"sample_sd": 2.1367160680716464, "sample_mean": 2.9666666666666668, "daily_article_count": 0, "30_day_error_count": 0, "threshold_warn": 7.2400988028099595, "30_day_warn_count": 0, "daily_sd": -1.3884234367854209, "threshold_error": 9.3768148708816064}, "influ": {"sample_sd": 4.7447046506839836, "sample_mean": 8.4333333333333336, "daily_article_count": 23, "30_day_error_count": 9, "threshold_warn": 17.922742634701301, "30_day_warn_count": 0, "daily_sd": 3.0700892340193979, "threshold_error": 22.667447285385286}, "pertu": {"sample_sd": 1.1352924243950935, "sample_mean": 1.3333333333333333, "daily_article_count": 2, "30_day_error_count": 1, "threshold_warn": 3.60391818212352, "30_day_warn_count": 0, "daily_sd": 0.58722021951470349, "threshold_error": 4.7392106065186139}, "moldf": {"sample_sd": 0.71802197428460057, "sample_mean": 0.53333333333333333, "daily_article_count": 1, "30_day_error_count": 0, "threshold_warn": 1.9693772819025344, "30_day_warn_count": 0, "daily_sd": 0.64993368361968151, "threshold_error": 2.6873992561871347}, "chole": {"sample_sd": 3.7052515284240668, "sample_mean": 3.9333333333333331, "daily_article_count": 0, "30_day_error_count": 0, "threshold_warn": 11.343836390181467, "30_day_warn_count": 0, "daily_sd": -1.0615563621415669, "threshold_error": 15.049087918605533}, "hepat": {"sample_sd": 1.4224392195567912, "sample_mean": 2.1000000000000001, "daily_article_count": 1, "30_day_error_count": 2, "threshold_warn": 4.944878439113582, "30_day_warn_count": 0, "daily_sd": -0.77331950980846975, "threshold_error": 6.3673176586703732}, "chiku": {"sample_sd": 2.1123972690339814, "sample_mean": 2.7333333333333334, "daily_article_count": 0, "30_day_error_count": 0, "threshold_warn": 6.9581278714012962, "30_day_warn_count": 0, "daily_sd": -1.2939485263504964, "threshold_error": 9.0705251404352776}, "yello": {"sample_sd": 0.49553562491061676, "sample_mean": 0.23333333333333334, "daily_article_count": 0, "30_day_error_count": 1, "threshold_warn": 1.2244045831545669, "30_day_warn_count": 0, "daily_sd": -0.47087095579741883, "threshold_error": 1.7199402080651836}, "menin": {"sample_sd": 3.5822091259755098, "sample_mean": 4.0333333333333332, "daily_article_count": 0, "30_day_error_count": 0, "threshold_warn": 11.197751585284353, "30_day_warn_count": 0, "daily_sd": -1.1259346373964063, "threshold_error": 14.779960711259863}, "plagu": {"sample_sd": 0.54160256030906384, "sample_mean": 0.20000000000000001, "daily_article_count": 0, "30_day_error_count": 7, "threshold_warn": 1.2832051206181276, "30_day_warn_count": 0, "daily_sd": -0.36927447293799837, "threshold_error": 1.8248076809271916}, "westn": {"sample_sd": 1.7269111795984826, "sample_mean": 1.1333333333333333, "daily_article_count": 0, "30_day_error_count": 0, "threshold_warn": 4.587155692530299, "30_day_warn_count": 0, "daily_sd": -0.65627772100985537, "threshold_error": 6.3140668721287803}, "swine": {"sample_sd": 1.4224392195567914, "sample_mean": 1.1000000000000001, "daily_article_count": 1, "30_day_error_count": 2, "threshold_warn": 3.9448784391135829, "30_day_warn_count": 0, "daily_sd": -0.070301773618951846, "threshold_error": 5.367317658670375}, "measl": {"sample_sd": 1.7950549357115011, "sample_mean": 1.6666666666666667, "daily_article_count": 8, "30_day_error_count": 3, "threshold_warn": 5.2567765380896692, "30_day_warn_count": 3, "daily_sd": 3.5282114253639856, "threshold_error": 7.0518314738011698}, "dengu": {"sample_sd": 2.664374014452342, "sample_mean": 8.0333333333333332, "daily_article_count": 4, "30_day_error_count": 0, "threshold_warn": 13.362081362238017, "30_day_warn_count": 0, "daily_sd": -1.5138014826204416, "threshold_error": 16.026455376690357}, "ebola": {"sample_sd": 518.5547276378411, "sample_mean": 905.83333333333337, "daily_article_count": 213, "30_day_error_count": 0, "threshold_warn": 1942.9427886090157, "30_day_warn_count": 0, "daily_sd": -1.336085270091701, "threshold_error": 2461.4975162468568}, "unkno": {"sample_sd": 18.160274104637175, "sample_mean": 46.733333333333334, "daily_article_count": 50, "30_day_error_count": 2, "threshold_warn": 83.053881542607684, "30_day_warn_count": 0, "daily_sd": 0.17987981061544284, "threshold_error": 101.21415564724487}, "mumps": {"sample_sd": 0.45338235029118146, "sample_mean": 0.16666666666666666, "daily_article_count": 0, "30_day_error_count": 3, "threshold_warn": 1.0734313672490297, "30_day_warn_count": 0, "daily_sd": -0.36760731104690386, "threshold_error": 1.5268137175402112}}