{"hemmo": {"sample_sd": 0.40000000000000008, "sample_mean": 0.20000000000010001, "daily_article_count": 1, "30_day_error_count": 1, "threshold_warn": 1.0000000000001001, "30_day_warn_count": 0, "daily_sd": 1.9999999999997498, "threshold_error": 1.4000000000001003}, "mersc": {"sample_sd": 3.2117838587855743, "sample_mean": 3.8666666666667666, "daily_article_count": 0, "30_day_error_count": 0, "threshold_warn": 10.290234384237916, "30_day_warn_count": 0, "daily_sd": -1.2039000246202165, "threshold_error": 13.502018243023489}, "influ": {"sample_sd": 7.1820764561665742, "sample_mean": 12.466666666666766, "daily_article_count": 7, "30_day_error_count": 1, "threshold_warn": 26.830819578999915, "30_day_warn_count": 0, "daily_sd": -0.76115406178571843, "threshold_error": 34.012896035166492}, "pertu": {"sample_sd": 1.0376254944182255, "sample_mean": 1.3000000000001, "daily_article_count": 4, "30_day_error_count": 0, "threshold_warn": 3.3752509888365507, "30_day_warn_count": 0, "daily_sd": 2.6020948931230072, "threshold_error": 4.4128764832547764}, "moldf": {"sample_sd": 1.2671051872498809, "sample_mean": 1.1666666666667667, "daily_article_count": 0, "30_day_error_count": 0, "threshold_warn": 3.7008770411665282, "30_day_warn_count": 0, "daily_sd": -0.92073387308822763, "threshold_error": 4.9679822284164095}, "chole": {"sample_sd": 2.337139752394414, "sample_mean": 3.933333333333433, "daily_article_count": 3, "30_day_error_count": 5, "threshold_warn": 8.607612838122261, "30_day_warn_count": 3, "daily_sd": -0.39934853376963331, "threshold_error": 10.944752590516675}, "hepat": {"sample_sd": 2.0121851030382092, "sample_mean": 2.4666666666667667, "daily_article_count": 11, "30_day_error_count": 5, "threshold_warn": 6.4910368727431855, "30_day_warn_count": 6, "daily_sd": 4.2408291963044089, "threshold_error": 8.5032219757813934}, "chiku": {"sample_sd": 0.96378881965339724, "sample_mean": 0.73333333333343331, "daily_article_count": 1, "30_day_error_count": 0, "threshold_warn": 2.6609109726402278, "30_day_warn_count": 0, "daily_sd": 0.27668578554632617, "threshold_error": 3.624699792293625}, "yello": {"sample_sd": 0.45338235029118146, "sample_mean": 0.16666666666676666, "daily_article_count": 0, "30_day_error_count": 1, "threshold_warn": 1.0734313672491296, "30_day_warn_count": 0, "daily_sd": -0.36760731104712441, "threshold_error": 1.5268137175403111}, "menin": {"sample_sd": 2.6718699236468995, "sample_mean": 4.1666666666667673, "daily_article_count": 3, "30_day_error_count": 0, "threshold_warn": 9.5104065139605662, "30_day_warn_count": 0, "daily_sd": -0.43664800308630142, "threshold_error": 12.182276437607467}, "plagu": {"sample_sd": 2.9657301892713632, "sample_mean": 1.2666666666667665, "daily_article_count": 1, "30_day_error_count": 1, "threshold_warn": 7.1981270452094925, "30_day_warn_count": 0, "daily_sd": -0.089916023929433264, "threshold_error": 10.163857234480856}, "westn": {"sample_sd": 2.423266849156779, "sample_mean": 4.1666666666667673, "daily_article_count": 1, "30_day_error_count": 0, "threshold_warn": 9.0132003649803245, "30_day_warn_count": 0, "daily_sd": -1.3067758789209154, "threshold_error": 11.436467214137105}, "swine": {"sample_sd": 2.048305532764962, "sample_mean": 2.7333333333334333, "daily_article_count": 4, "30_day_error_count": 3, "threshold_warn": 6.8299443988633577, "30_day_warn_count": 2, "daily_sd": 0.61839732715886464, "threshold_error": 8.8782499316283197}, "measl": {"sample_sd": 2.2373098926066444, "sample_mean": 2.8333333333334334, "daily_article_count": 3, "30_day_error_count": 4, "threshold_warn": 7.3079531185467221, "30_day_warn_count": 3, "daily_sd": 0.074494225059000052, "threshold_error": 9.5452630111533665}, "dengu": {"sample_sd": 23.373394181324105, "sample_mean": 31.866666666666767, "daily_article_count": 4, "30_day_error_count": 0, "threshold_warn": 78.613455029314977, "30_day_warn_count": 0, "daily_sd": -1.192238767313174, "threshold_error": 101.98684921063909}, "ebola": {"sample_sd": 12.077343342897155, "sample_mean": 27.066666666666766, "daily_article_count": 15, "30_day_error_count": 4, "threshold_warn": 51.22135335246108, "30_day_warn_count": 0, "daily_sd": -0.99911597476967751, "threshold_error": 63.298696695358231}, "unkno": {"sample_sd": 20.043175618870603, "sample_mean": 48.933333333333429, "daily_article_count": 82, "30_day_error_count": 0, "threshold_warn": 89.019684571074635, "30_day_warn_count": 0, "daily_sd": 1.6497718373297283, "threshold_error": 109.06286018994524}, "mumps": {"sample_sd": 1.0561986345169907, "sample_mean": 0.86666666666676673, "daily_article_count": 4, "30_day_error_count": 0, "threshold_warn": 2.979063935700748, "30_day_warn_count": 0, "daily_sd": 2.9666136945595802, "threshold_error": 4.0352625702177392}}