{"hemmo": {"sample_sd": 2.2861904265976327, "sample_mean": 1.2, "daily_article_count": 0, "30_day_error_count": 0, "threshold_warn": 5.7723808531952656, "30_day_warn_count": 0, "daily_sd": -0.52489065916782385, "threshold_error": 8.058571279792897}, "mersc": {"sample_sd": 1.4640127503998499, "sample_mean": 1.3, "daily_article_count": 47, "30_day_error_count": 29, "threshold_warn": 4.2280255007997001, "30_day_warn_count": 0, "daily_sd": 31.215575129054347, "threshold_error": 5.6920382511995493}, "influ": {"sample_sd": 2.3249850656629079, "sample_mean": 3.1666666666666665, "daily_article_count": 8, "30_day_error_count": 4, "threshold_warn": 7.8166367979924818, "30_day_warn_count": 5, "daily_sd": 2.0788663999246966, "threshold_error": 10.14162186365539}, "pertu": {"sample_sd": 0.61101009266077866, "sample_mean": 0.40000000000000002, "daily_article_count": 0, "30_day_error_count": 9, "threshold_warn": 1.6220201853215572, "30_day_warn_count": 2, "daily_sd": -0.6546536707079772, "threshold_error": 2.2330302779823361}, "moldf": {"sample_sd": 0.47609522856952335, "sample_mean": 0.20000000000000001, "daily_article_count": 0, "30_day_error_count": 7, "threshold_warn": 1.1521904571390467, "30_day_warn_count": 1, "daily_sd": -0.42008402520840293, "threshold_error": 1.6282856857085701}, "chole": {"sample_sd": 2.3057898140695015, "sample_mean": 2.5, "daily_article_count": 1, "30_day_error_count": 0, "threshold_warn": 7.1115796281390029, "30_day_warn_count": 0, "daily_sd": -0.6505363111794833, "threshold_error": 9.4173694422085035}, "hepat": {"sample_sd": 1.6653327995729061, "sample_mean": 1.3999999999999999, "daily_article_count": 3, "30_day_error_count": 3, "threshold_warn": 4.7306655991458122, "30_day_warn_count": 0, "daily_sd": 0.96076892283052284, "threshold_error": 6.395998398718719}, "chiku": {"sample_sd": 1.8526257642120338, "sample_mean": 1.0333333333333334, "daily_article_count": 4, "30_day_error_count": 1, "threshold_warn": 4.7385848617574009, "30_day_warn_count": 1, "daily_sd": 1.6013307835694821, "threshold_error": 6.5912106259694347}, "yello": {"sample_sd": 0.37267799624996495, "sample_mean": 0.16666666666666666, "daily_article_count": 1, "30_day_error_count": 2, "threshold_warn": 0.91202265916659653, "30_day_warn_count": 0, "daily_sd": 2.2360679774997898, "threshold_error": 1.2847006554165616}, "menin": {"sample_sd": 4.1831673273835097, "sample_mean": 3.6333333333333333, "daily_article_count": 0, "30_day_error_count": 0, "threshold_warn": 11.999667988100352, "30_day_warn_count": 0, "daily_sd": -0.86856036323220975, "threshold_error": 16.182835315483864}, "plagu": {"sample_sd": 0.17950549357115014, "sample_mean": 0.033333333333333333, "daily_article_count": 0, "30_day_error_count": 2, "threshold_warn": 0.39234432047563361, "30_day_warn_count": 0, "daily_sd": -0.18569533817705186, "threshold_error": 0.5718498140467837}, "westn": {"sample_sd": 0.17950549357115012, "sample_mean": 0.033333333333333333, "daily_article_count": 2, "30_day_error_count": 10, "threshold_warn": 0.39234432047563356, "30_day_warn_count": 0, "daily_sd": 10.956024952446061, "threshold_error": 0.5718498140467837}, "swine": {"sample_sd": 0.92855921847894141, "sample_mean": 1.0666666666666667, "daily_article_count": 0, "30_day_error_count": 6, "threshold_warn": 2.9237851036245495, "30_day_warn_count": 0, "daily_sd": -1.1487330537883809, "threshold_error": 3.852344322103491}, "measl": {"sample_sd": 4.8130609341203607, "sample_mean": 8.0333333333333332, "daily_article_count": 9, "30_day_error_count": 2, "threshold_warn": 17.659455201574055, "30_day_warn_count": 0, "daily_sd": 0.20084239113073593, "threshold_error": 22.472516135694413}, "dengu": {"sample_sd": 6.8124885321004385, "sample_mean": 5.2999999999999998, "daily_article_count": 2, "30_day_error_count": 0, "threshold_warn": 18.924977064200878, "30_day_warn_count": 0, "daily_sd": -0.48440448515258461, "threshold_error": 25.737465596301316}, "ebola": {"sample_sd": 28.869053019145294, "sample_mean": 30.333333333333332, "daily_article_count": 5, "30_day_error_count": 0, "threshold_warn": 88.071439371623924, "30_day_warn_count": 0, "daily_sd": -0.87752560905038501, "threshold_error": 116.94049239076921}, "unkno": {"sample_sd": 13.214848550862103, "sample_mean": 36.033333333333331, "daily_article_count": 34, "30_day_error_count": 2, "threshold_warn": 62.463030435057533, "30_day_warn_count": 2, "daily_sd": -0.15386732019722482, "threshold_error": 75.677878985919648}, "mumps": {"sample_sd": 2.1281186266016485, "sample_mean": 1.9333333333333333, "daily_article_count": 3, "30_day_error_count": 1, "threshold_warn": 6.1895705865366306, "30_day_warn_count": 1, "daily_sd": 0.50122519174131097, "threshold_error": 8.3176892131382782}}