{"hemmo": {"sample_sd": 0.17950549357115009, "sample_mean": 0.033333333333433336, "daily_article_count": 0, "30_day_error_count": 1, "threshold_warn": 0.39234432047573353, "30_day_warn_count": 0, "daily_sd": -0.18569533817760903, "threshold_error": 0.57184981404688362}, "mersc": {"sample_sd": 23.728932176189939, "sample_mean": 27.733333333333434, "daily_article_count": 4, "30_day_error_count": 0, "threshold_warn": 75.19119768571332, "30_day_warn_count": 0, "daily_sd": -1.0001854764095921, "threshold_error": 98.920129861903249}, "influ": {"sample_sd": 2.0231987873991355, "sample_mean": 2.2000000000001001, "daily_article_count": 1, "30_day_error_count": 1, "threshold_warn": 6.2463975747983707, "30_day_warn_count": 0, "daily_sd": -0.59312016568709258, "threshold_error": 8.2695963621975075}, "pertu": {"sample_sd": 1.0671873729054748, "sample_mean": 1.1666666666667667, "daily_article_count": 0, "30_day_error_count": 7, "threshold_warn": 3.3010414124777165, "30_day_warn_count": 0, "daily_sd": -1.0932163332203362, "threshold_error": 4.3682287853831907}, "moldf": {"sample_sd": 0.51207638319124049, "sample_mean": 0.26666666666676664, "daily_article_count": 0, "30_day_error_count": 2, "threshold_warn": 1.2908194330492475, "30_day_warn_count": 0, "daily_sd": -0.52075564392349072, "threshold_error": 1.802895816240488}, "chole": {"sample_sd": 4.777260953959102, "sample_mean": 6.3333333333334334, "daily_article_count": 1, "30_day_error_count": 0, "threshold_warn": 15.887855241251637, "30_day_warn_count": 0, "daily_sd": -1.116399833447133, "threshold_error": 20.665116195210739}, "hepat": {"sample_sd": 3.9866443700602812, "sample_mean": 3.2000000000001001, "daily_article_count": 3, "30_day_error_count": 0, "threshold_warn": 11.173288740120663, "30_day_warn_count": 0, "daily_sd": -0.050167504656823937, "threshold_error": 15.159933110180944}, "chiku": {"sample_sd": 3.2871804872193362, "sample_mean": 3.8333333333334334, "daily_article_count": 13, "30_day_error_count": 10, "threshold_warn": 10.407694307772106, "30_day_warn_count": 13, "daily_sd": 2.7886106960986359, "threshold_error": 13.694874794991442}, "yello": {"sample_sd": 0.45338235029118146, "sample_mean": 0.16666666666676666, "daily_article_count": 0, "30_day_error_count": 3, "threshold_warn": 1.0734313672491296, "30_day_warn_count": 0, "daily_sd": -0.36760731104712441, "threshold_error": 1.5268137175403111}, "menin": {"sample_sd": 1.0645812948447542, "sample_mean": 1.0000000000000999, "daily_article_count": 0, "30_day_error_count": 3, "threshold_warn": 3.1291625896896083, "30_day_warn_count": 0, "daily_sd": -0.93933643662781807, "threshold_error": 4.1937438845343618}, "plagu": {"sample_sd": 0.0, "sample_mean": 1e-13, "daily_article_count": 0, "30_day_error_count": 1, "threshold_warn": 1e-13, "30_day_warn_count": 0, "daily_sd": -Infinity, "threshold_error": 1e-13}, "westn": {"sample_sd": 1.2565384549980507, "sample_mean": 1.4333333333334333, "daily_article_count": 3, "30_day_error_count": 4, "threshold_warn": 3.9464102433295345, "30_day_warn_count": 10, "daily_sd": 1.2468115563315547, "threshold_error": 5.2029486983275852}, "swine": {"sample_sd": 2.6350205565295561, "sample_mean": 1.3000000000001, "daily_article_count": 1, "30_day_error_count": 0, "threshold_warn": 6.5700411130592125, "30_day_warn_count": 0, "daily_sd": -0.11385110421878979, "threshold_error": 9.205061669588769}, "measl": {"sample_sd": 10.08194205277711, "sample_mean": 8.433333333333433, "daily_article_count": 4, "30_day_error_count": 0, "threshold_warn": 28.597217438887654, "30_day_warn_count": 0, "daily_sd": -0.43973009467082325, "threshold_error": 38.679159491664763}, "dengu": {"sample_sd": 2.5649344804280849, "sample_mean": 2.5666666666667668, "daily_article_count": 8, "30_day_error_count": 2, "threshold_warn": 7.6965356275229366, "30_day_warn_count": 5, "daily_sd": 2.118312719015893, "threshold_error": 10.261470107951022}, "ebola": {"sample_sd": 6.4776538962806587, "sample_mean": 6.8000000000001002, "daily_article_count": 47, "30_day_error_count": 10, "threshold_warn": 19.755307792561418, "30_day_warn_count": 16, "daily_sd": 6.2059505869990907, "threshold_error": 26.232961688842078}, "unkno": {"sample_sd": 30.047906194386769, "sample_mean": 61.700000000000102, "daily_article_count": 79, "30_day_error_count": 1, "threshold_warn": 121.79581238877364, "30_day_warn_count": 0, "daily_sd": 0.57574727131009551, "threshold_error": 151.84371858316041}, "mumps": {"sample_sd": 0.80346471954626342, "sample_mean": 0.56666666666676668, "daily_article_count": 0, "30_day_error_count": 0, "threshold_warn": 2.1735961057592936, "30_day_warn_count": 0, "daily_sd": -0.70527884159839338, "threshold_error": 2.977060825305557}}