{"hemmo": {"sample_sd": 1.5849991237291656, "sample_mean": 0.43333333333333335, "daily_article_count": 1, "30_day_error_count": 2, "threshold_warn": 3.6033315807916644, "30_day_warn_count": 0, "daily_sd": 0.35751859933740565, "threshold_error": 5.1883307045208307}, "mersc": {"sample_sd": 2.3825756371344577, "sample_mean": 1.7, "daily_article_count": 5, "30_day_error_count": 0, "threshold_warn": 6.4651512742689157, "30_day_warn_count": 0, "daily_sd": 1.3850557138949575, "threshold_error": 8.8477269114033721}, "influ": {"sample_sd": 5.5478724650886573, "sample_mean": 8.4333333333333336, "daily_article_count": 1, "30_day_error_count": 0, "threshold_warn": 19.529078263510648, "30_day_warn_count": 0, "daily_sd": -1.339852958068052, "threshold_error": 25.076950728599304}, "pertu": {"sample_sd": 0.97125348562223091, "sample_mean": 0.69999999999999996, "daily_article_count": 0, "30_day_error_count": 0, "threshold_warn": 2.6425069712444618, "30_day_warn_count": 0, "daily_sd": -0.72071813420730924, "threshold_error": 3.613760456866693}, "moldf": {"sample_sd": 0.6403124237432849, "sample_mean": 0.29999999999999999, "daily_article_count": 0, "30_day_error_count": 0, "threshold_warn": 1.5806248474865698, "30_day_warn_count": 0, "daily_sd": -0.46852128566581813, "threshold_error": 2.2209372712298547}, "chole": {"sample_sd": 1.4302291968616625, "sample_mean": 1.5666666666666667, "daily_article_count": 5, "30_day_error_count": 4, "threshold_warn": 4.4271250603899919, "30_day_warn_count": 4, "daily_sd": 2.4005476470953484, "threshold_error": 5.8573542572516537}, "hepat": {"sample_sd": 1.0, "sample_mean": 1.0, "daily_article_count": 0, "30_day_error_count": 3, "threshold_warn": 3.0, "30_day_warn_count": 0, "daily_sd": -1.0, "threshold_error": 4.0}, "chiku": {"sample_sd": 0.88443327742810651, "sample_mean": 0.53333333333333333, "daily_article_count": 1, "30_day_error_count": 0, "threshold_warn": 2.3021998881895462, "30_day_warn_count": 0, "daily_sd": 0.52764485301108643, "threshold_error": 3.1866331656176525}, "yello": {"sample_sd": 0.37267799624996495, "sample_mean": 0.16666666666666666, "daily_article_count": 0, "30_day_error_count": 0, "threshold_warn": 0.91202265916659653, "30_day_warn_count": 0, "daily_sd": -0.44721359549995793, "threshold_error": 1.2847006554165616}, "menin": {"sample_sd": 2.5388098699106152, "sample_mean": 2.2333333333333334, "daily_article_count": 1, "30_day_error_count": 2, "threshold_warn": 7.3109530731545638, "30_day_warn_count": 0, "daily_sd": -0.48579192477172611, "threshold_error": 9.8497629430651799}, "plagu": {"sample_sd": 0.17950549357115012, "sample_mean": 0.033333333333333333, "daily_article_count": 0, "30_day_error_count": 0, "threshold_warn": 0.39234432047563356, "30_day_warn_count": 0, "daily_sd": -0.18569533817705189, "threshold_error": 0.5718498140467837}, "westn": {"sample_sd": 1.4685593847940459, "sample_mean": 0.90000000000000002, "daily_article_count": 0, "30_day_error_count": 0, "threshold_warn": 3.8371187695880917, "30_day_warn_count": 0, "daily_sd": -0.61284549288159573, "threshold_error": 5.3056781543821376}, "swine": {"sample_sd": 2.3055488621054114, "sample_mean": 4.4666666666666668, "daily_article_count": 1, "30_day_error_count": 0, "threshold_warn": 9.0777643908774905, "30_day_warn_count": 0, "daily_sd": -1.5036188231122243, "threshold_error": 11.383313252982902}, "measl": {"sample_sd": 6.1214558907356516, "sample_mean": 6.166666666666667, "daily_article_count": 14, "30_day_error_count": 0, "threshold_warn": 18.409578448137971, "30_day_warn_count": 0, "daily_sd": 1.279652009775726, "threshold_error": 24.531034338873621}, "dengu": {"sample_sd": 2.1561282171728307, "sample_mean": 3.5333333333333332, "daily_article_count": 1, "30_day_error_count": 0, "threshold_warn": 7.8455897676789945, "30_day_warn_count": 0, "daily_sd": -1.1749455867959018, "threshold_error": 10.001717984851826}, "ebola": {"sample_sd": 0.84393259341147753, "sample_mean": 0.43333333333333335, "daily_article_count": 64, "30_day_error_count": 12, "threshold_warn": 2.1211985201562884, "30_day_warn_count": 0, "daily_sd": 75.321971402606295, "threshold_error": 2.9651311135677663}, "unkno": {"sample_sd": 17.589264402533217, "sample_mean": 43.466666666666669, "daily_article_count": 37, "30_day_error_count": 0, "threshold_warn": 78.645195471733103, "30_day_warn_count": 0, "daily_sd": -0.36764849960043439, "threshold_error": 96.234459874266321}, "mumps": {"sample_sd": 0.95219045713904671, "sample_mean": 0.40000000000000002, "daily_article_count": 1, "30_day_error_count": 7, "threshold_warn": 2.3043809142780933, "30_day_warn_count": 1, "daily_sd": 0.63012603781260434, "threshold_error": 3.2565713714171403}}