{"hemmo": {"sample_sd": 2.2715633383201093, "sample_mean": 1.2000000000000999, "daily_article_count": 0, "30_day_error_count": 0, "threshold_warn": 5.7431266766403182, "30_day_warn_count": 0, "daily_sd": -0.52827054379541827, "threshold_error": 8.0146900149604274}, "mersc": {"sample_sd": 11.749278937686157, "sample_mean": 8.5666666666667659, "daily_article_count": 49, "30_day_error_count": 16, "threshold_warn": 32.065224542039076, "30_day_warn_count": 24, "daily_sd": 3.4413459368678478, "threshold_error": 43.814503479725232}, "influ": {"sample_sd": 5.9217114643206541, "sample_mean": 5.0000000000001004, "daily_article_count": 2, "30_day_error_count": 0, "threshold_warn": 16.843422928641409, "30_day_warn_count": 0, "daily_sd": -0.50661029637725918, "threshold_error": 22.765134392962061}, "pertu": {"sample_sd": 1.0979779394667071, "sample_mean": 0.8333333333334334, "daily_article_count": 3, "30_day_error_count": 2, "threshold_warn": 3.0292892122668476, "30_day_warn_count": 5, "daily_sd": 1.9733244073363865, "threshold_error": 4.1272671517335544}, "moldf": {"sample_sd": 1.2133516482134197, "sample_mean": 0.8333333333334334, "daily_article_count": 1, "30_day_error_count": 0, "threshold_warn": 3.2600366297602728, "30_day_warn_count": 0, "daily_sd": 0.13736056394860655, "threshold_error": 4.473388277973692}, "chole": {"sample_sd": 2.2499382707581606, "sample_mean": 2.2666666666667665, "daily_article_count": 19, "30_day_error_count": 1, "threshold_warn": 6.7665432081830872, "30_day_warn_count": 1, "daily_sd": 7.4372410793717521, "threshold_error": 9.0164814789412482}, "hepat": {"sample_sd": 2.176898915634093, "sample_mean": 2.1666666666667664, "daily_article_count": 2, "30_day_error_count": 1, "threshold_warn": 6.5204644979349524, "30_day_warn_count": 0, "daily_sd": -0.076561509342393752, "threshold_error": 8.6973634135690467}, "chiku": {"sample_sd": 1.9595917942265422, "sample_mean": 1.4000000000000998, "daily_article_count": 10, "30_day_error_count": 2, "threshold_warn": 5.3191835884531837, "30_day_warn_count": 1, "daily_sd": 4.3886691224864771, "threshold_error": 7.2787753826797266}, "yello": {"sample_sd": 0.29999999999999999, "sample_mean": 0.10000000000010001, "daily_article_count": 0, "30_day_error_count": 2, "threshold_warn": 0.70000000000009999, "30_day_warn_count": 0, "daily_sd": -0.33333333333366671, "threshold_error": 1.0000000000000999}, "menin": {"sample_sd": 3.9015666369065412, "sample_mean": 2.6666666666667664, "daily_article_count": 1, "30_day_error_count": 0, "threshold_warn": 10.469799940479849, "30_day_warn_count": 0, "daily_sd": -0.42717882885840613, "threshold_error": 14.371366577386389}, "plagu": {"sample_sd": 0.29999999999999999, "sample_mean": 0.10000000000010001, "daily_article_count": 0, "30_day_error_count": 0, "threshold_warn": 0.70000000000009999, "30_day_warn_count": 0, "daily_sd": -0.33333333333366671, "threshold_error": 1.0000000000000999}, "westn": {"sample_sd": 0.45338235029118146, "sample_mean": 0.16666666666676666, "daily_article_count": 3, "30_day_error_count": 5, "threshold_warn": 1.0734313672491296, "30_day_warn_count": 0, "daily_sd": 6.2493242877971458, "threshold_error": 1.5268137175403111}, "swine": {"sample_sd": 2.0893911925619757, "sample_mean": 1.6333333333334332, "daily_article_count": 1, "30_day_error_count": 2, "threshold_warn": 5.8121157184573846, "30_day_warn_count": 0, "daily_sd": -0.30311860009175723, "threshold_error": 7.9015069110193599}, "measl": {"sample_sd": 5.7194599589666, "sample_mean": 9.766666666666767, "daily_article_count": 7, "30_day_error_count": 2, "threshold_warn": 21.205586584599967, "30_day_warn_count": 0, "daily_sd": -0.48372865384420877, "threshold_error": 26.925046543566566}, "dengu": {"sample_sd": 6.9153613226079678, "sample_mean": 5.6666666666667673, "daily_article_count": 6, "30_day_error_count": 0, "threshold_warn": 19.497389311882703, "30_day_warn_count": 0, "daily_sd": 0.048201867954966636, "threshold_error": 26.412750634490671}, "ebola": {"sample_sd": 22.183302028527873, "sample_mean": 38.633333333333432, "daily_article_count": 0, "30_day_error_count": 0, "threshold_warn": 82.999937390389178, "30_day_warn_count": 0, "daily_sd": -1.7415501661407626, "threshold_error": 105.18323941891705}, "unkno": {"sample_sd": 13.596772492846315, "sample_mean": 40.166666666666764, "daily_article_count": 92, "30_day_error_count": 6, "threshold_warn": 67.360211652359396, "30_day_warn_count": 5, "daily_sd": 3.8121792036017643, "threshold_error": 80.956984145205709}, "mumps": {"sample_sd": 2.4641879437701624, "sample_mean": 2.8333333333334334, "daily_article_count": 0, "30_day_error_count": 0, "threshold_warn": 7.7617092208737581, "30_day_warn_count": 0, "daily_sd": -1.1498040725734926, "threshold_error": 10.225897164643921}}