{"hemmo": {"sample_sd": 0.24944382578492943, "sample_mean": 0.066666666666666666, "daily_article_count": 1, "30_day_error_count": 3, "threshold_warn": 0.56555431823652558, "30_day_warn_count": 0, "daily_sd": 3.7416573867739413, "threshold_error": 0.81499814402145498}, "mersc": {"sample_sd": 1.3780017739062924, "sample_mean": 0.96666666666666667, "daily_article_count": 0, "30_day_error_count": 0, "threshold_warn": 3.7226702144792516, "30_day_warn_count": 0, "daily_sd": -0.70149885506054688, "threshold_error": 5.1006719883855443}, "influ": {"sample_sd": 7.6929982596008832, "sample_mean": 14.866666666666667, "daily_article_count": 7, "30_day_error_count": 1, "threshold_warn": 30.252663185868435, "30_day_warn_count": 0, "daily_sd": -1.0225748662881919, "threshold_error": 37.945661445469312}, "pertu": {"sample_sd": 1.2892719737209144, "sample_mean": 1.9333333333333333, "daily_article_count": 1, "30_day_error_count": 1, "threshold_warn": 4.5118772807751624, "30_day_warn_count": 0, "daily_sd": -0.72392276599302685, "threshold_error": 5.8011492544960763}, "moldf": {"sample_sd": 0.87496031656044571, "sample_mean": 0.36666666666666664, "daily_article_count": 0, "30_day_error_count": 1, "threshold_warn": 2.1165872997875579, "30_day_warn_count": 0, "daily_sd": -0.41906662476770268, "threshold_error": 2.9915476163480039}, "chole": {"sample_sd": 2.9476921292578862, "sample_mean": 4.333333333333333, "daily_article_count": 2, "30_day_error_count": 1, "threshold_warn": 10.228717591849104, "30_day_warn_count": 1, "daily_sd": -0.79157972780582597, "threshold_error": 13.176409721106992}, "hepat": {"sample_sd": 2.1962088546705512, "sample_mean": 2.8999999999999999, "daily_article_count": 4, "30_day_error_count": 1, "threshold_warn": 7.2924177093411018, "30_day_warn_count": 0, "daily_sd": 0.50086311129321481, "threshold_error": 9.4886265640116534}, "chiku": {"sample_sd": 1.5524174696260022, "sample_mean": 1.3, "daily_article_count": 3, "30_day_error_count": 0, "threshold_warn": 4.4048349392520043, "30_day_warn_count": 0, "daily_sd": 1.0950662648814125, "threshold_error": 5.9572524088780066}, "yello": {"sample_sd": 0.47609522856952341, "sample_mean": 0.20000000000000001, "daily_article_count": 0, "30_day_error_count": 1, "threshold_warn": 1.1521904571390469, "30_day_warn_count": 0, "daily_sd": -0.42008402520840288, "threshold_error": 1.6282856857085701}, "menin": {"sample_sd": 2.3935097428021654, "sample_mean": 3.0666666666666669, "daily_article_count": 7, "30_day_error_count": 2, "threshold_warn": 7.8536861522709973, "30_day_warn_count": 0, "daily_sd": 1.6433329110782906, "threshold_error": 10.247195895073164}, "plagu": {"sample_sd": 0.29999999999999999, "sample_mean": 0.10000000000000001, "daily_article_count": 0, "30_day_error_count": 7, "threshold_warn": 0.69999999999999996, "30_day_warn_count": 0, "daily_sd": -0.33333333333333337, "threshold_error": 0.99999999999999989}, "westn": {"sample_sd": 1.374772708486752, "sample_mean": 1.1000000000000001, "daily_article_count": 0, "30_day_error_count": 0, "threshold_warn": 3.8495454169735042, "30_day_warn_count": 0, "daily_sd": -0.80013226419863881, "threshold_error": 5.2243181254602558}, "swine": {"sample_sd": 6.3294725074228912, "sample_mean": 6.9333333333333336, "daily_article_count": 2, "30_day_error_count": 0, "threshold_warn": 19.592278348179114, "30_day_warn_count": 0, "daily_sd": -0.77942250757038045, "threshold_error": 25.921750855602006}, "measl": {"sample_sd": 4.7604855027845865, "sample_mean": 8.2666666666666675, "daily_article_count": 0, "30_day_error_count": 4, "threshold_warn": 17.787637672235839, "30_day_warn_count": 0, "daily_sd": -1.7365175593605282, "threshold_error": 22.548123175020429}, "dengu": {"sample_sd": 2.860458393723325, "sample_mean": 4.1333333333333337, "daily_article_count": 4, "30_day_error_count": 0, "threshold_warn": 9.8542501207799837, "30_day_warn_count": 0, "daily_sd": -0.046612575671754475, "threshold_error": 12.714708514503307}, "ebola": {"sample_sd": 27.930250426533753, "sample_mean": 63.033333333333331, "daily_article_count": 16, "30_day_error_count": 0, "threshold_warn": 118.89383418640084, "30_day_warn_count": 0, "daily_sd": -1.6839567356206602, "threshold_error": 146.8240846129346}, "unkno": {"sample_sd": 24.454697344727499, "sample_mean": 57.966666666666669, "daily_article_count": 39, "30_day_error_count": 0, "threshold_warn": 106.87606135612167, "30_day_warn_count": 0, "daily_sd": -0.77558378250614235, "threshold_error": 131.33075870084917}, "mumps": {"sample_sd": 0.30000000000000004, "sample_mean": 0.10000000000000001, "daily_article_count": 0, "30_day_error_count": 3, "threshold_warn": 0.70000000000000007, "30_day_warn_count": 0, "daily_sd": -0.33333333333333331, "threshold_error": 1.0000000000000002}}