{"hemmo": {"sample_sd": 2.1000000000000001, "sample_mean": 1.3000000000001, "daily_article_count": 0, "30_day_error_count": 0, "threshold_warn": 5.5000000000001004, "30_day_warn_count": 0, "daily_sd": -0.61904761904766659, "threshold_error": 7.6000000000001009}, "mersc": {"sample_sd": 2.3249850656629079, "sample_mean": 2.1666666666667664, "daily_article_count": 1, "30_day_error_count": 0, "threshold_warn": 6.8166367979925822, "30_day_warn_count": 0, "daily_sd": -0.50179533791290065, "threshold_error": 9.1416218636554909}, "influ": {"sample_sd": 5.1982903172314474, "sample_mean": 10.666666666666766, "daily_article_count": 8, "30_day_error_count": 0, "threshold_warn": 21.06324730112966, "30_day_warn_count": 0, "daily_sd": -0.51298917604259608, "threshold_error": 26.26153761836111}, "pertu": {"sample_sd": 1.2631530214330944, "sample_mean": 1.2666666666667665, "daily_article_count": 1, "30_day_error_count": 0, "threshold_warn": 3.7929727095329553, "30_day_warn_count": 0, "daily_sd": -0.21111192558778288, "threshold_error": 5.0561257309660501}, "moldf": {"sample_sd": 0.33993463423951903, "sample_mean": 0.13333333333343333, "daily_article_count": 1, "30_day_error_count": 4, "threshold_warn": 0.81320260181247139, "30_day_warn_count": 0, "daily_sd": 2.5495097567960978, "threshold_error": 1.1531372360519905}, "chole": {"sample_sd": 2.7121127475743987, "sample_mean": 4.3333333333334334, "daily_article_count": 2, "30_day_error_count": 2, "threshold_warn": 9.7575588284822317, "30_day_warn_count": 0, "daily_sd": -0.86033788065052608, "threshold_error": 12.46967157605663}, "hepat": {"sample_sd": 1.6069294390925264, "sample_mean": 1.4666666666667665, "daily_article_count": 3, "30_day_error_count": 0, "threshold_warn": 4.680525544851819, "30_day_warn_count": 0, "daily_sd": 0.95420078569171374, "threshold_error": 6.287454983944345}, "chiku": {"sample_sd": 2.4576411454889016, "sample_mean": 4.4000000000001007, "daily_article_count": 3, "30_day_error_count": 0, "threshold_warn": 9.3152822909779047, "30_day_warn_count": 0, "daily_sd": -0.56965192113985264, "threshold_error": 11.772923436466805}, "yello": {"sample_sd": 0.24944382578492943, "sample_mean": 0.066666666666766669, "daily_article_count": 0, "30_day_error_count": 6, "threshold_warn": 0.5655543182366255, "30_day_warn_count": 0, "daily_sd": -0.2672612419128253, "threshold_error": 0.81499814402155502}, "menin": {"sample_sd": 2.5551690528982403, "sample_mean": 3.2666666666667665, "daily_article_count": 1, "30_day_error_count": 3, "threshold_warn": 8.3770047724632466, "30_day_warn_count": 4, "daily_sd": -0.88709068548547287, "threshold_error": 10.932173825361488}, "plagu": {"sample_sd": 0.17950549357115009, "sample_mean": 0.033333333333433336, "daily_article_count": 0, "30_day_error_count": 4, "threshold_warn": 0.39234432047573353, "30_day_warn_count": 0, "daily_sd": -0.18569533817760903, "threshold_error": 0.57184981404688362}, "westn": {"sample_sd": 2.1071307505705477, "sample_mean": 2.6000000000001, "daily_article_count": 1, "30_day_error_count": 0, "threshold_warn": 6.8142615011411953, "30_day_warn_count": 0, "daily_sd": -0.7593263966020467, "threshold_error": 8.9213922517117439}, "swine": {"sample_sd": 1.3399834161494519, "sample_mean": 1.2666666666667665, "daily_article_count": 3, "30_day_error_count": 1, "threshold_warn": 3.9466334989656704, "30_day_warn_count": 0, "daily_sd": 1.2935483472729115, "threshold_error": 5.2866169151151219}, "measl": {"sample_sd": 2.6718699236468995, "sample_mean": 2.8333333333334334, "daily_article_count": 0, "30_day_error_count": 0, "threshold_warn": 8.1770731806272323, "30_day_warn_count": 0, "daily_sd": -1.0604308646381067, "threshold_error": 10.848943104274133}, "dengu": {"sample_sd": 4.0040257519429394, "sample_mean": 8.6333333333334323, "daily_article_count": 13, "30_day_error_count": 0, "threshold_warn": 16.641384837219313, "30_day_warn_count": 0, "daily_sd": 1.0905690765219624, "threshold_error": 20.64541058916225}, "ebola": {"sample_sd": 357.02041802800142, "sample_mean": 523.23333333333346, "daily_article_count": 381, "30_day_error_count": 3, "threshold_warn": 1237.2741693893363, "30_day_warn_count": 14, "daily_sd": -0.39838991315666988, "threshold_error": 1594.2945874173379}, "unkno": {"sample_sd": 34.281190177705327, "sample_mean": 80.000000000000099, "daily_article_count": 38, "30_day_error_count": 0, "threshold_warn": 148.56238035541077, "30_day_warn_count": 0, "daily_sd": -1.2251616639411393, "threshold_error": 182.84357053311606}, "mumps": {"sample_sd": 0.17950549357115014, "sample_mean": 0.033333333333433336, "daily_article_count": 0, "30_day_error_count": 4, "threshold_warn": 0.39234432047573364, "30_day_warn_count": 0, "daily_sd": -0.18569533817760894, "threshold_error": 0.57184981404688373}}