{"hemmo": {"sample_sd": 0.91954094827558153, "sample_mean": 0.23333333333343334, "daily_article_count": 0, "30_day_error_count": 0, "threshold_warn": 2.0724152298845966, "30_day_warn_count": 0, "daily_sd": -0.25374980175815354, "threshold_error": 2.9919561781601778}, "mersc": {"sample_sd": 4.890353316024882, "sample_mean": 5.8666666666667666, "daily_article_count": 0, "30_day_error_count": 0, "threshold_warn": 15.647373298716531, "30_day_warn_count": 0, "daily_sd": -1.1996406573411917, "threshold_error": 20.537726614741413}, "influ": {"sample_sd": 7.7190241179396075, "sample_mean": 4.5000000000001004, "daily_article_count": 5, "30_day_error_count": 0, "threshold_warn": 19.938048235879315, "30_day_warn_count": 0, "daily_sd": 0.064775027563116566, "threshold_error": 27.657072353818922}, "pertu": {"sample_sd": 2.9022979401386988, "sample_mean": 2.1000000000001, "daily_article_count": 4, "30_day_error_count": 0, "threshold_warn": 7.9045958802774976, "30_day_warn_count": 0, "daily_sd": 0.65465367070794267, "threshold_error": 10.806893820416196}, "moldf": {"sample_sd": 0.42687494916218993, "sample_mean": 0.13333333333343333, "daily_article_count": 0, "30_day_error_count": 2, "threshold_warn": 0.9870832316578132, "30_day_warn_count": 0, "daily_sd": -0.3123475237774464, "threshold_error": 1.413958180820003}, "chole": {"sample_sd": 5.0128723192286566, "sample_mean": 4.266666666666767, "daily_article_count": 5, "30_day_error_count": 0, "threshold_warn": 14.29241130512408, "30_day_warn_count": 3, "daily_sd": 0.14629004822649719, "threshold_error": 19.305283624352739}, "hepat": {"sample_sd": 1.6155494421403511, "sample_mean": 1.7000000000000999, "daily_article_count": 1, "30_day_error_count": 6, "threshold_warn": 4.9310988842808019, "30_day_warn_count": 4, "daily_sd": -0.43328912241318285, "threshold_error": 6.5466483264211535}, "chiku": {"sample_sd": 6.8767724987816772, "sample_mean": 9.9000000000000998, "daily_article_count": 7, "30_day_error_count": 1, "threshold_warn": 23.653544997563454, "30_day_warn_count": 0, "daily_sd": -0.42170945752733252, "threshold_error": 30.530317496345134}, "yello": {"sample_sd": 0.81377037438224686, "sample_mean": 0.26666666666676664, "daily_article_count": 1, "30_day_error_count": 0, "threshold_warn": 1.8942074154312603, "30_day_warn_count": 0, "daily_sd": 0.9011551125708217, "threshold_error": 2.7079777898135071}, "menin": {"sample_sd": 1.6683325008322931, "sample_mean": 1.5000000000000999, "daily_article_count": 4, "30_day_error_count": 1, "threshold_warn": 4.8366650016646862, "30_day_warn_count": 0, "daily_sd": 1.4985022462564908, "threshold_error": 6.5049975024969786}, "plagu": {"sample_sd": 0.55876848714134031, "sample_mean": 0.23333333333343334, "daily_article_count": 0, "30_day_error_count": 3, "threshold_warn": 1.3508703076161139, "30_day_warn_count": 0, "daily_sd": -0.41758499039050451, "threshold_error": 1.9096387947574542}, "westn": {"sample_sd": 2.3019315560826064, "sample_mean": 3.9666666666667667, "daily_article_count": 7, "30_day_error_count": 0, "threshold_warn": 8.570529778831979, "30_day_warn_count": 0, "daily_sd": 1.3177339375351871, "threshold_error": 10.872461334914586}, "swine": {"sample_sd": 1.9689252567496478, "sample_mean": 1.7000000000000999, "daily_article_count": 2, "30_day_error_count": 0, "threshold_warn": 5.6378505134993953, "30_day_warn_count": 0, "daily_sd": 0.15236738874239839, "threshold_error": 7.6067757702490431}, "measl": {"sample_sd": 5.8792478732874969, "sample_mean": 6.6333333333334341, "daily_article_count": 2, "30_day_error_count": 0, "threshold_warn": 18.391829079908426, "30_day_warn_count": 0, "daily_sd": -0.78808266519686898, "threshold_error": 24.271076953195923}, "dengu": {"sample_sd": 4.2485291572496005, "sample_mean": 6.5000000000001004, "daily_article_count": 0, "30_day_error_count": 0, "threshold_warn": 14.997058314499302, "30_day_warn_count": 0, "daily_sd": -1.5299412477630376, "threshold_error": 19.245587471748902}, "ebola": {"sample_sd": 16.944386156548198, "sample_mean": 30.766666666666765, "daily_article_count": 475, "30_day_error_count": 20, "threshold_warn": 64.655438979763161, "30_day_warn_count": 19, "daily_sd": 26.217139365751425, "threshold_error": 81.599825136311352}, "unkno": {"sample_sd": 69.927549808514115, "sample_mean": 72.933333333333437, "daily_article_count": 42, "30_day_error_count": 0, "threshold_warn": 212.78843295036165, "30_day_warn_count": 0, "daily_sd": -0.44236260841456093, "threshold_error": 282.71598275887578}, "mumps": {"sample_sd": 0.42687494916218993, "sample_mean": 0.13333333333343333, "daily_article_count": 0, "30_day_error_count": 1, "threshold_warn": 0.9870832316578132, "30_day_warn_count": 0, "daily_sd": -0.3123475237774464, "threshold_error": 1.413958180820003}}