{"hemmo": {"sample_sd": 0.17950549357115009, "sample_mean": 0.033333333333333333, "daily_article_count": 0, "30_day_error_count": 4, "threshold_warn": 0.3923443204756335, "30_day_warn_count": 0, "daily_sd": -0.18569533817705192, "threshold_error": 0.57184981404678359}, "mersc": {"sample_sd": 8.290556877154474, "sample_mean": 12.0, "daily_article_count": 0, "30_day_error_count": 0, "threshold_warn": 28.581113754308948, "30_day_warn_count": 0, "daily_sd": -1.4474299106574249, "threshold_error": 36.871670631463424}, "influ": {"sample_sd": 1.8366636418607882, "sample_mean": 2.3999999999999999, "daily_article_count": 6, "30_day_error_count": 4, "threshold_warn": 6.0733272837215768, "30_day_warn_count": 0, "daily_sd": 1.9600758233296947, "threshold_error": 7.9099909255823651}, "pertu": {"sample_sd": 3.5095108870990366, "sample_mean": 2.5, "daily_article_count": 2, "30_day_error_count": 0, "threshold_warn": 9.5190217741980732, "30_day_warn_count": 0, "daily_sd": -0.14246999541674032, "threshold_error": 13.02853266129711}, "moldf": {"sample_sd": 0.75718777944003657, "sample_mean": 0.40000000000000002, "daily_article_count": 0, "30_day_error_count": 0, "threshold_warn": 1.914375558880073, "30_day_warn_count": 0, "daily_sd": -0.5282705437953743, "threshold_error": 2.6715633383201096}, "chole": {"sample_sd": 4.0442002368274936, "sample_mean": 5.666666666666667, "daily_article_count": 1, "30_day_error_count": 1, "threshold_warn": 13.755067140321653, "30_day_warn_count": 0, "daily_sd": -1.1539158284426274, "threshold_error": 17.79926737714915}, "hepat": {"sample_sd": 3.3038697848970311, "sample_mean": 2.4666666666666668, "daily_article_count": 3, "30_day_error_count": 0, "threshold_warn": 9.0744062364607281, "30_day_warn_count": 0, "daily_sd": 0.16142686245425231, "threshold_error": 12.37827602135776}, "chiku": {"sample_sd": 6.1358690410478038, "sample_mean": 8.1333333333333329, "daily_article_count": 9, "30_day_error_count": 2, "threshold_warn": 20.405071415428942, "30_day_warn_count": 0, "daily_sd": 0.14124595242643398, "threshold_error": 26.540940456476743}, "yello": {"sample_sd": 0.91954094827558153, "sample_mean": 0.43333333333333335, "daily_article_count": 0, "30_day_error_count": 0, "threshold_warn": 2.2724152298844964, "30_day_warn_count": 0, "daily_sd": -0.47124963183636892, "threshold_error": 3.191956178160078}, "menin": {"sample_sd": 1.6881943016134133, "sample_mean": 1.5, "daily_article_count": 2, "30_day_error_count": 0, "threshold_warn": 4.8763886032268271, "30_day_warn_count": 0, "daily_sd": 0.29617443887954614, "threshold_error": 6.5645829048402398}, "plagu": {"sample_sd": 0.0, "sample_mean": 0.0, "daily_article_count": 0, "30_day_error_count": 6, "threshold_warn": 0.0, "30_day_warn_count": 0, "daily_sd": 0, "threshold_error": 0.0}, "westn": {"sample_sd": 1.5595583420386112, "sample_mean": 1.9666666666666666, "daily_article_count": 2, "30_day_error_count": 6, "threshold_warn": 5.0857833507438892, "30_day_warn_count": 9, "daily_sd": 0.021373572526796933, "threshold_error": 6.6453416927825}, "swine": {"sample_sd": 0.65743609744386733, "sample_mean": 0.36666666666666664, "daily_article_count": 0, "30_day_error_count": 6, "threshold_warn": 1.6815388615544014, "30_day_warn_count": 3, "daily_sd": -0.55772213921973313, "threshold_error": 2.3389749589982687}, "measl": {"sample_sd": 9.8104819226965372, "sample_mean": 8.7666666666666675, "daily_article_count": 6, "30_day_error_count": 0, "threshold_warn": 28.387630512059744, "30_day_warn_count": 0, "daily_sd": -0.28201129042050299, "threshold_error": 38.198112434756275}, "dengu": {"sample_sd": 2.612789058968723, "sample_mean": 2.7999999999999998, "daily_article_count": 4, "30_day_error_count": 5, "threshold_warn": 8.0255781179374459, "30_day_warn_count": 9, "daily_sd": 0.45927932677184602, "threshold_error": 10.638367176906169}, "ebola": {"sample_sd": 6.3770421565696633, "sample_mean": 10.0, "daily_article_count": 16, "30_day_error_count": 13, "threshold_warn": 22.754084313139327, "30_day_warn_count": 12, "daily_sd": 0.94087507228077005, "threshold_error": 29.131126469708988}, "unkno": {"sample_sd": 25.63556557250536, "sample_mean": 55.866666666666667, "daily_article_count": 83, "30_day_error_count": 2, "threshold_warn": 107.13779781167739, "30_day_warn_count": 0, "daily_sd": 1.0584253839296744, "threshold_error": 132.77336338418274}, "mumps": {"sample_sd": 0.60461190490723515, "sample_mean": 0.36666666666666664, "daily_article_count": 0, "30_day_error_count": 0, "threshold_warn": 1.575890476481137, "30_day_warn_count": 0, "daily_sd": -0.60644963106196836, "threshold_error": 2.1805023813883722}}