{"hemmo": {"sample_sd": 0.17950549357115009, "sample_mean": 0.033333333333433336, "daily_article_count": 0, "30_day_error_count": 6, "threshold_warn": 0.39234432047573353, "30_day_warn_count": 0, "daily_sd": -0.18569533817760903, "threshold_error": 0.57184981404688362}, "mersc": {"sample_sd": 4.3107101760872562, "sample_mean": 4.5333333333334336, "daily_article_count": 2, "30_day_error_count": 0, "threshold_warn": 13.154753685507945, "30_day_warn_count": 0, "daily_sd": -0.58768352077728614, "threshold_error": 17.465463861595204}, "influ": {"sample_sd": 3.664241622309679, "sample_mean": 7.2000000000001005, "daily_article_count": 4, "30_day_error_count": 4, "threshold_warn": 14.528483244619459, "30_day_warn_count": 3, "daily_sd": -0.87330485536678304, "threshold_error": 18.19272486692914}, "pertu": {"sample_sd": 1.5347819244295116, "sample_mean": 2.3333333333334334, "daily_article_count": 0, "30_day_error_count": 0, "threshold_warn": 5.4028971821924561, "30_day_warn_count": 0, "daily_sd": -1.5203028496708082, "threshold_error": 6.9376791066219683}, "moldf": {"sample_sd": 0.79999999999999993, "sample_mean": 0.60000000000010001, "daily_article_count": 0, "30_day_error_count": 1, "threshold_warn": 2.2000000000000997, "30_day_warn_count": 0, "daily_sd": -0.75000000000012512, "threshold_error": 3.0000000000000999}, "chole": {"sample_sd": 5.9075281538803424, "sample_mean": 4.3666666666667666, "daily_article_count": 4, "30_day_error_count": 0, "threshold_warn": 16.181722974427451, "30_day_warn_count": 0, "daily_sd": -0.062067696863352687, "threshold_error": 22.089251128307794}, "hepat": {"sample_sd": 3.7357135269658395, "sample_mean": 3.6666666666667664, "daily_article_count": 2, "30_day_error_count": 0, "threshold_warn": 11.138093720598444, "30_day_warn_count": 0, "daily_sd": -0.44614413140518283, "threshold_error": 14.873807247564287}, "chiku": {"sample_sd": 1.7838784213679537, "sample_mean": 1.5333333333334334, "daily_article_count": 0, "30_day_error_count": 0, "threshold_warn": 5.1010901760693406, "30_day_warn_count": 0, "daily_sd": -0.8595503566647823, "threshold_error": 6.8849685974372949}, "yello": {"sample_sd": 0.24944382578492943, "sample_mean": 0.066666666666766669, "daily_article_count": 0, "30_day_error_count": 5, "threshold_warn": 0.5655543182366255, "30_day_warn_count": 0, "daily_sd": -0.2672612419128253, "threshold_error": 0.81499814402155502}, "menin": {"sample_sd": 5.3071230959490237, "sample_mean": 6.0333333333334336, "daily_article_count": 1, "30_day_error_count": 0, "threshold_warn": 16.647579525231482, "30_day_warn_count": 0, "daily_sd": -0.94841088897587922, "threshold_error": 21.954702621180505}, "plagu": {"sample_sd": 1.4224392195567914, "sample_mean": 1.1000000000001, "daily_article_count": 0, "30_day_error_count": 2, "threshold_warn": 3.9448784391136829, "30_day_warn_count": 0, "daily_sd": -0.77331950980853992, "threshold_error": 5.3673176586704745}, "westn": {"sample_sd": 4.4251804734069573, "sample_mean": 8.4666666666667663, "daily_article_count": 5, "30_day_error_count": 0, "threshold_warn": 17.317027613480683, "30_day_warn_count": 0, "daily_sd": -0.78339554454324234, "threshold_error": 21.742208086887636}, "swine": {"sample_sd": 1.2202003478482084, "sample_mean": 1.6666666666667667, "daily_article_count": 4, "30_day_error_count": 3, "threshold_warn": 4.1070673623631837, "30_day_warn_count": 1, "daily_sd": 1.9122542764784538, "threshold_error": 5.3272677102113919}, "measl": {"sample_sd": 2.9858927568744922, "sample_mean": 4.4666666666667671, "daily_article_count": 1, "30_day_error_count": 1, "threshold_warn": 10.438452180415752, "30_day_warn_count": 2, "daily_sd": -1.1610151297917106, "threshold_error": 13.424344937290243}, "dengu": {"sample_sd": 4.0710359042058739, "sample_mean": 8.6000000000000991, "daily_article_count": 11, "30_day_error_count": 15, "threshold_warn": 16.742071808411847, "30_day_warn_count": 17, "daily_sd": 0.58953054123654614, "threshold_error": 20.813107712617722}, "ebola": {"sample_sd": 19.54538877132461, "sample_mean": 35.333333333333435, "daily_article_count": 29, "30_day_error_count": 0, "threshold_warn": 74.424110875982649, "30_day_warn_count": 0, "daily_sd": -0.32403209818088563, "threshold_error": 93.969499647307259}, "unkno": {"sample_sd": 21.410174113153669, "sample_mean": 66.066666666666762, "daily_article_count": 31, "30_day_error_count": 0, "threshold_warn": 108.88701489297409, "30_day_warn_count": 0, "daily_sd": -1.6378506069748875, "threshold_error": 130.29718900612778}, "mumps": {"sample_sd": 1.7464249196572981, "sample_mean": 1.5000000000000999, "daily_article_count": 0, "30_day_error_count": 0, "threshold_warn": 4.9928498393146956, "30_day_warn_count": 0, "daily_sd": -0.85889750147085953, "threshold_error": 6.7392747589719946}}