{"hemmo": {"sample_sd": 0.40000000000000008, "sample_mean": 0.20000000000010001, "daily_article_count": 0, "30_day_error_count": 1, "threshold_warn": 1.0000000000001001, "30_day_warn_count": 0, "daily_sd": -0.50000000000024991, "threshold_error": 1.4000000000001003}, "mersc": {"sample_sd": 3.2050307677496983, "sample_mean": 3.8333333333334334, "daily_article_count": 0, "30_day_error_count": 0, "threshold_warn": 10.24339486883283, "30_day_warn_count": 0, "daily_sd": -1.1960363600580584, "threshold_error": 13.448425636582529}, "influ": {"sample_sd": 7.2449215930118163, "sample_mean": 12.333333333333433, "daily_article_count": 13, "30_day_error_count": 1, "threshold_warn": 26.823176519357066, "30_day_warn_count": 0, "daily_sd": 0.092018479166097344, "threshold_error": 34.06809811236888}, "pertu": {"sample_sd": 1.0434983894999019, "sample_mean": 1.3333333333334332, "daily_article_count": 0, "30_day_error_count": 0, "threshold_warn": 3.4203301123332368, "30_day_warn_count": 0, "daily_sd": -1.2777531299999754, "threshold_error": 4.463828501833139}, "moldf": {"sample_sd": 1.2671051872498809, "sample_mean": 1.1666666666667667, "daily_article_count": 0, "30_day_error_count": 0, "threshold_warn": 3.7008770411665282, "30_day_warn_count": 0, "daily_sd": -0.92073387308822763, "threshold_error": 4.9679822284164095}, "chole": {"sample_sd": 2.337139752394414, "sample_mean": 3.933333333333433, "daily_article_count": 8, "30_day_error_count": 5, "threshold_warn": 8.607612838122261, "30_day_warn_count": 3, "daily_sd": 1.7400186114246023, "threshold_error": 10.944752590516675}, "hepat": {"sample_sd": 2.0428737928059419, "sample_mean": 2.6000000000001, "daily_article_count": 6, "30_day_error_count": 4, "threshold_warn": 6.6857475856119839, "30_day_warn_count": 6, "daily_sd": 1.6643220995702865, "threshold_error": 8.7286213784179267}, "chiku": {"sample_sd": 0.96378881965339724, "sample_mean": 0.73333333333343331, "daily_article_count": 1, "30_day_error_count": 0, "threshold_warn": 2.6609109726402278, "30_day_warn_count": 0, "daily_sd": 0.27668578554632617, "threshold_error": 3.624699792293625}, "yello": {"sample_sd": 0.45338235029118146, "sample_mean": 0.16666666666676666, "daily_article_count": 1, "30_day_error_count": 1, "threshold_warn": 1.0734313672491296, "30_day_warn_count": 0, "daily_sd": 1.8380365552342988, "threshold_error": 1.5268137175403111}, "menin": {"sample_sd": 2.7170245163086442, "sample_mean": 4.1333333333334341, "daily_article_count": 3, "30_day_error_count": 0, "threshold_warn": 9.5673823659507224, "30_day_warn_count": 0, "daily_sd": -0.41712296909016611, "threshold_error": 12.284406882259367}, "plagu": {"sample_sd": 2.9657301892713632, "sample_mean": 1.2666666666667665, "daily_article_count": 4, "30_day_error_count": 1, "threshold_warn": 7.1981270452094925, "30_day_warn_count": 0, "daily_sd": 0.92163924527631214, "threshold_error": 10.163857234480856}, "westn": {"sample_sd": 2.6793448618811442, "sample_mean": 4.5666666666667668, "daily_article_count": 1, "30_day_error_count": 0, "threshold_warn": 9.9253563904290552, "30_day_warn_count": 0, "daily_sd": -1.3311711819592502, "threshold_error": 12.6047012523102}, "swine": {"sample_sd": 2.0113566455394118, "sample_mean": 2.7666666666667665, "daily_article_count": 1, "30_day_error_count": 3, "threshold_warn": 6.7893799577455898, "30_day_warn_count": 2, "daily_sd": -0.87834580236414328, "threshold_error": 8.800736603285003}, "measl": {"sample_sd": 2.2803508501982761, "sample_mean": 3.0000000000000999, "daily_article_count": 1, "30_day_error_count": 4, "threshold_warn": 7.5607017003966526, "30_day_warn_count": 0, "daily_sd": -0.87705801930707294, "threshold_error": 9.8410525505949273}, "dengu": {"sample_sd": 23.704195596748036, "sample_mean": 31.333333333333432, "daily_article_count": 8, "30_day_error_count": 0, "threshold_warn": 78.741724526829501, "30_day_warn_count": 0, "daily_sd": -0.9843545729319968, "threshold_error": 102.44592012357754}, "ebola": {"sample_sd": 12.361634196173256, "sample_mean": 28.3000000000001, "daily_article_count": 16, "30_day_error_count": 3, "threshold_warn": 53.023268392346608, "30_day_warn_count": 0, "daily_sd": -0.99501407377090678, "threshold_error": 65.384902588519864}, "unkno": {"sample_sd": 19.410220675372724, "sample_mean": 49.900000000000098, "daily_article_count": 103, "30_day_error_count": 0, "threshold_warn": 88.720441350745546, "30_day_warn_count": 0, "daily_sd": 2.7356721434585261, "threshold_error": 108.13066202611827}, "mumps": {"sample_sd": 1.0754843869934452, "sample_mean": 0.90000000000010005, "daily_article_count": 1, "30_day_error_count": 0, "threshold_warn": 3.0509687739869902, "30_day_warn_count": 0, "daily_sd": 0.092981359105968525, "threshold_error": 4.1264531609804358}}