{"hemmo": {"sample_sd": 0.0, "sample_mean": 0.0, "daily_article_count": 8, "30_day_error_count": 2, "threshold_warn": 0.0, "30_day_warn_count": 0, "daily_sd": 0, "threshold_error": 0.0}, "mersc": {"sample_sd": 1.5362291495737217, "sample_mean": 0.80000000000000004, "daily_article_count": 3, "30_day_error_count": 1, "threshold_warn": 3.8724582991474437, "30_day_warn_count": 6, "daily_sd": 1.4320780207890627, "threshold_error": 5.4086874487211647}, "influ": {"sample_sd": 15.765644787180623, "sample_mean": 11.666666666666666, "daily_article_count": 16, "30_day_error_count": 0, "threshold_warn": 43.19795624102791, "30_day_warn_count": 0, "daily_sd": 0.27485925198929118, "threshold_error": 58.963601028208537}, "pertu": {"sample_sd": 0.37267799624996495, "sample_mean": 0.16666666666666666, "daily_article_count": 1, "30_day_error_count": 4, "threshold_warn": 0.91202265916659653, "30_day_warn_count": 2, "daily_sd": 2.2360679774997898, "threshold_error": 1.2847006554165616}, "moldf": {"sample_sd": 0.17950549357115012, "sample_mean": 0.033333333333333333, "daily_article_count": 0, "30_day_error_count": 5, "threshold_warn": 0.39234432047563356, "30_day_warn_count": 0, "daily_sd": -0.18569533817705189, "threshold_error": 0.5718498140467837}, "chole": {"sample_sd": 2.4458581770458854, "sample_mean": 1.4666666666666666, "daily_article_count": 1, "30_day_error_count": 0, "threshold_warn": 6.3583830207584375, "30_day_warn_count": 0, "daily_sd": -0.19079874338025107, "threshold_error": 8.8042411978043233}, "hepat": {"sample_sd": 3.4247465437443529, "sample_mean": 0.93333333333333335, "daily_article_count": 1, "30_day_error_count": 0, "threshold_warn": 7.7828264208220395, "30_day_warn_count": 0, "daily_sd": 0.019466160726095215, "threshold_error": 11.207572964566392}, "chiku": {"sample_sd": 0.44221663871405331, "sample_mean": 0.26666666666666666, "daily_article_count": 1, "30_day_error_count": 3, "threshold_warn": 1.1510999440947733, "30_day_warn_count": 0, "daily_sd": 1.6583123951777001, "threshold_error": 1.5933165828088265}, "yello": {"sample_sd": 0.17950549357115012, "sample_mean": 0.033333333333333333, "daily_article_count": 0, "30_day_error_count": 2, "threshold_warn": 0.39234432047563356, "30_day_warn_count": 0, "daily_sd": -0.18569533817705189, "threshold_error": 0.5718498140467837}, "menin": {"sample_sd": 0.37267799624996495, "sample_mean": 0.16666666666666666, "daily_article_count": 3, "30_day_error_count": 10, "threshold_warn": 0.91202265916659653, "30_day_warn_count": 0, "daily_sd": 7.6026311234992852, "threshold_error": 1.2847006554165616}, "plagu": {"sample_sd": 0.17950549357115014, "sample_mean": 0.033333333333333333, "daily_article_count": 0, "30_day_error_count": 3, "threshold_warn": 0.39234432047563361, "30_day_warn_count": 0, "daily_sd": -0.18569533817705186, "threshold_error": 0.5718498140467837}, "westn": {"sample_sd": 1.7413277182145301, "sample_mean": 0.6333333333333333, "daily_article_count": 1, "30_day_error_count": 0, "threshold_warn": 4.115988769762394, "30_day_warn_count": 0, "daily_sd": 0.21056729461736717, "threshold_error": 5.8573164879769237}, "swine": {"sample_sd": 10.802468853615517, "sample_mean": 8.8000000000000007, "daily_article_count": 4, "30_day_error_count": 0, "threshold_warn": 30.404937707231035, "30_day_warn_count": 0, "daily_sd": -0.44434286875018125, "threshold_error": 41.20740656084655}, "measl": {"sample_sd": 3.4679484809706538, "sample_mean": 2.7999999999999998, "daily_article_count": 12, "30_day_error_count": 0, "threshold_warn": 9.7358969619413074, "30_day_warn_count": 0, "daily_sd": 2.6528652459753341, "threshold_error": 13.203845442911962}, "dengu": {"sample_sd": 1.7716909687891083, "sample_mean": 1.1666666666666667, "daily_article_count": 4, "30_day_error_count": 1, "threshold_warn": 4.710048604244883, "30_day_warn_count": 5, "daily_sd": 1.5992254762521152, "threshold_error": 6.481739573033992}, "ebola": {"sample_sd": 1.0225241100118645, "sample_mean": 0.43333333333333335, "daily_article_count": 3, "30_day_error_count": 0, "threshold_warn": 2.4783815533570621, "30_day_warn_count": 0, "daily_sd": 2.5101282615594123, "threshold_error": 3.5009056633689273}, "unkno": {"sample_sd": 23.290532172728231, "sample_mean": 19.133333333333333, "daily_article_count": 52, "30_day_error_count": 0, "threshold_warn": 65.714397678789794, "30_day_warn_count": 13, "daily_sd": 1.4111599693351573, "threshold_error": 89.004929851518028}, "mumps": {"sample_sd": 0.0, "sample_mean": 0.0, "daily_article_count": 1, "30_day_error_count": 3, "threshold_warn": 0.0, "30_day_warn_count": 0, "daily_sd": 0, "threshold_error": 0.0}}