{"hemmo": {"sample_sd": 0.24944382578492943, "sample_mean": 0.066666666666666666, "daily_article_count": 0, "30_day_error_count": 6, "threshold_warn": 0.56555431823652558, "30_day_warn_count": 0, "daily_sd": -0.2672612419124244, "threshold_error": 0.81499814402145498}, "mersc": {"sample_sd": 1.913693345920976, "sample_mean": 1.0666666666666667, "daily_article_count": 0, "30_day_error_count": 0, "threshold_warn": 4.8940533585086188, "30_day_warn_count": 0, "daily_sd": -0.55738641143329426, "threshold_error": 6.8077467044295945}, "influ": {"sample_sd": 13.356479908851567, "sample_mean": 21.733333333333334, "daily_article_count": 13, "30_day_error_count": 0, "threshold_warn": 48.446293151036471, "30_day_warn_count": 0, "daily_sd": -0.65386489501216605, "threshold_error": 61.802773059888032}, "pertu": {"sample_sd": 2.2647050335284042, "sample_mean": 2.0666666666666669, "daily_article_count": 4, "30_day_error_count": 0, "threshold_warn": 6.5960767337234749, "30_day_warn_count": 0, "daily_sd": 0.85367997364372217, "threshold_error": 8.8607817672518792}, "moldf": {"sample_sd": 0.7453559924999299, "sample_mean": 0.66666666666666663, "daily_article_count": 0, "30_day_error_count": 0, "threshold_warn": 2.1573786516665265, "30_day_warn_count": 0, "daily_sd": -0.89442719099991586, "threshold_error": 2.9027346441664563}, "chole": {"sample_sd": 1.3266499161421599, "sample_mean": 1.2, "daily_article_count": 2, "30_day_error_count": 8, "threshold_warn": 3.8532998322843195, "30_day_warn_count": 7, "daily_sd": 0.60302268915552726, "threshold_error": 5.1799497484264796}, "hepat": {"sample_sd": 1.3012814197295421, "sample_mean": 1.2, "daily_article_count": 1, "30_day_error_count": 1, "threshold_warn": 3.8025628394590845, "30_day_warn_count": 0, "daily_sd": -0.15369465587356798, "threshold_error": 5.1038442591886266}, "chiku": {"sample_sd": 1.3498971154211059, "sample_mean": 1.3333333333333333, "daily_article_count": 3, "30_day_error_count": 2, "threshold_warn": 4.0331275641755449, "30_day_warn_count": 0, "daily_sd": 1.2346619958119869, "threshold_error": 5.3830246795966508}, "yello": {"sample_sd": 0.24944382578492943, "sample_mean": 0.066666666666666666, "daily_article_count": 2, "30_day_error_count": 5, "threshold_warn": 0.56555431823652558, "30_day_warn_count": 0, "daily_sd": 7.7505760154603065, "threshold_error": 0.81499814402145498}, "menin": {"sample_sd": 4.9912145037277478, "sample_mean": 2.4333333333333331, "daily_article_count": 7, "30_day_error_count": 0, "threshold_warn": 12.415762340788829, "30_day_warn_count": 0, "daily_sd": 0.91494097543914354, "threshold_error": 17.406976844516578}, "plagu": {"sample_sd": 0.24944382578492943, "sample_mean": 0.066666666666666666, "daily_article_count": 0, "30_day_error_count": 4, "threshold_warn": 0.56555431823652558, "30_day_warn_count": 0, "daily_sd": -0.2672612419124244, "threshold_error": 0.81499814402145498}, "westn": {"sample_sd": 0.33993463423951903, "sample_mean": 0.13333333333333333, "daily_article_count": 0, "30_day_error_count": 1, "threshold_warn": 0.81320260181237136, "30_day_warn_count": 0, "daily_sd": -0.39223227027636803, "threshold_error": 1.1531372360518903}, "swine": {"sample_sd": 3.7380922050336496, "sample_mean": 3.6000000000000001, "daily_article_count": 41, "30_day_error_count": 10, "threshold_warn": 11.076184410067299, "30_day_warn_count": 5, "daily_sd": 10.005103659465064, "threshold_error": 14.814276615100949}, "measl": {"sample_sd": 2.5735837529276822, "sample_mean": 2.8999999999999999, "daily_article_count": 205, "30_day_error_count": 26, "threshold_warn": 8.0471675058553647, "30_day_warn_count": 0, "daily_sd": 78.528627549071658, "threshold_error": 10.620751258783047}, "dengu": {"sample_sd": 1.7916472867168916, "sample_mean": 2.2999999999999998, "daily_article_count": 5, "30_day_error_count": 2, "threshold_warn": 5.8832945734337834, "30_day_warn_count": 0, "daily_sd": 1.5069930449020588, "threshold_error": 7.6749418601506747}, "ebola": {"sample_sd": 59.019394175888387, "sample_mean": 124.66666666666667, "daily_article_count": 71, "30_day_error_count": 0, "threshold_warn": 242.70545501844344, "30_day_warn_count": 0, "daily_sd": -0.90930561751837669, "threshold_error": 301.72484919433185}, "unkno": {"sample_sd": 22.098164830792825, "sample_mean": 50.93333333333333, "daily_article_count": 63, "30_day_error_count": 0, "threshold_warn": 95.129662994918988, "30_day_warn_count": 0, "daily_sd": 0.54604836008157098, "threshold_error": 117.22782782571181}, "mumps": {"sample_sd": 0.66332495807108005, "sample_mean": 0.40000000000000002, "daily_article_count": 0, "30_day_error_count": 0, "threshold_warn": 1.72664991614216, "30_day_warn_count": 0, "daily_sd": -0.60302268915552726, "threshold_error": 2.3899748742132401}}