{"hemmo": {"sample_sd": 0.0, "sample_mean": 0.0, "daily_article_count": 0, "30_day_error_count": 30, "threshold_warn": 0.0, "30_day_warn_count": 0, "daily_sd": 0, "threshold_error": 0.0}, "mersc": {"sample_sd": 7.6568052519746548, "sample_mean": 10.199999999999999, "daily_article_count": 1, "30_day_error_count": 0, "threshold_warn": 25.513610503949309, "30_day_warn_count": 0, "daily_sd": -1.2015455137281128, "threshold_error": 33.170415755923969}, "influ": {"sample_sd": 2.0483055327649624, "sample_mean": 2.0666666666666669, "daily_article_count": 5, "30_day_error_count": 4, "threshold_warn": 6.1632777321965921, "30_day_warn_count": 0, "daily_sd": 1.4320780207890622, "threshold_error": 8.2115832649615541}, "pertu": {"sample_sd": 3.5791060336346563, "sample_mean": 2.2999999999999998, "daily_article_count": 3, "30_day_error_count": 0, "threshold_warn": 9.4582120672693115, "30_day_warn_count": 0, "daily_sd": 0.19557956467948945, "threshold_error": 13.03731810090397}, "moldf": {"sample_sd": 0.67986926847903806, "sample_mean": 0.26666666666666666, "daily_article_count": 2, "30_day_error_count": 0, "threshold_warn": 1.6264052036247427, "30_day_warn_count": 0, "daily_sd": 2.5495097567963922, "threshold_error": 2.3062744721037807}, "chole": {"sample_sd": 4.0962042049791521, "sample_mean": 5.4333333333333336, "daily_article_count": 5, "30_day_error_count": 1, "threshold_warn": 13.625741743291638, "30_day_warn_count": 0, "daily_sd": -0.10578899675133238, "threshold_error": 17.72194594827079}, "hepat": {"sample_sd": 1.4514360704718161, "sample_mean": 1.6000000000000001, "daily_article_count": 6, "30_day_error_count": 3, "threshold_warn": 4.5028721409436319, "30_day_warn_count": 0, "daily_sd": 3.0314804003525273, "threshold_error": 5.954308211415448}, "chiku": {"sample_sd": 7.1898076005782894, "sample_mean": 9.1999999999999993, "daily_article_count": 10, "30_day_error_count": 1, "threshold_warn": 23.579615201156578, "30_day_warn_count": 0, "daily_sd": 0.11126862420291403, "threshold_error": 30.769422801734866}, "yello": {"sample_sd": 0.87496031656044582, "sample_mean": 0.36666666666666664, "daily_article_count": 0, "30_day_error_count": 0, "threshold_warn": 2.1165872997875583, "30_day_warn_count": 0, "daily_sd": -0.41906662476770262, "threshold_error": 2.9915476163480039}, "menin": {"sample_sd": 1.7272328544042153, "sample_mean": 1.5, "daily_article_count": 7, "30_day_error_count": 1, "threshold_warn": 4.9544657088084305, "30_day_warn_count": 0, "daily_sd": 3.1842840332591682, "threshold_error": 6.6816985632126453}, "plagu": {"sample_sd": 0.17950549357115014, "sample_mean": 0.033333333333333333, "daily_article_count": 7, "30_day_error_count": 9, "threshold_warn": 0.39234432047563361, "30_day_warn_count": 0, "daily_sd": 38.810325679003839, "threshold_error": 0.5718498140467837}, "westn": {"sample_sd": 1.6141733350404335, "sample_mean": 2.1666666666666665, "daily_article_count": 2, "30_day_error_count": 2, "threshold_warn": 5.3950133367475335, "30_day_warn_count": 3, "daily_sd": -0.10325202569555003, "threshold_error": 7.0091866717879672}, "swine": {"sample_sd": 0.75718777944003657, "sample_mean": 0.40000000000000002, "daily_article_count": 2, "30_day_error_count": 6, "threshold_warn": 1.914375558880073, "30_day_warn_count": 1, "daily_sd": 2.1130821751814972, "threshold_error": 2.6715633383201096}, "measl": {"sample_sd": 9.6737904785157625, "sample_mean": 8.8666666666666671, "daily_article_count": 4, "30_day_error_count": 0, "threshold_warn": 28.214247623698192, "30_day_warn_count": 0, "daily_sd": -0.50307753485822382, "threshold_error": 37.888038102213955}, "dengu": {"sample_sd": 2.7568097504180442, "sample_mean": 3.0, "daily_article_count": 10, "30_day_error_count": 4, "threshold_warn": 8.5136195008360893, "30_day_warn_count": 2, "daily_sd": 2.5391668753850412, "threshold_error": 11.270429251254132}, "ebola": {"sample_sd": 8.7283064413053992, "sample_mean": 13.5, "daily_article_count": 75, "30_day_error_count": 10, "threshold_warn": 30.956612882610798, "30_day_warn_count": 9, "daily_sd": 7.046040421880754, "threshold_error": 39.684919323916198}, "unkno": {"sample_sd": 25.483524089105103, "sample_mean": 56.299999999999997, "daily_article_count": 66, "30_day_error_count": 4, "threshold_warn": 107.2670481782102, "30_day_warn_count": 3, "daily_sd": 0.38063809252139563, "threshold_error": 132.75057226731531}, "mumps": {"sample_sd": 0.40000000000000002, "sample_mean": 0.20000000000000001, "daily_article_count": 0, "30_day_error_count": 1, "threshold_warn": 1.0, "30_day_warn_count": 0, "daily_sd": -0.5, "threshold_error": 1.4000000000000001}}