{"hemmo": {"sample_sd": 0.17950549357115012, "sample_mean": 0.033333333333333333, "daily_article_count": 0, "30_day_error_count": 3, "threshold_warn": 0.39234432047563356, "30_day_warn_count": 0, "daily_sd": -0.18569533817705189, "threshold_error": 0.5718498140467837}, "mersc": {"sample_sd": 1.9379255804998174, "sample_mean": 1.3333333333333333, "daily_article_count": 0, "30_day_error_count": 0, "threshold_warn": 5.2091844943329679, "30_day_warn_count": 0, "daily_sd": -0.68802091615378147, "threshold_error": 7.1471100748327858}, "influ": {"sample_sd": 7.4583286778383986, "sample_mean": 11.800000000000001, "daily_article_count": 13, "30_day_error_count": 1, "threshold_warn": 26.716657355676798, "30_day_warn_count": 0, "daily_sd": 0.16089395517868058, "threshold_error": 34.174986033515196}, "pertu": {"sample_sd": 1.1100550536897811, "sample_mean": 1.3666666666666667, "daily_article_count": 5, "30_day_error_count": 5, "threshold_warn": 3.5867767740462289, "30_day_warn_count": 0, "daily_sd": 3.2731109337832125, "threshold_error": 4.6968318277360099}, "moldf": {"sample_sd": 0.58594652770823141, "sample_mean": 0.29999999999999999, "daily_article_count": 0, "30_day_error_count": 1, "threshold_warn": 1.4718930554164629, "30_day_warn_count": 0, "daily_sd": -0.51199211158971691, "threshold_error": 2.0578395831246943}, "chole": {"sample_sd": 3.409138046812159, "sample_mean": 4.333333333333333, "daily_article_count": 3, "30_day_error_count": 0, "threshold_warn": 11.151609426957652, "30_day_warn_count": 1, "daily_sd": -0.3911057032671692, "threshold_error": 14.560747473769808}, "hepat": {"sample_sd": 2.0231987873991355, "sample_mean": 2.2000000000000002, "daily_article_count": 3, "30_day_error_count": 1, "threshold_warn": 6.2463975747982712, "30_day_warn_count": 0, "daily_sd": 0.39541344379136201, "threshold_error": 8.269596362197408}, "chiku": {"sample_sd": 1.5434449203720302, "sample_mean": 1.4666666666666666, "daily_article_count": 1, "30_day_error_count": 0, "threshold_warn": 4.5535565074107271, "30_day_warn_count": 0, "daily_sd": -0.30235394895347595, "threshold_error": 6.0970014277827573}, "yello": {"sample_sd": 0.49553562491061681, "sample_mean": 0.23333333333333334, "daily_article_count": 0, "30_day_error_count": 1, "threshold_warn": 1.2244045831545669, "30_day_warn_count": 0, "daily_sd": -0.47087095579741878, "threshold_error": 1.7199402080651838}, "menin": {"sample_sd": 2.4997777679003566, "sample_mean": 2.8666666666666667, "daily_article_count": 3, "30_day_error_count": 2, "threshold_warn": 7.8662222024673802, "30_day_warn_count": 0, "daily_sd": 0.053338074706266489, "threshold_error": 10.365999970367737}, "plagu": {"sample_sd": 0.17950549357115014, "sample_mean": 0.033333333333333333, "daily_article_count": 0, "30_day_error_count": 8, "threshold_warn": 0.39234432047563361, "30_day_warn_count": 0, "daily_sd": -0.18569533817705186, "threshold_error": 0.5718498140467837}, "westn": {"sample_sd": 0.80346471954626342, "sample_mean": 0.56666666666666665, "daily_article_count": 0, "30_day_error_count": 4, "threshold_warn": 2.1735961057591933, "30_day_warn_count": 4, "daily_sd": -0.70527884159826892, "threshold_error": 2.9770608253054567}, "swine": {"sample_sd": 15.183177825767862, "sample_mean": 14.933333333333334, "daily_article_count": 0, "30_day_error_count": 0, "threshold_warn": 45.299688984869057, "30_day_warn_count": 0, "daily_sd": -0.98354465084308573, "threshold_error": 60.482866810636921}, "measl": {"sample_sd": 8.3045502921925625, "sample_mean": 11.033333333333333, "daily_article_count": 10, "30_day_error_count": 0, "threshold_warn": 27.642433917718456, "30_day_warn_count": 0, "daily_sd": -0.12442977608369847, "threshold_error": 35.946984209911022}, "dengu": {"sample_sd": 3.2112648944336906, "sample_mean": 4.2333333333333334, "daily_article_count": 5, "30_day_error_count": 0, "threshold_warn": 10.655863122200714, "30_day_warn_count": 0, "daily_sd": 0.23874289162366624, "threshold_error": 13.867128016634407}, "ebola": {"sample_sd": 34.509402905424039, "sample_mean": 64.033333333333331, "daily_article_count": 52, "30_day_error_count": 0, "threshold_warn": 133.05213914418141, "30_day_warn_count": 0, "daily_sd": -0.34869723380354356, "threshold_error": 167.56154204960546}, "unkno": {"sample_sd": 26.262118895642992, "sample_mean": 48.633333333333333, "daily_article_count": 51, "30_day_error_count": 0, "threshold_warn": 101.15757112461932, "30_day_warn_count": 0, "daily_sd": 0.090117125585754174, "threshold_error": 127.41969002026229}, "mumps": {"sample_sd": 0.24944382578492943, "sample_mean": 0.066666666666666666, "daily_article_count": 0, "30_day_error_count": 2, "threshold_warn": 0.56555431823652558, "30_day_warn_count": 0, "daily_sd": -0.2672612419124244, "threshold_error": 0.81499814402145498}}