{"hemmo": {"sample_sd": 0.24944382578492943, "sample_mean": 0.066666666666666666, "daily_article_count": 0, "30_day_error_count": 0, "threshold_warn": 0.56555431823652558, "30_day_warn_count": 0, "daily_sd": -0.2672612419124244, "threshold_error": 0.81499814402145498}, "mersc": {"sample_sd": 5.8457962103834351, "sample_mean": 6.4000000000000004, "daily_article_count": 0, "30_day_error_count": 0, "threshold_warn": 18.091592420766872, "30_day_warn_count": 0, "daily_sd": -1.0948038162247558, "threshold_error": 23.937388631150306}, "influ": {"sample_sd": 6.0630025564896481, "sample_mean": 10.800000000000001, "daily_article_count": 7, "30_day_error_count": 1, "threshold_warn": 22.926005112979297, "30_day_warn_count": 0, "daily_sd": -0.62675216851634008, "threshold_error": 28.989007669468943}, "pertu": {"sample_sd": 1.5162087220725546, "sample_mean": 2.0333333333333332, "daily_article_count": 2, "30_day_error_count": 0, "threshold_warn": 5.065750777478442, "30_day_warn_count": 0, "daily_sd": -0.021984660059050976, "threshold_error": 6.5819594995509974}, "moldf": {"sample_sd": 0.88254681965824866, "sample_mean": 0.56666666666666665, "daily_article_count": 1, "30_day_error_count": 0, "threshold_warn": 2.3317603059831642, "30_day_warn_count": 0, "daily_sd": 0.49100322349032355, "threshold_error": 3.2143071256414126}, "chole": {"sample_sd": 3.765486540792423, "sample_mean": 4.4333333333333336, "daily_article_count": 2, "30_day_error_count": 0, "threshold_warn": 11.96430641491818, "30_day_warn_count": 0, "daily_sd": -0.64622016490364453, "threshold_error": 15.729792955710602}, "hepat": {"sample_sd": 6.4725059546773167, "sample_mean": 5.7999999999999998, "daily_article_count": 0, "30_day_error_count": 0, "threshold_warn": 18.745011909354634, "30_day_warn_count": 0, "daily_sd": -0.89609805546932952, "threshold_error": 25.217517864031951}, "chiku": {"sample_sd": 2.2432615144521653, "sample_mean": 1.9666666666666666, "daily_article_count": 2, "30_day_error_count": 0, "threshold_warn": 6.4531896955709973, "30_day_warn_count": 0, "daily_sd": 0.014859316721917679, "threshold_error": 8.696451210023163}, "yello": {"sample_sd": 0.66749947981669266, "sample_mean": 0.43333333333333335, "daily_article_count": 0, "30_day_error_count": 0, "threshold_warn": 1.7683322929667187, "30_day_warn_count": 0, "daily_sd": -0.64918902027059922, "threshold_error": 2.4358317727834118}, "menin": {"sample_sd": 2.9619813188697419, "sample_mean": 4.4000000000000004, "daily_article_count": 0, "30_day_error_count": 0, "threshold_warn": 10.323962637739484, "30_day_warn_count": 0, "daily_sd": -1.485492150800934, "threshold_error": 13.285943956609225}, "plagu": {"sample_sd": 0.75718777944003657, "sample_mean": 0.40000000000000002, "daily_article_count": 0, "30_day_error_count": 0, "threshold_warn": 1.914375558880073, "30_day_warn_count": 0, "daily_sd": -0.5282705437953743, "threshold_error": 2.6715633383201096}, "westn": {"sample_sd": 0.64978628965393093, "sample_mean": 0.33333333333333331, "daily_article_count": 0, "30_day_error_count": 1, "threshold_warn": 1.6329059126411951, "30_day_warn_count": 0, "daily_sd": -0.51298917604257699, "threshold_error": 2.2826922022951264}, "swine": {"sample_sd": 25.196472416237597, "sample_mean": 41.266666666666666, "daily_article_count": 5, "30_day_error_count": 0, "threshold_warn": 91.65961149914186, "30_day_warn_count": 0, "daily_sd": -1.4393549250685982, "threshold_error": 116.85608391537946}, "measl": {"sample_sd": 53.9351462406472, "sample_mean": 89.0, "daily_article_count": 17, "30_day_error_count": 0, "threshold_warn": 196.8702924812944, "30_day_warn_count": 0, "daily_sd": -1.3349365862243379, "threshold_error": 250.80543872194158}, "dengu": {"sample_sd": 2.6551836094703507, "sample_mean": 4.5, "daily_article_count": 2, "30_day_error_count": 1, "threshold_warn": 9.8103672189407014, "30_day_warn_count": 0, "daily_sd": -0.94155447144338678, "threshold_error": 12.465550828411052}, "ebola": {"sample_sd": 33.118306451601988, "sample_mean": 82.666666666666671, "daily_article_count": 46, "30_day_error_count": 0, "threshold_warn": 148.90327956987065, "30_day_warn_count": 0, "daily_sd": -1.1071419584890352, "threshold_error": 182.02158602147261}, "unkno": {"sample_sd": 30.235391330176114, "sample_mean": 63.56666666666667, "daily_article_count": 22, "30_day_error_count": 0, "threshold_warn": 124.03744932701889, "30_day_warn_count": 0, "daily_sd": -1.3747686018927592, "threshold_error": 154.27284065719502}, "mumps": {"sample_sd": 0.71802197428460057, "sample_mean": 0.46666666666666667, "daily_article_count": 0, "30_day_error_count": 0, "threshold_warn": 1.9027106152358679, "30_day_warn_count": 0, "daily_sd": -0.64993368361968151, "threshold_error": 2.6207325895204683}}