{"hemmo": {"sample_sd": 0.49553562491061681, "sample_mean": 0.23333333333333334, "daily_article_count": 0, "30_day_error_count": 0, "threshold_warn": 1.2244045831545669, "30_day_warn_count": 0, "daily_sd": -0.47087095579741878, "threshold_error": 1.7199402080651838}, "mersc": {"sample_sd": 1.2741009902410929, "sample_mean": 1.1000000000000001, "daily_article_count": 13, "30_day_error_count": 16, "threshold_warn": 3.6482019804821859, "30_day_warn_count": 0, "daily_sd": 9.3399189633689961, "threshold_error": 4.9223029707232788}, "influ": {"sample_sd": 13.828312341794359, "sample_mean": 23.666666666666668, "daily_article_count": 8, "30_day_error_count": 0, "threshold_warn": 51.323291350255388, "30_day_warn_count": 0, "daily_sd": -1.1329413365444538, "threshold_error": 65.151603692049747}, "pertu": {"sample_sd": 0.75718777944003646, "sample_mean": 0.59999999999999998, "daily_article_count": 0, "30_day_error_count": 13, "threshold_warn": 2.1143755588800728, "30_day_warn_count": 4, "daily_sd": -0.79240581569306145, "threshold_error": 2.8715633383201093}, "moldf": {"sample_sd": 0.51207638319124049, "sample_mean": 0.26666666666666666, "daily_article_count": 2, "30_day_error_count": 3, "threshold_warn": 1.2908194330491476, "30_day_warn_count": 0, "daily_sd": 3.3849116855014212, "threshold_error": 1.8028958162403881}, "chole": {"sample_sd": 4.8812566687961274, "sample_mean": 4.2000000000000002, "daily_article_count": 7, "30_day_error_count": 0, "threshold_warn": 13.962513337592256, "30_day_warn_count": 0, "daily_sd": 0.57362277585181121, "threshold_error": 18.843770006388382}, "hepat": {"sample_sd": 1.4161763857498668, "sample_mean": 1.1666666666666667, "daily_article_count": 8, "30_day_error_count": 10, "threshold_warn": 3.9990194381664006, "30_day_warn_count": 2, "daily_sd": 4.8251993198679672, "threshold_error": 5.4151958239162674}, "chiku": {"sample_sd": 2.2263572639328726, "sample_mean": 1.8999999999999999, "daily_article_count": 2, "30_day_error_count": 1, "threshold_warn": 6.3527145278657446, "30_day_warn_count": 0, "daily_sd": 0.044916420926688794, "threshold_error": 8.5790717917986186}, "yello": {"sample_sd": 0.29999999999999993, "sample_mean": 0.10000000000000001, "daily_article_count": 0, "30_day_error_count": 10, "threshold_warn": 0.69999999999999984, "30_day_warn_count": 0, "daily_sd": -0.33333333333333343, "threshold_error": 0.99999999999999978}, "menin": {"sample_sd": 2.3057898140695015, "sample_mean": 2.5, "daily_article_count": 2, "30_day_error_count": 1, "threshold_warn": 7.1115796281390029, "30_day_warn_count": 0, "daily_sd": -0.21684543705982776, "threshold_error": 9.4173694422085035}, "plagu": {"sample_sd": 0.17950549357115012, "sample_mean": 0.033333333333333333, "daily_article_count": 0, "30_day_error_count": 6, "threshold_warn": 0.39234432047563356, "30_day_warn_count": 0, "daily_sd": -0.18569533817705189, "threshold_error": 0.5718498140467837}, "westn": {"sample_sd": 0.33993463423951903, "sample_mean": 0.13333333333333333, "daily_article_count": 0, "30_day_error_count": 3, "threshold_warn": 0.81320260181237136, "30_day_warn_count": 0, "daily_sd": -0.39223227027636803, "threshold_error": 1.1531372360518903}, "swine": {"sample_sd": 8.1720390492350319, "sample_mean": 10.133333333333333, "daily_article_count": 56, "30_day_error_count": 10, "threshold_warn": 26.477411431803397, "30_day_warn_count": 8, "daily_sd": 5.6126342997541299, "threshold_error": 34.649450481038429}, "measl": {"sample_sd": 24.827404213892358, "sample_mean": 21.0, "daily_article_count": 42, "30_day_error_count": 11, "threshold_warn": 70.654808427784715, "30_day_warn_count": 7, "daily_sd": 0.84583953356868835, "threshold_error": 95.48221264167708}, "dengu": {"sample_sd": 1.6110727964792761, "sample_mean": 2.0666666666666669, "daily_article_count": 6, "30_day_error_count": 8, "threshold_warn": 5.2888122596252192, "30_day_warn_count": 2, "daily_sd": 2.4414373713769857, "threshold_error": 6.8998850561044947}, "ebola": {"sample_sd": 62.263383211072686, "sample_mean": 112.93333333333334, "daily_article_count": 89, "30_day_error_count": 0, "threshold_warn": 237.46009975547872, "30_day_warn_count": 0, "daily_sd": -0.38438857798972165, "threshold_error": 299.72348296655139}, "unkno": {"sample_sd": 23.589168889320554, "sample_mean": 55.866666666666667, "daily_article_count": 60, "30_day_error_count": 1, "threshold_warn": 103.04500444530777, "30_day_warn_count": 0, "daily_sd": 0.17522166010709275, "threshold_error": 126.63417333462834}, "mumps": {"sample_sd": 0.37267799624996495, "sample_mean": 0.16666666666666666, "daily_article_count": 0, "30_day_error_count": 4, "threshold_warn": 0.91202265916659653, "30_day_warn_count": 0, "daily_sd": -0.44721359549995793, "threshold_error": 1.2847006554165616}}