{"hemmo": {"sample_sd": 0.0, "sample_mean": 1e-13, "daily_article_count": 4, "30_day_error_count": 3, "threshold_warn": 1e-13, "30_day_warn_count": 0, "daily_sd": Infinity, "threshold_error": 1e-13}, "mersc": {"sample_sd": 1.5362291495737217, "sample_mean": 0.80000000000010008, "daily_article_count": 2, "30_day_error_count": 1, "threshold_warn": 3.8724582991475436, "30_day_warn_count": 7, "daily_sd": 0.78113346588487798, "threshold_error": 5.4086874487212651}, "influ": {"sample_sd": 15.787653403846944, "sample_mean": 12.500000000000099, "daily_article_count": 12, "30_day_error_count": 0, "threshold_warn": 44.075306807693991, "30_day_warn_count": 0, "daily_sd": -0.03167031776098312, "threshold_error": 59.86296021154093}, "pertu": {"sample_sd": 0.37267799624996495, "sample_mean": 0.16666666666676666, "daily_article_count": 0, "30_day_error_count": 4, "threshold_warn": 0.91202265916669656, "30_day_warn_count": 2, "daily_sd": -0.44721359550022627, "threshold_error": 1.2847006554166616}, "moldf": {"sample_sd": 0.17950549357115012, "sample_mean": 0.033333333333433336, "daily_article_count": 0, "30_day_error_count": 5, "threshold_warn": 0.39234432047573359, "30_day_warn_count": 0, "daily_sd": -0.185695338177609, "threshold_error": 0.57184981404688373}, "chole": {"sample_sd": 2.4324199198877374, "sample_mean": 1.5000000000000999, "daily_article_count": 2, "30_day_error_count": 0, "threshold_warn": 6.3648398397755752, "30_day_warn_count": 0, "daily_sd": 0.20555661294821842, "threshold_error": 8.7972597596633122}, "hepat": {"sample_sd": 3.4253953543107007, "sample_mean": 1.0000000000000999, "daily_article_count": 1, "30_day_error_count": 0, "threshold_warn": 7.850790708621501, "30_day_warn_count": 0, "daily_sd": -2.9170376520339272e-14, "threshold_error": 11.276186062932201}, "chiku": {"sample_sd": 0.53748384988656994, "sample_mean": 0.33333333333343329, "daily_article_count": 1, "30_day_error_count": 2, "threshold_warn": 1.4083010331065733, "30_day_warn_count": 0, "daily_sd": 1.2403473458918988, "threshold_error": 1.9457848829931432}, "yello": {"sample_sd": 0.17950549357115012, "sample_mean": 0.033333333333433336, "daily_article_count": 0, "30_day_error_count": 2, "threshold_warn": 0.39234432047573359, "30_day_warn_count": 0, "daily_sd": -0.185695338177609, "threshold_error": 0.57184981404688373}, "menin": {"sample_sd": 0.37267799624996495, "sample_mean": 0.16666666666676666, "daily_article_count": 4, "30_day_error_count": 11, "threshold_warn": 0.91202265916669656, "30_day_warn_count": 0, "daily_sd": 10.285912696498764, "threshold_error": 1.2847006554166616}, "plagu": {"sample_sd": 0.17950549357115014, "sample_mean": 0.033333333333433336, "daily_article_count": 0, "30_day_error_count": 3, "threshold_warn": 0.39234432047573364, "30_day_warn_count": 0, "daily_sd": -0.18569533817760894, "threshold_error": 0.57184981404688373}, "westn": {"sample_sd": 1.7413277182145301, "sample_mean": 0.63333333333343333, "daily_article_count": 3, "30_day_error_count": 0, "threshold_warn": 4.1159887697624935, "30_day_warn_count": 0, "daily_sd": 1.3591161743484035, "threshold_error": 5.8573164879770241}, "swine": {"sample_sd": 10.889597482613089, "sample_mean": 9.5000000000000995, "daily_article_count": 3, "30_day_error_count": 0, "threshold_warn": 31.279194965226278, "30_day_warn_count": 0, "daily_sd": -0.59689993228660154, "threshold_error": 42.168792447839365}, "measl": {"sample_sd": 3.4344658326376689, "sample_mean": 2.933333333333433, "daily_article_count": 31, "30_day_error_count": 1, "threshold_warn": 9.80226499860877, "30_day_warn_count": 0, "daily_sd": 8.1720616929565946, "threshold_error": 13.23673083124644}, "dengu": {"sample_sd": 1.7876116903722563, "sample_mean": 1.2666666666667665, "daily_article_count": 5, "30_day_error_count": 1, "threshold_warn": 4.8418900474112796, "30_day_warn_count": 6, "daily_sd": 2.0884475937589082, "threshold_error": 6.629501737783535}, "ebola": {"sample_sd": 1.0567244989431572, "sample_mean": 0.50000000000010003, "daily_article_count": 0, "30_day_error_count": 0, "threshold_warn": 2.6134489978864144, "30_day_warn_count": 0, "daily_sd": -0.47316022340747849, "threshold_error": 3.6701734968295718}, "unkno": {"sample_sd": 24.920785612728096, "sample_mean": 21.566666666666766, "daily_article_count": 44, "30_day_error_count": 0, "threshold_warn": 71.408237892122955, "30_day_warn_count": 14, "daily_sd": 0.90018563948784924, "threshold_error": 96.329023504851051}, "mumps": {"sample_sd": 0.0, "sample_mean": 1e-13, "daily_article_count": 0, "30_day_error_count": 3, "threshold_warn": 1e-13, "30_day_warn_count": 0, "daily_sd": -Infinity, "threshold_error": 1e-13}}