{"hemmo": {"sample_sd": 0.45338235029118146, "sample_mean": 0.16666666666666666, "daily_article_count": 0, "30_day_error_count": 1, "threshold_warn": 1.0734313672490297, "30_day_warn_count": 0, "daily_sd": -0.36760731104690386, "threshold_error": 1.5268137175402112}, "mersc": {"sample_sd": 1.4468356276140468, "sample_mean": 1.2, "daily_article_count": 2, "30_day_error_count": 1, "threshold_warn": 4.0936712552280934, "30_day_warn_count": 0, "daily_sd": 0.55293081310090975, "threshold_error": 5.5405068828421404}, "influ": {"sample_sd": 13.590029024578605, "sample_mean": 19.333333333333332, "daily_article_count": 15, "30_day_error_count": 1, "threshold_warn": 46.513391382490539, "30_day_warn_count": 0, "daily_sd": -0.31886122726420729, "threshold_error": 60.103420407069152}, "pertu": {"sample_sd": 2.1969676071045443, "sample_mean": 1.8, "daily_article_count": 2, "30_day_error_count": 0, "threshold_warn": 6.1939352142090884, "30_day_warn_count": 0, "daily_sd": 0.091034569355160647, "threshold_error": 8.3909028213136327}, "moldf": {"sample_sd": 0.82999330653258208, "sample_mean": 0.66666666666666663, "daily_article_count": 1, "30_day_error_count": 0, "threshold_warn": 2.3266532797318309, "30_day_warn_count": 0, "daily_sd": 0.40160966445124952, "threshold_error": 3.1566465862644129}, "chole": {"sample_sd": 2.270584848790187, "sample_mean": 2.6666666666666665, "daily_article_count": 5, "30_day_error_count": 2, "threshold_warn": 7.20783636424704, "30_day_warn_count": 0, "daily_sd": 1.0276353841507311, "threshold_error": 9.4784212130372278}, "hepat": {"sample_sd": 1.2405196043952265, "sample_mean": 1.1666666666666667, "daily_article_count": 4, "30_day_error_count": 1, "threshold_warn": 3.6477058754571194, "30_day_warn_count": 0, "daily_sd": 2.2839891633269507, "threshold_error": 4.8882254798523466}, "chiku": {"sample_sd": 1.0873004286866725, "sample_mean": 1.4666666666666666, "daily_article_count": 2, "30_day_error_count": 2, "threshold_warn": 3.6412675240400114, "30_day_warn_count": 0, "daily_sd": 0.49051147158797281, "threshold_error": 4.7285679527266842}, "yello": {"sample_sd": 0.58214163988576628, "sample_mean": 0.16666666666666666, "daily_article_count": 0, "30_day_error_count": 0, "threshold_warn": 1.3309499464381993, "30_day_warn_count": 0, "daily_sd": -0.28629916715693399, "threshold_error": 1.9130915863239657}, "menin": {"sample_sd": 0.89193921068397664, "sample_mean": 0.73333333333333328, "daily_article_count": 0, "30_day_error_count": 6, "threshold_warn": 2.5172117547012864, "30_day_warn_count": 4, "daily_sd": -0.82217860202712956, "threshold_error": 3.4091509653852632}, "plagu": {"sample_sd": 3.4974593953643294, "sample_mean": 1.6333333333333333, "daily_article_count": 0, "30_day_error_count": 0, "threshold_warn": 8.6282521240619925, "30_day_warn_count": 0, "daily_sd": -0.46700566002230581, "threshold_error": 12.125711519426321}, "westn": {"sample_sd": 0.17950549357115012, "sample_mean": 0.033333333333333333, "daily_article_count": 0, "30_day_error_count": 6, "threshold_warn": 0.39234432047563356, "30_day_warn_count": 0, "daily_sd": -0.18569533817705189, "threshold_error": 0.5718498140467837}, "swine": {"sample_sd": 2.9051678092667901, "sample_mean": 1.6000000000000001, "daily_article_count": 8, "30_day_error_count": 4, "threshold_warn": 7.4103356185335798, "30_day_warn_count": 6, "daily_sd": 2.2029708506288457, "threshold_error": 10.315503427800371}, "measl": {"sample_sd": 2.0912516188477497, "sample_mean": 2.6000000000000001, "daily_article_count": 32, "30_day_error_count": 5, "threshold_warn": 6.782503237695499, "30_day_warn_count": 3, "daily_sd": 14.058566523046608, "threshold_error": 8.8737548565432487}, "dengu": {"sample_sd": 2.0289570391377603, "sample_mean": 3.5, "daily_article_count": 1, "30_day_error_count": 0, "threshold_warn": 7.5579140782755205, "30_day_warn_count": 0, "daily_sd": -1.2321601452253603, "threshold_error": 9.5868711174132812}, "ebola": {"sample_sd": 100.46405659073632, "sample_mean": 196.80000000000001, "daily_article_count": 153, "30_day_error_count": 0, "threshold_warn": 397.72811318147262, "30_day_warn_count": 0, "daily_sd": -0.43597682082886113, "threshold_error": 498.19216977220896}, "unkno": {"sample_sd": 23.676547233262053, "sample_mean": 57.43333333333333, "daily_article_count": 72, "30_day_error_count": 0, "threshold_warn": 104.78642779985744, "30_day_warn_count": 0, "daily_sd": 0.61523610360731373, "threshold_error": 128.46297503311948}, "mumps": {"sample_sd": 0.66332495807108005, "sample_mean": 0.40000000000000002, "daily_article_count": 1, "30_day_error_count": 1, "threshold_warn": 1.72664991614216, "30_day_warn_count": 0, "daily_sd": 0.90453403373329078, "threshold_error": 2.3899748742132401}}