{"hemmo": {"sample_sd": 1.6193277068654823, "sample_mean": 0.66666666666666663, "daily_article_count": 1, "30_day_error_count": 0, "threshold_warn": 3.9053220803976312, "30_day_warn_count": 0, "daily_sd": 0.20584674239815462, "threshold_error": 5.5246497872631144}, "mersc": {"sample_sd": 22.433506685808666, "sample_mean": 17.733333333333334, "daily_article_count": 19, "30_day_error_count": 0, "threshold_warn": 62.600346704950667, "30_day_warn_count": 7, "daily_sd": 0.05646315952324802, "threshold_error": 85.033853390759333}, "influ": {"sample_sd": 5.6538089422579141, "sample_mean": 13.033333333333333, "daily_article_count": 11, "30_day_error_count": 0, "threshold_warn": 24.34095121784916, "30_day_warn_count": 0, "daily_sd": -0.35963955522722313, "threshold_error": 29.994760160107077}, "pertu": {"sample_sd": 1.1527744310527055, "sample_mean": 0.93333333333333335, "daily_article_count": 1, "30_day_error_count": 3, "threshold_warn": 3.2388821954387446, "30_day_warn_count": 0, "daily_sd": 0.057831493196624013, "threshold_error": 4.3916566264914501}, "moldf": {"sample_sd": 0.56273143387113778, "sample_mean": 0.5, "daily_article_count": 2, "30_day_error_count": 1, "threshold_warn": 1.6254628677422756, "30_day_warn_count": 0, "daily_sd": 2.6655699499159153, "threshold_error": 2.1881943016134136}, "chole": {"sample_sd": 8.2103593100424064, "sample_mean": 8.3000000000000007, "daily_article_count": 19, "30_day_error_count": 0, "threshold_warn": 24.720718620084813, "30_day_warn_count": 0, "daily_sd": 1.3032316365146672, "threshold_error": 32.931077930127216}, "hepat": {"sample_sd": 1.8547236990991405, "sample_mean": 2.3999999999999999, "daily_article_count": 2, "30_day_error_count": 2, "threshold_warn": 6.1094473981982809, "30_day_warn_count": 0, "daily_sd": -0.21566554640687682, "threshold_error": 7.964171097297422}, "chiku": {"sample_sd": 1.2827920936595905, "sample_mean": 1.2333333333333334, "daily_article_count": 2, "30_day_error_count": 0, "threshold_warn": 3.7989175206525143, "30_day_warn_count": 0, "daily_sd": 0.59765465538495433, "threshold_error": 5.0817096143121052}, "yello": {"sample_sd": 0.69041050590693254, "sample_mean": 0.29999999999999999, "daily_article_count": 0, "30_day_error_count": 3, "threshold_warn": 1.6808210118138651, "30_day_warn_count": 0, "daily_sd": -0.43452409462674085, "threshold_error": 2.3712315177207977}, "menin": {"sample_sd": 2.9606680927715541, "sample_mean": 3.0333333333333332, "daily_article_count": 8, "30_day_error_count": 3, "threshold_warn": 8.9546695188764414, "30_day_warn_count": 0, "daily_sd": 1.6775492932803717, "threshold_error": 11.915337611647995}, "plagu": {"sample_sd": 0.17950549357115014, "sample_mean": 0.033333333333333333, "daily_article_count": 0, "30_day_error_count": 8, "threshold_warn": 0.39234432047563361, "30_day_warn_count": 0, "daily_sd": -0.18569533817705186, "threshold_error": 0.5718498140467837}, "westn": {"sample_sd": 1.8929694486000912, "sample_mean": 2.5, "daily_article_count": 18, "30_day_error_count": 2, "threshold_warn": 6.2859388972001824, "30_day_warn_count": 0, "daily_sd": 8.1881934288283009, "threshold_error": 8.1789083458002736}, "swine": {"sample_sd": 1.9787762772874442, "sample_mean": 1.5333333333333334, "daily_article_count": 4, "30_day_error_count": 1, "threshold_warn": 5.4908858879082221, "30_day_warn_count": 0, "daily_sd": 1.2465616729790368, "threshold_error": 7.4696621651956656}, "measl": {"sample_sd": 3.6649996210398474, "sample_mean": 4.3666666666666663, "daily_article_count": 12, "30_day_error_count": 2, "threshold_warn": 11.696665908746361, "30_day_warn_count": 2, "daily_sd": 2.0827651084906731, "threshold_error": 15.361665529786208}, "dengu": {"sample_sd": 2.8341175385333299, "sample_mean": 4.6333333333333337, "daily_article_count": 16, "30_day_error_count": 6, "threshold_warn": 10.301568410399994, "30_day_warn_count": 8, "daily_sd": 4.0106546436845996, "threshold_error": 13.135685948933322}, "ebola": {"sample_sd": 22.462536712391937, "sample_mean": 43.033333333333331, "daily_article_count": 67, "30_day_error_count": 0, "threshold_warn": 87.958406758117206, "30_day_warn_count": 0, "daily_sd": 1.0669617137874257, "threshold_error": 110.42094347050914}, "unkno": {"sample_sd": 41.563351912739456, "sample_mean": 80.233333333333334, "daily_article_count": 92, "30_day_error_count": 2, "threshold_warn": 163.36003715881225, "30_day_warn_count": 7, "daily_sd": 0.28310196664047443, "threshold_error": 204.9233890715517}, "mumps": {"sample_sd": 0.76084748070088859, "sample_mean": 0.43333333333333335, "daily_article_count": 0, "30_day_error_count": 0, "threshold_warn": 1.9550282947351105, "30_day_warn_count": 0, "daily_sd": -0.56954034063982051, "threshold_error": 2.7158757754359995}}