{"hemmo": {"sample_sd": 0.0, "sample_mean": 1e-13, "daily_article_count": 0, "30_day_error_count": 4, "threshold_warn": 1e-13, "30_day_warn_count": 0, "daily_sd": -Infinity, "threshold_error": 1e-13}, "mersc": {"sample_sd": 1.5362291495737217, "sample_mean": 0.80000000000010008, "daily_article_count": 2, "30_day_error_count": 1, "threshold_warn": 3.8724582991475436, "30_day_warn_count": 7, "daily_sd": 0.78113346588487798, "threshold_error": 5.4086874487212651}, "influ": {"sample_sd": 15.283833143408613, "sample_mean": 13.933333333333433, "daily_article_count": 2, "30_day_error_count": 0, "threshold_warn": 44.500999620150658, "30_day_warn_count": 0, "daily_sd": -0.78078144542423678, "threshold_error": 59.784832763559265}, "pertu": {"sample_sd": 0.42295258468165065, "sample_mean": 0.23333333333343334, "daily_article_count": 0, "30_day_error_count": 4, "threshold_warn": 1.0792385026967346, "30_day_warn_count": 2, "daily_sd": -0.55167728436760699, "threshold_error": 1.5021910873783852}, "moldf": {"sample_sd": 0.17950549357115009, "sample_mean": 0.033333333333433336, "daily_article_count": 0, "30_day_error_count": 7, "threshold_warn": 0.39234432047573353, "30_day_warn_count": 0, "daily_sd": -0.18569533817760903, "threshold_error": 0.57184981404688362}, "chole": {"sample_sd": 2.3851391759997753, "sample_mean": 1.6666666666667667, "daily_article_count": 1, "30_day_error_count": 0, "threshold_warn": 6.4369450186663171, "30_day_warn_count": 0, "daily_sd": -0.27950849718751569, "threshold_error": 8.8220841946660933}, "hepat": {"sample_sd": 3.5770875800790161, "sample_mean": 1.2666666666667665, "daily_article_count": 2, "30_day_error_count": 0, "threshold_warn": 8.4208418268247982, "30_day_warn_count": 0, "daily_sd": 0.20500849277976987, "threshold_error": 11.997929406903815}, "chiku": {"sample_sd": 0.61553951042064614, "sample_mean": 0.43333333333343332, "daily_article_count": 0, "30_day_error_count": 2, "threshold_warn": 1.6644123541747256, "30_day_warn_count": 0, "daily_sd": -0.70398946939620966, "threshold_error": 2.2799518645953718}, "yello": {"sample_sd": 0.24944382578492943, "sample_mean": 0.066666666666766669, "daily_article_count": 1, "30_day_error_count": 3, "threshold_warn": 0.5655543182366255, "30_day_warn_count": 0, "daily_sd": 3.7416573867735403, "threshold_error": 0.81499814402155502}, "menin": {"sample_sd": 0.49553562491061676, "sample_mean": 0.23333333333343334, "daily_article_count": 1, "30_day_error_count": 15, "threshold_warn": 1.2244045831546668, "30_day_warn_count": 2, "daily_sd": 1.5471474261913172, "threshold_error": 1.7199402080652835}, "plagu": {"sample_sd": 0.24944382578492943, "sample_mean": 0.066666666666766669, "daily_article_count": 0, "30_day_error_count": 2, "threshold_warn": 0.5655543182366255, "30_day_warn_count": 0, "daily_sd": -0.2672612419128253, "threshold_error": 0.81499814402155502}, "westn": {"sample_sd": 1.7413277182145301, "sample_mean": 0.63333333333343333, "daily_article_count": 1, "30_day_error_count": 0, "threshold_warn": 4.1159887697624935, "30_day_warn_count": 0, "daily_sd": 0.21056729461730972, "threshold_error": 5.8573164879770241}, "swine": {"sample_sd": 10.525946777157651, "sample_mean": 10.266666666666767, "daily_article_count": 3, "30_day_error_count": 0, "threshold_warn": 31.318560220982071, "30_day_warn_count": 0, "daily_sd": -0.69035753462445337, "threshold_error": 41.844506998139721}, "measl": {"sample_sd": 3.2195582857832461, "sample_mean": 3.3666666666667666, "daily_article_count": 9, "30_day_error_count": 1, "threshold_warn": 9.8057832382332588, "30_day_warn_count": 0, "daily_sd": 1.7497224256534216, "threshold_error": 13.025341524016504}, "dengu": {"sample_sd": 1.7841898254763513, "sample_mean": 1.5000000000000999, "daily_article_count": 3, "30_day_error_count": 3, "threshold_warn": 5.068379650952803, "30_day_warn_count": 6, "daily_sd": 0.84071771881079027, "threshold_error": 6.8525694764291529}, "ebola": {"sample_sd": 1.0857664983268218, "sample_mean": 0.56666666666676668, "daily_article_count": 0, "30_day_error_count": 0, "threshold_warn": 2.7381996633204104, "30_day_warn_count": 0, "daily_sd": -0.52190472586878145, "threshold_error": 3.823966161647232}, "unkno": {"sample_sd": 24.565196699576596, "sample_mean": 25.866666666666767, "daily_article_count": 25, "30_day_error_count": 0, "threshold_warn": 74.997060065819966, "30_day_warn_count": 7, "daily_sd": -0.035280265705411769, "threshold_error": 99.56225676539654}, "mumps": {"sample_sd": 0.0, "sample_mean": 1e-13, "daily_article_count": 0, "30_day_error_count": 6, "threshold_warn": 1e-13, "30_day_warn_count": 0, "daily_sd": -Infinity, "threshold_error": 1e-13}}