{"hemmo": {"sample_sd": 0.49553562491061681, "sample_mean": 0.23333333333333334, "daily_article_count": 0, "30_day_error_count": 0, "threshold_warn": 1.2244045831545669, "30_day_warn_count": 0, "daily_sd": -0.47087095579741878, "threshold_error": 1.7199402080651838}, "mersc": {"sample_sd": 1.3012814197295421, "sample_mean": 1.2, "daily_article_count": 8, "30_day_error_count": 10, "threshold_warn": 3.8025628394590845, "30_day_warn_count": 1, "daily_sd": 5.2256182997013125, "threshold_error": 5.1038442591886266}, "influ": {"sample_sd": 13.975414921290252, "sample_mean": 23.566666666666666, "daily_article_count": 7, "30_day_error_count": 0, "threshold_warn": 51.517496509247167, "30_day_warn_count": 0, "daily_sd": -1.1854150134339756, "threshold_error": 65.492911430537418}, "pertu": {"sample_sd": 0.75718777944003646, "sample_mean": 0.59999999999999998, "daily_article_count": 0, "30_day_error_count": 13, "threshold_warn": 2.1143755588800728, "30_day_warn_count": 4, "daily_sd": -0.79240581569306145, "threshold_error": 2.8715633383201093}, "moldf": {"sample_sd": 0.59628479399994394, "sample_mean": 0.33333333333333331, "daily_article_count": 1, "30_day_error_count": 1, "threshold_warn": 1.5259029213332211, "30_day_warn_count": 0, "daily_sd": 1.1180339887498949, "threshold_error": 2.1221877153331654}, "chole": {"sample_sd": 4.8299988497813207, "sample_mean": 3.9333333333333331, "daily_article_count": 1, "30_day_error_count": 0, "threshold_warn": 13.593331032895975, "30_day_warn_count": 0, "daily_sd": -0.60731553455051868, "threshold_error": 18.423329882677294}, "hepat": {"sample_sd": 1.453348623772776, "sample_mean": 1.2333333333333334, "daily_article_count": 7, "30_day_error_count": 10, "threshold_warn": 4.1400305808788858, "30_day_warn_count": 1, "daily_sd": 3.967848162746296, "threshold_error": 5.5933792046516615}, "chiku": {"sample_sd": 2.2420228961066986, "sample_mean": 1.8, "daily_article_count": 2, "30_day_error_count": 1, "threshold_warn": 6.284045792213397, "30_day_warn_count": 0, "daily_sd": 0.089205155017507851, "threshold_error": 8.5260686883200965}, "yello": {"sample_sd": 0.29999999999999993, "sample_mean": 0.10000000000000001, "daily_article_count": 0, "30_day_error_count": 10, "threshold_warn": 0.69999999999999984, "30_day_warn_count": 0, "daily_sd": -0.33333333333333343, "threshold_error": 0.99999999999999978}, "menin": {"sample_sd": 1.9779338265529061, "sample_mean": 2.2333333333333334, "daily_article_count": 5, "30_day_error_count": 5, "threshold_warn": 6.1892009864391451, "30_day_warn_count": 0, "daily_sd": 1.3987660403626063, "threshold_error": 8.1671348129920514}, "plagu": {"sample_sd": 0.17950549357115012, "sample_mean": 0.033333333333333333, "daily_article_count": 0, "30_day_error_count": 6, "threshold_warn": 0.39234432047563356, "30_day_warn_count": 0, "daily_sd": -0.18569533817705189, "threshold_error": 0.5718498140467837}, "westn": {"sample_sd": 0.33993463423951903, "sample_mean": 0.13333333333333333, "daily_article_count": 0, "30_day_error_count": 3, "threshold_warn": 0.81320260181237136, "30_day_warn_count": 0, "daily_sd": -0.39223227027636803, "threshold_error": 1.1531372360518903}, "swine": {"sample_sd": 7.7952264595427607, "sample_mean": 8.6333333333333329, "daily_article_count": 52, "30_day_error_count": 9, "threshold_warn": 24.223786252418854, "30_day_warn_count": 11, "daily_sd": 5.5632337163955077, "threshold_error": 32.019012711961615}, "measl": {"sample_sd": 21.138169793580101, "sample_mean": 16.666666666666668, "daily_article_count": 22, "30_day_error_count": 14, "threshold_warn": 58.943006253826866, "30_day_warn_count": 12, "daily_sd": 0.25230818871334476, "threshold_error": 80.08117604740697}, "dengu": {"sample_sd": 1.5902480589168748, "sample_mean": 2.2666666666666666, "daily_article_count": 4, "30_day_error_count": 3, "threshold_warn": 5.4471627845004162, "30_day_warn_count": 0, "daily_sd": 1.0899767011908283, "threshold_error": 7.0374108434172911}, "ebola": {"sample_sd": 62.573334753888751, "sample_mean": 115.33333333333333, "daily_article_count": 83, "30_day_error_count": 0, "threshold_warn": 240.48000284111083, "30_day_warn_count": 0, "daily_sd": -0.51672702854188068, "threshold_error": 303.05333759499956}, "unkno": {"sample_sd": 23.641394957902875, "sample_mean": 55.866666666666667, "daily_article_count": 48, "30_day_error_count": 1, "threshold_warn": 103.14945658247242, "30_day_warn_count": 0, "daily_sd": -0.33274968252399961, "threshold_error": 126.79085154037529}, "mumps": {"sample_sd": 0.37267799624996495, "sample_mean": 0.16666666666666666, "daily_article_count": 0, "30_day_error_count": 4, "threshold_warn": 0.91202265916659653, "30_day_warn_count": 0, "daily_sd": -0.44721359549995793, "threshold_error": 1.2847006554165616}}