{"hemmo": {"sample_sd": 0.24944382578492943, "sample_mean": 0.066666666666666666, "daily_article_count": 0, "30_day_error_count": 7, "threshold_warn": 0.56555431823652558, "30_day_warn_count": 0, "daily_sd": -0.2672612419124244, "threshold_error": 0.81499814402145498}, "mersc": {"sample_sd": 4.6255330023204415, "sample_mean": 2.0666666666666669, "daily_article_count": 16, "30_day_error_count": 23, "threshold_warn": 11.317732671307549, "30_day_warn_count": 0, "daily_sd": 3.0122654678592817, "threshold_error": 15.943265673627991}, "influ": {"sample_sd": 7.237326086952895, "sample_mean": 16.433333333333334, "daily_article_count": 8, "30_day_error_count": 0, "threshold_warn": 30.907985507239125, "30_day_warn_count": 0, "daily_sd": -1.1652554040001795, "threshold_error": 38.145311594192023}, "pertu": {"sample_sd": 1.8366636418607882, "sample_mean": 1.6000000000000001, "daily_article_count": 1, "30_day_error_count": 0, "threshold_warn": 5.2733272837215761, "30_day_warn_count": 0, "daily_sd": -0.32667930388828248, "threshold_error": 7.1099909255823643}, "moldf": {"sample_sd": 0.80346471954626342, "sample_mean": 0.56666666666666665, "daily_article_count": 1, "30_day_error_count": 1, "threshold_warn": 2.1735961057591933, "30_day_warn_count": 0, "daily_sd": 0.53933087886926445, "threshold_error": 2.9770608253054567}, "chole": {"sample_sd": 7.8990857417523674, "sample_mean": 7.7333333333333334, "daily_article_count": 1, "30_day_error_count": 0, "threshold_warn": 23.531504816838069, "30_day_warn_count": 0, "daily_sd": -0.85241932464953618, "threshold_error": 31.430590558590438}, "hepat": {"sample_sd": 2.7626476833324629, "sample_mean": 3.3666666666666667, "daily_article_count": 0, "30_day_error_count": 0, "threshold_warn": 8.891962033331593, "30_day_warn_count": 0, "daily_sd": -1.2186377173529424, "threshold_error": 11.654609716664055}, "chiku": {"sample_sd": 1.1756794725698931, "sample_mean": 1.1333333333333333, "daily_article_count": 0, "30_day_error_count": 0, "threshold_warn": 3.4846922784731196, "30_day_warn_count": 0, "daily_sd": -0.96398156111036259, "threshold_error": 4.6603717510430123}, "yello": {"sample_sd": 0.66749947981669289, "sample_mean": 0.23333333333333334, "daily_article_count": 0, "30_day_error_count": 0, "threshold_warn": 1.5683322929667192, "30_day_warn_count": 0, "daily_sd": -0.3495633186072456, "threshold_error": 2.2358317727834121}, "menin": {"sample_sd": 3.6147844564602556, "sample_mean": 4.0, "daily_article_count": 7, "30_day_error_count": 0, "threshold_warn": 11.229568912920511, "30_day_warn_count": 0, "daily_sd": 0.82992500275873227, "threshold_error": 14.844353369380766}, "plagu": {"sample_sd": 1.3844373104863459, "sample_mean": 0.5, "daily_article_count": 4, "30_day_error_count": 0, "threshold_warn": 3.2688746209726918, "30_day_warn_count": 0, "daily_sd": 2.5281029148011531, "threshold_error": 4.6533119314590374}, "westn": {"sample_sd": 1.4715826703096078, "sample_mean": 1.3666666666666667, "daily_article_count": 1, "30_day_error_count": 4, "threshold_warn": 4.3098320072858822, "30_day_warn_count": 3, "daily_sd": -0.24916484412630607, "threshold_error": 5.7814146775954907}, "swine": {"sample_sd": 2.1437246921084694, "sample_mean": 1.7333333333333334, "daily_article_count": 2, "30_day_error_count": 1, "threshold_warn": 6.0207827175502722, "30_day_warn_count": 0, "daily_sd": 0.1243940827142246, "threshold_error": 8.1645074096587429}, "measl": {"sample_sd": 5.9293057491300498, "sample_mean": 8.0999999999999996, "daily_article_count": 0, "30_day_error_count": 0, "threshold_warn": 19.958611498260098, "30_day_warn_count": 0, "daily_sd": -1.3660958538338885, "threshold_error": 25.887917247390149}, "dengu": {"sample_sd": 2.5482019804821858, "sample_mean": 3.7999999999999998, "daily_article_count": 3, "30_day_error_count": 2, "threshold_warn": 8.8964039609643706, "30_day_warn_count": 7, "daily_sd": -0.31394685591156285, "threshold_error": 11.444605941446557}, "ebola": {"sample_sd": 21.782485318867238, "sample_mean": 45.299999999999997, "daily_article_count": 19, "30_day_error_count": 0, "threshold_warn": 88.864970637734473, "30_day_warn_count": 0, "daily_sd": -1.2073920682145414, "threshold_error": 110.64745595660172}, "unkno": {"sample_sd": 22.062638101550775, "sample_mean": 65.799999999999997, "daily_article_count": 52, "30_day_error_count": 13, "threshold_warn": 109.92527620310155, "30_day_warn_count": 4, "daily_sd": -0.62549183540430731, "threshold_error": 131.98791430465232}, "mumps": {"sample_sd": 0.75203427817856505, "sample_mean": 0.36666666666666664, "daily_article_count": 0, "30_day_error_count": 0, "threshold_warn": 1.8707352230237968, "30_day_warn_count": 0, "daily_sd": -0.4875664278957299, "threshold_error": 2.6227695012023617}}