{"hemmo": {"sample_sd": 0.24944382578492943, "sample_mean": 0.066666666666666666, "daily_article_count": 0, "30_day_error_count": 6, "threshold_warn": 0.56555431823652558, "30_day_warn_count": 0, "daily_sd": -0.2672612419124244, "threshold_error": 0.81499814402145498}, "mersc": {"sample_sd": 1.8681541692269403, "sample_mean": 1.1000000000000001, "daily_article_count": 4, "30_day_error_count": 0, "threshold_warn": 4.8363083384538808, "30_day_warn_count": 0, "daily_sd": 1.5523344099593488, "threshold_error": 6.7044625076808213}, "influ": {"sample_sd": 11.167462658196902, "sample_mean": 20.433333333333334, "daily_article_count": 21, "30_day_error_count": 1, "threshold_warn": 42.768258649727137, "30_day_warn_count": 0, "daily_sd": 0.050742651577234864, "threshold_error": 53.935721307924041}, "pertu": {"sample_sd": 2.3288051299611423, "sample_mean": 2.1000000000000001, "daily_article_count": 2, "30_day_error_count": 0, "threshold_warn": 6.7576102599222843, "30_day_warn_count": 0, "daily_sd": -0.04294047566000881, "threshold_error": 9.0864153898834275}, "moldf": {"sample_sd": 0.80346471954626331, "sample_mean": 0.76666666666666672, "daily_article_count": 0, "30_day_error_count": 0, "threshold_warn": 2.3735961057591934, "30_day_warn_count": 0, "daily_sd": -0.9542007856917758, "threshold_error": 3.1770608253054564}, "chole": {"sample_sd": 2.2283526551144361, "sample_mean": 2.3666666666666667, "daily_article_count": 1, "30_day_error_count": 3, "threshold_warn": 6.8233719768955385, "30_day_warn_count": 4, "daily_sd": -0.61330807021498224, "threshold_error": 9.0517246320099751}, "hepat": {"sample_sd": 1.2489995996796797, "sample_mean": 1.2, "daily_article_count": 3, "30_day_error_count": 1, "threshold_warn": 3.6979991993593595, "30_day_warn_count": 0, "daily_sd": 1.4411533842457842, "threshold_error": 4.9469987990390392}, "chiku": {"sample_sd": 1.168569876197207, "sample_mean": 1.3666666666666667, "daily_article_count": 11, "30_day_error_count": 3, "threshold_warn": 3.7038064190610807, "30_day_warn_count": 0, "daily_sd": 8.2436947328151202, "threshold_error": 4.8723762952582881}, "yello": {"sample_sd": 0.24944382578492943, "sample_mean": 0.066666666666666666, "daily_article_count": 0, "30_day_error_count": 3, "threshold_warn": 0.56555431823652558, "30_day_warn_count": 0, "daily_sd": -0.2672612419124244, "threshold_error": 0.81499814402145498}, "menin": {"sample_sd": 5.0045534821355995, "sample_mean": 2.2333333333333334, "daily_article_count": 4, "30_day_error_count": 0, "threshold_warn": 12.242440297604531, "30_day_warn_count": 0, "daily_sd": 0.35301184670580732, "threshold_error": 17.246993779740134}, "plagu": {"sample_sd": 3.0711923128033236, "sample_mean": 1.0333333333333334, "daily_article_count": 0, "30_day_error_count": 0, "threshold_warn": 7.1757179589399804, "30_day_warn_count": 0, "daily_sd": -0.33645998950489925, "threshold_error": 10.246910271743305}, "westn": {"sample_sd": 0.33993463423951903, "sample_mean": 0.13333333333333333, "daily_article_count": 0, "30_day_error_count": 0, "threshold_warn": 0.81320260181237136, "30_day_warn_count": 0, "daily_sd": -0.39223227027636803, "threshold_error": 1.1531372360518903}, "swine": {"sample_sd": 3.3796778281697533, "sample_mean": 2.3333333333333335, "daily_article_count": 27, "30_day_error_count": 6, "threshold_warn": 9.0926889896728404, "30_day_warn_count": 3, "daily_sd": 7.2985260491603636, "threshold_error": 12.472366817842593}, "measl": {"sample_sd": 2.2472205054244232, "sample_mean": 2.5, "daily_article_count": 94, "30_day_error_count": 14, "threshold_warn": 6.9944410108488464, "30_day_warn_count": 3, "daily_sd": 40.716965593333605, "threshold_error": 9.24166151627327}, "dengu": {"sample_sd": 2.0829999733290658, "sample_mean": 3.1666666666666665, "daily_article_count": 3, "30_day_error_count": 0, "threshold_warn": 7.3326666133247986, "30_day_warn_count": 0, "daily_sd": -0.080012803072819355, "threshold_error": 9.4156665866538631}, "ebola": {"sample_sd": 51.309962212247072, "sample_mean": 141.23333333333332, "daily_article_count": 111, "30_day_error_count": 1, "threshold_warn": 243.85325775782746, "30_day_warn_count": 0, "daily_sd": -0.58922930420940722, "threshold_error": 295.16321997007458}, "unkno": {"sample_sd": 22.032022149589444, "sample_mean": 56.700000000000003, "daily_article_count": 76, "30_day_error_count": 0, "threshold_warn": 100.76404429917889, "30_day_warn_count": 0, "daily_sd": 0.87599766689412317, "threshold_error": 122.79606644876834}, "mumps": {"sample_sd": 0.71802197428460057, "sample_mean": 0.53333333333333333, "daily_article_count": 0, "30_day_error_count": 0, "threshold_warn": 1.9693772819025344, "30_day_warn_count": 0, "daily_sd": -0.74278135270820744, "threshold_error": 2.6873992561871347}}