{"hemmo": {"sample_sd": 2.112397269033981, "sample_mean": 1.2666666666667665, "daily_article_count": 0, "30_day_error_count": 0, "threshold_warn": 5.491461204734728, "30_day_warn_count": 0, "daily_sd": -0.59963468294296041, "threshold_error": 7.6038584737687103}, "mersc": {"sample_sd": 2.3513589451397863, "sample_mean": 2.0666666666667668, "daily_article_count": 0, "30_day_error_count": 0, "threshold_warn": 6.7693845569463393, "30_day_warn_count": 0, "daily_sd": -0.87892436454184375, "threshold_error": 9.1207435020861247}, "influ": {"sample_sd": 5.2213237997870072, "sample_mean": 10.733333333333432, "daily_article_count": 4, "30_day_error_count": 0, "threshold_warn": 21.175980932907446, "30_day_warn_count": 0, "daily_sd": -1.2895835599408916, "threshold_error": 26.397304732694451}, "pertu": {"sample_sd": 1.2827920936595905, "sample_mean": 1.2333333333334333, "daily_article_count": 3, "30_day_error_count": 0, "threshold_warn": 3.7989175206526142, "30_day_warn_count": 0, "daily_sd": 1.3772042058869909, "threshold_error": 5.0817096143122047}, "moldf": {"sample_sd": 0.33993463423951903, "sample_mean": 0.13333333333343333, "daily_article_count": 0, "30_day_error_count": 3, "threshold_warn": 0.81320260181247139, "30_day_warn_count": 0, "daily_sd": -0.39223227027666219, "threshold_error": 1.1531372360519905}, "chole": {"sample_sd": 2.629110538228133, "sample_mean": 4.2333333333334338, "daily_article_count": 2, "30_day_error_count": 2, "threshold_warn": 9.4915544097896998, "30_day_warn_count": 0, "daily_sd": -0.84946345954650126, "threshold_error": 12.120664948017833}, "hepat": {"sample_sd": 1.6478942792411033, "sample_mean": 1.5333333333334334, "daily_article_count": 3, "30_day_error_count": 0, "threshold_warn": 4.8291218918156398, "30_day_warn_count": 0, "daily_sd": 0.89002473346894773, "threshold_error": 6.4770161710567438}, "chiku": {"sample_sd": 2.6341770800173796, "sample_mean": 4.8333333333334334, "daily_article_count": 2, "30_day_error_count": 0, "threshold_warn": 10.101687493368193, "30_day_warn_count": 0, "daily_sd": -1.0756047324330753, "threshold_error": 12.735864573385573}, "yello": {"sample_sd": 0.17950549357115014, "sample_mean": 0.033333333333433336, "daily_article_count": 0, "30_day_error_count": 7, "threshold_warn": 0.39234432047573364, "30_day_warn_count": 0, "daily_sd": -0.18569533817760894, "threshold_error": 0.57184981404688373}, "menin": {"sample_sd": 2.5317977802344327, "sample_mean": 3.3000000000000997, "daily_article_count": 2, "30_day_error_count": 3, "threshold_warn": 8.3635955604689656, "30_day_warn_count": 4, "daily_sd": -0.51346912859672611, "threshold_error": 10.895393340703398}, "plagu": {"sample_sd": 0.17950549357115009, "sample_mean": 0.033333333333433336, "daily_article_count": 0, "30_day_error_count": 4, "threshold_warn": 0.39234432047573353, "30_day_warn_count": 0, "daily_sd": -0.18569533817760903, "threshold_error": 0.57184981404688362}, "westn": {"sample_sd": 2.1982316125063401, "sample_mean": 3.0333333333334331, "daily_article_count": 0, "30_day_error_count": 0, "threshold_warn": 7.4297965583461139, "30_day_warn_count": 0, "daily_sd": -1.3798970572873082, "threshold_error": 9.6280281708524527}, "swine": {"sample_sd": 1.3337499349161706, "sample_mean": 1.2333333333334333, "daily_article_count": 0, "30_day_error_count": 1, "threshold_warn": 3.9008332031657744, "30_day_warn_count": 0, "daily_sd": -0.92471107292758847, "threshold_error": 5.2345831380819448}, "measl": {"sample_sd": 2.6392338955756753, "sample_mean": 3.0333333333334331, "daily_article_count": 1, "30_day_error_count": 0, "threshold_warn": 8.3118011244847843, "30_day_warn_count": 0, "daily_sd": -0.77042559082847717, "threshold_error": 10.951035020060459}, "dengu": {"sample_sd": 4.0160787951544092, "sample_mean": 8.733333333333432, "daily_article_count": 7, "30_day_error_count": 0, "threshold_warn": 16.76549092364225, "30_day_warn_count": 0, "daily_sd": -0.43159843761650829, "threshold_error": 20.781569718796661}, "ebola": {"sample_sd": 346.58358619851322, "sample_mean": 488.13333333333344, "daily_article_count": 182, "30_day_error_count": 3, "threshold_warn": 1181.3005057303599, "30_day_warn_count": 16, "daily_sd": -0.88328860778187279, "threshold_error": 1527.884091928873}, "unkno": {"sample_sd": 43.453947525576496, "sample_mean": 88.566666666666762, "daily_article_count": 16, "30_day_error_count": 0, "threshold_warn": 175.47456171781977, "30_day_warn_count": 0, "daily_sd": -1.6699671905286593, "threshold_error": 218.92850924339626}, "mumps": {"sample_sd": 0.0, "sample_mean": 1e-13, "daily_article_count": 0, "30_day_error_count": 5, "threshold_warn": 1e-13, "30_day_warn_count": 0, "daily_sd": -Infinity, "threshold_error": 1e-13}}