{"hemmo": {"sample_sd": 0.17950549357115009, "sample_mean": 0.033333333333333333, "daily_article_count": 0, "30_day_error_count": 1, "threshold_warn": 0.3923443204756335, "30_day_warn_count": 0, "daily_sd": -0.18569533817705192, "threshold_error": 0.57184981404678359}, "mersc": {"sample_sd": 5.7778311963342555, "sample_mean": 6.5, "daily_article_count": 0, "30_day_error_count": 0, "threshold_warn": 18.055662392668509, "30_day_warn_count": 0, "daily_sd": -1.1249895988868495, "threshold_error": 23.833493589002767}, "influ": {"sample_sd": 5.0540412872604561, "sample_mean": 9.6999999999999993, "daily_article_count": 17, "30_day_error_count": 3, "threshold_warn": 19.80808257452091, "30_day_warn_count": 0, "daily_sd": 1.4443886753360828, "threshold_error": 24.862123861781367}, "pertu": {"sample_sd": 1.5073892072793351, "sample_mean": 1.8333333333333333, "daily_article_count": 3, "30_day_error_count": 0, "threshold_warn": 4.8481117478920037, "30_day_warn_count": 0, "daily_sd": 0.77396511865198137, "threshold_error": 6.3555009551713386}, "moldf": {"sample_sd": 0.91226214556026719, "sample_mean": 0.6333333333333333, "daily_article_count": 0, "30_day_error_count": 0, "threshold_warn": 2.4578576244538679, "30_day_warn_count": 0, "daily_sd": -0.69424489047977611, "threshold_error": 3.370119770014135}, "chole": {"sample_sd": 4.0289232087770328, "sample_mean": 4.6333333333333337, "daily_article_count": 1, "30_day_error_count": 0, "threshold_warn": 12.6911797508874, "30_day_warn_count": 0, "daily_sd": -0.90181250548982805, "threshold_error": 16.72010295966443}, "hepat": {"sample_sd": 6.5183501661761696, "sample_mean": 5.666666666666667, "daily_article_count": 2, "30_day_error_count": 0, "threshold_warn": 18.703366999019007, "30_day_warn_count": 0, "daily_sd": -0.56251452793884305, "threshold_error": 25.221717165195177}, "chiku": {"sample_sd": 2.2509257354845511, "sample_mean": 2.0, "daily_article_count": 3, "30_day_error_count": 0, "threshold_warn": 6.5018514709691022, "30_day_warn_count": 0, "daily_sd": 0.44426165831931924, "threshold_error": 8.7527772064536542}, "yello": {"sample_sd": 0.66999170807472597, "sample_mean": 0.46666666666666667, "daily_article_count": 0, "30_day_error_count": 0, "threshold_warn": 1.8066500828161187, "30_day_warn_count": 0, "daily_sd": -0.69652603314699246, "threshold_error": 2.4766417908908447}, "menin": {"sample_sd": 3.0543229837214154, "sample_mean": 4.2666666666666666, "daily_article_count": 6, "30_day_error_count": 0, "threshold_warn": 10.375312634109498, "30_day_warn_count": 0, "daily_sd": 0.56750165014356935, "threshold_error": 13.429635617830911}, "plagu": {"sample_sd": 0.5120763831912406, "sample_mean": 0.26666666666666666, "daily_article_count": 0, "30_day_error_count": 0, "threshold_warn": 1.2908194330491478, "30_day_warn_count": 0, "daily_sd": -0.52075564392329543, "threshold_error": 1.8028958162403885}, "westn": {"sample_sd": 0.57348835113617525, "sample_mean": 0.26666666666666666, "daily_article_count": 2, "30_day_error_count": 4, "threshold_warn": 1.4136433689390171, "30_day_warn_count": 0, "daily_sd": 3.0224386073393008, "threshold_error": 1.9871317200751923}, "swine": {"sample_sd": 24.438221430101386, "sample_mean": 43.799999999999997, "daily_article_count": 5, "30_day_error_count": 0, "threshold_warn": 92.676442860202769, "30_day_warn_count": 0, "daily_sd": -1.5876769146632219, "threshold_error": 117.11466429030416}, "measl": {"sample_sd": 56.213689515000603, "sample_mean": 80.566666666666663, "daily_article_count": 7, "30_day_error_count": 0, "threshold_warn": 192.99404569666785, "30_day_warn_count": 0, "daily_sd": -1.3086966413587819, "threshold_error": 249.20773521166848}, "dengu": {"sample_sd": 2.6633312473917576, "sample_mean": 4.2000000000000002, "daily_article_count": 4, "30_day_error_count": 1, "threshold_warn": 9.5266624947835155, "30_day_warn_count": 0, "daily_sd": -0.075093926148263879, "threshold_error": 12.189993742175272}, "ebola": {"sample_sd": 33.370246228239516, "sample_mean": 79.599999999999994, "daily_article_count": 70, "30_day_error_count": 0, "threshold_warn": 146.34049245647901, "30_day_warn_count": 0, "daily_sd": -0.28768142537336178, "threshold_error": 179.71073868471854}, "unkno": {"sample_sd": 31.292810675936416, "sample_mean": 60.399999999999999, "daily_article_count": 91, "30_day_error_count": 0, "threshold_warn": 122.98562135187282, "30_day_warn_count": 0, "daily_sd": 0.97786038834571121, "threshold_error": 154.27843202780926}, "mumps": {"sample_sd": 0.7156970184527961, "sample_mean": 0.43333333333333335, "daily_article_count": 0, "30_day_error_count": 0, "threshold_warn": 1.8647273702389255, "30_day_warn_count": 0, "daily_sd": -0.60547036268240917, "threshold_error": 2.5804243886917213}}