{"hemmo": {"sample_sd": 0.35901098714230029, "sample_mean": 0.066666666666666666, "daily_article_count": 0, "30_day_error_count": 4, "threshold_warn": 0.78468864095126722, "30_day_warn_count": 0, "daily_sd": -0.18569533817705186, "threshold_error": 1.1436996280935674}, "mersc": {"sample_sd": 2.404856198057034, "sample_mean": 1.5, "daily_article_count": 41, "30_day_error_count": 10, "threshold_warn": 6.309712396114068, "30_day_warn_count": 0, "daily_sd": 16.425098528516344, "threshold_error": 8.7145685941711015}, "influ": {"sample_sd": 3.3334999958335421, "sample_mean": 4.5666666666666664, "daily_article_count": 6, "30_day_error_count": 1, "threshold_warn": 11.23366665833375, "30_day_warn_count": 4, "daily_sd": 0.42997850161236567, "threshold_error": 14.567166654167293}, "pertu": {"sample_sd": 0.61101009266077866, "sample_mean": 0.40000000000000002, "daily_article_count": 1, "30_day_error_count": 1, "threshold_warn": 1.6220201853215572, "30_day_warn_count": 0, "daily_sd": 0.98198050606196574, "threshold_error": 2.2330302779823361}, "moldf": {"sample_sd": 0.29999999999999999, "sample_mean": 0.10000000000000001, "daily_article_count": 1, "30_day_error_count": 14, "threshold_warn": 0.69999999999999996, "30_day_warn_count": 0, "daily_sd": 3.0, "threshold_error": 0.99999999999999989}, "chole": {"sample_sd": 2.3872345693058503, "sample_mean": 2.6333333333333333, "daily_article_count": 3, "30_day_error_count": 0, "threshold_warn": 7.4078024719450344, "30_day_warn_count": 0, "daily_sd": 0.15359473735054216, "threshold_error": 9.7950370412508843}, "hepat": {"sample_sd": 1.5405626677721789, "sample_mean": 1.3999999999999999, "daily_article_count": 0, "30_day_error_count": 2, "threshold_warn": 4.4811253355443572, "30_day_warn_count": 0, "daily_sd": -0.9087588770566225, "threshold_error": 6.0216880033165374}, "chiku": {"sample_sd": 0.37267799624996495, "sample_mean": 0.16666666666666666, "daily_article_count": 0, "30_day_error_count": 10, "threshold_warn": 0.91202265916659653, "30_day_warn_count": 0, "daily_sd": -0.44721359549995793, "threshold_error": 1.2847006554165616}, "yello": {"sample_sd": 0.44221663871405331, "sample_mean": 0.26666666666666666, "daily_article_count": 0, "30_day_error_count": 0, "threshold_warn": 1.1510999440947733, "30_day_warn_count": 0, "daily_sd": -0.60302268915552726, "threshold_error": 1.5933165828088265}, "menin": {"sample_sd": 3.8724095283886952, "sample_mean": 2.9333333333333331, "daily_article_count": 1, "30_day_error_count": 0, "threshold_warn": 10.678152390110723, "30_day_warn_count": 0, "daily_sd": -0.49925848987821048, "threshold_error": 14.550561918499419}, "plagu": {"sample_sd": 0.17950549357115009, "sample_mean": 0.033333333333333333, "daily_article_count": 0, "30_day_error_count": 3, "threshold_warn": 0.3923443204756335, "30_day_warn_count": 0, "daily_sd": -0.18569533817705192, "threshold_error": 0.57184981404678359}, "westn": {"sample_sd": 1.1455226851626386, "sample_mean": 0.43333333333333335, "daily_article_count": 0, "30_day_error_count": 0, "threshold_warn": 2.7243787036586102, "30_day_warn_count": 0, "daily_sd": -0.37828437528656161, "threshold_error": 3.8699013888212495}, "swine": {"sample_sd": 2.3711225658371657, "sample_mean": 2.6666666666666665, "daily_article_count": 0, "30_day_error_count": 0, "threshold_warn": 7.4089117983409984, "30_day_warn_count": 0, "daily_sd": -1.1246431142310662, "threshold_error": 9.7800343641781637}, "measl": {"sample_sd": 3.7094473981982814, "sample_mean": 7.2000000000000002, "daily_article_count": 6, "30_day_error_count": 3, "threshold_warn": 14.618894796396564, "30_day_warn_count": 4, "daily_sd": -0.32349831961031528, "threshold_error": 18.328342194594843}, "dengu": {"sample_sd": 2.4046251729161909, "sample_mean": 3.5333333333333332, "daily_article_count": 4, "30_day_error_count": 5, "threshold_warn": 8.3425836791657151, "30_day_warn_count": 2, "daily_sd": 0.19407044055049974, "threshold_error": 10.747208852081906}, "ebola": {"sample_sd": 0.9574271077563381, "sample_mean": 0.5, "daily_article_count": 8, "30_day_error_count": 30, "threshold_warn": 2.4148542155126762, "30_day_warn_count": 0, "daily_sd": 7.8334945180064031, "threshold_error": 3.3722813232690143}, "unkno": {"sample_sd": 18.938496948455722, "sample_mean": 42.0, "daily_article_count": 10, "30_day_error_count": 0, "threshold_warn": 79.876993896911443, "30_day_warn_count": 0, "daily_sd": -1.6896800251410309, "threshold_error": 98.815490845367165}, "mumps": {"sample_sd": 1.7026123718829513, "sample_mean": 0.96666666666666667, "daily_article_count": 2, "30_day_error_count": 4, "threshold_warn": 4.3718914104325695, "30_day_warn_count": 10, "daily_sd": 0.60691050435076443, "threshold_error": 6.0745037823155208}}