{"hemmo": {"sample_sd": 0.0, "sample_mean": 0.0, "daily_article_count": 0, "30_day_error_count": 3, "threshold_warn": 0.0, "30_day_warn_count": 0, "daily_sd": 0, "threshold_error": 0.0}, "mersc": {"sample_sd": 2.6350205565295566, "sample_mean": 2.7000000000000002, "daily_article_count": 0, "30_day_error_count": 0, "threshold_warn": 7.9700411130591133, "30_day_warn_count": 0, "daily_sd": -1.0246599379687666, "threshold_error": 10.60506166958867}, "influ": {"sample_sd": 7.6198570998557598, "sample_mean": 11.933333333333334, "daily_article_count": 9, "30_day_error_count": 1, "threshold_warn": 27.173047533044851, "30_day_warn_count": 0, "daily_sd": -0.38495910026827934, "threshold_error": 34.792904632900616}, "pertu": {"sample_sd": 1.106044001535804, "sample_mean": 1.1000000000000001, "daily_article_count": 0, "30_day_error_count": 2, "threshold_warn": 3.312088003071608, "30_day_warn_count": 0, "daily_sd": -0.99453547822020516, "threshold_error": 4.4181320046074113}, "moldf": {"sample_sd": 0.80346471954626342, "sample_mean": 0.43333333333333335, "daily_article_count": 0, "30_day_error_count": 1, "threshold_warn": 2.0402627724258604, "30_day_warn_count": 0, "daily_sd": -0.53933087886926445, "threshold_error": 2.8437274919721238}, "chole": {"sample_sd": 3.6642416223096785, "sample_mean": 5.2000000000000002, "daily_article_count": 1, "30_day_error_count": 0, "threshold_warn": 12.528483244619357, "30_day_warn_count": 0, "daily_sd": -1.1462126226688669, "threshold_error": 16.192724866929037}, "hepat": {"sample_sd": 1.8562207723101138, "sample_mean": 2.2333333333333334, "daily_article_count": 1, "30_day_error_count": 2, "threshold_warn": 5.9457748779535606, "30_day_warn_count": 0, "daily_sd": -0.66443245961439101, "threshold_error": 7.8019956502636747}, "chiku": {"sample_sd": 1.642829537380214, "sample_mean": 1.6333333333333333, "daily_article_count": 1, "30_day_error_count": 0, "threshold_warn": 4.9189924080937608, "30_day_warn_count": 0, "daily_sd": -0.38551372429259873, "threshold_error": 6.5618219454739748}, "yello": {"sample_sd": 0.33993463423951903, "sample_mean": 0.13333333333333333, "daily_article_count": 0, "30_day_error_count": 2, "threshold_warn": 0.81320260181237136, "30_day_warn_count": 0, "daily_sd": -0.39223227027636803, "threshold_error": 1.1531372360518903}, "menin": {"sample_sd": 1.9032136564826929, "sample_mean": 2.3333333333333335, "daily_article_count": 2, "30_day_error_count": 3, "threshold_warn": 6.1397606462987193, "30_day_warn_count": 0, "daily_sd": -0.17514236102601477, "threshold_error": 8.0429743027814116}, "plagu": {"sample_sd": 0.24944382578492943, "sample_mean": 0.066666666666666666, "daily_article_count": 0, "30_day_error_count": 5, "threshold_warn": 0.56555431823652558, "30_day_warn_count": 0, "daily_sd": -0.2672612419124244, "threshold_error": 0.81499814402145498}, "westn": {"sample_sd": 0.7187952884282609, "sample_mean": 0.5, "daily_article_count": 0, "30_day_error_count": 4, "threshold_warn": 1.9375905768565218, "30_day_warn_count": 4, "daily_sd": -0.69560834364025237, "threshold_error": 2.6563858652847827}, "swine": {"sample_sd": 17.786043217459397, "sample_mean": 27.699999999999999, "daily_article_count": 0, "30_day_error_count": 0, "threshold_warn": 63.272086434918791, "30_day_warn_count": 0, "daily_sd": -1.5574009160625855, "threshold_error": 81.058129652378199}, "measl": {"sample_sd": 10.363182694305623, "sample_mean": 16.933333333333334, "daily_article_count": 4, "30_day_error_count": 0, "threshold_warn": 37.659698721944579, "30_day_warn_count": 0, "daily_sd": -1.2480078480561729, "threshold_error": 48.0228814162502}, "dengu": {"sample_sd": 3.4441576941571972, "sample_mean": 4.2666666666666666, "daily_article_count": 0, "30_day_error_count": 0, "threshold_warn": 11.154982054981062, "30_day_warn_count": 0, "daily_sd": -1.2388128086889882, "threshold_error": 14.599139749138256}, "ebola": {"sample_sd": 40.533059209599372, "sample_mean": 80.266666666666666, "daily_article_count": 11, "30_day_error_count": 0, "threshold_warn": 161.3327850858654, "30_day_warn_count": 0, "daily_sd": -1.7088931360567614, "threshold_error": 201.8658442954648}, "unkno": {"sample_sd": 27.713634831172104, "sample_mean": 52.56666666666667, "daily_article_count": 38, "30_day_error_count": 0, "threshold_warn": 107.99393632901088, "30_day_warn_count": 0, "daily_sd": -0.52561371885733965, "threshold_error": 135.70757116018299}, "mumps": {"sample_sd": 0.29999999999999999, "sample_mean": 0.10000000000000001, "daily_article_count": 0, "30_day_error_count": 3, "threshold_warn": 0.69999999999999996, "30_day_warn_count": 0, "daily_sd": -0.33333333333333337, "threshold_error": 0.99999999999999989}}