{"hemmo": {"sample_sd": 0.37267799624996495, "sample_mean": 0.16666666666676666, "daily_article_count": 0, "30_day_error_count": 0, "threshold_warn": 0.91202265916669656, "30_day_warn_count": 0, "daily_sd": -0.44721359550022627, "threshold_error": 1.2847006554166616}, "mersc": {"sample_sd": 1.590248058916875, "sample_mean": 1.2666666666667665, "daily_article_count": 1, "30_day_error_count": 15, "threshold_warn": 4.4471627845005166, "30_day_warn_count": 13, "daily_sd": -0.16768872326019021, "threshold_error": 6.0374108434173923}, "influ": {"sample_sd": 9.4495149787347987, "sample_mean": 16.8000000000001, "daily_article_count": 25, "30_day_error_count": 0, "threshold_warn": 35.699029957469698, "30_day_warn_count": 0, "daily_sd": 0.86776940599101549, "threshold_error": 45.148544936204502}, "pertu": {"sample_sd": 1.5933891203622828, "sample_mean": 1.8333333333334332, "daily_article_count": 1, "30_day_error_count": 0, "threshold_warn": 5.0201115740579985, "30_day_warn_count": 0, "daily_sd": -0.52299424081919266, "threshold_error": 6.6135006944202814}, "moldf": {"sample_sd": 0.45825756949558394, "sample_mean": 0.30000000000009996, "daily_article_count": 0, "30_day_error_count": 6, "threshold_warn": 1.2165151389912678, "30_day_warn_count": 2, "daily_sd": -0.65465367070819536, "threshold_error": 1.6747727084868518}, "chole": {"sample_sd": 4.1761226035642203, "sample_mean": 4.4000000000001007, "daily_article_count": 6, "30_day_error_count": 0, "threshold_warn": 12.752245207128542, "30_day_warn_count": 0, "daily_sd": 0.3831305140884364, "threshold_error": 16.928367810692762}, "hepat": {"sample_sd": 1.6519348924485153, "sample_mean": 1.9333333333334333, "daily_article_count": 3, "30_day_error_count": 9, "threshold_warn": 5.2372031182304637, "30_day_warn_count": 11, "daily_sd": 0.64570744981694894, "threshold_error": 6.8891380106789786}, "chiku": {"sample_sd": 2.6423894910141885, "sample_mean": 2.5333333333334331, "daily_article_count": 3, "30_day_error_count": 0, "threshold_warn": 7.8181123153618106, "30_day_warn_count": 0, "daily_sd": 0.17660782721606014, "threshold_error": 10.460501806375998}, "yello": {"sample_sd": 0.59628479399994383, "sample_mean": 0.33333333333343329, "daily_article_count": 0, "30_day_error_count": 0, "threshold_warn": 1.5259029213333211, "30_day_warn_count": 0, "daily_sd": -0.55901699437511509, "threshold_error": 2.1221877153332649}, "menin": {"sample_sd": 2.4857370916669543, "sample_mean": 3.7666666666667665, "daily_article_count": 5, "30_day_error_count": 1, "threshold_warn": 8.7381408500006756, "30_day_warn_count": 0, "daily_sd": 0.49616403016545513, "threshold_error": 11.223877941667629}, "plagu": {"sample_sd": 0.73711147958319934, "sample_mean": 0.30000000000009996, "daily_article_count": 0, "30_day_error_count": 0, "threshold_warn": 1.7742229591664986, "30_day_warn_count": 0, "daily_sd": -0.40699406848165676, "threshold_error": 2.5113344387496976}, "westn": {"sample_sd": 0.42687494916218993, "sample_mean": 0.13333333333343333, "daily_article_count": 0, "30_day_error_count": 3, "threshold_warn": 0.9870832316578132, "30_day_warn_count": 0, "daily_sd": -0.3123475237774464, "threshold_error": 1.413958180820003}, "swine": {"sample_sd": 9.8249116478922556, "sample_mean": 17.733333333333434, "daily_article_count": 42, "30_day_error_count": 11, "threshold_warn": 37.383156629117948, "30_day_warn_count": 23, "daily_sd": 2.4699119479484084, "threshold_error": 47.208068277010199}, "measl": {"sample_sd": 59.621221054252153, "sample_mean": 75.100000000000094, "daily_article_count": 26, "30_day_error_count": 0, "threshold_warn": 194.3424421085044, "30_day_warn_count": 0, "daily_sd": -0.82353227813502339, "threshold_error": 253.96366316275657}, "dengu": {"sample_sd": 2.5344295873693818, "sample_mean": 3.9000000000000998, "daily_article_count": 4, "30_day_error_count": 0, "threshold_warn": 8.9688591747388635, "30_day_warn_count": 0, "daily_sd": 0.039456610078363014, "threshold_error": 11.503288762108244}, "ebola": {"sample_sd": 35.47651805537479, "sample_mean": 86.500000000000099, "daily_article_count": 82, "30_day_error_count": 0, "threshold_warn": 157.45303611074968, "30_day_warn_count": 0, "daily_sd": -0.12684446633054894, "threshold_error": 192.92955416612449}, "unkno": {"sample_sd": 21.487567464828484, "sample_mean": 59.466666666666768, "daily_article_count": 63, "30_day_error_count": 1, "threshold_warn": 102.44180159632373, "30_day_warn_count": 0, "daily_sd": 0.16443617171262878, "threshold_error": 123.92936906115222}, "mumps": {"sample_sd": 0.67082039324993692, "sample_mean": 0.50000000000010003, "daily_article_count": 0, "30_day_error_count": 0, "threshold_warn": 1.841640786499974, "30_day_warn_count": 0, "daily_sd": -0.745355992500079, "threshold_error": 2.5124611797499106}}