{"hemmo": {"sample_sd": 0.49553562491061681, "sample_mean": 0.23333333333343334, "daily_article_count": 0, "30_day_error_count": 0, "threshold_warn": 1.224404583154667, "30_day_warn_count": 0, "daily_sd": -0.47087095579762056, "threshold_error": 1.7199402080652837}, "mersc": {"sample_sd": 0.93392838174145998, "sample_mean": 0.8333333333334334, "daily_article_count": 5, "30_day_error_count": 12, "threshold_warn": 2.7011900968163536, "30_day_warn_count": 7, "daily_sd": 4.4614413140514531, "threshold_error": 3.6351184785578132}, "influ": {"sample_sd": 14.222243923594554, "sample_mean": 24.166666666666767, "daily_article_count": 5, "30_day_error_count": 0, "threshold_warn": 52.61115451385588, "30_day_warn_count": 0, "daily_sd": -1.347654193644469, "threshold_error": 66.833398437450427}, "pertu": {"sample_sd": 0.66749947981669289, "sample_mean": 0.56666666666676668, "daily_article_count": 3, "30_day_error_count": 13, "threshold_warn": 1.9016656263001526, "30_day_warn_count": 11, "daily_sd": 3.6454460369039827, "threshold_error": 2.5691651061168455}, "moldf": {"sample_sd": 0.71802197428460057, "sample_mean": 0.46666666666676665, "daily_article_count": 1, "30_day_error_count": 0, "threshold_warn": 1.9027106152359679, "30_day_warn_count": 0, "daily_sd": 0.74278135270806811, "threshold_error": 2.6207325895205682}, "chole": {"sample_sd": 4.9982219060604161, "sample_mean": 3.4666666666667667, "daily_article_count": 9, "30_day_error_count": 0, "threshold_warn": 13.463110478787598, "30_day_warn_count": 0, "daily_sd": 1.1070603581293554, "threshold_error": 18.461332384848017}, "hepat": {"sample_sd": 1.4236104336041748, "sample_mean": 1.2000000000000999, "daily_article_count": 28, "30_day_error_count": 6, "threshold_warn": 4.0472208672084493, "30_day_warn_count": 2, "daily_sd": 18.825374812791978, "threshold_error": 5.4708313008126241}, "chiku": {"sample_sd": 1.4548768561863463, "sample_mean": 1.5000000000000999, "daily_article_count": 0, "30_day_error_count": 3, "threshold_warn": 4.4097537123727921, "30_day_warn_count": 0, "daily_sd": -1.0310150949352748, "threshold_error": 5.8646305685591393}, "yello": {"sample_sd": 0.30000000000000004, "sample_mean": 0.10000000000010001, "daily_article_count": 1, "30_day_error_count": 2, "threshold_warn": 0.7000000000001001, "30_day_warn_count": 0, "daily_sd": 2.999999999999666, "threshold_error": 1.0000000000001001}, "menin": {"sample_sd": 5.0106553130969465, "sample_mean": 3.4000000000000998, "daily_article_count": 1, "30_day_error_count": 0, "threshold_warn": 13.421310626193993, "30_day_warn_count": 0, "daily_sd": -0.47897926519250567, "threshold_error": 18.43196593929094}, "plagu": {"sample_sd": 0.0, "sample_mean": 1e-13, "daily_article_count": 0, "30_day_error_count": 6, "threshold_warn": 1e-13, "30_day_warn_count": 0, "daily_sd": -Infinity, "threshold_error": 1e-13}, "westn": {"sample_sd": 0.40000000000000008, "sample_mean": 0.20000000000010001, "daily_article_count": 2, "30_day_error_count": 2, "threshold_warn": 1.0000000000001001, "30_day_warn_count": 0, "daily_sd": 4.4999999999997486, "threshold_error": 1.4000000000001003}, "swine": {"sample_sd": 4.0040257519429394, "sample_mean": 5.6333333333334341, "daily_article_count": 35, "30_day_error_count": 22, "threshold_warn": 13.641384837219313, "30_day_warn_count": 23, "daily_sd": 7.3342851634799038, "threshold_error": 17.645410589162253}, "measl": {"sample_sd": 10.292176100751915, "sample_mean": 8.733333333333432, "daily_article_count": 61, "30_day_error_count": 24, "threshold_warn": 29.31768553483726, "30_day_warn_count": 24, "daily_sd": 5.0782911363951619, "threshold_error": 39.609861635589176}, "dengu": {"sample_sd": 1.8562207723101136, "sample_mean": 2.2333333333334333, "daily_article_count": 7, "30_day_error_count": 2, "threshold_warn": 5.9457748779536601, "30_day_warn_count": 0, "daily_sd": 2.567941668239349, "threshold_error": 7.8019956502637751}, "ebola": {"sample_sd": 62.042324263360733, "sample_mean": 114.5000000000001, "daily_article_count": 110, "30_day_error_count": 0, "threshold_warn": 238.58464852672157, "30_day_warn_count": 0, "daily_sd": -0.072531131827012915, "threshold_error": 300.62697279008228}, "unkno": {"sample_sd": 22.605309110914629, "sample_mean": 54.000000000000099, "daily_article_count": 58, "30_day_error_count": 0, "threshold_warn": 99.21061822182935, "30_day_warn_count": 0, "daily_sd": 0.17694958208151915, "threshold_error": 121.81592733274398}, "mumps": {"sample_sd": 0.62893207547044028, "sample_mean": 0.26666666666676664, "daily_article_count": 0, "30_day_error_count": 0, "threshold_warn": 1.5245308176076473, "30_day_warn_count": 0, "daily_sd": -0.42399915200270294, "threshold_error": 2.1534628930780872}}