{"hemmo": {"sample_sd": 0.84590516936330129, "sample_mean": 0.53333333333333333, "daily_article_count": 0, "30_day_error_count": 0, "threshold_warn": 2.2251436720599358, "30_day_warn_count": 0, "daily_sd": -0.6304883249912806, "threshold_error": 3.0710488414232371}, "mersc": {"sample_sd": 1.0546194679704251, "sample_mean": 0.76666666666666672, "daily_article_count": 1, "30_day_error_count": 10, "threshold_warn": 2.8759056026075167, "30_day_warn_count": 1, "daily_sd": 0.22124883943435483, "threshold_error": 3.930525070577942}, "influ": {"sample_sd": 1.9405039437103846, "sample_mean": 3.0333333333333332, "daily_article_count": 7, "30_day_error_count": 11, "threshold_warn": 6.9143412207541024, "30_day_warn_count": 4, "daily_sd": 2.0441425432416858, "threshold_error": 8.8548451644644874}, "pertu": {"sample_sd": 2.1346350195447155, "sample_mean": 2.1000000000000001, "daily_article_count": 0, "30_day_error_count": 0, "threshold_warn": 6.3692700390894306, "30_day_warn_count": 0, "daily_sd": -0.98377473468410426, "threshold_error": 8.503905058634146}, "moldf": {"sample_sd": 0.37267799624996495, "sample_mean": 0.16666666666666666, "daily_article_count": 1, "30_day_error_count": 0, "threshold_warn": 0.91202265916659653, "30_day_warn_count": 0, "daily_sd": 2.2360679774997898, "threshold_error": 1.2847006554165616}, "chole": {"sample_sd": 6.0969937947592934, "sample_mean": 7.4000000000000004, "daily_article_count": 3, "30_day_error_count": 0, "threshold_warn": 19.593987589518587, "30_day_warn_count": 0, "daily_sd": -0.72166712778714748, "threshold_error": 25.690981384277883}, "hepat": {"sample_sd": 1.2512216252748976, "sample_mean": 1.6333333333333333, "daily_article_count": 1, "30_day_error_count": 1, "threshold_warn": 4.1357765838831284, "30_day_warn_count": 0, "daily_sd": -0.50617198467472768, "threshold_error": 5.3869982091580262}, "chiku": {"sample_sd": 3.289883483245772, "sample_mean": 4.0999999999999996, "daily_article_count": 10, "30_day_error_count": 0, "threshold_warn": 10.679766966491544, "30_day_warn_count": 0, "daily_sd": 1.7933765831059492, "threshold_error": 13.969650449737316}, "yello": {"sample_sd": 0.65743609744386733, "sample_mean": 0.36666666666666664, "daily_article_count": 0, "30_day_error_count": 0, "threshold_warn": 1.6815388615544014, "30_day_warn_count": 0, "daily_sd": -0.55772213921973313, "threshold_error": 2.3389749589982687}, "menin": {"sample_sd": 1.4761059883656353, "sample_mean": 1.7666666666666666, "daily_article_count": 1, "30_day_error_count": 5, "threshold_warn": 4.7188786433979377, "30_day_warn_count": 7, "daily_sd": -0.51938456500371655, "threshold_error": 6.1949846317635728}, "plagu": {"sample_sd": 0.47609522856952335, "sample_mean": 0.20000000000000001, "daily_article_count": 0, "30_day_error_count": 0, "threshold_warn": 1.1521904571390467, "30_day_warn_count": 0, "daily_sd": -0.42008402520840293, "threshold_error": 1.6282856857085701}, "westn": {"sample_sd": 2.404856198057034, "sample_mean": 5.5, "daily_article_count": 0, "30_day_error_count": 0, "threshold_warn": 10.309712396114069, "30_day_warn_count": 0, "daily_sd": -2.2870390356161998, "threshold_error": 12.714568594171102}, "swine": {"sample_sd": 0.9480975102218594, "sample_mean": 0.6333333333333333, "daily_article_count": 0, "30_day_error_count": 1, "threshold_warn": 2.5295283537770521, "30_day_warn_count": 0, "daily_sd": -0.66800442623789846, "threshold_error": 3.4776258639989117}, "measl": {"sample_sd": 1.6532795690182993, "sample_mean": 2.0, "daily_article_count": 0, "30_day_error_count": 4, "threshold_warn": 5.3065591380365991, "30_day_warn_count": 0, "daily_sd": -1.2097167578182677, "threshold_error": 6.9598387070548977}, "dengu": {"sample_sd": 2.9561611743761347, "sample_mean": 3.8333333333333335, "daily_article_count": 7, "30_day_error_count": 4, "threshold_warn": 9.7456556820856033, "30_day_warn_count": 17, "daily_sd": 1.0712090714522549, "threshold_error": 12.701816856461738}, "ebola": {"sample_sd": 136.32668687955251, "sample_mean": 446.03333333333336, "daily_article_count": 140, "30_day_error_count": 0, "threshold_warn": 718.68670709243838, "30_day_warn_count": 0, "daily_sd": -2.2448527162089711, "threshold_error": 855.01339397199081}, "unkno": {"sample_sd": 69.393531558944474, "sample_mean": 64.266666666666666, "daily_article_count": 39, "30_day_error_count": 0, "threshold_warn": 203.05372978455563, "30_day_warn_count": 0, "daily_sd": -0.3641069433857041, "threshold_error": 272.44726134350009}, "mumps": {"sample_sd": 0.87496031656044582, "sample_mean": 0.36666666666666664, "daily_article_count": 0, "30_day_error_count": 0, "threshold_warn": 2.1165872997875583, "30_day_warn_count": 0, "daily_sd": -0.41906662476770262, "threshold_error": 2.9915476163480039}}