{"hemmo": {"sample_sd": 0.42295258468165059, "sample_mean": 0.23333333333343334, "daily_article_count": 0, "30_day_error_count": 1, "threshold_warn": 1.0792385026967346, "30_day_warn_count": 0, "daily_sd": -0.55167728436760699, "threshold_error": 1.502191087378385}, "mersc": {"sample_sd": 3.3334999958335416, "sample_mean": 3.5666666666667668, "daily_article_count": 1, "30_day_error_count": 0, "threshold_warn": 10.233666658333849, "30_day_warn_count": 0, "daily_sd": -0.76996150288728948, "threshold_error": 13.567166654167391}, "influ": {"sample_sd": 9.050537123409983, "sample_mean": 16.766666666666765, "daily_article_count": 18, "30_day_error_count": 0, "threshold_warn": 34.867740913486728, "30_day_warn_count": 0, "daily_sd": 0.13627183851255784, "threshold_error": 43.918278036896716}, "pertu": {"sample_sd": 1.1298967504452195, "sample_mean": 1.3000000000001, "daily_article_count": 3, "30_day_error_count": 0, "threshold_warn": 3.5597935008905388, "30_day_warn_count": 0, "daily_sd": 1.5045622525509872, "threshold_error": 4.689690251335759}, "moldf": {"sample_sd": 1.3337499349161701, "sample_mean": 1.4333333333334333, "daily_article_count": 0, "30_day_error_count": 0, "threshold_warn": 4.1008332031657737, "30_day_warn_count": 0, "daily_sd": -1.0746642198888072, "threshold_error": 5.4345831380819432}, "chole": {"sample_sd": 2.5612496949731396, "sample_mean": 4.8000000000001002, "daily_article_count": 7, "30_day_error_count": 4, "threshold_warn": 9.9224993899463794, "30_day_warn_count": 1, "daily_sd": 0.85895569038729425, "threshold_error": 12.48374908491952}, "hepat": {"sample_sd": 6.6529859628757837, "sample_mean": 5.7333333333334338, "daily_article_count": 7, "30_day_error_count": 0, "threshold_warn": 19.039305259085001, "30_day_warn_count": 0, "daily_sd": 0.19039070181940437, "threshold_error": 25.692291221960787}, "chiku": {"sample_sd": 0.91954094827558153, "sample_mean": 0.56666666666676668, "daily_article_count": 2, "30_day_error_count": 0, "threshold_warn": 2.4057485632179296, "30_day_warn_count": 0, "daily_sd": 1.5587487822278805, "threshold_error": 3.3252895114935113}, "yello": {"sample_sd": 0.30000000000000004, "sample_mean": 0.10000000000010001, "daily_article_count": 0, "30_day_error_count": 2, "threshold_warn": 0.7000000000001001, "30_day_warn_count": 0, "daily_sd": -0.33333333333366666, "threshold_error": 1.0000000000001001}, "menin": {"sample_sd": 2.504440500834912, "sample_mean": 4.1666666666667673, "daily_article_count": 7, "30_day_error_count": 1, "threshold_warn": 9.1755476683365913, "30_day_warn_count": 0, "daily_sd": 1.1313238754878292, "threshold_error": 11.679988169171503}, "plagu": {"sample_sd": 2.9295430056959768, "sample_mean": 0.86666666666676673, "daily_article_count": 0, "30_day_error_count": 1, "threshold_warn": 6.7257526780587202, "30_day_warn_count": 2, "daily_sd": -0.29583681310760318, "threshold_error": 9.6552956837546979}, "westn": {"sample_sd": 2.3228335186912461, "sample_mean": 3.7333333333334333, "daily_article_count": 0, "30_day_error_count": 0, "threshold_warn": 8.3790003707159251, "30_day_warn_count": 0, "daily_sd": -1.6072324182048592, "threshold_error": 10.701833889407173}, "swine": {"sample_sd": 3.3226495451672302, "sample_mean": 3.6000000000001, "daily_article_count": 4, "30_day_error_count": 0, "threshold_warn": 10.24529909033456, "30_day_warn_count": 0, "daily_sd": 0.1203858530857391, "threshold_error": 13.567948635501789}, "measl": {"sample_sd": 3.600771522265132, "sample_mean": 4.3666666666667666, "daily_article_count": 4, "30_day_error_count": 0, "threshold_warn": 11.568209711197031, "30_day_warn_count": 0, "daily_sd": -0.10183002848125952, "threshold_error": 15.168981233462162}, "dengu": {"sample_sd": 23.229196188322046, "sample_mean": 31.733333333333434, "daily_article_count": 22, "30_day_error_count": 0, "threshold_warn": 78.191725709977533, "30_day_warn_count": 0, "daily_sd": -0.41901292039655885, "threshold_error": 101.42092189829957}, "ebola": {"sample_sd": 18.821500707671767, "sample_mean": 30.133333333333432, "daily_article_count": 64, "30_day_error_count": 2, "threshold_warn": 67.776334748676959, "30_day_warn_count": 1, "daily_sd": 1.7993605925834752, "threshold_error": 86.597835456348733}, "unkno": {"sample_sd": 20.176554050018883, "sample_mean": 51.200000000000102, "daily_article_count": 72, "30_day_error_count": 0, "threshold_warn": 91.553108100037861, "30_day_warn_count": 0, "daily_sd": 1.0308995256789368, "threshold_error": 111.72966215005675}, "mumps": {"sample_sd": 1.0645812948447542, "sample_mean": 1.0000000000000999, "daily_article_count": 1, "30_day_error_count": 1, "threshold_warn": 3.1291625896896083, "30_day_warn_count": 0, "daily_sd": -9.385856458321038e-14, "threshold_error": 4.1937438845343618}}