{"hemmo": {"sample_sd": 0.17950549357115009, "sample_mean": 0.033333333333433336, "daily_article_count": 0, "30_day_error_count": 3, "threshold_warn": 0.39234432047573353, "30_day_warn_count": 0, "daily_sd": -0.18569533817760903, "threshold_error": 0.57184981404688362}, "mersc": {"sample_sd": 15.968580261111367, "sample_mean": 19.733333333333434, "daily_article_count": 2, "30_day_error_count": 0, "threshold_warn": 51.670493855556167, "30_day_warn_count": 0, "daily_sd": -1.1105140872491845, "threshold_error": 67.63907411666753}, "influ": {"sample_sd": 2.2469732728470291, "sample_mean": 2.4666666666667667, "daily_article_count": 15, "30_day_error_count": 2, "threshold_warn": 6.9606132123608244, "30_day_warn_count": 0, "daily_sd": 5.577873793511066, "threshold_error": 9.2075864852078535}, "pertu": {"sample_sd": 1.0754843869934454, "sample_mean": 1.1000000000001, "daily_article_count": 0, "30_day_error_count": 7, "threshold_warn": 3.2509687739869908, "30_day_warn_count": 0, "daily_sd": -1.0227949501667699, "threshold_error": 4.326453160980436}, "moldf": {"sample_sd": 0.71180521680208741, "sample_mean": 0.4000000000001, "daily_article_count": 0, "30_day_error_count": 0, "threshold_warn": 1.8236104336042749, "30_day_warn_count": 0, "daily_sd": -0.56195148694915686, "threshold_error": 2.5354156504063621}, "chole": {"sample_sd": 4.4081994308586152, "sample_mean": 6.9666666666667671, "daily_article_count": 2, "30_day_error_count": 0, "threshold_warn": 15.783065528383997, "30_day_warn_count": 0, "daily_sd": -1.1266882872627602, "threshold_error": 20.191264959242613}, "hepat": {"sample_sd": 3.9614812044654881, "sample_mean": 3.2000000000001001, "daily_article_count": 0, "30_day_error_count": 0, "threshold_warn": 11.122962408931077, "30_day_warn_count": 0, "daily_sd": -0.80777866531159459, "threshold_error": 15.084443613396564}, "chiku": {"sample_sd": 4.439219150556398, "sample_mean": 5.4000000000001007, "daily_article_count": 4, "30_day_error_count": 5, "threshold_warn": 14.278438301112896, "30_day_warn_count": 2, "daily_sd": -0.31537077862547719, "threshold_error": 18.717657451669297}, "yello": {"sample_sd": 0.54160256030906406, "sample_mean": 0.20000000000010001, "daily_article_count": 0, "30_day_error_count": 2, "threshold_warn": 1.2832051206182282, "30_day_warn_count": 0, "daily_sd": -0.36927447293818283, "threshold_error": 1.8248076809272922}, "menin": {"sample_sd": 1.0482790129010926, "sample_mean": 1.0333333333334334, "daily_article_count": 1, "30_day_error_count": 3, "threshold_warn": 3.1298913591356188, "30_day_warn_count": 0, "daily_sd": -0.031798150037540079, "threshold_error": 4.1781703720367114}, "plagu": {"sample_sd": 0.0, "sample_mean": 1e-13, "daily_article_count": 0, "30_day_error_count": 2, "threshold_warn": 1e-13, "30_day_warn_count": 0, "daily_sd": -Infinity, "threshold_error": 1e-13}, "westn": {"sample_sd": 1.2995725793078619, "sample_mean": 1.6666666666667667, "daily_article_count": 3, "30_day_error_count": 6, "threshold_warn": 4.2658118252824906, "30_day_warn_count": 14, "daily_sd": 1.0259783520850771, "threshold_error": 5.5653844045903522}, "swine": {"sample_sd": 1.6947631758514878, "sample_mean": 0.8333333333334334, "daily_article_count": 0, "30_day_error_count": 2, "threshold_warn": 4.2228596850364095, "30_day_warn_count": 6, "daily_sd": -0.49171078603047158, "threshold_error": 5.9176228608878967}, "measl": {"sample_sd": 10.033554814831195, "sample_mean": 9.1666666666667656, "daily_article_count": 2, "30_day_error_count": 0, "threshold_warn": 29.233776296329154, "30_day_warn_count": 0, "daily_sd": -0.71426994708528313, "threshold_error": 39.267331111160352}, "dengu": {"sample_sd": 2.5449295995501853, "sample_mean": 2.7000000000001001, "daily_article_count": 7, "30_day_error_count": 4, "threshold_warn": 7.7898591991004711, "30_day_warn_count": 5, "daily_sd": 1.6896341654244273, "threshold_error": 10.334788798650656}, "ebola": {"sample_sd": 6.4827977499430496, "sample_mean": 7.8000000000001002, "daily_article_count": 25, "30_day_error_count": 12, "threshold_warn": 20.765595499886199, "30_day_warn_count": 20, "daily_sd": 2.6531754750718544, "threshold_error": 27.248393249829249}, "unkno": {"sample_sd": 27.412507283274099, "sample_mean": 60.433333333333429, "daily_article_count": 63, "30_day_error_count": 1, "threshold_warn": 115.25834789988163, "30_day_warn_count": 0, "daily_sd": 0.093631226072947993, "threshold_error": 142.67085518315574}, "mumps": {"sample_sd": 0.61101009266077866, "sample_mean": 0.4000000000001, "daily_article_count": 0, "30_day_error_count": 0, "threshold_warn": 1.6220201853216574, "30_day_warn_count": 0, "daily_sd": -0.65465367070814084, "threshold_error": 2.233030277982436}}