{"hemmo": {"sample_sd": 0.76084748070088848, "sample_mean": 0.43333333333343332, "daily_article_count": 0, "30_day_error_count": 7, "threshold_warn": 1.9550282947352102, "30_day_warn_count": 1, "daily_sd": -0.56954034063995196, "threshold_error": 2.7158757754360989}, "mersc": {"sample_sd": 4.1243181254602561, "sample_mean": 3.3000000000000997, "daily_article_count": 1, "30_day_error_count": 0, "threshold_warn": 11.548636250920612, "30_day_warn_count": 0, "daily_sd": -0.55766794171422696, "threshold_error": 15.672954376380869}, "influ": {"sample_sd": 5.0684207489995234, "sample_mean": 9.6666666666667656, "daily_article_count": 6, "30_day_error_count": 0, "threshold_warn": 19.803508164665814, "30_day_warn_count": 0, "daily_sd": -0.72343375742642202, "threshold_error": 24.871928913665336}, "pertu": {"sample_sd": 1.1469767022723503, "sample_mean": 1.1333333333334332, "daily_article_count": 1, "30_day_error_count": 0, "threshold_warn": 3.4272867378781338, "30_day_warn_count": 0, "daily_sd": -0.11624763874390637, "threshold_error": 4.5742634401504843}, "moldf": {"sample_sd": 0.29999999999999999, "sample_mean": 0.10000000000010001, "daily_article_count": 0, "30_day_error_count": 2, "threshold_warn": 0.70000000000009999, "30_day_warn_count": 0, "daily_sd": -0.33333333333366671, "threshold_error": 1.0000000000000999}, "chole": {"sample_sd": 3.5345909711497501, "sample_mean": 4.8000000000001002, "daily_article_count": 1, "30_day_error_count": 0, "threshold_warn": 11.869181942299601, "30_day_warn_count": 0, "daily_sd": -1.0750890360487784, "threshold_error": 15.40377291344935}, "hepat": {"sample_sd": 1.6653327995729061, "sample_mean": 1.6000000000001, "daily_article_count": 2, "30_day_error_count": 0, "threshold_warn": 4.9306655991459127, "30_day_warn_count": 0, "daily_sd": 0.24019223070757065, "threshold_error": 6.5959983987188187}, "chiku": {"sample_sd": 2.6164012604253872, "sample_mean": 4.766666666666767, "daily_article_count": 0, "30_day_error_count": 0, "threshold_warn": 9.9994691875175405, "30_day_warn_count": 0, "daily_sd": -1.821840838699099, "threshold_error": 12.615870447942928}, "yello": {"sample_sd": 0.0, "sample_mean": 1e-13, "daily_article_count": 0, "30_day_error_count": 8, "threshold_warn": 1e-13, "30_day_warn_count": 0, "daily_sd": -Infinity, "threshold_error": 1e-13}, "menin": {"sample_sd": 3.0543229837214154, "sample_mean": 3.7333333333334333, "daily_article_count": 3, "30_day_error_count": 2, "threshold_warn": 9.8419793007762646, "30_day_warn_count": 4, "daily_sd": -0.2400968519838505, "threshold_error": 12.896302284497679}, "plagu": {"sample_sd": 0.17950549357115012, "sample_mean": 0.033333333333433336, "daily_article_count": 1, "30_day_error_count": 4, "threshold_warn": 0.39234432047573359, "30_day_warn_count": 0, "daily_sd": 5.3851648071339477, "threshold_error": 0.57184981404688373}, "westn": {"sample_sd": 2.844097201026873, "sample_mean": 3.6666666666667664, "daily_article_count": 1, "30_day_error_count": 0, "threshold_warn": 9.3548610687205134, "30_day_warn_count": 0, "daily_sd": -0.93761446187702568, "threshold_error": 12.198958269747386}, "swine": {"sample_sd": 1.0327955589886444, "sample_mean": 1.0000000000000999, "daily_article_count": 1, "30_day_error_count": 1, "threshold_warn": 3.0655911179773887, "30_day_warn_count": 0, "daily_sd": -9.6747193911358317e-14, "threshold_error": 4.0983866769660331}, "measl": {"sample_sd": 2.7367864366808017, "sample_mean": 3.1000000000001, "daily_article_count": 1, "30_day_error_count": 0, "threshold_warn": 8.5735728733617034, "30_day_warn_count": 0, "daily_sd": -0.76732330000399962, "threshold_error": 11.310359310042504}, "dengu": {"sample_sd": 3.4189017079888222, "sample_mean": 8.3333333333334334, "daily_article_count": 5, "30_day_error_count": 1, "threshold_warn": 15.171136749311078, "30_day_warn_count": 0, "daily_sd": -0.97497196995881918, "threshold_error": 18.590038457299897}, "ebola": {"sample_sd": 203.83950385863218, "sample_mean": 353.7000000000001, "daily_article_count": 298, "30_day_error_count": 17, "threshold_warn": 761.37900771726447, "30_day_warn_count": 23, "daily_sd": -0.27325419727585998, "threshold_error": 965.21851157589663}, "unkno": {"sample_sd": 48.897670928401304, "sample_mean": 93.86666666666676, "daily_article_count": 30, "30_day_error_count": 0, "threshold_warn": 191.66200852346935, "30_day_warn_count": 0, "daily_sd": -1.3061290129786323, "threshold_error": 240.55967945187066}, "mumps": {"sample_sd": 0.24944382578492943, "sample_mean": 0.066666666666766669, "daily_article_count": 1, "30_day_error_count": 4, "threshold_warn": 0.5655543182366255, "30_day_warn_count": 0, "daily_sd": 3.7416573867735403, "threshold_error": 0.81499814402155502}}