{"hemmo": {"sample_sd": 0.29999999999999999, "sample_mean": 0.10000000000010001, "daily_article_count": 1, "30_day_error_count": 0, "threshold_warn": 0.70000000000009999, "30_day_warn_count": 0, "daily_sd": 2.9999999999996669, "threshold_error": 1.0000000000000999}, "mersc": {"sample_sd": 6.8767724987816772, "sample_mean": 4.1000000000001, "daily_article_count": 3, "30_day_error_count": 0, "threshold_warn": 17.853544997563453, "30_day_warn_count": 0, "daily_sd": -0.15995875975175586, "threshold_error": 24.730317496345133}, "influ": {"sample_sd": 3.2734623192509118, "sample_mean": 7.1333333333334341, "daily_article_count": 21, "30_day_error_count": 5, "threshold_warn": 13.680257971835257, "30_day_warn_count": 0, "daily_sd": 4.236085622589286, "threshold_error": 16.953720291086171}, "pertu": {"sample_sd": 1.5509853498842459, "sample_mean": 2.1666666666667664, "daily_article_count": 2, "30_day_error_count": 0, "threshold_warn": 5.2686373664352582, "30_day_warn_count": 0, "daily_sd": -0.10745856927610903, "threshold_error": 6.819622716319504}, "moldf": {"sample_sd": 0.85958646388184168, "sample_mean": 0.8333333333334334, "daily_article_count": 3, "30_day_error_count": 0, "threshold_warn": 2.5525062610971165, "30_day_warn_count": 0, "daily_sd": 2.5205918865706982, "threshold_error": 3.4120927249789585}, "chole": {"sample_sd": 2.0604745947367453, "sample_mean": 3.433333333333433, "daily_article_count": 4, "30_day_error_count": 2, "threshold_warn": 7.5542825228069237, "30_day_warn_count": 0, "daily_sd": 0.27501754601296924, "threshold_error": 9.6147571175436681}, "hepat": {"sample_sd": 7.5997075967142029, "sample_mean": 6.3333333333334334, "daily_article_count": 1, "30_day_error_count": 0, "threshold_warn": 21.532748526761839, "30_day_warn_count": 0, "daily_sd": -0.7017813863837794, "threshold_error": 29.13245612347604}, "chiku": {"sample_sd": 1.7650936393164969, "sample_mean": 1.5333333333334334, "daily_article_count": 0, "30_day_error_count": 0, "threshold_warn": 5.0635206119664273, "30_day_warn_count": 0, "daily_sd": -0.86869801079062936, "threshold_error": 6.8286142512829242}, "yello": {"sample_sd": 0.30000000000000004, "sample_mean": 0.10000000000010001, "daily_article_count": 0, "30_day_error_count": 1, "threshold_warn": 0.7000000000001001, "30_day_warn_count": 0, "daily_sd": -0.33333333333366666, "threshold_error": 1.0000000000001001}, "menin": {"sample_sd": 5.3773186213535418, "sample_mean": 5.8666666666667666, "daily_article_count": 11, "30_day_error_count": 0, "threshold_warn": 16.62130390937385, "30_day_warn_count": 0, "daily_sd": 0.95462696090735011, "threshold_error": 21.998622530727392}, "plagu": {"sample_sd": 0.95510325212629354, "sample_mean": 0.76666666666676675, "daily_article_count": 0, "30_day_error_count": 6, "threshold_warn": 2.6768731709193538, "30_day_warn_count": 7, "daily_sd": -0.8027055346738472, "threshold_error": 3.6319764230456473}, "westn": {"sample_sd": 3.54400902933387, "sample_mean": 7.8000000000001002, "daily_article_count": 7, "30_day_error_count": 1, "threshold_warn": 14.888018058667839, "30_day_warn_count": 0, "daily_sd": -0.22573305919326841, "threshold_error": 18.432027088001711}, "swine": {"sample_sd": 1.4177446878757827, "sample_mean": 1.7000000000000999, "daily_article_count": 6, "30_day_error_count": 3, "threshold_warn": 4.5354893757516654, "30_day_warn_count": 5, "daily_sd": 3.032986148191902, "threshold_error": 5.9532340636274474}, "measl": {"sample_sd": 2.2201101073795617, "sample_mean": 3.933333333333433, "daily_article_count": 8, "30_day_error_count": 4, "threshold_warn": 8.3735535480925556, "30_day_warn_count": 4, "daily_sd": 1.831740981291478, "threshold_error": 10.593663655472119}, "dengu": {"sample_sd": 4.0470839982497138, "sample_mean": 8.433333333333433, "daily_article_count": 52, "30_day_error_count": 8, "threshold_warn": 16.527501329832859, "30_day_warn_count": 9, "daily_sd": 10.764952416482661, "threshold_error": 20.574585328082573}, "ebola": {"sample_sd": 19.886231976476143, "sample_mean": 35.933333333333429, "daily_article_count": 36, "30_day_error_count": 0, "threshold_warn": 75.705797286285716, "30_day_warn_count": 0, "daily_sd": 0.0033524031473348976, "threshold_error": 95.592029262761855}, "unkno": {"sample_sd": 20.439640135992825, "sample_mean": 68.233333333333434, "daily_article_count": 74, "30_day_error_count": 0, "threshold_warn": 109.11261360531908, "30_day_warn_count": 0, "daily_sd": 0.28213151642096945, "threshold_error": 129.55225374131192}, "mumps": {"sample_sd": 1.7625738755203049, "sample_mean": 1.6000000000001, "daily_article_count": 1, "30_day_error_count": 0, "threshold_warn": 5.1251477510407097, "30_day_warn_count": 0, "daily_sd": -0.3404112635125619, "threshold_error": 6.8877216265610146}}