{"hemmo": {"sample_sd": 1.0225241100118647, "sample_mean": 0.43333333333333335, "daily_article_count": 1, "30_day_error_count": 0, "threshold_warn": 2.478381553357063, "30_day_warn_count": 0, "daily_sd": 0.55418416164298701, "threshold_error": 3.5009056633689273}, "mersc": {"sample_sd": 4.4691535365584976, "sample_mean": 2.6000000000000001, "daily_article_count": 20, "30_day_error_count": 1, "threshold_warn": 11.538307073116995, "30_day_warn_count": 0, "daily_sd": 3.8933547164277975, "threshold_error": 16.007460609675494}, "influ": {"sample_sd": 7.3684010024789863, "sample_mean": 5.7999999999999998, "daily_article_count": 6, "30_day_error_count": 0, "threshold_warn": 20.536802004957973, "30_day_warn_count": 0, "daily_sd": 0.027142931001273306, "threshold_error": 27.90520300743696}, "pertu": {"sample_sd": 1.4851112939963644, "sample_mean": 1.8333333333333333, "daily_article_count": 1, "30_day_error_count": 1, "threshold_warn": 4.8035559213260619, "30_day_warn_count": 0, "daily_sd": -0.56112517405404183, "threshold_error": 6.2886672153224259}, "moldf": {"sample_sd": 0.6403124237432849, "sample_mean": 0.29999999999999999, "daily_article_count": 0, "30_day_error_count": 0, "threshold_warn": 1.5806248474865698, "30_day_warn_count": 0, "daily_sd": -0.46852128566581813, "threshold_error": 2.2209372712298547}, "chole": {"sample_sd": 5.2502909972263021, "sample_mean": 6.3666666666666663, "daily_article_count": 11, "30_day_error_count": 1, "threshold_warn": 16.86724866111927, "30_day_warn_count": 0, "daily_sd": 0.88249076780336488, "threshold_error": 22.117539658345574}, "hepat": {"sample_sd": 4.6471018447582528, "sample_mean": 4.0666666666666664, "daily_article_count": 2, "30_day_error_count": 0, "threshold_warn": 13.360870356183172, "30_day_warn_count": 0, "daily_sd": -0.44472162128268927, "threshold_error": 18.007972200941424}, "chiku": {"sample_sd": 9.677924479051395, "sample_mean": 9.7333333333333325, "daily_article_count": 9, "30_day_error_count": 0, "threshold_warn": 29.089182291436124, "30_day_warn_count": 0, "daily_sd": -0.075773822674550559, "threshold_error": 38.767106770487516}, "yello": {"sample_sd": 0.30000000000000004, "sample_mean": 0.10000000000000001, "daily_article_count": 2, "30_day_error_count": 4, "threshold_warn": 0.70000000000000007, "30_day_warn_count": 0, "daily_sd": 6.3333333333333321, "threshold_error": 1.0000000000000002}, "menin": {"sample_sd": 1.4548768561863463, "sample_mean": 1.5, "daily_article_count": 3, "30_day_error_count": 0, "threshold_warn": 4.4097537123726926, "30_day_warn_count": 0, "daily_sd": 1.0310150949352062, "threshold_error": 5.864630568559039}, "plagu": {"sample_sd": 5.6234627529070851, "sample_mean": 2.1000000000000001, "daily_article_count": 0, "30_day_error_count": 0, "threshold_warn": 13.34692550581417, "30_day_warn_count": 0, "daily_sd": -0.37343538888283589, "threshold_error": 18.970388258721258}, "westn": {"sample_sd": 2.3084386257574381, "sample_mean": 3.7333333333333334, "daily_article_count": 4, "30_day_error_count": 0, "threshold_warn": 8.3502105848482095, "30_day_warn_count": 0, "daily_sd": 0.11551819645158153, "threshold_error": 10.658649210605649}, "swine": {"sample_sd": 1.1357816691600549, "sample_mean": 0.90000000000000002, "daily_article_count": 1, "30_day_error_count": 0, "threshold_warn": 3.1715633383201096, "30_day_warn_count": 0, "daily_sd": 0.088045090632562356, "threshold_error": 4.3073450074801647}, "measl": {"sample_sd": 5.9145770958050949, "sample_mean": 4.5333333333333332, "daily_article_count": 4, "30_day_error_count": 0, "threshold_warn": 16.362487524943525, "30_day_warn_count": 0, "daily_sd": -0.090172691080753528, "threshold_error": 22.277064620748618}, "dengu": {"sample_sd": 4.0994579587496141, "sample_mean": 6.166666666666667, "daily_article_count": 11, "30_day_error_count": 0, "threshold_warn": 14.365582584165896, "30_day_warn_count": 0, "daily_sd": 1.1790176608635254, "threshold_error": 18.46504054291551}, "ebola": {"sample_sd": 199.37033101464442, "sample_mean": 159.26666666666668, "daily_article_count": 452, "30_day_error_count": 1, "threshold_warn": 558.00732869595549, "30_day_warn_count": 20, "daily_sd": 1.4682893479864418, "threshold_error": 757.37765971059991}, "unkno": {"sample_sd": 74.576292032611377, "sample_mean": 97.900000000000006, "daily_article_count": 97, "30_day_error_count": 1, "threshold_warn": 247.05258406522276, "30_day_warn_count": 0, "daily_sd": -0.012068178444785721, "threshold_error": 321.62887609783411}, "mumps": {"sample_sd": 0.35901098714230023, "sample_mean": 0.066666666666666666, "daily_article_count": 0, "30_day_error_count": 2, "threshold_warn": 0.78468864095126711, "30_day_warn_count": 0, "daily_sd": -0.18569533817705189, "threshold_error": 1.1436996280935674}}