{"hemmo": {"sample_sd": 0.66332495807108005, "sample_mean": 0.40000000000000002, "daily_article_count": 0, "30_day_error_count": 7, "threshold_warn": 1.72664991614216, "30_day_warn_count": 2, "daily_sd": -0.60302268915552726, "threshold_error": 2.3899748742132401}, "mersc": {"sample_sd": 5.0364228928432491, "sample_mean": 3.0333333333333332, "daily_article_count": 2, "30_day_error_count": 0, "threshold_warn": 13.106179119019831, "30_day_warn_count": 0, "daily_sd": -0.20517207456937317, "threshold_error": 18.142602011863083}, "influ": {"sample_sd": 3.875994496040124, "sample_mean": 5.0999999999999996, "daily_article_count": 11, "30_day_error_count": 5, "threshold_warn": 12.851988992080248, "30_day_warn_count": 12, "daily_sd": 1.5221899840228577, "threshold_error": 16.727983488120373}, "pertu": {"sample_sd": 1.4317821063276353, "sample_mean": 1.5, "daily_article_count": 2, "30_day_error_count": 0, "threshold_warn": 4.3635642126552705, "30_day_warn_count": 0, "daily_sd": 0.34921514788478913, "threshold_error": 5.7953463189829062}, "moldf": {"sample_sd": 0.29999999999999999, "sample_mean": 0.10000000000000001, "daily_article_count": 0, "30_day_error_count": 6, "threshold_warn": 0.69999999999999996, "30_day_warn_count": 0, "daily_sd": -0.33333333333333337, "threshold_error": 0.99999999999999989}, "chole": {"sample_sd": 3.9812058474788765, "sample_mean": 6.5, "daily_article_count": 15, "30_day_error_count": 0, "threshold_warn": 14.462411694957753, "30_day_warn_count": 0, "daily_sd": 2.1350315270391453, "threshold_error": 18.44361754243663}, "hepat": {"sample_sd": 1.4302291968616625, "sample_mean": 1.5666666666666667, "daily_article_count": 2, "30_day_error_count": 0, "threshold_warn": 4.4271250603899919, "30_day_warn_count": 0, "daily_sd": 0.30298174186640314, "threshold_error": 5.8573542572516537}, "chiku": {"sample_sd": 2.8213471959331771, "sample_mean": 3.7999999999999998, "daily_article_count": 1, "30_day_error_count": 0, "threshold_warn": 9.442694391866354, "30_day_warn_count": 2, "daily_sd": -0.99243368701167012, "threshold_error": 12.264041587799532}, "yello": {"sample_sd": 0.52174919474995096, "sample_mean": 0.16666666666666666, "daily_article_count": 0, "30_day_error_count": 0, "threshold_warn": 1.2101650561665687, "30_day_warn_count": 0, "daily_sd": -0.31943828249996992, "threshold_error": 1.7319142509165195}, "menin": {"sample_sd": 2.5551690528982398, "sample_mean": 2.9333333333333331, "daily_article_count": 13, "30_day_error_count": 2, "threshold_warn": 8.0436714391298132, "30_day_warn_count": 1, "daily_sd": 3.9397262796558978, "threshold_error": 10.598840492028053}, "plagu": {"sample_sd": 0.39581140290126388, "sample_mean": 0.10000000000000001, "daily_article_count": 0, "30_day_error_count": 0, "threshold_warn": 0.89162280580252773, "30_day_warn_count": 0, "daily_sd": -0.25264557631995571, "threshold_error": 1.2874342087037918}, "westn": {"sample_sd": 2.8923270139380084, "sample_mean": 4.6333333333333337, "daily_article_count": 0, "30_day_error_count": 0, "threshold_warn": 10.417987361209351, "30_day_warn_count": 0, "daily_sd": -1.6019396530909145, "threshold_error": 13.31031437514736}, "swine": {"sample_sd": 0.92855921847894118, "sample_mean": 0.73333333333333328, "daily_article_count": 1, "30_day_error_count": 2, "threshold_warn": 2.5904517702912155, "30_day_warn_count": 0, "daily_sd": 0.28718326344709533, "threshold_error": 3.5190109887701571}, "measl": {"sample_sd": 2.3055488621054105, "sample_mean": 2.8666666666666667, "daily_article_count": 0, "30_day_error_count": 1, "threshold_warn": 7.4777643908774873, "30_day_warn_count": 0, "daily_sd": -1.2433771037274168, "threshold_error": 9.7833132529828983}, "dengu": {"sample_sd": 4.0524341107811024, "sample_mean": 7.333333333333333, "daily_article_count": 8, "30_day_error_count": 1, "threshold_warn": 15.438201554895539, "30_day_warn_count": 0, "daily_sd": 0.16451018041059962, "threshold_error": 19.490635665676638}, "ebola": {"sample_sd": 116.13323765782511, "sample_mean": 325.26666666666665, "daily_article_count": 2016, "30_day_error_count": 14, "threshold_warn": 557.53314198231692, "30_day_warn_count": 1, "daily_sd": 14.558565380868041, "threshold_error": 673.66637964014194}, "unkno": {"sample_sd": 79.278195124650892, "sample_mean": 91.36666666666666, "daily_article_count": 63, "30_day_error_count": 0, "threshold_warn": 249.92305691596846, "30_day_warn_count": 0, "daily_sd": -0.35781171130428879, "threshold_error": 329.20125204061935}, "mumps": {"sample_sd": 0.82999330653258208, "sample_mean": 0.33333333333333331, "daily_article_count": 1, "30_day_error_count": 0, "threshold_warn": 1.9933199463984974, "30_day_warn_count": 0, "daily_sd": 0.80321932890249903, "threshold_error": 2.8233132529310798}}