{"hemmo": {"sample_sd": 0.17950549357115009, "sample_mean": 0.033333333333433336, "daily_article_count": 1, "30_day_error_count": 1, "threshold_warn": 0.39234432047573353, "30_day_warn_count": 0, "daily_sd": 5.3851648071339486, "threshold_error": 0.57184981404688362}, "mersc": {"sample_sd": 24.624761702174681, "sample_mean": 31.233333333333434, "daily_article_count": 1, "30_day_error_count": 0, "threshold_warn": 80.482856737682795, "30_day_warn_count": 0, "daily_sd": -1.2277614581205651, "threshold_error": 105.10761843985748}, "influ": {"sample_sd": 2.1249836600678971, "sample_mean": 2.5333333333334331, "daily_article_count": 0, "30_day_error_count": 0, "threshold_warn": 6.7833006534692277, "30_day_warn_count": 0, "daily_sd": -1.1921660297625483, "threshold_error": 8.9082843135371235}, "pertu": {"sample_sd": 1.0225241100118647, "sample_mean": 1.2333333333334333, "daily_article_count": 0, "30_day_error_count": 7, "threshold_warn": 3.2783815533571627, "30_day_warn_count": 0, "daily_sd": -1.2061655282818931, "threshold_error": 4.3009056633690275}, "moldf": {"sample_sd": 0.53748384988656994, "sample_mean": 0.33333333333343329, "daily_article_count": 0, "30_day_error_count": 2, "threshold_warn": 1.4083010331065733, "30_day_warn_count": 0, "daily_sd": -0.62017367294622827, "threshold_error": 1.9457848829931432}, "chole": {"sample_sd": 4.8199815582865275, "sample_mean": 6.3666666666667666, "daily_article_count": 0, "30_day_error_count": 0, "threshold_warn": 16.006629783239823, "30_day_warn_count": 0, "daily_sd": -1.320890254387213, "threshold_error": 20.826611341526348}, "hepat": {"sample_sd": 3.9208842540086968, "sample_mean": 3.4000000000000998, "daily_article_count": 1, "30_day_error_count": 0, "threshold_warn": 11.241768508017493, "30_day_warn_count": 0, "daily_sd": -0.61210682196148714, "threshold_error": 15.162652762026189}, "chiku": {"sample_sd": 3.3613819909211284, "sample_mean": 3.6333333333334332, "daily_article_count": 4, "30_day_error_count": 9, "threshold_warn": 10.35609731517569, "30_day_warn_count": 13, "daily_sd": 0.10908211790772644, "threshold_error": 13.71747930609682}, "yello": {"sample_sd": 0.45338235029118146, "sample_mean": 0.16666666666676666, "daily_article_count": 0, "30_day_error_count": 3, "threshold_warn": 1.0734313672491296, "30_day_warn_count": 0, "daily_sd": -0.36760731104712441, "threshold_error": 1.5268137175403111}, "menin": {"sample_sd": 1.106044001535804, "sample_mean": 1.1000000000001, "daily_article_count": 0, "30_day_error_count": 3, "threshold_warn": 3.3120880030717079, "30_day_warn_count": 0, "daily_sd": -0.99453547822029542, "threshold_error": 4.4181320046075117}, "plagu": {"sample_sd": 0.0, "sample_mean": 1e-13, "daily_article_count": 0, "30_day_error_count": 1, "threshold_warn": 1e-13, "30_day_warn_count": 0, "daily_sd": -Infinity, "threshold_error": 1e-13}, "westn": {"sample_sd": 1.2688577540449522, "sample_mean": 1.3000000000001, "daily_article_count": 2, "30_day_error_count": 4, "threshold_warn": 3.8377155080900041, "30_day_warn_count": 8, "daily_sd": 0.55167728436729158, "threshold_error": 5.1065732621349564}, "swine": {"sample_sd": 2.6138519893487127, "sample_mean": 1.3666666666667666, "daily_article_count": 0, "30_day_error_count": 0, "threshold_warn": 6.5943706453641919, "30_day_warn_count": 0, "daily_sd": -0.52285541501043287, "threshold_error": 9.2082226347129037}, "measl": {"sample_sd": 9.895228928910921, "sample_mean": 8.8666666666667666, "daily_article_count": 1, "30_day_error_count": 0, "threshold_warn": 28.657124524488609, "30_day_warn_count": 0, "daily_sd": -0.79499592411477238, "threshold_error": 38.552353453399533}, "dengu": {"sample_sd": 2.5492918406665193, "sample_mean": 2.6333333333334332, "daily_article_count": 3, "30_day_error_count": 2, "threshold_warn": 7.7319170146664717, "30_day_warn_count": 3, "daily_sd": 0.1438307928568511, "threshold_error": 10.281208855332991}, "ebola": {"sample_sd": 6.4725059546773176, "sample_mean": 6.8000000000001002, "daily_article_count": 13, "30_day_error_count": 8, "threshold_warn": 19.745011909354737, "30_day_warn_count": 14, "daily_sd": 0.95789792136375052, "threshold_error": 26.217517864032054}, "unkno": {"sample_sd": 28.791588277751465, "sample_mean": 63.333333333333435, "daily_article_count": 25, "30_day_error_count": 0, "threshold_warn": 120.91650988883637, "30_day_warn_count": 0, "daily_sd": -1.3314073875860228, "threshold_error": 149.70809816658783}, "mumps": {"sample_sd": 0.83599574693229672, "sample_mean": 0.63333333333343333, "daily_article_count": 0, "30_day_error_count": 0, "threshold_warn": 2.3053248271980267, "30_day_warn_count": 0, "daily_sd": -0.75757961168757471, "threshold_error": 3.1413205741303232}}