{"hemmo": {"sample_sd": 0.29999999999999999, "sample_mean": 0.10000000000010001, "daily_article_count": 0, "30_day_error_count": 0, "threshold_warn": 0.70000000000009999, "30_day_warn_count": 0, "daily_sd": -0.33333333333366671, "threshold_error": 1.0000000000000999}, "mersc": {"sample_sd": 5.9217114643206541, "sample_mean": 4.0000000000001004, "daily_article_count": 1, "30_day_error_count": 0, "threshold_warn": 15.843422928641409, "30_day_warn_count": 4, "daily_sd": -0.50661029637725918, "threshold_error": 21.765134392962061}, "influ": {"sample_sd": 7.4631688235553728, "sample_mean": 12.966666666666766, "daily_article_count": 14, "30_day_error_count": 0, "threshold_warn": 27.89300431377751, "30_day_warn_count": 0, "daily_sd": 0.13845771920257391, "threshold_error": 35.356173137332888}, "pertu": {"sample_sd": 1.569146972791976, "sample_mean": 2.0666666666667668, "daily_article_count": 2, "30_day_error_count": 0, "threshold_warn": 5.2049606122507193, "30_day_warn_count": 0, "daily_sd": -0.042485928866272546, "threshold_error": 6.7741075850426951}, "moldf": {"sample_sd": 0.52599112793531666, "sample_mean": 0.30000000000009996, "daily_article_count": 1, "30_day_error_count": 6, "threshold_warn": 1.3519822558707333, "30_day_warn_count": 2, "daily_sd": 1.3308209261012136, "threshold_error": 1.8779733838060499}, "chole": {"sample_sd": 2.2462314118441924, "sample_mean": 3.2333333333334333, "daily_article_count": 9, "30_day_error_count": 6, "threshold_warn": 7.7257961570218185, "30_day_warn_count": 0, "daily_sd": 2.5672629437285091, "threshold_error": 9.9720275688660109}, "hepat": {"sample_sd": 3.088509169306267, "sample_mean": 2.8333333333334334, "daily_article_count": 4, "30_day_error_count": 4, "threshold_warn": 9.0103516719459673, "30_day_warn_count": 2, "daily_sd": 0.37774427813294148, "threshold_error": 12.098860841252234}, "chiku": {"sample_sd": 2.7384099198054495, "sample_mean": 2.3666666666667666, "daily_article_count": 2, "30_day_error_count": 0, "threshold_warn": 7.8434865062776655, "30_day_warn_count": 0, "daily_sd": -0.1338976549912646, "threshold_error": 10.581896426083116}, "yello": {"sample_sd": 0.59628479399994383, "sample_mean": 0.33333333333343329, "daily_article_count": 0, "30_day_error_count": 0, "threshold_warn": 1.5259029213333211, "30_day_warn_count": 0, "daily_sd": -0.55901699437511509, "threshold_error": 2.1221877153332649}, "menin": {"sample_sd": 2.9741478704925814, "sample_mean": 4.2333333333334338, "daily_article_count": 3, "30_day_error_count": 0, "threshold_warn": 10.181629074318597, "30_day_warn_count": 0, "daily_sd": -0.41468460447770805, "threshold_error": 13.155776944811178}, "plagu": {"sample_sd": 0.74535599249992979, "sample_mean": 0.33333333333343329, "daily_article_count": 0, "30_day_error_count": 0, "threshold_warn": 1.824045318333293, "30_day_warn_count": 0, "daily_sd": -0.4472135955000921, "threshold_error": 2.5694013108332228}, "westn": {"sample_sd": 0.45338235029118146, "sample_mean": 0.16666666666676666, "daily_article_count": 1, "30_day_error_count": 3, "threshold_warn": 1.0734313672491296, "30_day_warn_count": 0, "daily_sd": 1.8380365552342988, "threshold_error": 1.5268137175403111}, "swine": {"sample_sd": 11.84604950558999, "sample_mean": 22.733333333333434, "daily_article_count": 38, "30_day_error_count": 6, "threshold_warn": 46.42543234451341, "30_day_warn_count": 19, "daily_sd": 1.2887559400678203, "threshold_error": 58.271481850103406}, "measl": {"sample_sd": 56.400167454440144, "sample_mean": 87.433333333333437, "daily_article_count": 19, "30_day_error_count": 0, "threshold_warn": 200.23366824221372, "30_day_warn_count": 0, "daily_sd": -1.2133533714880127, "threshold_error": 256.63383569665388}, "dengu": {"sample_sd": 2.5742312768410427, "sample_mean": 3.8000000000000997, "daily_article_count": 6, "30_day_error_count": 0, "threshold_warn": 8.9484625536821856, "30_day_warn_count": 0, "daily_sd": 0.85462406575201788, "threshold_error": 11.522693830523227}, "ebola": {"sample_sd": 35.459350749210785, "sample_mean": 83.36666666666676, "daily_article_count": 99, "30_day_error_count": 0, "threshold_warn": 154.28536816508833, "30_day_warn_count": 0, "daily_sd": 0.44088041667489331, "threshold_error": 189.74471891429911}, "unkno": {"sample_sd": 24.991198450654583, "sample_mean": 57.200000000000102, "daily_article_count": 66, "30_day_error_count": 1, "threshold_warn": 107.18239690130926, "30_day_warn_count": 0, "daily_sd": 0.35212396945971208, "threshold_error": 132.17359535196385}, "mumps": {"sample_sd": 0.71569701845279621, "sample_mean": 0.56666666666676668, "daily_article_count": 0, "30_day_error_count": 0, "threshold_warn": 1.9980607035723592, "30_day_warn_count": 0, "daily_sd": -0.79176893581559771, "threshold_error": 2.7137577220251554}}