{"hemmo": {"sample_sd": 0.17950549357115009, "sample_mean": 0.033333333333333333, "daily_article_count": 1, "30_day_error_count": 2, "threshold_warn": 0.3923443204756335, "30_day_warn_count": 0, "daily_sd": 5.3851648071345055, "threshold_error": 0.57184981404678359}, "mersc": {"sample_sd": 24.353507618684691, "sample_mean": 25.800000000000001, "daily_article_count": 8, "30_day_error_count": 0, "threshold_warn": 74.507015237369387, "30_day_warn_count": 0, "daily_sd": -0.73090087385783165, "threshold_error": 98.860522856054075}, "influ": {"sample_sd": 1.9447936194419764, "sample_mean": 2.1333333333333333, "daily_article_count": 4, "30_day_error_count": 3, "threshold_warn": 6.0229205722172861, "30_day_warn_count": 0, "daily_sd": 0.95982763826748529, "threshold_error": 7.9677141916592618}, "pertu": {"sample_sd": 1.0671873729054748, "sample_mean": 1.1666666666666667, "daily_article_count": 0, "30_day_error_count": 7, "threshold_warn": 3.3010414124776162, "30_day_warn_count": 0, "daily_sd": -1.0932163332202425, "threshold_error": 4.3682287853830912}, "moldf": {"sample_sd": 0.71180521680208741, "sample_mean": 0.40000000000000002, "daily_article_count": 0, "30_day_error_count": 0, "threshold_warn": 1.8236104336041747, "30_day_warn_count": 0, "daily_sd": -0.56195148694901642, "threshold_error": 2.5354156504062622}, "chole": {"sample_sd": 4.5216761887109485, "sample_mean": 6.7666666666666666, "daily_article_count": 6, "30_day_error_count": 0, "threshold_warn": 15.810019044088563, "30_day_warn_count": 0, "daily_sd": -0.16955364220480149, "threshold_error": 20.331695232799511}, "hepat": {"sample_sd": 3.9575525545748884, "sample_mean": 3.2666666666666666, "daily_article_count": 4, "30_day_error_count": 0, "threshold_warn": 11.181771775816443, "30_day_warn_count": 0, "daily_sd": 0.18529970814553251, "threshold_error": 15.139324330391332}, "chiku": {"sample_sd": 4.4377171308380321, "sample_mean": 4.7999999999999998, "daily_article_count": 5, "30_day_error_count": 5, "threshold_warn": 13.675434261676063, "30_day_warn_count": 1, "daily_sd": 0.045068217307089056, "threshold_error": 18.113151392514098}, "yello": {"sample_sd": 0.45338235029118146, "sample_mean": 0.16666666666666666, "daily_article_count": 0, "30_day_error_count": 3, "threshold_warn": 1.0734313672490297, "30_day_warn_count": 0, "daily_sd": -0.36760731104690386, "threshold_error": 1.5268137175402112}, "menin": {"sample_sd": 1.0482790129010924, "sample_mean": 1.0333333333333334, "daily_article_count": 1, "30_day_error_count": 3, "threshold_warn": 3.1298913591355184, "30_day_warn_count": 0, "daily_sd": -0.031798150037444767, "threshold_error": 4.1781703720366101}, "plagu": {"sample_sd": 0.0, "sample_mean": 0.0, "daily_article_count": 0, "30_day_error_count": 2, "threshold_warn": 0.0, "30_day_warn_count": 0, "daily_sd": 0, "threshold_error": 0.0}, "westn": {"sample_sd": 1.3287420951996498, "sample_mean": 1.6333333333333333, "daily_article_count": 3, "30_day_error_count": 5, "threshold_warn": 4.2908175237326329, "30_day_warn_count": 8, "daily_sd": 1.0285417099405725, "threshold_error": 5.6195596189322821}, "swine": {"sample_sd": 2.6350205565295561, "sample_mean": 1.3, "daily_article_count": 0, "30_day_error_count": 0, "threshold_warn": 6.5700411130591121, "30_day_warn_count": 0, "daily_sd": -0.49335478494792473, "threshold_error": 9.2050616695886696}, "measl": {"sample_sd": 10.106598504607442, "sample_mean": 9.3000000000000007, "daily_article_count": 8, "30_day_error_count": 0, "threshold_warn": 29.513197009214885, "30_day_warn_count": 0, "daily_sd": -0.12862883584495324, "threshold_error": 39.619795513822325}, "dengu": {"sample_sd": 2.5768197453450252, "sample_mean": 2.6000000000000001, "daily_article_count": 13, "30_day_error_count": 3, "threshold_warn": 7.7536394906900501, "30_day_warn_count": 5, "daily_sd": 4.035982733672931, "threshold_error": 10.330459236035075}, "ebola": {"sample_sd": 6.409108102276531, "sample_mean": 7.2999999999999998, "daily_article_count": 24, "30_day_error_count": 11, "threshold_warn": 20.118216204553061, "30_day_warn_count": 8, "daily_sd": 2.6056667688391957, "threshold_error": 26.527324306829595}, "unkno": {"sample_sd": 29.037542748808637, "sample_mean": 63.233333333333334, "daily_article_count": 122, "30_day_error_count": 1, "threshold_warn": 121.30841883095061, "30_day_warn_count": 0, "daily_sd": 2.0238167938324523, "threshold_error": 150.34596157975926}, "mumps": {"sample_sd": 0.7630348761506397, "sample_mean": 0.53333333333333333, "daily_article_count": 0, "30_day_error_count": 0, "threshold_warn": 2.0594030856346128, "30_day_warn_count": 0, "daily_sd": -0.69896324532883047, "threshold_error": 2.8224379617852522}}