{"hemmo": {"sample_sd": 0.40000000000000002, "sample_mean": 0.20000000000000001, "daily_article_count": 0, "30_day_error_count": 1, "threshold_warn": 1.0, "30_day_warn_count": 0, "daily_sd": -0.5, "threshold_error": 1.4000000000000001}, "mersc": {"sample_sd": 2.8015868519267593, "sample_mean": 3.8666666666666667, "daily_article_count": 1, "30_day_error_count": 1, "threshold_warn": 9.4698403705201848, "30_day_warn_count": 0, "daily_sd": -1.0232296259868401, "threshold_error": 12.271427222446945}, "influ": {"sample_sd": 6.2617888817813068, "sample_mean": 11.300000000000001, "daily_article_count": 31, "30_day_error_count": 7, "threshold_warn": 23.823577763562614, "30_day_warn_count": 0, "daily_sd": 3.1460658243073647, "threshold_error": 30.085366645343921}, "pertu": {"sample_sd": 1.2023125864580955, "sample_mean": 1.4333333333333333, "daily_article_count": 4, "30_day_error_count": 0, "threshold_warn": 3.8379585062495245, "30_day_warn_count": 0, "daily_sd": 2.1347748460554965, "threshold_error": 5.04027109270762}, "moldf": {"sample_sd": 1.2892719737209144, "sample_mean": 1.2666666666666666, "daily_article_count": 0, "30_day_error_count": 0, "threshold_warn": 3.8452106141084954, "30_day_warn_count": 0, "daily_sd": -0.98246661099053634, "threshold_error": 5.1344825878294102}, "chole": {"sample_sd": 2.3048258550750038, "sample_mean": 3.4333333333333331, "daily_article_count": 9, "30_day_error_count": 5, "threshold_warn": 8.0429850434833412, "30_day_warn_count": 1, "daily_sd": 2.4152222409382489, "threshold_error": 10.347810898558345}, "hepat": {"sample_sd": 2.3853720883753127, "sample_mean": 3.1000000000000001, "daily_article_count": 5, "30_day_error_count": 4, "threshold_warn": 7.870744176750625, "30_day_warn_count": 1, "daily_sd": 0.79652143548560517, "threshold_error": 10.256116265125938}, "chiku": {"sample_sd": 0.7630348761506397, "sample_mean": 0.53333333333333333, "daily_article_count": 1, "30_day_error_count": 1, "threshold_warn": 2.0594030856346128, "30_day_warn_count": 0, "daily_sd": 0.61159283966272671, "threshold_error": 2.8224379617852522}, "yello": {"sample_sd": 0.45338235029118146, "sample_mean": 0.16666666666666666, "daily_article_count": 0, "30_day_error_count": 1, "threshold_warn": 1.0734313672490297, "30_day_warn_count": 0, "daily_sd": -0.36760731104690386, "threshold_error": 1.5268137175402112}, "menin": {"sample_sd": 2.6507860469428057, "sample_mean": 4.2000000000000002, "daily_article_count": 1, "30_day_error_count": 0, "threshold_warn": 9.5015720938856116, "30_day_warn_count": 0, "daily_sd": -1.2071890915868566, "threshold_error": 12.152358140828419}, "plagu": {"sample_sd": 2.9403325586667157, "sample_mean": 1.4333333333333333, "daily_article_count": 0, "30_day_error_count": 0, "threshold_warn": 7.313998450666765, "30_day_warn_count": 0, "daily_sd": -0.48747320404576061, "threshold_error": 10.25433100933348}, "westn": {"sample_sd": 3.114303917232371, "sample_mean": 5.3666666666666663, "daily_article_count": 2, "30_day_error_count": 0, "threshold_warn": 11.595274501131408, "30_day_warn_count": 0, "daily_sd": -1.0810334367297607, "threshold_error": 14.70957841836378}, "swine": {"sample_sd": 2.0330600909302543, "sample_mean": 3.0, "daily_article_count": 3, "30_day_error_count": 2, "threshold_warn": 7.0661201818605086, "30_day_warn_count": 0, "daily_sd": 0.0, "threshold_error": 9.0991802727907629}, "measl": {"sample_sd": 3.1107341041411223, "sample_mean": 3.7000000000000002, "daily_article_count": 2, "30_day_error_count": 1, "threshold_warn": 9.9214682082822456, "30_day_warn_count": 0, "daily_sd": -0.54649479611159901, "threshold_error": 13.032202312423365}, "dengu": {"sample_sd": 24.29771365558679, "sample_mean": 30.433333333333334, "daily_article_count": 11, "30_day_error_count": 0, "threshold_warn": 79.028760644506917, "30_day_warn_count": 0, "daily_sd": -0.79980090344282306, "threshold_error": 103.32647430009371}, "ebola": {"sample_sd": 11.480224542906623, "sample_mean": 29.266666666666666, "daily_article_count": 19, "30_day_error_count": 4, "threshold_warn": 52.227115752479911, "30_day_warn_count": 0, "daily_sd": -0.89429145120773901, "threshold_error": 63.70734029538653}, "unkno": {"sample_sd": 18.493392213316508, "sample_mean": 50.166666666666664, "daily_article_count": 56, "30_day_error_count": 0, "threshold_warn": 87.15345109329968, "30_day_warn_count": 0, "daily_sd": 0.3154279791423521, "threshold_error": 105.64684330661618}, "mumps": {"sample_sd": 0.96378881965339713, "sample_mean": 0.73333333333333328, "daily_article_count": 0, "30_day_error_count": 0, "threshold_warn": 2.6609109726401274, "30_day_warn_count": 0, "daily_sd": -0.76088591025268226, "threshold_error": 3.6246997922935247}}