{"hemmo": {"sample_sd": 0.37267799624996495, "sample_mean": 0.16666666666676666, "daily_article_count": 0, "30_day_error_count": 0, "threshold_warn": 0.91202265916669656, "30_day_warn_count": 0, "daily_sd": -0.44721359550022627, "threshold_error": 1.2847006554166616}, "mersc": {"sample_sd": 21.723924343655977, "sample_mean": 40.933333333333429, "daily_article_count": 6, "30_day_error_count": 0, "threshold_warn": 84.381182020645383, "30_day_warn_count": 0, "daily_sd": -1.6080581381482755, "threshold_error": 106.10510636430135}, "influ": {"sample_sd": 5.7422411420396946, "sample_mean": 6.4000000000001007, "daily_article_count": 1, "30_day_error_count": 0, "threshold_warn": 17.884482284079489, "30_day_warn_count": 0, "daily_sd": -0.94039937829604503, "threshold_error": 23.626723426119185}, "pertu": {"sample_sd": 1.9576062480034695, "sample_mean": 1.9666666666667665, "daily_article_count": 0, "30_day_error_count": 0, "threshold_warn": 5.8818791626737053, "30_day_warn_count": 0, "daily_sd": -1.0046283151540498, "threshold_error": 7.8394854106771747}, "moldf": {"sample_sd": 1.1813363431112902, "sample_mean": 0.93333333333343338, "daily_article_count": 0, "30_day_error_count": 0, "threshold_warn": 3.2960060195560139, "30_day_warn_count": 0, "daily_sd": -0.79006570717642499, "threshold_error": 4.4773423626673035}, "chole": {"sample_sd": 1.8208667044996885, "sample_mean": 1.5333333333334334, "daily_article_count": 6, "30_day_error_count": 10, "threshold_warn": 5.1750667423328105, "30_day_warn_count": 14, "daily_sd": 2.4530442868929567, "threshold_error": 6.995933446832499}, "hepat": {"sample_sd": 2.0442330808615949, "sample_mean": 2.433333333333433, "daily_article_count": 1, "30_day_error_count": 3, "threshold_warn": 6.5217994950566229, "30_day_warn_count": 0, "daily_sd": -0.7011594454431378, "threshold_error": 8.5660325759182179}, "chiku": {"sample_sd": 2.0933757957476775, "sample_mean": 1.8666666666667666, "daily_article_count": 3, "30_day_error_count": 4, "threshold_warn": 6.0534182581621216, "30_day_warn_count": 7, "daily_sd": 0.54139029200366195, "threshold_error": 8.1467940539097992}, "yello": {"sample_sd": 0.69920589878010098, "sample_mean": 0.33333333333343329, "daily_article_count": 1, "30_day_error_count": 0, "threshold_warn": 1.7317451308936351, "30_day_warn_count": 0, "daily_sd": 0.95346258924544947, "threshold_error": 2.4309510296737362}, "menin": {"sample_sd": 1.6224124698183942, "sample_mean": 1.9666666666667665, "daily_article_count": 2, "30_day_error_count": 0, "threshold_warn": 5.2114916063035546, "30_day_warn_count": 0, "daily_sd": 0.020545535708909279, "threshold_error": 6.8339040761219483}, "plagu": {"sample_sd": 0.24944382578492943, "sample_mean": 0.066666666666766669, "daily_article_count": 0, "30_day_error_count": 0, "threshold_warn": 0.5655543182366255, "30_day_warn_count": 0, "daily_sd": -0.2672612419128253, "threshold_error": 0.81499814402155502}, "westn": {"sample_sd": 0.66749947981669278, "sample_mean": 0.43333333333343332, "daily_article_count": 3, "30_day_error_count": 7, "threshold_warn": 1.7683322929668188, "30_day_warn_count": 0, "daily_sd": 3.8451965046795524, "threshold_error": 2.4358317727835117}, "swine": {"sample_sd": 1.9888578520235063, "sample_mean": 1.6666666666667667, "daily_article_count": 0, "30_day_error_count": 2, "threshold_warn": 5.644382370713779, "30_day_warn_count": 0, "daily_sd": -0.83800190394253893, "threshold_error": 7.6332402227372853}, "measl": {"sample_sd": 10.332311777461358, "sample_mean": 12.100000000000099, "daily_article_count": 0, "30_day_error_count": 0, "threshold_warn": 32.764623554922814, "30_day_warn_count": 0, "daily_sd": -1.1710835155395456, "threshold_error": 43.096935332384177}, "dengu": {"sample_sd": 2.0604745947367453, "sample_mean": 3.2333333333334333, "daily_article_count": 2, "30_day_error_count": 1, "threshold_warn": 7.3542825228069244, "30_day_warn_count": 0, "daily_sd": -0.59856760014602806, "threshold_error": 9.4147571175436688}, "ebola": {"sample_sd": 8.6564041803356968, "sample_mean": 10.000000000000099, "daily_article_count": 1, "30_day_error_count": 0, "threshold_warn": 27.312808360671493, "30_day_warn_count": 0, "daily_sd": -1.0396926729050997, "threshold_error": 35.969212541007188}, "unkno": {"sample_sd": 19.433533446654064, "sample_mean": 51.933333333333429, "daily_article_count": 29, "30_day_error_count": 2, "threshold_warn": 90.800400226641557, "30_day_warn_count": 0, "daily_sd": -1.1800907640541272, "threshold_error": 110.23393367329561}, "mumps": {"sample_sd": 2.5394662606321212, "sample_mean": 2.5333333333334331, "daily_article_count": 0, "30_day_error_count": 0, "threshold_warn": 7.6122658545976751, "30_day_warn_count": 0, "daily_sd": -0.99758495421114146, "threshold_error": 10.151732115229796}}