{"hemmo": {"sample_sd": 0.91954094827558153, "sample_mean": 0.23333333333333334, "daily_article_count": 1, "30_day_error_count": 0, "threshold_warn": 2.0724152298844962, "30_day_warn_count": 0, "daily_sd": 0.83374934863357564, "threshold_error": 2.9919561781600779}, "mersc": {"sample_sd": 5.5386520622500441, "sample_mean": 6.2999999999999998, "daily_article_count": 1, "30_day_error_count": 0, "threshold_warn": 17.377304124500089, "30_day_warn_count": 0, "daily_sd": -0.95691152656498635, "threshold_error": 22.915956186750133}, "influ": {"sample_sd": 7.7628746107496953, "sample_mean": 4.2666666666666666, "daily_article_count": 5, "30_day_error_count": 0, "threshold_warn": 19.792415888166058, "30_day_warn_count": 0, "daily_sd": 0.094466724004255445, "threshold_error": 27.555290498915753}, "pertu": {"sample_sd": 3.528298299306464, "sample_mean": 2.5333333333333332, "daily_article_count": 5, "30_day_error_count": 0, "threshold_warn": 9.5899299319462621, "30_day_warn_count": 0, "daily_sd": 0.69910944523923169, "threshold_error": 13.118228231252726}, "moldf": {"sample_sd": 0.42687494916218993, "sample_mean": 0.13333333333333333, "daily_article_count": 1, "30_day_error_count": 3, "threshold_warn": 0.98708323165771317, "30_day_warn_count": 0, "daily_sd": 2.0302589045518786, "threshold_error": 1.4139581808199031}, "chole": {"sample_sd": 2.4424486802296492, "sample_mean": 3.0333333333333332, "daily_article_count": 5, "30_day_error_count": 5, "threshold_warn": 7.9182306937926317, "30_day_warn_count": 2, "daily_sd": 0.80520286161417021, "threshold_error": 10.360679374022281}, "hepat": {"sample_sd": 1.6248076809271921, "sample_mean": 1.6000000000000001, "daily_article_count": 0, "30_day_error_count": 6, "threshold_warn": 4.8496153618543847, "30_day_warn_count": 1, "daily_sd": -0.9847319278346619, "threshold_error": 6.4744230427815754}, "chiku": {"sample_sd": 6.8601911214063289, "sample_mean": 10.266666666666667, "daily_article_count": 7, "30_day_error_count": 1, "threshold_warn": 23.987048909479327, "30_day_warn_count": 0, "daily_sd": -0.47617720976802841, "threshold_error": 30.847240030885651}, "yello": {"sample_sd": 0.81377037438224697, "sample_mean": 0.26666666666666666, "daily_article_count": 1, "30_day_error_count": 0, "threshold_warn": 1.8942074154311606, "30_day_warn_count": 0, "daily_sd": 0.90115511257094449, "threshold_error": 2.7079777898134076}, "menin": {"sample_sd": 1.7838784213679537, "sample_mean": 1.5333333333333334, "daily_article_count": 2, "30_day_error_count": 1, "threshold_warn": 5.1010901760692411, "30_day_warn_count": 0, "daily_sd": 0.26160228246317746, "threshold_error": 6.8849685974371946}, "plagu": {"sample_sd": 0.42687494916218993, "sample_mean": 0.13333333333333333, "daily_article_count": 0, "30_day_error_count": 4, "threshold_warn": 0.98708323165771317, "30_day_warn_count": 0, "daily_sd": -0.31234752377721209, "threshold_error": 1.4139581808199031}, "westn": {"sample_sd": 2.3228335186912461, "sample_mean": 3.7333333333333334, "daily_article_count": 9, "30_day_error_count": 0, "threshold_warn": 8.3790003707158256, "30_day_warn_count": 0, "daily_sd": 2.2673457328246513, "threshold_error": 10.701833889407073}, "swine": {"sample_sd": 2.0113566455394118, "sample_mean": 1.5666666666666667, "daily_article_count": 0, "30_day_error_count": 0, "threshold_warn": 5.5893799577454901, "30_day_warn_count": 0, "daily_sd": -0.77891042851155479, "threshold_error": 7.6007366032849024}, "measl": {"sample_sd": 5.9169248769948064, "sample_mean": 6.2999999999999998, "daily_article_count": 2, "30_day_error_count": 0, "threshold_warn": 18.133849753989612, "30_day_warn_count": 0, "daily_sd": -0.72672884807419769, "threshold_error": 24.050774630984421}, "dengu": {"sample_sd": 4.2184778718817002, "sample_mean": 6.0666666666666664, "daily_article_count": 5, "30_day_error_count": 0, "threshold_warn": 14.503622410430067, "30_day_warn_count": 0, "daily_sd": -0.25285581649640554, "threshold_error": 18.722100282311768}, "ebola": {"sample_sd": 16.92873953436056, "sample_mean": 27.466666666666665, "daily_article_count": 627, "30_day_error_count": 20, "threshold_warn": 61.324145735387788, "30_day_warn_count": 0, "daily_sd": 35.415119484616675, "threshold_error": 78.252885269748347}, "unkno": {"sample_sd": 70.727497402982451, "sample_mean": 68.233333333333334, "daily_article_count": 48, "30_day_error_count": 0, "threshold_warn": 209.68832813929822, "30_day_warn_count": 0, "daily_sd": -0.28607449826833731, "threshold_error": 280.41582554228069}, "mumps": {"sample_sd": 0.42687494916218993, "sample_mean": 0.13333333333333333, "daily_article_count": 0, "30_day_error_count": 1, "threshold_warn": 0.98708323165771317, "30_day_warn_count": 0, "daily_sd": -0.31234752377721209, "threshold_error": 1.4139581808199031}}