{"hemmo": {"sample_sd": 0.49553562491061676, "sample_mean": 0.23333333333333334, "daily_article_count": 0, "30_day_error_count": 1, "threshold_warn": 1.2244045831545669, "30_day_warn_count": 0, "daily_sd": -0.47087095579741883, "threshold_error": 1.7199402080651836}, "mersc": {"sample_sd": 1.4302291968616625, "sample_mean": 1.2333333333333334, "daily_article_count": 2, "30_day_error_count": 1, "threshold_warn": 4.0937917270566579, "30_day_warn_count": 0, "daily_sd": 0.53604462022517474, "threshold_error": 5.5240209239183207}, "influ": {"sample_sd": 13.638996378847756, "sample_mean": 18.666666666666668, "daily_article_count": 15, "30_day_error_count": 1, "threshold_warn": 45.944659424362179, "30_day_warn_count": 0, "daily_sd": -0.26883698512840531, "threshold_error": 59.583655803209936}, "pertu": {"sample_sd": 1.6878651868229551, "sample_mean": 1.5333333333333334, "daily_article_count": 1, "30_day_error_count": 2, "threshold_warn": 4.9090637069792438, "30_day_warn_count": 0, "daily_sd": -0.3159810022133458, "threshold_error": 6.5969288938021986}, "moldf": {"sample_sd": 0.85374989832437975, "sample_mean": 0.73333333333333328, "daily_article_count": 0, "30_day_error_count": 0, "threshold_warn": 2.4408331299820927, "30_day_warn_count": 0, "daily_sd": -0.85895569038733333, "threshold_error": 3.2945830283064725}, "chole": {"sample_sd": 2.3036203390894663, "sample_mean": 2.6000000000000001, "daily_article_count": 16, "30_day_error_count": 1, "threshold_warn": 7.2072406781789322, "30_day_warn_count": 0, "daily_sd": 5.8169307557409882, "threshold_error": 9.5108610172683985}, "hepat": {"sample_sd": 2.8301943396169813, "sample_mean": 1.7, "daily_article_count": 0, "30_day_error_count": 0, "threshold_warn": 7.3603886792339628, "30_day_warn_count": 0, "daily_sd": -0.60066546533693732, "threshold_error": 10.190583018850944}, "chiku": {"sample_sd": 1.0561986345169907, "sample_mean": 1.5333333333333334, "daily_article_count": 1, "30_day_error_count": 2, "threshold_warn": 3.6457306023673146, "30_day_warn_count": 0, "daily_sd": -0.5049555224782426, "threshold_error": 4.7019292368843058}, "yello": {"sample_sd": 0.58214163988576628, "sample_mean": 0.16666666666666666, "daily_article_count": 0, "30_day_error_count": 0, "threshold_warn": 1.3309499464381993, "30_day_warn_count": 0, "daily_sd": -0.28629916715693399, "threshold_error": 1.9130915863239657}, "menin": {"sample_sd": 1.0354816378006044, "sample_mean": 0.83333333333333337, "daily_article_count": 4, "30_day_error_count": 5, "threshold_warn": 2.9042966089345423, "30_day_warn_count": 4, "daily_sd": 3.0581582049033398, "threshold_error": 3.939778246735147}, "plagu": {"sample_sd": 3.5080858978460987, "sample_mean": 1.6000000000000001, "daily_article_count": 0, "30_day_error_count": 0, "threshold_warn": 8.6161717956921979, "30_day_warn_count": 0, "daily_sd": -0.45608917415117206, "threshold_error": 12.124257693538295}, "westn": {"sample_sd": 0.24944382578492943, "sample_mean": 0.066666666666666666, "daily_article_count": 0, "30_day_error_count": 6, "threshold_warn": 0.56555431823652558, "30_day_warn_count": 0, "daily_sd": -0.2672612419124244, "threshold_error": 0.81499814402145498}, "swine": {"sample_sd": 2.9295430056959773, "sample_mean": 1.5333333333333334, "daily_article_count": 5, "30_day_error_count": 4, "threshold_warn": 7.3924193447252877, "30_day_warn_count": 6, "daily_sd": 1.1833472524302759, "threshold_error": 10.321962350421265}, "measl": {"sample_sd": 2.6699979192667715, "sample_mean": 2.9333333333333331, "daily_article_count": 11, "30_day_error_count": 3, "threshold_warn": 8.2733291718668767, "30_day_warn_count": 3, "daily_sd": 3.0212258251054798, "threshold_error": 10.943327091133648}, "dengu": {"sample_sd": 2.4621580416825846, "sample_mean": 3.7333333333333334, "daily_article_count": 5, "30_day_error_count": 0, "threshold_warn": 8.6576494166985025, "30_day_warn_count": 0, "daily_sd": 0.51445384302018826, "threshold_error": 11.119807458381086}, "ebola": {"sample_sd": 112.12556948944933, "sample_mean": 229.30000000000001, "daily_article_count": 58, "30_day_error_count": 0, "threshold_warn": 453.55113897889868, "30_day_warn_count": 0, "daily_sd": -1.5277514377852841, "threshold_error": 565.67670846834801}, "unkno": {"sample_sd": 47.736498963930458, "sample_mean": 65.599999999999994, "daily_article_count": 35, "30_day_error_count": 0, "threshold_warn": 161.07299792786091, "30_day_warn_count": 0, "daily_sd": -0.64101894072963439, "threshold_error": 208.80949689179138}, "mumps": {"sample_sd": 0.65743609744386733, "sample_mean": 0.36666666666666664, "daily_article_count": 0, "30_day_error_count": 1, "threshold_warn": 1.6815388615544014, "30_day_warn_count": 0, "daily_sd": -0.55772213921973313, "threshold_error": 2.3389749589982687}}