{"hemmo": {"sample_sd": 1.6110727964792761, "sample_mean": 0.73333333333333328, "daily_article_count": 0, "30_day_error_count": 0, "threshold_warn": 3.9554789262918857, "30_day_warn_count": 0, "daily_sd": -0.4551832387313024, "threshold_error": 5.5665517227711616}, "mersc": {"sample_sd": 20.569772861058905, "sample_mean": 40.466666666666669, "daily_article_count": 1, "30_day_error_count": 0, "threshold_warn": 81.606212388784485, "30_day_warn_count": 0, "daily_sd": -1.9186729446770847, "threshold_error": 102.17598524984338}, "influ": {"sample_sd": 5.0112096565821522, "sample_mean": 11.233333333333333, "daily_article_count": 12, "30_day_error_count": 1, "threshold_warn": 21.255752646497637, "30_day_warn_count": 0, "daily_sd": 0.15299033950009691, "threshold_error": 26.266962303079787}, "pertu": {"sample_sd": 1.3535960336164634, "sample_mean": 0.96666666666666667, "daily_article_count": 2, "30_day_error_count": 0, "threshold_warn": 3.6738587338995936, "30_day_warn_count": 6, "daily_sd": 0.76339861204567072, "threshold_error": 5.0274547675160566}, "moldf": {"sample_sd": 0.66999170807472597, "sample_mean": 0.46666666666666667, "daily_article_count": 1, "30_day_error_count": 2, "threshold_warn": 1.8066500828161187, "30_day_warn_count": 0, "daily_sd": 0.79602975216799132, "threshold_error": 2.4766417908908447}, "chole": {"sample_sd": 5.3537110701103607, "sample_mean": 6.9333333333333336, "daily_article_count": 6, "30_day_error_count": 0, "threshold_warn": 17.640755473554055, "30_day_warn_count": 0, "daily_sd": -0.17433390056181983, "threshold_error": 22.994466543664416}, "hepat": {"sample_sd": 2.2313423961572747, "sample_mean": 2.7666666666666666, "daily_article_count": 11, "30_day_error_count": 1, "threshold_warn": 7.229351458981216, "30_day_warn_count": 0, "daily_sd": 3.6898565399521113, "threshold_error": 9.4606938551384907}, "chiku": {"sample_sd": 1.2092238098144703, "sample_mean": 1.2666666666666666, "daily_article_count": 1, "30_day_error_count": 2, "threshold_warn": 3.6851142862956072, "30_day_warn_count": 0, "daily_sd": -0.22052713856798845, "threshold_error": 4.8943380961100775}, "yello": {"sample_sd": 1.4548768561863463, "sample_mean": 0.5, "daily_article_count": 0, "30_day_error_count": 0, "threshold_warn": 3.4097537123726926, "30_day_warn_count": 0, "daily_sd": -0.34367169831173533, "threshold_error": 4.864630568559039}, "menin": {"sample_sd": 3.5560589921365979, "sample_mean": 4.5666666666666664, "daily_article_count": 3, "30_day_error_count": 0, "threshold_warn": 11.678784650939862, "30_day_warn_count": 0, "daily_sd": -0.440562620060856, "threshold_error": 15.234843643076459}, "plagu": {"sample_sd": 1.7349351572897471, "sample_mean": 0.69999999999999996, "daily_article_count": 1, "30_day_error_count": 0, "threshold_warn": 4.1698703145794944, "30_day_warn_count": 0, "daily_sd": 0.17291712531127051, "threshold_error": 5.9048054718692411}, "westn": {"sample_sd": 2.3430749027719964, "sample_mean": 3.1000000000000001, "daily_article_count": 9, "30_day_error_count": 8, "threshold_warn": 7.7861498055439924, "30_day_warn_count": 2, "daily_sd": 2.5180586386802877, "threshold_error": 10.12922470831599}, "swine": {"sample_sd": 2.0231987873991359, "sample_mean": 2.2000000000000002, "daily_article_count": 1, "30_day_error_count": 1, "threshold_warn": 6.2463975747982721, "30_day_warn_count": 0, "daily_sd": -0.59312016568704307, "threshold_error": 8.269596362197408}, "measl": {"sample_sd": 3.0928232338036321, "sample_mean": 4.0333333333333332, "daily_article_count": 8, "30_day_error_count": 3, "threshold_warn": 10.218979800940598, "30_day_warn_count": 2, "daily_sd": 1.2825390805760211, "threshold_error": 13.31180303474423}, "dengu": {"sample_sd": 3.8273866918419528, "sample_mean": 7.1333333333333337, "daily_article_count": 12, "30_day_error_count": 0, "threshold_warn": 14.788106717017239, "30_day_warn_count": 0, "daily_sd": 1.2715377510822021, "threshold_error": 18.615493408859191}, "ebola": {"sample_sd": 14.777197148158901, "sample_mean": 39.966666666666669, "daily_article_count": 30, "30_day_error_count": 1, "threshold_warn": 69.521060962984478, "30_day_warn_count": 0, "daily_sd": -0.67446259035045908, "threshold_error": 84.298258111143369}, "unkno": {"sample_sd": 48.857673115102635, "sample_mean": 132.83333333333334, "daily_article_count": 88, "30_day_error_count": 0, "threshold_warn": 230.5486795635386, "30_day_warn_count": 0, "daily_sd": -0.91763136626894926, "threshold_error": 279.40635267864127}, "mumps": {"sample_sd": 0.55876848714134031, "sample_mean": 0.23333333333333334, "daily_article_count": 0, "30_day_error_count": 2, "threshold_warn": 1.350870307616014, "30_day_warn_count": 0, "daily_sd": -0.41758499039032554, "threshold_error": 1.9096387947573543}}