{"hemmo": {"sample_sd": 0.69920589878010098, "sample_mean": 0.33333333333343329, "daily_article_count": 0, "30_day_error_count": 0, "threshold_warn": 1.7317451308936351, "30_day_warn_count": 0, "daily_sd": -0.47673129462293917, "threshold_error": 2.4309510296737362}, "mersc": {"sample_sd": 11.357034041607088, "sample_mean": 13.533333333333433, "daily_article_count": 0, "30_day_error_count": 0, "threshold_warn": 36.247401416547611, "30_day_warn_count": 0, "daily_sd": -1.1916256730193251, "threshold_error": 47.604435458154697}, "influ": {"sample_sd": 5.4983836008614579, "sample_mean": 10.966666666666766, "daily_article_count": 1, "30_day_error_count": 0, "threshold_warn": 21.963433868389682, "30_day_warn_count": 0, "daily_sd": -1.8126539343499499, "threshold_error": 27.461817469251137}, "pertu": {"sample_sd": 1.5638272140986533, "sample_mean": 1.5666666666667666, "daily_article_count": 2, "30_day_error_count": 0, "threshold_warn": 4.6943210948640735, "30_day_warn_count": 0, "daily_sd": 0.27709796160760303, "threshold_error": 6.2581483089627268}, "moldf": {"sample_sd": 1.0225241100118647, "sample_mean": 0.56666666666676668, "daily_article_count": 0, "30_day_error_count": 0, "threshold_warn": 2.6117148866904962, "30_day_warn_count": 1, "daily_sd": -0.55418416164308482, "threshold_error": 3.6342389967023609}, "chole": {"sample_sd": 5.3425961229849035, "sample_mean": 7.3000000000001002, "daily_article_count": 3, "30_day_error_count": 0, "threshold_warn": 17.985192245969905, "30_day_warn_count": 0, "daily_sd": -0.80485215446113378, "threshold_error": 23.32778836895481}, "hepat": {"sample_sd": 2.2171052197754522, "sample_mean": 2.5333333333334331, "daily_article_count": 1, "30_day_error_count": 4, "threshold_warn": 6.967543772884337, "30_day_warn_count": 10, "daily_sd": -0.69159249622294816, "threshold_error": 9.1846489926597901}, "chiku": {"sample_sd": 1.4255603186895396, "sample_mean": 1.0333333333334334, "daily_article_count": 0, "30_day_error_count": 1, "threshold_warn": 3.8844539707125127, "30_day_warn_count": 0, "daily_sd": -0.72486117899475155, "threshold_error": 5.3100142894020523}, "yello": {"sample_sd": 1.584999123729165, "sample_mean": 0.56666666666676668, "daily_article_count": 0, "30_day_error_count": 0, "threshold_warn": 3.7366649141250967, "30_day_warn_count": 0, "daily_sd": -0.35751859933746893, "threshold_error": 5.3216640378542612}, "menin": {"sample_sd": 3.6914315199752341, "sample_mean": 4.8000000000001002, "daily_article_count": 2, "30_day_error_count": 1, "threshold_warn": 12.182863039950568, "30_day_warn_count": 0, "daily_sd": -0.75851332602233545, "threshold_error": 15.874294559925803}, "plagu": {"sample_sd": 1.7204650534085255, "sample_mean": 0.80000000000010008, "daily_article_count": 1, "30_day_error_count": 0, "threshold_warn": 4.2409301068171512, "30_day_warn_count": 0, "daily_sd": 0.11624763874376111, "threshold_error": 5.9613951602256767}, "westn": {"sample_sd": 5.0711602880077322, "sample_mean": 6.5000000000001004, "daily_article_count": 4, "30_day_error_count": 0, "threshold_warn": 16.642320576015564, "30_day_warn_count": 0, "daily_sd": -0.49298382579467948, "threshold_error": 21.713480864023296}, "swine": {"sample_sd": 2.6967058093574505, "sample_mean": 2.8333333333334334, "daily_article_count": 0, "30_day_error_count": 0, "threshold_warn": 8.2267449520483353, "30_day_warn_count": 0, "daily_sd": -1.0506646010483944, "threshold_error": 10.923450761405785}, "measl": {"sample_sd": 5.4671747731346585, "sample_mean": 5.9000000000001007, "daily_article_count": 2, "30_day_error_count": 0, "threshold_warn": 16.834349546269419, "30_day_warn_count": 0, "daily_sd": -0.7133483310547245, "threshold_error": 22.301524319404077}, "dengu": {"sample_sd": 4.3768329493672322, "sample_mean": 9.9000000000000998, "daily_article_count": 3, "30_day_error_count": 0, "threshold_warn": 18.653665898734566, "30_day_warn_count": 0, "daily_sd": -1.5764823743153475, "threshold_error": 23.030498848101796}, "ebola": {"sample_sd": 20.9366504802782, "sample_mean": 45.700000000000102, "daily_article_count": 18, "30_day_error_count": 1, "threshold_warn": 87.573300960556509, "30_day_warn_count": 0, "daily_sd": -1.323038755702246, "threshold_error": 108.5099514408347}, "unkno": {"sample_sd": 42.379777672323335, "sample_mean": 79.233333333333434, "daily_article_count": 20, "30_day_error_count": 0, "threshold_warn": 163.99288867798009, "30_day_warn_count": 0, "daily_sd": -1.397679190092036, "threshold_error": 206.37266635030343}, "mumps": {"sample_sd": 0.37267799624996495, "sample_mean": 0.16666666666676666, "daily_article_count": 0, "30_day_error_count": 12, "threshold_warn": 0.91202265916669656, "30_day_warn_count": 0, "daily_sd": -0.44721359550022627, "threshold_error": 1.2847006554166616}}