{"hemmo": {"sample_sd": 1.6193277068654823, "sample_mean": 0.66666666666676666, "daily_article_count": 0, "30_day_error_count": 0, "threshold_warn": 3.9053220803977311, "30_day_warn_count": 0, "daily_sd": -0.41169348479637091, "threshold_error": 5.5246497872632139}, "mersc": {"sample_sd": 24.274723937096017, "sample_mean": 35.733333333333434, "daily_article_count": 5, "30_day_error_count": 0, "threshold_warn": 84.28278120752546, "30_day_warn_count": 0, "daily_sd": -1.2660631450628996, "threshold_error": 108.55750514462149}, "influ": {"sample_sd": 5.5897724064183105, "sample_mean": 12.566666666666766, "daily_article_count": 11, "30_day_error_count": 1, "threshold_warn": 23.746211479503387, "30_day_warn_count": 0, "daily_sd": -0.28027378446891354, "threshold_error": 29.335983885921696}, "pertu": {"sample_sd": 1.1234866364235143, "sample_mean": 0.73333333333343331, "daily_article_count": 1, "30_day_error_count": 3, "threshold_warn": 2.9803066061804619, "30_day_warn_count": 6, "daily_sd": 0.23735633163868172, "threshold_error": 4.1037932426039756}, "moldf": {"sample_sd": 0.48189440982669857, "sample_mean": 0.36666666666676662, "daily_article_count": 2, "30_day_error_count": 5, "threshold_warn": 1.3304554863201639, "30_day_warn_count": 0, "daily_sd": 3.389400872943559, "threshold_error": 1.8123498961468623}, "chole": {"sample_sd": 7.8669491474706312, "sample_mean": 8.6666666666667656, "daily_article_count": 0, "30_day_error_count": 0, "threshold_warn": 24.400564961608026, "30_day_warn_count": 0, "daily_sd": -1.1016553563783056, "threshold_error": 32.267514109078661}, "hepat": {"sample_sd": 2.2420228961066986, "sample_mean": 2.8000000000000997, "daily_article_count": 4, "30_day_error_count": 0, "threshold_warn": 7.2840457922134974, "30_day_warn_count": 0, "daily_sd": 0.53523093010500278, "threshold_error": 9.5260686883201959}, "chiku": {"sample_sd": 1.3354150416006754, "sample_mean": 1.5000000000000999, "daily_article_count": 0, "30_day_error_count": 1, "threshold_warn": 4.1708300832014507, "30_day_warn_count": 0, "daily_sd": -1.1232462966735399, "threshold_error": 5.5062451248021258}, "yello": {"sample_sd": 0.70632067001390297, "sample_mean": 0.36666666666676662, "daily_article_count": 0, "30_day_error_count": 3, "threshold_warn": 1.7793080066945726, "30_day_warn_count": 0, "daily_sd": -0.51912209600145109, "threshold_error": 2.4856286767084756}, "menin": {"sample_sd": 2.6882460204874605, "sample_mean": 3.2000000000001001, "daily_article_count": 3, "30_day_error_count": 3, "threshold_warn": 8.5764920409750207, "30_day_warn_count": 0, "daily_sd": -0.074397952596553657, "threshold_error": 11.264738061462483}, "plagu": {"sample_sd": 0.17950549357115012, "sample_mean": 0.033333333333433336, "daily_article_count": 0, "30_day_error_count": 9, "threshold_warn": 0.39234432047573359, "30_day_warn_count": 0, "daily_sd": -0.185695338177609, "threshold_error": 0.57184981404688373}, "westn": {"sample_sd": 2.183015244004392, "sample_mean": 3.3666666666667666, "daily_article_count": 14, "30_day_error_count": 7, "threshold_warn": 7.7326971546755505, "30_day_warn_count": 6, "daily_sd": 4.8709386535606987, "threshold_error": 9.9157123986799434}, "swine": {"sample_sd": 1.4083086782851739, "sample_mean": 1.5000000000000999, "daily_article_count": 3, "30_day_error_count": 5, "threshold_warn": 4.3166173565704478, "30_day_warn_count": 0, "daily_sd": 1.0651074037450186, "threshold_error": 5.7249260348556223}, "measl": {"sample_sd": 3.1276544281973067, "sample_mean": 4.5333333333334336, "daily_article_count": 1, "30_day_error_count": 3, "threshold_warn": 10.788642189728048, "30_day_warn_count": 3, "daily_sd": -1.1297070742466742, "threshold_error": 13.916296617925354}, "dengu": {"sample_sd": 2.8859814429217812, "sample_mean": 6.266666666666767, "daily_article_count": 14, "30_day_error_count": 6, "threshold_warn": 12.038629552510329, "30_day_warn_count": 5, "daily_sd": 2.6796199096498592, "threshold_error": 14.92461099543211}, "ebola": {"sample_sd": 15.060618254979515, "sample_mean": 38.333333333333435, "daily_article_count": 28, "30_day_error_count": 1, "threshold_warn": 68.454569843292461, "30_day_warn_count": 0, "daily_sd": -0.68611614466204995, "threshold_error": 83.515188098271977}, "unkno": {"sample_sd": 54.331329206391899, "sample_mean": 116.2000000000001, "daily_article_count": 48, "30_day_error_count": 0, "threshold_warn": 224.8626584127839, "30_day_warn_count": 0, "daily_sd": -1.2552610251982681, "threshold_error": 279.1939876191758}, "mumps": {"sample_sd": 0.58594652770823141, "sample_mean": 0.30000000000009996, "daily_article_count": 0, "30_day_error_count": 0, "threshold_warn": 1.4718930554165628, "30_day_warn_count": 0, "daily_sd": -0.51199211158988756, "threshold_error": 2.0578395831247942}}