{"hemmo": {"sample_sd": 1.6193277068654823, "sample_mean": 0.66666666666676666, "daily_article_count": 0, "30_day_error_count": 0, "threshold_warn": 3.9053220803977311, "30_day_warn_count": 0, "daily_sd": -0.41169348479637091, "threshold_error": 5.5246497872632139}, "mersc": {"sample_sd": 25.524737456479784, "sample_mean": 32.766666666666765, "daily_article_count": 2, "30_day_error_count": 0, "threshold_warn": 83.816141579626333, "30_day_warn_count": 0, "daily_sd": -1.2053666259692026, "threshold_error": 109.34087903610612}, "influ": {"sample_sd": 5.7061370470748427, "sample_mean": 12.8000000000001, "daily_article_count": 14, "30_day_error_count": 1, "threshold_warn": 24.212274094149784, "30_day_warn_count": 0, "daily_sd": 0.2102998911698169, "threshold_error": 29.918411141224627}, "pertu": {"sample_sd": 1.1160446028522137, "sample_mean": 0.76666666666676675, "daily_article_count": 3, "30_day_error_count": 3, "threshold_warn": 2.998755872371194, "30_day_warn_count": 4, "daily_sd": 2.0011147651497314, "threshold_error": 4.114800475223408}, "moldf": {"sample_sd": 0.48989794855663571, "sample_mean": 0.4000000000001, "daily_article_count": 1, "30_day_error_count": 4, "threshold_warn": 1.3797958971133715, "30_day_warn_count": 0, "daily_sd": 1.2247448713913847, "threshold_error": 1.8696938456700072}, "chole": {"sample_sd": 8.0692144736784783, "sample_mean": 8.5666666666667659, "daily_article_count": 5, "30_day_error_count": 0, "threshold_warn": 24.705095614023723, "30_day_warn_count": 0, "daily_sd": -0.44200915445996874, "threshold_error": 32.774310087702204}, "hepat": {"sample_sd": 2.1715329966536445, "sample_mean": 2.5333333333334331, "daily_article_count": 7, "30_day_error_count": 0, "threshold_warn": 6.8763993266407226, "30_day_warn_count": 0, "daily_sd": 2.0569186254824348, "threshold_error": 9.0479323232943667}, "chiku": {"sample_sd": 1.32874209519965, "sample_mean": 1.3666666666667666, "daily_article_count": 0, "30_day_error_count": 1, "threshold_warn": 4.0241508570660667, "30_day_warn_count": 0, "daily_sd": -1.0285417099406475, "threshold_error": 5.3528929522657167}, "yello": {"sample_sd": 0.70632067001390297, "sample_mean": 0.36666666666676662, "daily_article_count": 0, "30_day_error_count": 3, "threshold_warn": 1.7793080066945726, "30_day_warn_count": 0, "daily_sd": -0.51912209600145109, "threshold_error": 2.4856286767084756}, "menin": {"sample_sd": 2.6917569644296555, "sample_mean": 3.2333333333334333, "daily_article_count": 1, "30_day_error_count": 3, "threshold_warn": 8.6168472621927439, "30_day_warn_count": 0, "daily_sd": -0.8296935283704725, "threshold_error": 11.3086042266224}, "plagu": {"sample_sd": 0.17950549357115012, "sample_mean": 0.033333333333433336, "daily_article_count": 0, "30_day_error_count": 9, "threshold_warn": 0.39234432047573359, "30_day_warn_count": 0, "daily_sd": -0.185695338177609, "threshold_error": 0.57184981404688373}, "westn": {"sample_sd": 2.2647050335284038, "sample_mean": 3.2666666666667665, "daily_article_count": 16, "30_day_error_count": 5, "threshold_warn": 7.7960767337235737, "30_day_warn_count": 4, "daily_sd": 5.6225129298603349, "threshold_error": 10.060781767251978}, "swine": {"sample_sd": 1.4255603186895398, "sample_mean": 1.3666666666667666, "daily_article_count": 0, "30_day_error_count": 4, "threshold_warn": 4.2177873040458458, "30_day_warn_count": 0, "daily_sd": -0.95868736576722913, "threshold_error": 5.6433476227353863}, "measl": {"sample_sd": 3.1904370999737464, "sample_mean": 4.4333333333334339, "daily_article_count": 3, "30_day_error_count": 2, "threshold_warn": 10.814207533280927, "30_day_warn_count": 3, "daily_sd": -0.4492592357784545, "threshold_error": 14.004644633254674}, "dengu": {"sample_sd": 2.9741478704925814, "sample_mean": 5.766666666666767, "daily_article_count": 11, "30_day_error_count": 6, "threshold_warn": 11.71496240765193, "30_day_warn_count": 6, "daily_sd": 1.7596076460268544, "threshold_error": 14.689110278144511}, "ebola": {"sample_sd": 15.695328392019498, "sample_mean": 37.300000000000097, "daily_article_count": 51, "30_day_error_count": 1, "threshold_warn": 68.690656784039092, "30_day_warn_count": 0, "daily_sd": 0.87287119184877038, "threshold_error": 84.385985176058597}, "unkno": {"sample_sd": 56.54242261838057, "sample_mean": 109.23333333333343, "daily_article_count": 57, "30_day_error_count": 0, "threshold_warn": 222.31817857009457, "30_day_warn_count": 0, "daily_sd": -0.92379015462195002, "threshold_error": 278.86060118847513}, "mumps": {"sample_sd": 0.58594652770823152, "sample_mean": 0.30000000000009996, "daily_article_count": 1, "30_day_error_count": 0, "threshold_warn": 1.471893055416563, "30_day_warn_count": 0, "daily_sd": 1.1946482603758355, "threshold_error": 2.0578395831247942}}