{"hemmo": {"sample_sd": 2.275717225159771, "sample_mean": 1.2333333333333334, "daily_article_count": 0, "30_day_error_count": 0, "threshold_warn": 5.7847677836528755, "30_day_warn_count": 0, "daily_sd": -0.54195368374326247, "threshold_error": 8.0604850088126465}, "mersc": {"sample_sd": 2.6265736024122543, "sample_mean": 1.9666666666666666, "daily_article_count": 36, "30_day_error_count": 29, "threshold_warn": 7.2198138714911755, "30_day_warn_count": 0, "daily_sd": 12.957311876612557, "threshold_error": 9.8463874739034303}, "influ": {"sample_sd": 5.9795949323976423, "sample_mean": 4.666666666666667, "daily_article_count": 1, "30_day_error_count": 0, "threshold_warn": 16.625856531461952, "30_day_warn_count": 1, "daily_sd": -0.6131964971072783, "threshold_error": 22.605451463859595}, "pertu": {"sample_sd": 1.0225241100118647, "sample_mean": 0.56666666666666665, "daily_article_count": 0, "30_day_error_count": 6, "threshold_warn": 2.6117148866903959, "30_day_warn_count": 3, "daily_sd": -0.55418416164298701, "threshold_error": 3.634238996702261}, "moldf": {"sample_sd": 1.024152766382481, "sample_mean": 0.46666666666666667, "daily_article_count": 0, "30_day_error_count": 0, "threshold_warn": 2.5149721994316288, "30_day_warn_count": 1, "daily_sd": -0.45566118843288361, "threshold_error": 3.5391249658141097}, "chole": {"sample_sd": 2.2012622641465409, "sample_mean": 2.4333333333333331, "daily_article_count": 1, "30_day_error_count": 0, "threshold_warn": 6.8358578616264154, "30_day_warn_count": 0, "daily_sd": -0.65114155486104963, "threshold_error": 9.0371201257729563}, "hepat": {"sample_sd": 2.3804761428476167, "sample_mean": 2.0, "daily_article_count": 2, "30_day_error_count": 0, "threshold_warn": 6.7609522856952333, "30_day_warn_count": 0, "daily_sd": 0.0, "threshold_error": 9.1414284285428504}, "chiku": {"sample_sd": 1.9720265943665385, "sample_mean": 1.3333333333333333, "daily_article_count": 0, "30_day_error_count": 1, "threshold_warn": 5.2773865220664105, "30_day_warn_count": 1, "daily_sd": -0.67612340378281333, "threshold_error": 7.2494131164329483}, "yello": {"sample_sd": 0.33993463423951903, "sample_mean": 0.13333333333333333, "daily_article_count": 0, "30_day_error_count": 2, "threshold_warn": 0.81320260181237136, "30_day_warn_count": 0, "daily_sd": -0.39223227027636803, "threshold_error": 1.1531372360518903}, "menin": {"sample_sd": 4.2483983910279512, "sample_mean": 3.4666666666666668, "daily_article_count": 0, "30_day_error_count": 0, "threshold_warn": 11.963463448722569, "30_day_warn_count": 0, "daily_sd": -0.81599378108884579, "threshold_error": 16.211861839750519}, "plagu": {"sample_sd": 0.24944382578492943, "sample_mean": 0.066666666666666666, "daily_article_count": 0, "30_day_error_count": 1, "threshold_warn": 0.56555431823652558, "30_day_warn_count": 0, "daily_sd": -0.2672612419124244, "threshold_error": 0.81499814402145498}, "westn": {"sample_sd": 0.17950549357115012, "sample_mean": 0.033333333333333333, "daily_article_count": 0, "30_day_error_count": 11, "threshold_warn": 0.39234432047563356, "30_day_warn_count": 0, "daily_sd": -0.18569533817705189, "threshold_error": 0.5718498140467837}, "swine": {"sample_sd": 2.0190756961210408, "sample_mean": 1.7, "daily_article_count": 0, "30_day_error_count": 0, "threshold_warn": 5.7381513922420817, "30_day_warn_count": 0, "daily_sd": -0.84196942356641957, "threshold_error": 7.7572270883631225}, "measl": {"sample_sd": 5.2958054680620172, "sample_mean": 8.4333333333333336, "daily_article_count": 4, "30_day_error_count": 2, "threshold_warn": 19.024944269457368, "30_day_warn_count": 0, "daily_sd": -0.83714051810813539, "threshold_error": 24.320749737519385}, "dengu": {"sample_sd": 6.8774187664332969, "sample_mean": 5.9666666666666668, "daily_article_count": 1, "30_day_error_count": 0, "threshold_warn": 19.721504199533261, "30_day_warn_count": 0, "daily_sd": -0.72217016810253554, "threshold_error": 26.598922965966558}, "ebola": {"sample_sd": 26.44154979488826, "sample_mean": 34.666666666666664, "daily_article_count": 1, "30_day_error_count": 0, "threshold_warn": 87.549766256443178, "30_day_warn_count": 0, "daily_sd": -1.2732486154489773, "threshold_error": 113.99131605133144}, "unkno": {"sample_sd": 15.459481089465957, "sample_mean": 36.93333333333333, "daily_article_count": 31, "30_day_error_count": 2, "threshold_warn": 67.852295512265243, "30_day_warn_count": 2, "daily_sd": -0.38379899680955559, "threshold_error": 83.311776601731196}, "mumps": {"sample_sd": 2.0387904911164041, "sample_mean": 2.1000000000000001, "daily_article_count": 0, "30_day_error_count": 1, "threshold_warn": 6.1775809822328078, "30_day_warn_count": 0, "daily_sd": -1.0300224614300997, "threshold_error": 8.2163714733492128}}