{"hemmo": {"sample_sd": 0.0, "sample_mean": 1e-13, "daily_article_count": 0, "30_day_error_count": 4, "threshold_warn": 1e-13, "30_day_warn_count": 0, "daily_sd": -Infinity, "threshold_error": 1e-13}, "mersc": {"sample_sd": 6.4311740763254113, "sample_mean": 9.2000000000000988, "daily_article_count": 1, "30_day_error_count": 0, "threshold_warn": 22.06234815265092, "30_day_warn_count": 0, "daily_sd": -1.2750393478208173, "threshold_error": 28.493522228976332}, "influ": {"sample_sd": 2.031966753883756, "sample_mean": 2.0666666666667668, "daily_article_count": 4, "30_day_error_count": 4, "threshold_warn": 6.1306001744342788, "30_day_warn_count": 0, "daily_sd": 0.95145913664089143, "threshold_error": 8.1625669283180358}, "pertu": {"sample_sd": 3.6203130619694575, "sample_mean": 2.6000000000001, "daily_article_count": 5, "30_day_error_count": 0, "threshold_warn": 9.840626123939014, "30_day_warn_count": 0, "daily_sd": 0.66292609476548836, "threshold_error": 13.460939185908472}, "moldf": {"sample_sd": 0.66749947981669278, "sample_mean": 0.23333333333343334, "daily_article_count": 0, "30_day_error_count": 0, "threshold_warn": 1.5683322929668189, "30_day_warn_count": 0, "daily_sd": -0.34956331860739548, "threshold_error": 2.2358317727835115}, "chole": {"sample_sd": 2.6297443897754693, "sample_mean": 4.1333333333334341, "daily_article_count": 3, "30_day_error_count": 2, "threshold_warn": 9.3928221128843727, "30_day_warn_count": 0, "daily_sd": -0.43096710757892309, "threshold_error": 12.022566502659842}, "hepat": {"sample_sd": 1.2688577540449522, "sample_mean": 1.3000000000001, "daily_article_count": 20, "30_day_error_count": 6, "threshold_warn": 3.8377155080900041, "30_day_warn_count": 2, "daily_sd": 14.737664596671102, "threshold_error": 5.1065732621349564}, "chiku": {"sample_sd": 7.050925865129738, "sample_mean": 9.4666666666667663, "daily_article_count": 2, "30_day_error_count": 1, "threshold_warn": 23.568518396926244, "30_day_warn_count": 0, "daily_sd": -1.0589625829982228, "threshold_error": 30.619444262055978}, "yello": {"sample_sd": 0.86922698736035298, "sample_mean": 0.33333333333343329, "daily_article_count": 0, "30_day_error_count": 0, "threshold_warn": 2.0717873080541391, "30_day_warn_count": 0, "daily_sd": -0.38348249442380028, "threshold_error": 2.9410142954144924}, "menin": {"sample_sd": 1.7272328544042153, "sample_mean": 1.5000000000000999, "daily_article_count": 2, "30_day_error_count": 1, "threshold_warn": 4.9544657088085309, "30_day_warn_count": 0, "daily_sd": 0.28948036665986654, "threshold_error": 6.6816985632127448}, "plagu": {"sample_sd": 0.17950549357115012, "sample_mean": 0.033333333333433336, "daily_article_count": 0, "30_day_error_count": 10, "threshold_warn": 0.39234432047573359, "30_day_warn_count": 0, "daily_sd": -0.185695338177609, "threshold_error": 0.57184981404688373}, "westn": {"sample_sd": 1.5477582354991863, "sample_mean": 2.2666666666667665, "daily_article_count": 7, "30_day_error_count": 7, "threshold_warn": 5.3621831376651397, "30_day_warn_count": 1, "daily_sd": 3.0581864950029667, "threshold_error": 6.909941373164326}, "swine": {"sample_sd": 0.91651513899116799, "sample_mean": 0.60000000000010001, "daily_article_count": 0, "30_day_error_count": 3, "threshold_warn": 2.4330302779824358, "30_day_warn_count": 0, "daily_sd": -0.65465367070808622, "threshold_error": 3.3495454169736041}, "measl": {"sample_sd": 7.3108747006694692, "sample_mean": 7.5333333333334336, "daily_article_count": 3, "30_day_error_count": 1, "threshold_warn": 22.155082734672373, "30_day_warn_count": 0, "daily_sd": -0.62008084106793793, "threshold_error": 29.465957435341842}, "dengu": {"sample_sd": 2.7041120949809425, "sample_mean": 3.2333333333334333, "daily_article_count": 6, "30_day_error_count": 4, "threshold_warn": 8.6415575232953188, "30_day_warn_count": 2, "daily_sd": 1.0231331281723604, "threshold_error": 11.345669618276261}, "ebola": {"sample_sd": 11.452510641776326, "sample_mean": 15.200000000000099, "daily_article_count": 305, "30_day_error_count": 9, "threshold_warn": 38.105021283552752, "30_day_warn_count": 16, "daily_sd": 25.30449515085985, "threshold_error": 49.557531925329073}, "unkno": {"sample_sd": 24.920674148184677, "sample_mean": 55.400000000000098, "daily_article_count": 116, "30_day_error_count": 4, "threshold_warn": 105.24134829636945, "30_day_warn_count": 5, "daily_sd": 2.4317159174610152, "threshold_error": 130.16202244455414}, "mumps": {"sample_sd": 0.51207638319124049, "sample_mean": 0.26666666666676664, "daily_article_count": 0, "30_day_error_count": 0, "threshold_warn": 1.2908194330492475, "30_day_warn_count": 0, "daily_sd": -0.52075564392349072, "threshold_error": 1.802895816240488}}