{"hemmo": {"sample_sd": 0.47140452079103168, "sample_mean": 0.33333333333333331, "daily_article_count": 0, "30_day_error_count": 0, "threshold_warn": 1.2761423749153966, "30_day_warn_count": 0, "daily_sd": -0.70710678118654746, "threshold_error": 1.7475468957064282}, "mersc": {"sample_sd": 17.372551785951181, "sample_mean": 23.833333333333332, "daily_article_count": 5, "30_day_error_count": 5, "threshold_warn": 58.578436905235691, "30_day_warn_count": 6, "daily_sd": -1.0840856061550759, "threshold_error": 75.950988691186879}, "influ": {"sample_sd": 5.715476066494082, "sample_mean": 6.0, "daily_article_count": 2, "30_day_error_count": 0, "threshold_warn": 17.430952132988164, "30_day_warn_count": 0, "daily_sd": -0.6998542122237652, "threshold_error": 23.146428199482244}, "pertu": {"sample_sd": 1.7156145643277028, "sample_mean": 1.7, "daily_article_count": 2, "30_day_error_count": 1, "threshold_warn": 5.1312291286554057, "30_day_warn_count": 0, "daily_sd": 0.17486445163023021, "threshold_error": 6.846843692983108}, "moldf": {"sample_sd": 1.1944315244779278, "sample_mean": 0.80000000000000004, "daily_article_count": 0, "30_day_error_count": 0, "threshold_warn": 3.1888630489558558, "30_day_warn_count": 0, "daily_sd": -0.66977468662313711, "threshold_error": 4.3832945734337834}, "chole": {"sample_sd": 1.9988885800753264, "sample_mean": 1.9333333333333333, "daily_article_count": 3, "30_day_error_count": 10, "threshold_warn": 5.9311104934839864, "30_day_warn_count": 5, "daily_sd": 0.53362987677205609, "threshold_error": 7.9299990735593129}, "hepat": {"sample_sd": 2.1437246921084703, "sample_mean": 2.0666666666666669, "daily_article_count": 1, "30_day_error_count": 3, "threshold_warn": 6.3541160508836079, "30_day_warn_count": 0, "daily_sd": -0.4975763308568984, "threshold_error": 8.4978407429920768}, "chiku": {"sample_sd": 1.8681541692269406, "sample_mean": 1.8999999999999999, "daily_article_count": 2, "30_day_error_count": 5, "threshold_warn": 5.6363083384538815, "30_day_warn_count": 5, "daily_sd": 0.05352877275721897, "threshold_error": 7.504462507680822}, "yello": {"sample_sd": 0.66749947981669278, "sample_mean": 0.23333333333333334, "daily_article_count": 0, "30_day_error_count": 0, "threshold_warn": 1.5683322929667189, "30_day_warn_count": 0, "daily_sd": -0.34956331860724571, "threshold_error": 2.2358317727834116}, "menin": {"sample_sd": 3.0066592756745818, "sample_mean": 2.6000000000000001, "daily_article_count": 0, "30_day_error_count": 0, "threshold_warn": 8.6133185513491632, "30_day_warn_count": 0, "daily_sd": -0.86474713680906112, "threshold_error": 11.619977827023744}, "plagu": {"sample_sd": 0.29999999999999999, "sample_mean": 0.10000000000000001, "daily_article_count": 0, "30_day_error_count": 0, "threshold_warn": 0.69999999999999996, "30_day_warn_count": 0, "daily_sd": -0.33333333333333337, "threshold_error": 0.99999999999999989}, "westn": {"sample_sd": 0.52599112793531666, "sample_mean": 0.29999999999999999, "daily_article_count": 1, "30_day_error_count": 11, "threshold_warn": 1.3519822558706334, "30_day_warn_count": 0, "daily_sd": 1.3308209261014035, "threshold_error": 1.87797338380595}, "swine": {"sample_sd": 2.1249836600678966, "sample_mean": 1.8666666666666667, "daily_article_count": 0, "30_day_error_count": 2, "threshold_warn": 6.1166339868024604, "30_day_warn_count": 0, "daily_sd": -0.87843812719342218, "threshold_error": 8.2416176468703561}, "measl": {"sample_sd": 10.022419313164308, "sample_mean": 13.533333333333333, "daily_article_count": 9, "30_day_error_count": 0, "threshold_warn": 33.578171959661951, "30_day_warn_count": 0, "daily_sd": -0.45231926460898148, "threshold_error": 43.600591272826257}, "dengu": {"sample_sd": 6.6749947981669289, "sample_mean": 6.333333333333333, "daily_article_count": 1, "30_day_error_count": 0, "threshold_warn": 19.683322929667192, "30_day_warn_count": 0, "daily_sd": -0.79900187110227561, "threshold_error": 26.35831772783412}, "ebola": {"sample_sd": 19.73378377864271, "sample_mean": 22.666666666666668, "daily_article_count": 6, "30_day_error_count": 0, "threshold_warn": 62.134234223952092, "30_day_warn_count": 0, "daily_sd": -0.84457531579445533, "threshold_error": 81.868018002594795}, "unkno": {"sample_sd": 14.804691448621579, "sample_mean": 44.56666666666667, "daily_article_count": 28, "30_day_error_count": 5, "threshold_warn": 74.176049563909828, "30_day_warn_count": 5, "daily_sd": -1.1190146531699006, "threshold_error": 88.980741012531411}, "mumps": {"sample_sd": 2.4560582693051525, "sample_mean": 2.3666666666666667, "daily_article_count": 0, "30_day_error_count": 0, "threshold_warn": 7.2787832052769712, "30_day_warn_count": 0, "daily_sd": -0.9636036311696401, "threshold_error": 9.7348414745821241}}