{"hemmo": {"sample_sd": 0.17950549357115009, "sample_mean": 0.033333333333433336, "daily_article_count": 0, "30_day_error_count": 6, "threshold_warn": 0.39234432047573353, "30_day_warn_count": 0, "daily_sd": -0.18569533817760903, "threshold_error": 0.57184981404688362}, "mersc": {"sample_sd": 4.4821869662029936, "sample_mean": 4.9000000000001007, "daily_article_count": 3, "30_day_error_count": 0, "threshold_warn": 13.864373932406089, "30_day_warn_count": 0, "daily_sd": -0.4239002108405247, "threshold_error": 18.346560898609081}, "influ": {"sample_sd": 3.718422604635824, "sample_mean": 7.2000000000001005, "daily_article_count": 17, "30_day_error_count": 4, "threshold_warn": 14.636845209271748, "30_day_warn_count": 3, "daily_sd": 2.635526146969434, "threshold_error": 18.355267813907574}, "pertu": {"sample_sd": 1.4685593847940461, "sample_mean": 2.1000000000001, "daily_article_count": 2, "30_day_error_count": 0, "threshold_warn": 5.0371187695881918, "30_day_warn_count": 0, "daily_sd": -0.068093943653578723, "threshold_error": 6.5056781543822382}, "moldf": {"sample_sd": 0.82999330653258208, "sample_mean": 0.66666666666676666, "daily_article_count": 2, "30_day_error_count": 1, "threshold_warn": 2.3266532797319308, "30_day_warn_count": 0, "daily_sd": 1.6064386578048775, "threshold_error": 3.1566465862645128}, "chole": {"sample_sd": 5.9650835888713436, "sample_mean": 4.1333333333334341, "daily_article_count": 2, "30_day_error_count": 0, "threshold_warn": 16.063500511076121, "30_day_warn_count": 0, "daily_sd": -0.35763678774149132, "threshold_error": 22.028584099947466}, "hepat": {"sample_sd": 1.7204650534085253, "sample_mean": 2.8000000000000997, "daily_article_count": 1, "30_day_error_count": 2, "threshold_warn": 6.2409301068171503, "30_day_warn_count": 0, "daily_sd": -1.0462287486944315, "threshold_error": 7.9613951602256758}, "chiku": {"sample_sd": 1.6881943016134133, "sample_mean": 1.5000000000000999, "daily_article_count": 1, "30_day_error_count": 0, "threshold_warn": 4.8763886032269266, "30_day_warn_count": 0, "daily_sd": -0.29617443887960537, "threshold_error": 6.5645829048403392}, "yello": {"sample_sd": 0.29999999999999999, "sample_mean": 0.10000000000010001, "daily_article_count": 0, "30_day_error_count": 1, "threshold_warn": 0.70000000000009999, "30_day_warn_count": 0, "daily_sd": -0.33333333333366671, "threshold_error": 1.0000000000000999}, "menin": {"sample_sd": 5.2873013490395611, "sample_mean": 5.6666666666667673, "daily_article_count": 7, "30_day_error_count": 0, "threshold_warn": 16.241269364745889, "30_day_warn_count": 0, "daily_sd": 0.2521765349303256, "threshold_error": 21.528570713785449}, "plagu": {"sample_sd": 1.5423647068345698, "sample_mean": 1.4333333333334333, "daily_article_count": 0, "30_day_error_count": 2, "threshold_warn": 4.5180627470025732, "30_day_warn_count": 0, "daily_sd": -0.92930895460846996, "threshold_error": 6.0604274538371428}, "westn": {"sample_sd": 4.2766809560686196, "sample_mean": 7.9000000000001007, "daily_article_count": 4, "30_day_error_count": 0, "threshold_warn": 16.453361912137339, "30_day_warn_count": 0, "daily_sd": -0.91192212841268694, "threshold_error": 20.73004286820596}, "swine": {"sample_sd": 1.2754084313139327, "sample_mean": 1.8000000000001, "daily_article_count": 3, "30_day_error_count": 3, "threshold_warn": 4.3508168626279655, "30_day_warn_count": 0, "daily_sd": 0.94087507228069167, "threshold_error": 5.6262252939418982}, "measl": {"sample_sd": 3.3038697848970311, "sample_mean": 4.8666666666667666, "daily_article_count": 2, "30_day_error_count": 0, "threshold_warn": 11.47440623646083, "30_day_warn_count": 0, "daily_sd": -0.86766938569163665, "threshold_error": 14.778276021357859}, "dengu": {"sample_sd": 3.8737004989487196, "sample_mean": 8.8333333333334334, "daily_article_count": 25, "30_day_error_count": 17, "threshold_warn": 16.580734331230872, "30_day_warn_count": 21, "daily_sd": 4.1734425960535733, "threshold_error": 20.454434830179594}, "ebola": {"sample_sd": 11.416800485833733, "sample_mean": 29.3000000000001, "daily_article_count": 37, "30_day_error_count": 0, "threshold_warn": 52.133600971667562, "30_day_warn_count": 0, "daily_sd": 0.67444464931784198, "threshold_error": 63.550401457501295}, "unkno": {"sample_sd": 22.267664648294147, "sample_mean": 62.533333333333431, "daily_article_count": 76, "30_day_error_count": 0, "threshold_warn": 107.06866262992173, "30_day_warn_count": 0, "daily_sd": 0.60476331395165883, "threshold_error": 129.33632727821589}, "mumps": {"sample_sd": 1.7540429489230496, "sample_mean": 1.3000000000001, "daily_article_count": 1, "30_day_error_count": 0, "threshold_warn": 4.8080858978461993, "30_day_warn_count": 0, "daily_sd": -0.17103344030674647, "threshold_error": 6.5621288467692489}}