{"hemmo": {"sample_sd": 0.24944382578492943, "sample_mean": 0.066666666666666666, "daily_article_count": 0, "30_day_error_count": 6, "threshold_warn": 0.56555431823652558, "30_day_warn_count": 0, "daily_sd": -0.2672612419124244, "threshold_error": 0.81499814402145498}, "mersc": {"sample_sd": 1.8607047649270483, "sample_mean": 1.0666666666666667, "daily_article_count": 1, "30_day_error_count": 0, "threshold_warn": 4.7880761965207634, "30_day_warn_count": 0, "daily_sd": -0.035828718195000921, "threshold_error": 6.6487809614478115}, "influ": {"sample_sd": 11.193698624176411, "sample_mean": 20.366666666666667, "daily_article_count": 14, "30_day_error_count": 1, "threshold_warn": 42.754063915019486, "30_day_warn_count": 0, "daily_sd": -0.56877238528789686, "threshold_error": 53.947762539195899}, "pertu": {"sample_sd": 2.3288051299611423, "sample_mean": 2.1000000000000001, "daily_article_count": 0, "30_day_error_count": 0, "threshold_warn": 6.7576102599222843, "30_day_warn_count": 0, "daily_sd": -0.90174998886018431, "threshold_error": 9.0864153898834275}, "moldf": {"sample_sd": 0.80346471954626331, "sample_mean": 0.76666666666666672, "daily_article_count": 0, "30_day_error_count": 0, "threshold_warn": 2.3735961057591934, "30_day_warn_count": 0, "daily_sd": -0.9542007856917758, "threshold_error": 3.1770608253054564}, "chole": {"sample_sd": 2.208317610006918, "sample_mean": 2.2999999999999998, "daily_article_count": 9, "30_day_error_count": 5, "threshold_warn": 6.7166352200138357, "30_day_warn_count": 3, "daily_sd": 3.0339838661065657, "threshold_error": 8.9249528300207537}, "hepat": {"sample_sd": 1.4966629547095764, "sample_mean": 1.3999999999999999, "daily_article_count": 6, "30_day_error_count": 1, "threshold_warn": 4.3933259094191524, "30_day_warn_count": 0, "daily_sd": 3.0735042819928804, "threshold_error": 5.8899888641287301}, "chiku": {"sample_sd": 1.1925695879998877, "sample_mean": 1.3333333333333333, "daily_article_count": 3, "30_day_error_count": 3, "threshold_warn": 3.7184725093331084, "30_day_warn_count": 0, "daily_sd": 1.3975424859373689, "threshold_error": 4.911042097332996}, "yello": {"sample_sd": 0.24944382578492943, "sample_mean": 0.066666666666666666, "daily_article_count": 0, "30_day_error_count": 3, "threshold_warn": 0.56555431823652558, "30_day_warn_count": 0, "daily_sd": -0.2672612419124244, "threshold_error": 0.81499814402145498}, "menin": {"sample_sd": 5.0088810016698231, "sample_mean": 2.3333333333333335, "daily_article_count": 9, "30_day_error_count": 0, "threshold_warn": 12.35109533667298, "30_day_warn_count": 0, "daily_sd": 1.3309692652798466, "threshold_error": 17.359976338342801}, "plagu": {"sample_sd": 2.9335227211589068, "sample_mean": 0.83333333333333337, "daily_article_count": 0, "30_day_error_count": 0, "threshold_warn": 6.7003787756511466, "30_day_warn_count": 0, "daily_sd": -0.28407256822068172, "threshold_error": 9.6339014968100543}, "westn": {"sample_sd": 0.33993463423951903, "sample_mean": 0.13333333333333333, "daily_article_count": 0, "30_day_error_count": 0, "threshold_warn": 0.81320260181237136, "30_day_warn_count": 0, "daily_sd": -0.39223227027636803, "threshold_error": 1.1531372360518903}, "swine": {"sample_sd": 3.367326667979941, "sample_mean": 2.1666666666666665, "daily_article_count": 25, "30_day_error_count": 7, "threshold_warn": 8.901320002626548, "30_day_warn_count": 3, "daily_sd": 6.7808489002437788, "threshold_error": 12.268646670606488}, "measl": {"sample_sd": 2.2617593938249829, "sample_mean": 2.4666666666666668, "daily_article_count": 92, "30_day_error_count": 15, "threshold_warn": 6.9901854543166326, "30_day_warn_count": 3, "daily_sd": 39.585701988361677, "threshold_error": 9.2519448481416156}, "dengu": {"sample_sd": 2.0829999733290658, "sample_mean": 3.1666666666666665, "daily_article_count": 1, "30_day_error_count": 0, "threshold_warn": 7.3326666133247986, "30_day_warn_count": 0, "daily_sd": -1.0401664399466526, "threshold_error": 9.4156665866538631}, "ebola": {"sample_sd": 50.760275369185656, "sample_mean": 140.16666666666666, "daily_article_count": 116, "30_day_error_count": 1, "threshold_warn": 241.68721740503798, "30_day_warn_count": 0, "daily_sd": -0.47609408126531133, "threshold_error": 292.44749277422363}, "unkno": {"sample_sd": 22.062638101550775, "sample_mean": 56.799999999999997, "daily_article_count": 64, "30_day_error_count": 0, "threshold_warn": 100.92527620310155, "30_day_warn_count": 0, "daily_sd": 0.32634356629789968, "threshold_error": 122.98791430465232}, "mumps": {"sample_sd": 0.66999170807472597, "sample_mean": 0.46666666666666667, "daily_article_count": 0, "30_day_error_count": 0, "threshold_warn": 1.8066500828161187, "30_day_warn_count": 0, "daily_sd": -0.69652603314699246, "threshold_error": 2.4766417908908447}}