{"hemmo": {"sample_sd": 0.44221663871405326, "sample_mean": 0.26666666666676664, "daily_article_count": 0, "30_day_error_count": 1, "threshold_warn": 1.1510999440948733, "30_day_warn_count": 0, "daily_sd": -0.60302268915575341, "threshold_error": 1.5933165828089262}, "mersc": {"sample_sd": 3.4073450074801648, "sample_mean": 3.3000000000000997, "daily_article_count": 1, "30_day_error_count": 0, "threshold_warn": 10.114690014960429, "30_day_warn_count": 0, "daily_sd": -0.6750123615163407, "threshold_error": 13.522035022440594}, "influ": {"sample_sd": 9.2609694716889948, "sample_mean": 18.633333333333432, "daily_article_count": 10, "30_day_error_count": 0, "threshold_warn": 37.155272276711422, "30_day_warn_count": 0, "daily_sd": -0.93222781477962313, "threshold_error": 46.416241748400417}, "pertu": {"sample_sd": 1.0132456102380443, "sample_mean": 1.2000000000000999, "daily_article_count": 2, "30_day_error_count": 1, "threshold_warn": 3.2264912204761886, "30_day_warn_count": 0, "daily_sd": 0.78954203395162414, "threshold_error": 4.2397368307142322}, "moldf": {"sample_sd": 1.3564659966250536, "sample_mean": 1.4000000000000998, "daily_article_count": 0, "30_day_error_count": 0, "threshold_warn": 4.1129319932502071, "30_day_warn_count": 0, "daily_sd": -1.0320936930843536, "threshold_error": 5.4693979898752607}, "chole": {"sample_sd": 2.6449112566503166, "sample_mean": 5.0666666666667668, "daily_article_count": 5, "30_day_error_count": 4, "threshold_warn": 10.356489179967401, "30_day_warn_count": 1, "daily_sd": -0.02520563459327467, "threshold_error": 13.001400436617716}, "hepat": {"sample_sd": 6.6050485741337788, "sample_mean": 5.8000000000001002, "daily_article_count": 12, "30_day_error_count": 0, "threshold_warn": 19.010097148267658, "30_day_warn_count": 0, "daily_sd": 0.93867591288880126, "threshold_error": 25.615145722401437}, "chiku": {"sample_sd": 0.88443327742810651, "sample_mean": 0.53333333333343336, "daily_article_count": 1, "30_day_error_count": 0, "threshold_warn": 2.3021998881896462, "30_day_warn_count": 1, "daily_sd": 0.5276448530109733, "threshold_error": 3.1866331656177529}, "yello": {"sample_sd": 0.76084748070088848, "sample_mean": 0.23333333333343334, "daily_article_count": 0, "30_day_error_count": 1, "threshold_warn": 1.7550282947352103, "30_day_warn_count": 0, "daily_sd": -0.30667556803695789, "threshold_error": 2.5158757754360987}, "menin": {"sample_sd": 2.664374014452342, "sample_mean": 3.6333333333334332, "daily_article_count": 1, "30_day_error_count": 1, "threshold_warn": 8.9620813622381164, "30_day_warn_count": 0, "daily_sd": -0.98834972832247459, "threshold_error": 11.626455376690458}, "plagu": {"sample_sd": 0.42687494916218993, "sample_mean": 0.13333333333343333, "daily_article_count": 0, "30_day_error_count": 4, "threshold_warn": 0.9870832316578132, "30_day_warn_count": 2, "daily_sd": -0.3123475237774464, "threshold_error": 1.413958180820003}, "westn": {"sample_sd": 2.1982316125063397, "sample_mean": 3.0333333333334331, "daily_article_count": 0, "30_day_error_count": 0, "threshold_warn": 7.4297965583461121, "30_day_warn_count": 0, "daily_sd": -1.3798970572873084, "threshold_error": 9.6280281708524527}, "swine": {"sample_sd": 3.3459760243545613, "sample_mean": 3.7333333333334333, "daily_article_count": 6, "30_day_error_count": 0, "threshold_warn": 10.425285382042556, "30_day_warn_count": 0, "daily_sd": 0.67743063613368437, "threshold_error": 13.771261406397118}, "measl": {"sample_sd": 3.7919505388241666, "sample_mean": 4.2333333333334338, "daily_article_count": 4, "30_day_error_count": 0, "threshold_warn": 11.817234410981767, "30_day_warn_count": 0, "daily_sd": -0.0615338546598731, "threshold_error": 15.609184949805933}, "dengu": {"sample_sd": 11.626072232510667, "sample_mean": 21.633333333333432, "daily_article_count": 15, "30_day_error_count": 0, "threshold_warn": 44.885477798354771, "30_day_warn_count": 0, "daily_sd": -0.57055669366858508, "threshold_error": 56.511550030865436}, "ebola": {"sample_sd": 22.666200975608302, "sample_mean": 34.100000000000101, "daily_article_count": 10, "30_day_error_count": 0, "threshold_warn": 79.432401951216704, "30_day_warn_count": 0, "daily_sd": -1.0632571389415786, "threshold_error": 102.09860292682501}, "unkno": {"sample_sd": 19.870161884930212, "sample_mean": 51.900000000000098, "daily_article_count": 55, "30_day_error_count": 0, "threshold_warn": 91.640323769860515, "30_day_warn_count": 0, "daily_sd": 0.1560128205271937, "threshold_error": 111.51048565479073}, "mumps": {"sample_sd": 0.92855921847894107, "sample_mean": 0.73333333333343331, "daily_article_count": 0, "30_day_error_count": 2, "threshold_warn": 2.5904517702913155, "30_day_warn_count": 2, "daily_sd": -0.78975397447961981, "threshold_error": 3.5190109887702565}}