{"hemmo": {"sample_sd": 1.4410644214144859, "sample_mean": 0.30000000000009996, "daily_article_count": 0, "30_day_error_count": 0, "threshold_warn": 3.1821288428290719, "30_day_warn_count": 0, "daily_sd": -0.20817945092672061, "threshold_error": 4.6231932642435574}, "mersc": {"sample_sd": 1.6613247725836151, "sample_mean": 1.2000000000000999, "daily_article_count": 1, "30_day_error_count": 2, "threshold_warn": 4.5226495451673303, "30_day_warn_count": 0, "daily_sd": -0.1203858530858293, "threshold_error": 6.1839743177509447}, "influ": {"sample_sd": 9.3642345596898036, "sample_mean": 10.333333333333433, "daily_article_count": 3, "30_day_error_count": 0, "threshold_warn": 29.061802452713039, "30_day_warn_count": 0, "daily_sd": -0.78312149130706465, "threshold_error": 38.426037012402844}, "pertu": {"sample_sd": 0.96378881965339736, "sample_mean": 0.73333333333343331, "daily_article_count": 0, "30_day_error_count": 0, "threshold_warn": 2.6609109726402282, "30_day_warn_count": 0, "daily_sd": -0.76088591025278585, "threshold_error": 3.6246997922936255}, "moldf": {"sample_sd": 0.61553951042064614, "sample_mean": 0.23333333333343334, "daily_article_count": 0, "30_day_error_count": 0, "threshold_warn": 1.4644123541747256, "30_day_warn_count": 0, "daily_sd": -0.37907125275188019, "threshold_error": 2.0799518645953716}, "chole": {"sample_sd": 1.5807874268505833, "sample_mean": 1.3666666666667666, "daily_article_count": 0, "30_day_error_count": 3, "threshold_warn": 4.5282415203679331, "30_day_warn_count": 6, "daily_sd": -0.8645480369170121, "threshold_error": 6.1090289472185164}, "hepat": {"sample_sd": 1.3682917167849196, "sample_mean": 0.8333333333334334, "daily_article_count": 5, "30_day_error_count": 2, "threshold_warn": 3.5699167669032725, "30_day_warn_count": 1, "daily_sd": 3.0451596070880265, "threshold_error": 4.9382084836881921}, "chiku": {"sample_sd": 0.65743609744386733, "sample_mean": 0.36666666666676662, "daily_article_count": 1, "30_day_error_count": 2, "threshold_warn": 1.6815388615545013, "30_day_warn_count": 0, "daily_sd": 0.96333824047029626, "threshold_error": 2.3389749589983686}, "yello": {"sample_sd": 0.24944382578492943, "sample_mean": 0.066666666666766669, "daily_article_count": 0, "30_day_error_count": 8, "threshold_warn": 0.5655543182366255, "30_day_warn_count": 0, "daily_sd": -0.2672612419128253, "threshold_error": 0.81499814402155502}, "menin": {"sample_sd": 1.8454147380888548, "sample_mean": 1.1666666666667667, "daily_article_count": 1, "30_day_error_count": 2, "threshold_warn": 4.8574961428444761, "30_day_warn_count": 0, "daily_sd": -0.090313934979932856, "threshold_error": 6.7029108809333309}, "plagu": {"sample_sd": 0.29999999999999999, "sample_mean": 0.10000000000010001, "daily_article_count": 0, "30_day_error_count": 0, "threshold_warn": 0.70000000000009999, "30_day_warn_count": 0, "daily_sd": -0.33333333333366671, "threshold_error": 1.0000000000000999}, "westn": {"sample_sd": 1.0567244989431572, "sample_mean": 0.50000000000010003, "daily_article_count": 0, "30_day_error_count": 2, "threshold_warn": 2.6134489978864144, "30_day_warn_count": 0, "daily_sd": -0.47316022340747849, "threshold_error": 3.6701734968295718}, "swine": {"sample_sd": 4.2244000231459564, "sample_mean": 4.766666666666767, "daily_article_count": 0, "30_day_error_count": 0, "threshold_warn": 13.21546671295868, "30_day_warn_count": 0, "daily_sd": -1.1283653632586099, "threshold_error": 17.439866736104634}, "measl": {"sample_sd": 3.3439829877291878, "sample_mean": 3.4666666666667667, "daily_article_count": 8, "30_day_error_count": 3, "threshold_warn": 10.154632642125142, "30_day_warn_count": 11, "daily_sd": 1.3556687788091, "threshold_error": 13.49861562985433}, "dengu": {"sample_sd": 2.0113566455394118, "sample_mean": 2.433333333333433, "daily_article_count": 4, "30_day_error_count": 0, "threshold_warn": 6.4560466244122567, "30_day_warn_count": 0, "daily_sd": 0.77891042851150516, "threshold_error": 8.467403269951669}, "ebola": {"sample_sd": 0.80000000000000004, "sample_mean": 0.4000000000001, "daily_article_count": 0, "30_day_error_count": 0, "threshold_warn": 2.0000000000000999, "30_day_warn_count": 0, "daily_sd": -0.50000000000012501, "threshold_error": 2.8000000000001002}, "unkno": {"sample_sd": 26.145936586781513, "sample_mean": 39.300000000000097, "daily_article_count": 24, "30_day_error_count": 0, "threshold_warn": 91.59187317356313, "30_day_warn_count": 0, "daily_sd": -0.58517697192516138, "threshold_error": 117.73780976034463}, "mumps": {"sample_sd": 0.58214163988576606, "sample_mean": 0.16666666666676666, "daily_article_count": 1, "30_day_error_count": 4, "threshold_warn": 1.3309499464382988, "30_day_warn_count": 0, "daily_sd": 1.4314958357844987, "threshold_error": 1.9130915863240647}}