{"hemmo": {"sample_sd": 0.17950549357115012, "sample_mean": 0.033333333333433336, "daily_article_count": 0, "30_day_error_count": 3, "threshold_warn": 0.39234432047573359, "30_day_warn_count": 0, "daily_sd": -0.185695338177609, "threshold_error": 0.57184981404688373}, "mersc": {"sample_sd": 1.4360439485692011, "sample_mean": 0.93333333333343338, "daily_article_count": 0, "30_day_error_count": 0, "threshold_warn": 3.8054212304718358, "30_day_warn_count": 0, "daily_sd": -0.64993368361975112, "threshold_error": 5.241465179041036}, "influ": {"sample_sd": 7.9721738287342649, "sample_mean": 12.666666666666766, "daily_article_count": 7, "30_day_error_count": 1, "threshold_warn": 28.611014324135297, "30_day_warn_count": 0, "daily_sd": -0.71080570850603964, "threshold_error": 36.58318815286956}, "pertu": {"sample_sd": 1.0561986345169907, "sample_mean": 1.4666666666667665, "daily_article_count": 1, "30_day_error_count": 5, "threshold_warn": 3.5790639357007477, "30_day_warn_count": 0, "daily_sd": -0.44183608216855669, "threshold_error": 4.6352625702177388}, "moldf": {"sample_sd": 0.92135166407235014, "sample_mean": 0.46666666666676665, "daily_article_count": 0, "30_day_error_count": 0, "threshold_warn": 2.3093699948114668, "30_day_warn_count": 0, "daily_sd": -0.50650222370480369, "threshold_error": 3.2307216588838172}, "chole": {"sample_sd": 3.2903900478008175, "sample_mean": 4.2000000000001005, "daily_article_count": 3, "30_day_error_count": 0, "threshold_warn": 10.780780095601735, "30_day_warn_count": 1, "daily_sd": -0.36469840431292905, "threshold_error": 14.071170143402552}, "hepat": {"sample_sd": 2.0733762053445313, "sample_mean": 2.3666666666667666, "daily_article_count": 1, "30_day_error_count": 1, "threshold_warn": 6.5134190773558291, "30_day_warn_count": 0, "daily_sd": -0.659150357346591, "threshold_error": 8.5867952827003613}, "chiku": {"sample_sd": 1.5563490039905001, "sample_mean": 1.3333333333334332, "daily_article_count": 1, "30_day_error_count": 0, "threshold_warn": 4.4460313413144332, "30_day_warn_count": 0, "daily_sd": -0.21417646843912383, "threshold_error": 6.0023803453049336}, "yello": {"sample_sd": 0.49553562491061681, "sample_mean": 0.23333333333343334, "daily_article_count": 0, "30_day_error_count": 1, "threshold_warn": 1.224404583154667, "30_day_warn_count": 0, "daily_sd": -0.47087095579762056, "threshold_error": 1.7199402080652837}, "menin": {"sample_sd": 2.4953289696283871, "sample_mean": 2.8000000000000997, "daily_article_count": 0, "30_day_error_count": 2, "threshold_warn": 7.7906579392568744, "30_day_warn_count": 0, "daily_sd": -1.1220965388050961, "threshold_error": 10.285986908885262}, "plagu": {"sample_sd": 0.29999999999999999, "sample_mean": 0.10000000000010001, "daily_article_count": 0, "30_day_error_count": 3, "threshold_warn": 0.70000000000009999, "30_day_warn_count": 0, "daily_sd": -0.33333333333366671, "threshold_error": 1.0000000000000999}, "westn": {"sample_sd": 1.2578641509408806, "sample_mean": 0.86666666666676673, "daily_article_count": 0, "30_day_error_count": 0, "threshold_warn": 3.3823949685485277, "30_day_warn_count": 5, "daily_sd": -0.68899862200421347, "threshold_error": 4.6402591194894081}, "swine": {"sample_sd": 12.145460971993703, "sample_mean": 10.233333333333432, "daily_article_count": 4, "30_day_error_count": 0, "threshold_warn": 34.52425527732084, "30_day_warn_count": 0, "daily_sd": -0.51322328133175965, "threshold_error": 46.669716249314547}, "measl": {"sample_sd": 7.2003857921333321, "sample_mean": 9.433333333333433, "daily_article_count": 1, "30_day_error_count": 0, "threshold_warn": 23.834104917600097, "30_day_warn_count": 0, "daily_sd": -1.1712335389788611, "threshold_error": 31.034490709733429}, "dengu": {"sample_sd": 3.1340424729448424, "sample_mean": 4.3333333333334334, "daily_article_count": 2, "30_day_error_count": 0, "threshold_warn": 10.601418279223118, "30_day_warn_count": 0, "daily_sd": -0.74451235217018674, "threshold_error": 13.735460752167961}, "ebola": {"sample_sd": 33.602909926902989, "sample_mean": 64.333333333333428, "daily_article_count": 63, "30_day_error_count": 0, "threshold_warn": 131.53915318713939, "30_day_warn_count": 0, "daily_sd": -0.039679103275098854, "threshold_error": 165.1420631140424}, "unkno": {"sample_sd": 28.482372716393478, "sample_mean": 53.433333333333429, "daily_article_count": 26, "30_day_error_count": 0, "threshold_warn": 110.39807876612039, "30_day_warn_count": 0, "daily_sd": -0.96316882046641228, "threshold_error": 138.88045148251385}, "mumps": {"sample_sd": 0.24944382578492943, "sample_mean": 0.066666666666766669, "daily_article_count": 1, "30_day_error_count": 3, "threshold_warn": 0.5655543182366255, "30_day_warn_count": 0, "daily_sd": 3.7416573867735403, "threshold_error": 0.81499814402155502}}