{"hemmo": {"sample_sd": 0.80553639823963785, "sample_mean": 0.46666666666666667, "daily_article_count": 1, "30_day_error_count": 5, "threshold_warn": 2.0777394631459423, "30_day_warn_count": 2, "daily_sd": 0.66208471088189458, "threshold_error": 2.8832758613855805}, "mersc": {"sample_sd": 5.008991914547277, "sample_mean": 3.1000000000000001, "daily_article_count": 0, "30_day_error_count": 0, "threshold_warn": 13.117983829094554, "30_day_warn_count": 0, "daily_sd": -0.61888700418878284, "threshold_error": 18.126975743641832}, "influ": {"sample_sd": 3.9220176213553937, "sample_mean": 4.8666666666666663, "daily_article_count": 7, "30_day_error_count": 4, "threshold_warn": 12.710701909377454, "30_day_warn_count": 14, "daily_sd": 0.543937722695923, "threshold_error": 16.632719530732846}, "pertu": {"sample_sd": 1.564892612574067, "sample_mean": 1.8666666666666667, "daily_article_count": 0, "30_day_error_count": 0, "threshold_warn": 4.9964518918148002, "30_day_warn_count": 0, "daily_sd": -1.192840103958454, "threshold_error": 6.5613445043888685}, "moldf": {"sample_sd": 0.29999999999999999, "sample_mean": 0.10000000000000001, "daily_article_count": 0, "30_day_error_count": 4, "threshold_warn": 0.69999999999999996, "30_day_warn_count": 0, "daily_sd": -0.33333333333333337, "threshold_error": 0.99999999999999989}, "chole": {"sample_sd": 6.1435603141283917, "sample_mean": 7.7000000000000002, "daily_article_count": 0, "30_day_error_count": 0, "threshold_warn": 19.987120628256783, "30_day_warn_count": 0, "daily_sd": -1.2533449020256631, "threshold_error": 26.130680942385172}, "hepat": {"sample_sd": 1.0873004286866728, "sample_mean": 1.5333333333333334, "daily_article_count": 1, "30_day_error_count": 1, "threshold_warn": 3.7079341907066787, "30_day_warn_count": 0, "daily_sd": -0.4905114715879727, "threshold_error": 4.7952346193933515}, "chiku": {"sample_sd": 3.2912341487992345, "sample_mean": 4.3666666666666663, "daily_article_count": 3, "30_day_error_count": 0, "threshold_warn": 10.949134964265134, "30_day_warn_count": 2, "daily_sd": -0.41524443563678914, "threshold_error": 14.240369113064371}, "yello": {"sample_sd": 0.54160256030906384, "sample_mean": 0.20000000000000001, "daily_article_count": 0, "30_day_error_count": 0, "threshold_warn": 1.2832051206181276, "30_day_warn_count": 0, "daily_sd": -0.36927447293799837, "threshold_error": 1.8248076809271916}, "menin": {"sample_sd": 2.4819347291981715, "sample_mean": 2.7999999999999998, "daily_article_count": 1, "30_day_error_count": 1, "threshold_warn": 7.7638694583963428, "30_day_warn_count": 3, "daily_sd": -0.72524066762284212, "threshold_error": 10.245804187594516}, "plagu": {"sample_sd": 0.39581140290126382, "sample_mean": 0.10000000000000001, "daily_article_count": 0, "30_day_error_count": 0, "threshold_warn": 0.89162280580252762, "30_day_warn_count": 0, "daily_sd": -0.25264557631995577, "threshold_error": 1.2874342087037915}, "westn": {"sample_sd": 2.7578171722497409, "sample_mean": 5.166666666666667, "daily_article_count": 0, "30_day_error_count": 0, "threshold_warn": 10.68230101116615, "30_day_warn_count": 0, "daily_sd": -1.8734623595268507, "threshold_error": 13.44011818341589}, "swine": {"sample_sd": 0.91954094827558153, "sample_mean": 0.76666666666666672, "daily_article_count": 0, "30_day_error_count": 2, "threshold_warn": 2.6057485632178299, "30_day_warn_count": 0, "daily_sd": -0.83374934863357586, "threshold_error": 3.5252895114934111}, "measl": {"sample_sd": 1.8562207723101141, "sample_mean": 2.5666666666666669, "daily_article_count": 0, "30_day_error_count": 2, "threshold_warn": 6.2791082112868946, "30_day_warn_count": 0, "daily_sd": -1.3827378213596784, "threshold_error": 8.1353289835970095}, "dengu": {"sample_sd": 4.5806355696805019, "sample_mean": 6.5333333333333332, "daily_article_count": 7, "30_day_error_count": 1, "threshold_warn": 15.694604472694337, "30_day_warn_count": 2, "daily_sd": 0.10187814759933339, "threshold_error": 20.27524004237484}, "ebola": {"sample_sd": 101.89814631396501, "sample_mean": 330.36666666666667, "daily_article_count": 816, "30_day_error_count": 9, "threshold_warn": 534.1629592945967, "30_day_warn_count": 1, "daily_sd": 4.7658701448504948, "threshold_error": 636.06110560856177}, "unkno": {"sample_sd": 80.033492988873107, "sample_mean": 82.200000000000003, "daily_article_count": 54, "30_day_error_count": 0, "threshold_warn": 242.26698597774623, "30_day_warn_count": 0, "daily_sd": -0.35235248327747726, "threshold_error": 322.30047896661932}, "mumps": {"sample_sd": 0.82999330653258208, "sample_mean": 0.33333333333333331, "daily_article_count": 0, "30_day_error_count": 0, "threshold_warn": 1.9933199463984974, "30_day_warn_count": 0, "daily_sd": -0.40160966445124946, "threshold_error": 2.8233132529310798}}