{"hemmo": {"sample_sd": 0.49553562491061681, "sample_mean": 0.23333333333333334, "daily_article_count": 0, "30_day_error_count": 0, "threshold_warn": 1.2244045831545669, "30_day_warn_count": 0, "daily_sd": -0.47087095579741878, "threshold_error": 1.7199402080651838}, "mersc": {"sample_sd": 1.8926759422104522, "sample_mean": 1.1333333333333333, "daily_article_count": 16, "30_day_error_count": 5, "threshold_warn": 4.9186852177542377, "30_day_warn_count": 0, "daily_sd": 7.8548399834912672, "threshold_error": 6.8113611599646902}, "influ": {"sample_sd": 14.353629041697667, "sample_mean": 25.199999999999999, "daily_article_count": 4, "30_day_error_count": 0, "threshold_warn": 53.907258083395334, "30_day_warn_count": 0, "daily_sd": -1.476978396084603, "threshold_error": 68.260887125093006}, "pertu": {"sample_sd": 0.90000000000000002, "sample_mean": 0.69999999999999996, "daily_article_count": 3, "30_day_error_count": 7, "threshold_warn": 2.5, "30_day_warn_count": 6, "daily_sd": 2.5555555555555554, "threshold_error": 3.4000000000000004}, "moldf": {"sample_sd": 0.71569701845279621, "sample_mean": 0.43333333333333335, "daily_article_count": 0, "30_day_error_count": 0, "threshold_warn": 1.8647273702389258, "30_day_warn_count": 0, "daily_sd": -0.60547036268240906, "threshold_error": 2.5804243886917222}, "chole": {"sample_sd": 4.9943301185777988, "sample_mean": 3.2999999999999998, "daily_article_count": 1, "30_day_error_count": 0, "threshold_warn": 13.288660237155597, "30_day_warn_count": 0, "daily_sd": -0.46052222127738623, "threshold_error": 18.282990355733396}, "hepat": {"sample_sd": 1.4302291968616625, "sample_mean": 1.2333333333333334, "daily_article_count": 14, "30_day_error_count": 5, "threshold_warn": 4.0937917270566579, "30_day_warn_count": 0, "daily_sd": 8.9263082411409531, "threshold_error": 5.5240209239183207}, "chiku": {"sample_sd": 1.4302291968616621, "sample_mean": 1.5666666666666667, "daily_article_count": 0, "30_day_error_count": 3, "threshold_warn": 4.427125060389991, "30_day_warn_count": 0, "daily_sd": -1.0953955282862271, "threshold_error": 5.8573542572516528}, "yello": {"sample_sd": 0.33993463423951903, "sample_mean": 0.13333333333333333, "daily_article_count": 1, "30_day_error_count": 2, "threshold_warn": 0.81320260181237136, "30_day_warn_count": 0, "daily_sd": 2.5495097567963922, "threshold_error": 1.1531372360518903}, "menin": {"sample_sd": 5.0275905428611294, "sample_mean": 3.2999999999999998, "daily_article_count": 3, "30_day_error_count": 0, "threshold_warn": 13.355181085722258, "30_day_warn_count": 0, "daily_sd": -0.059670730430898246, "threshold_error": 18.382771628583388}, "plagu": {"sample_sd": 0.17950549357115009, "sample_mean": 0.033333333333333333, "daily_article_count": 0, "30_day_error_count": 6, "threshold_warn": 0.3923443204756335, "30_day_warn_count": 0, "daily_sd": -0.18569533817705192, "threshold_error": 0.57184981404678359}, "westn": {"sample_sd": 0.40000000000000008, "sample_mean": 0.20000000000000001, "daily_article_count": 0, "30_day_error_count": 1, "threshold_warn": 1.0000000000000002, "30_day_warn_count": 0, "daily_sd": -0.49999999999999994, "threshold_error": 1.4000000000000001}, "swine": {"sample_sd": 3.9547439866570375, "sample_mean": 5.5999999999999996, "daily_article_count": 30, "30_day_error_count": 21, "threshold_warn": 13.509487973314075, "30_day_warn_count": 6, "daily_sd": 6.1698051965749183, "threshold_error": 17.464231959971112}, "measl": {"sample_sd": 10.25827579187761, "sample_mean": 8.3666666666666671, "daily_article_count": 19, "30_day_error_count": 23, "threshold_warn": 28.883218250421887, "30_day_warn_count": 4, "daily_sd": 1.0365614601386219, "threshold_error": 39.141494042299499}, "dengu": {"sample_sd": 1.8511257835886428, "sample_mean": 2.2000000000000002, "daily_article_count": 2, "30_day_error_count": 2, "threshold_warn": 5.9022515671772862, "30_day_warn_count": 0, "daily_sd": -0.10804236090984305, "threshold_error": 7.7533773507659287}, "ebola": {"sample_sd": 60.611733370876486, "sample_mean": 117.13333333333334, "daily_article_count": 42, "30_day_error_count": 0, "threshold_warn": 238.35680007508631, "30_day_warn_count": 0, "daily_sd": -1.2395839741721424, "threshold_error": 298.96853344596281}, "unkno": {"sample_sd": 22.842066456430775, "sample_mean": 54.200000000000003, "daily_article_count": 21, "30_day_error_count": 0, "threshold_warn": 99.88413291286156, "30_day_warn_count": 0, "daily_sd": -1.453458690496592, "threshold_error": 122.72619936929233}, "mumps": {"sample_sd": 0.6403124237432849, "sample_mean": 0.29999999999999999, "daily_article_count": 0, "30_day_error_count": 0, "threshold_warn": 1.5806248474865698, "30_day_warn_count": 0, "daily_sd": -0.46852128566581813, "threshold_error": 2.2209372712298547}}