{"hemmo": {"sample_sd": 0.45338235029118146, "sample_mean": 0.16666666666666666, "daily_article_count": 0, "30_day_error_count": 0, "threshold_warn": 1.0734313672490297, "30_day_warn_count": 0, "daily_sd": -0.36760731104690386, "threshold_error": 1.5268137175402112}, "mersc": {"sample_sd": 1.9035055380358981, "sample_mean": 1.1000000000000001, "daily_article_count": 18, "30_day_error_count": 1, "threshold_warn": 4.9070110760717967, "30_day_warn_count": 0, "daily_sd": 8.8783560973707463, "threshold_error": 6.8105166141076943}, "influ": {"sample_sd": 14.067338056647392, "sample_mean": 23.899999999999999, "daily_article_count": 12, "30_day_error_count": 0, "threshold_warn": 52.034676113294779, "30_day_warn_count": 0, "daily_sd": -0.84593118840822645, "threshold_error": 66.10201416994218}, "pertu": {"sample_sd": 1.5275252316519468, "sample_mean": 1.0, "daily_article_count": 2, "30_day_error_count": 0, "threshold_warn": 4.0550504633038935, "30_day_warn_count": 1, "daily_sd": 0.65465367070797709, "threshold_error": 5.5825756949558407}, "moldf": {"sample_sd": 0.71802197428460057, "sample_mean": 0.46666666666666667, "daily_article_count": 2, "30_day_error_count": 0, "threshold_warn": 1.9027106152358679, "30_day_warn_count": 0, "daily_sd": 2.1354963890360961, "threshold_error": 2.6207325895204683}, "chole": {"sample_sd": 4.5995168828427575, "sample_mean": 2.6666666666666665, "daily_article_count": 6, "30_day_error_count": 0, "threshold_warn": 11.865700432352181, "30_day_warn_count": 2, "daily_sd": 0.72471379456556051, "threshold_error": 16.465217315194941}, "hepat": {"sample_sd": 1.3148721948877347, "sample_mean": 1.0666666666666667, "daily_article_count": 2, "30_day_error_count": 2, "threshold_warn": 3.6964110564421357, "30_day_warn_count": 0, "daily_sd": 0.70982817718875135, "threshold_error": 5.0112832513298704}, "chiku": {"sample_sd": 1.518771433319269, "sample_mean": 1.6000000000000001, "daily_article_count": 1, "30_day_error_count": 3, "threshold_warn": 4.6375428666385385, "30_day_warn_count": 0, "daily_sd": -0.39505615317553244, "threshold_error": 6.1563142999578062}, "yello": {"sample_sd": 0.24944382578492943, "sample_mean": 0.066666666666666666, "daily_article_count": 1, "30_day_error_count": 9, "threshold_warn": 0.56555431823652558, "30_day_warn_count": 0, "daily_sd": 3.7416573867739413, "threshold_error": 0.81499814402145498}, "menin": {"sample_sd": 5.026595932305149, "sample_mean": 3.0, "daily_article_count": 9, "30_day_error_count": 0, "threshold_warn": 13.053191864610298, "30_day_warn_count": 0, "daily_sd": 1.1936507490962094, "threshold_error": 18.079787796915447}, "plagu": {"sample_sd": 0.17950549357115009, "sample_mean": 0.033333333333333333, "daily_article_count": 1, "30_day_error_count": 6, "threshold_warn": 0.3923443204756335, "30_day_warn_count": 0, "daily_sd": 5.3851648071345055, "threshold_error": 0.57184981404678359}, "westn": {"sample_sd": 0.40000000000000013, "sample_mean": 0.20000000000000001, "daily_article_count": 0, "30_day_error_count": 1, "threshold_warn": 1.0000000000000002, "30_day_warn_count": 0, "daily_sd": -0.49999999999999989, "threshold_error": 1.4000000000000004}, "swine": {"sample_sd": 4.0661201818605086, "sample_mean": 5.0, "daily_article_count": 19, "30_day_error_count": 17, "threshold_warn": 13.132240363721017, "30_day_warn_count": 6, "daily_sd": 3.4430856378657526, "threshold_error": 17.198360545581526}, "measl": {"sample_sd": 8.0609483864424352, "sample_mean": 5.7666666666666666, "daily_article_count": 119, "30_day_error_count": 23, "threshold_warn": 21.888563439551536, "30_day_warn_count": 2, "daily_sd": 14.047147792656563, "threshold_error": 29.949511825993973}, "dengu": {"sample_sd": 1.8917951498216947, "sample_mean": 2.2333333333333334, "daily_article_count": 4, "30_day_error_count": 2, "threshold_warn": 6.0169236329767228, "30_day_warn_count": 0, "daily_sd": 0.93385727668938057, "threshold_error": 7.9087187827984176}, "ebola": {"sample_sd": 61.715332148682648, "sample_mean": 114.86666666666666, "daily_article_count": 167, "30_day_error_count": 0, "threshold_warn": 238.29733096403197, "30_day_warn_count": 0, "daily_sd": 0.84473876293390671, "threshold_error": 300.01266311271462}, "unkno": {"sample_sd": 24.196533268677609, "sample_mean": 53.166666666666664, "daily_article_count": 59, "30_day_error_count": 0, "threshold_warn": 101.55973320402188, "30_day_warn_count": 0, "daily_sd": 0.24108136767197888, "threshold_error": 125.75626647269948}, "mumps": {"sample_sd": 0.64978628965393093, "sample_mean": 0.33333333333333331, "daily_article_count": 1, "30_day_error_count": 0, "threshold_warn": 1.6329059126411951, "30_day_warn_count": 0, "daily_sd": 1.0259783520851542, "threshold_error": 2.2826922022951264}}