{"hemmo": {"sample_sd": 0.76084748070088848, "sample_mean": 0.43333333333333335, "daily_article_count": 0, "30_day_error_count": 7, "threshold_warn": 1.9550282947351103, "30_day_warn_count": 1, "daily_sd": -0.56954034063982062, "threshold_error": 2.7158757754359986}, "mersc": {"sample_sd": 4.1243181254602561, "sample_mean": 3.2999999999999998, "daily_article_count": 1, "30_day_error_count": 0, "threshold_warn": 11.548636250920513, "30_day_warn_count": 0, "daily_sd": -0.55766794171420264, "threshold_error": 15.672954376380769}, "influ": {"sample_sd": 5.0684207489995234, "sample_mean": 9.6666666666666661, "daily_article_count": 6, "30_day_error_count": 0, "threshold_warn": 19.803508164665715, "30_day_warn_count": 0, "daily_sd": -0.72343375742640237, "threshold_error": 24.871928913665236}, "pertu": {"sample_sd": 1.1469767022723503, "sample_mean": 1.1333333333333333, "daily_article_count": 1, "30_day_error_count": 0, "threshold_warn": 3.4272867378780338, "30_day_warn_count": 0, "daily_sd": -0.11624763874381926, "threshold_error": 4.5742634401503839}, "moldf": {"sample_sd": 0.29999999999999999, "sample_mean": 0.10000000000000001, "daily_article_count": 0, "30_day_error_count": 10, "threshold_warn": 0.69999999999999996, "30_day_warn_count": 0, "daily_sd": -0.33333333333333337, "threshold_error": 0.99999999999999989}, "chole": {"sample_sd": 3.5345909711497501, "sample_mean": 4.7999999999999998, "daily_article_count": 1, "30_day_error_count": 0, "threshold_warn": 11.8691819422995, "30_day_warn_count": 0, "daily_sd": -1.0750890360487499, "threshold_error": 15.403772913449249}, "hepat": {"sample_sd": 1.6653327995729061, "sample_mean": 1.6000000000000001, "daily_article_count": 2, "30_day_error_count": 0, "threshold_warn": 4.9306655991458124, "30_day_warn_count": 0, "daily_sd": 0.24019223070763066, "threshold_error": 6.5959983987187183}, "chiku": {"sample_sd": 2.6164012604253872, "sample_mean": 4.7666666666666666, "daily_article_count": 0, "30_day_error_count": 0, "threshold_warn": 9.9994691875174411, "30_day_warn_count": 0, "daily_sd": -1.8218408386990605, "threshold_error": 12.615870447942829}, "yello": {"sample_sd": 0.0, "sample_mean": 0.0, "daily_article_count": 0, "30_day_error_count": 30, "threshold_warn": 0.0, "30_day_warn_count": 0, "daily_sd": 0, "threshold_error": 0.0}, "menin": {"sample_sd": 3.0543229837214154, "sample_mean": 3.7333333333333334, "daily_article_count": 3, "30_day_error_count": 2, "threshold_warn": 9.8419793007761633, "30_day_warn_count": 4, "daily_sd": -0.24009685198381778, "threshold_error": 12.89630228449758}, "plagu": {"sample_sd": 0.17950549357115012, "sample_mean": 0.033333333333333333, "daily_article_count": 1, "30_day_error_count": 4, "threshold_warn": 0.39234432047563356, "30_day_warn_count": 0, "daily_sd": 5.3851648071345046, "threshold_error": 0.5718498140467837}, "westn": {"sample_sd": 2.844097201026873, "sample_mean": 3.6666666666666665, "daily_article_count": 1, "30_day_error_count": 0, "threshold_warn": 9.3548610687204121, "30_day_warn_count": 0, "daily_sd": -0.93761446187699049, "threshold_error": 12.198958269747285}, "swine": {"sample_sd": 1.0327955589886444, "sample_mean": 1.0, "daily_article_count": 1, "30_day_error_count": 1, "threshold_warn": 3.0655911179772888, "30_day_warn_count": 0, "daily_sd": 0.0, "threshold_error": 4.0983866769659336}, "measl": {"sample_sd": 2.7367864366808017, "sample_mean": 3.1000000000000001, "daily_article_count": 1, "30_day_error_count": 0, "threshold_warn": 8.5735728733616039, "30_day_warn_count": 0, "daily_sd": -0.7673233000039632, "threshold_error": 11.310359310042404}, "dengu": {"sample_sd": 3.4189017079888222, "sample_mean": 8.3333333333333339, "daily_article_count": 5, "30_day_error_count": 1, "threshold_warn": 15.171136749310978, "30_day_warn_count": 0, "daily_sd": -0.9749719699587901, "threshold_error": 18.590038457299798}, "ebola": {"sample_sd": 203.83950385863218, "sample_mean": 353.69999999999999, "daily_article_count": 298, "30_day_error_count": 17, "threshold_warn": 761.37900771726436, "30_day_warn_count": 8, "daily_sd": -0.27325419727585942, "threshold_error": 965.21851157589663}, "unkno": {"sample_sd": 48.897670928401304, "sample_mean": 93.86666666666666, "daily_article_count": 30, "30_day_error_count": 0, "threshold_warn": 191.66200852346927, "30_day_warn_count": 0, "daily_sd": -1.3061290129786303, "threshold_error": 240.55967945187058}, "mumps": {"sample_sd": 0.24944382578492943, "sample_mean": 0.066666666666666666, "daily_article_count": 1, "30_day_error_count": 4, "threshold_warn": 0.56555431823652558, "30_day_warn_count": 0, "daily_sd": 3.7416573867739413, "threshold_error": 0.81499814402145498}}