{"hemmo": {"sample_sd": 0.9568466729604882, "sample_mean": 0.53333333333333333, "daily_article_count": 0, "30_day_error_count": 0, "threshold_warn": 2.4470266792543098, "30_day_warn_count": 0, "daily_sd": -0.55738641143329415, "threshold_error": 3.4038733522147977}, "mersc": {"sample_sd": 2.092579482095934, "sample_mean": 2.7666666666666666, "daily_article_count": 0, "30_day_error_count": 0, "threshold_warn": 6.9518256308585347, "30_day_warn_count": 0, "daily_sd": -1.3221321772186951, "threshold_error": 9.0444051129544683}, "influ": {"sample_sd": 4.3996211958152331, "sample_mean": 7.9000000000000004, "daily_article_count": 7, "30_day_error_count": 11, "threshold_warn": 16.699242391630467, "30_day_warn_count": 0, "daily_sd": -0.20456306576030889, "threshold_error": 21.098863587445699}, "pertu": {"sample_sd": 1.0857664983268218, "sample_mean": 1.4333333333333333, "daily_article_count": 0, "30_day_error_count": 4, "threshold_warn": 3.6048663299869768, "30_day_warn_count": 0, "daily_sd": -1.3201119536678612, "threshold_error": 4.6906328283137988}, "moldf": {"sample_sd": 0.71802197428460057, "sample_mean": 0.53333333333333333, "daily_article_count": 0, "30_day_error_count": 0, "threshold_warn": 1.9693772819025344, "30_day_warn_count": 0, "daily_sd": -0.74278135270820744, "threshold_error": 2.6873992561871347}, "chole": {"sample_sd": 3.6872151490732885, "sample_mean": 3.7333333333333334, "daily_article_count": 2, "30_day_error_count": 0, "threshold_warn": 11.10776363147991, "30_day_warn_count": 0, "daily_sd": -0.4700928107677616, "threshold_error": 14.794978780553198}, "hepat": {"sample_sd": 2.8472208672083497, "sample_mean": 2.6000000000000001, "daily_article_count": 3, "30_day_error_count": 0, "threshold_warn": 8.294441734416699, "30_day_warn_count": 0, "daily_sd": 0.14048787173725405, "threshold_error": 11.141662601625049}, "chiku": {"sample_sd": 2.0264912204760881, "sample_mean": 2.6000000000000001, "daily_article_count": 4, "30_day_error_count": 0, "threshold_warn": 6.6529824409521758, "30_day_warn_count": 0, "daily_sd": 0.69084927970775756, "threshold_error": 8.6794736614282648}, "yello": {"sample_sd": 0.47609522856952335, "sample_mean": 0.20000000000000001, "daily_article_count": 0, "30_day_error_count": 1, "threshold_warn": 1.1521904571390467, "30_day_warn_count": 0, "daily_sd": -0.42008402520840293, "threshold_error": 1.6282856857085701}, "menin": {"sample_sd": 3.5490217744549772, "sample_mean": 4.0666666666666664, "daily_article_count": 0, "30_day_error_count": 0, "threshold_warn": 11.164710215576621, "30_day_warn_count": 0, "daily_sd": -1.1458556540671503, "threshold_error": 14.713731990031597}, "plagu": {"sample_sd": 0.54160256030906384, "sample_mean": 0.20000000000000001, "daily_article_count": 0, "30_day_error_count": 7, "threshold_warn": 1.2832051206181276, "30_day_warn_count": 0, "daily_sd": -0.36927447293799837, "threshold_error": 1.8248076809271916}, "westn": {"sample_sd": 1.7194960502038577, "sample_mean": 1.1000000000000001, "daily_article_count": 0, "30_day_error_count": 0, "threshold_warn": 4.5389921004077154, "30_day_warn_count": 0, "daily_sd": -0.63972231856513295, "threshold_error": 6.2584881506115728}, "swine": {"sample_sd": 1.4161763857498668, "sample_mean": 1.1666666666666667, "daily_article_count": 2, "30_day_error_count": 2, "threshold_warn": 3.9990194381664006, "30_day_warn_count": 0, "daily_sd": 0.58843894144731301, "threshold_error": 5.4151958239162674}, "measl": {"sample_sd": 2.6674998698323411, "sample_mean": 2.4666666666666668, "daily_article_count": 5, "30_day_error_count": 0, "threshold_warn": 7.801666406331349, "30_day_warn_count": 0, "daily_sd": 0.94970326408771655, "threshold_error": 10.469166276163691}, "dengu": {"sample_sd": 2.8627880738111853, "sample_mean": 7.9333333333333336, "daily_article_count": 4, "30_day_error_count": 0, "threshold_warn": 13.658909480955703, "30_day_warn_count": 0, "daily_sd": -1.3739519768562358, "threshold_error": 16.521697554766888}, "ebola": {"sample_sd": 516.60850102697043, "sample_mean": 801.70000000000005, "daily_article_count": 41, "30_day_error_count": 0, "threshold_warn": 1834.9170020539409, "30_day_warn_count": 0, "daily_sd": -1.4724883514069127, "threshold_error": 2351.5255030809112}, "unkno": {"sample_sd": 48.279982049154356, "sample_mean": 53.899999999999999, "daily_article_count": 19, "30_day_error_count": 0, "threshold_warn": 150.45996409830872, "30_day_warn_count": 0, "daily_sd": -0.72286688020032697, "threshold_error": 198.73994614746309}, "mumps": {"sample_sd": 0.47609522856952335, "sample_mean": 0.20000000000000001, "daily_article_count": 1, "30_day_error_count": 3, "threshold_warn": 1.1521904571390467, "30_day_warn_count": 0, "daily_sd": 1.6803361008336117, "threshold_error": 1.6282856857085701}}