{"hemmo": {"sample_sd": 0.87496031656044593, "sample_mean": 0.6333333333333333, "daily_article_count": 0, "30_day_error_count": 0, "threshold_warn": 2.3832539664542249, "30_day_warn_count": 0, "daily_sd": -0.72384235187148627, "threshold_error": 3.258214283014671}, "mersc": {"sample_sd": 0.76084748070088848, "sample_mean": 0.56666666666666665, "daily_article_count": 4, "30_day_error_count": 11, "threshold_warn": 2.0883616280684434, "30_day_warn_count": 1, "daily_sd": 4.5125119296847327, "threshold_error": 2.8492091087693323}, "influ": {"sample_sd": 1.9310331143946986, "sample_mean": 3.0666666666666669, "daily_article_count": 8, "30_day_error_count": 9, "threshold_warn": 6.9287328954560641, "30_day_warn_count": 2, "daily_sd": 2.5547637151109837, "threshold_error": 8.8597660098507625}, "pertu": {"sample_sd": 2.1931712199461311, "sample_mean": 2.2999999999999998, "daily_article_count": 2, "30_day_error_count": 0, "threshold_warn": 6.686342439892262, "30_day_warn_count": 0, "daily_sd": -0.13678822577626587, "threshold_error": 8.879513659838393}, "moldf": {"sample_sd": 0.45338235029118146, "sample_mean": 0.16666666666666666, "daily_article_count": 0, "30_day_error_count": 0, "threshold_warn": 1.0734313672490297, "30_day_warn_count": 0, "daily_sd": -0.36760731104690386, "threshold_error": 1.5268137175402112}, "chole": {"sample_sd": 6.1985661424415088, "sample_mean": 7.333333333333333, "daily_article_count": 5, "30_day_error_count": 0, "threshold_warn": 19.73046561821635, "30_day_warn_count": 0, "daily_sd": -0.37643114225353302, "threshold_error": 25.92903176065786}, "hepat": {"sample_sd": 4.4081994308586161, "sample_mean": 3.0333333333333332, "daily_article_count": 1, "30_day_error_count": 0, "threshold_warn": 11.849732195050565, "30_day_warn_count": 0, "daily_sd": -0.46126164780555007, "threshold_error": 16.25793162590918}, "chiku": {"sample_sd": 3.6161674002549526, "sample_mean": 4.2999999999999998, "daily_article_count": 6, "30_day_error_count": 0, "threshold_warn": 11.532334800509904, "30_day_warn_count": 0, "daily_sd": 0.47011097989549494, "threshold_error": 15.14850220076486}, "yello": {"sample_sd": 0.65743609744386733, "sample_mean": 0.36666666666666664, "daily_article_count": 0, "30_day_error_count": 0, "threshold_warn": 1.6815388615544014, "30_day_warn_count": 0, "daily_sd": -0.55772213921973313, "threshold_error": 2.3389749589982687}, "menin": {"sample_sd": 1.3337499349161706, "sample_mean": 1.7666666666666666, "daily_article_count": 3, "30_day_error_count": 6, "threshold_warn": 4.4341665364990082, "30_day_warn_count": 4, "daily_sd": 0.92471107292751353, "threshold_error": 5.7679164714151785}, "plagu": {"sample_sd": 0.47609522856952335, "sample_mean": 0.20000000000000001, "daily_article_count": 0, "30_day_error_count": 0, "threshold_warn": 1.1521904571390467, "30_day_warn_count": 0, "daily_sd": -0.42008402520840293, "threshold_error": 1.6282856857085701}, "westn": {"sample_sd": 2.5256462319352817, "sample_mean": 5.2333333333333334, "daily_article_count": 3, "30_day_error_count": 0, "threshold_warn": 10.284625797203898, "30_day_warn_count": 0, "daily_sd": -0.88426213659465569, "threshold_error": 12.810272029139178}, "swine": {"sample_sd": 0.7187952884282609, "sample_mean": 0.5, "daily_article_count": 1, "30_day_error_count": 2, "threshold_warn": 1.9375905768565218, "30_day_warn_count": 0, "daily_sd": 0.69560834364025237, "threshold_error": 2.6563858652847827}, "measl": {"sample_sd": 1.6196707484341788, "sample_mean": 1.8999999999999999, "daily_article_count": 0, "30_day_error_count": 4, "threshold_warn": 5.139341496868358, "30_day_warn_count": 0, "daily_sd": -1.1730779245330141, "threshold_error": 6.7590122453025359}, "dengu": {"sample_sd": 2.4515301344262523, "sample_mean": 3.2999999999999998, "daily_article_count": 12, "30_day_error_count": 7, "threshold_warn": 8.2030602688525036, "30_day_warn_count": 14, "daily_sd": 3.5488040215488184, "threshold_error": 10.654590403278757}, "ebola": {"sample_sd": 147.15002170876119, "sample_mean": 435.26666666666665, "daily_article_count": 274, "30_day_error_count": 0, "threshold_warn": 729.56671008418903, "30_day_warn_count": 0, "daily_sd": -1.0959336926626153, "threshold_error": 876.71673179295021}, "unkno": {"sample_sd": 73.489651576864134, "sample_mean": 71.266666666666666, "daily_article_count": 79, "30_day_error_count": 0, "threshold_warn": 218.24596982039492, "30_day_warn_count": 0, "daily_sd": 0.10523023537871729, "threshold_error": 291.73562139725908}, "mumps": {"sample_sd": 0.81377037438224686, "sample_mean": 0.26666666666666666, "daily_article_count": 0, "30_day_error_count": 0, "threshold_warn": 1.8942074154311603, "30_day_warn_count": 0, "daily_sd": -0.32769276820761617, "threshold_error": 2.7079777898134072}}