{"hemmo": {"sample_sd": 0.17950549357115014, "sample_mean": 0.033333333333433336, "daily_article_count": 0, "30_day_error_count": 3, "threshold_warn": 0.39234432047573364, "30_day_warn_count": 0, "daily_sd": -0.18569533817760894, "threshold_error": 0.57184981404688373}, "mersc": {"sample_sd": 1.7701224063135672, "sample_mean": 1.0000000000000999, "daily_article_count": 1, "30_day_error_count": 2, "threshold_warn": 4.5402448126272343, "30_day_warn_count": 0, "daily_sd": -5.644811446930174e-14, "threshold_error": 6.3103672189408009}, "influ": {"sample_sd": 14.94318871221564, "sample_mean": 15.966666666666766, "daily_article_count": 4, "30_day_error_count": 0, "threshold_warn": 45.853044091098049, "30_day_warn_count": 0, "daily_sd": -0.80081078390479998, "threshold_error": 60.796232803313686}, "pertu": {"sample_sd": 0.54670731556189078, "sample_mean": 0.36666666666676662, "daily_article_count": 0, "30_day_error_count": 2, "threshold_warn": 1.4600812977905482, "30_day_warn_count": 2, "daily_sd": -0.67068183693484451, "threshold_error": 2.0067886133524389}, "moldf": {"sample_sd": 0.17950549357115012, "sample_mean": 0.033333333333433336, "daily_article_count": 0, "30_day_error_count": 7, "threshold_warn": 0.39234432047573359, "30_day_warn_count": 0, "daily_sd": -0.185695338177609, "threshold_error": 0.57184981404688373}, "chole": {"sample_sd": 2.5166114784235831, "sample_mean": 2.0000000000000999, "daily_article_count": 5, "30_day_error_count": 0, "threshold_warn": 7.0332229568472666, "30_day_warn_count": 0, "daily_sd": 1.1920791213584998, "threshold_error": 9.5498344352708493}, "hepat": {"sample_sd": 1.4000000000000001, "sample_mean": 0.80000000000010008, "daily_article_count": 0, "30_day_error_count": 0, "threshold_warn": 3.6000000000001005, "30_day_warn_count": 1, "daily_sd": -0.5714285714286429, "threshold_error": 5.0000000000001004}, "chiku": {"sample_sd": 0.61553951042064614, "sample_mean": 0.43333333333343332, "daily_article_count": 0, "30_day_error_count": 2, "threshold_warn": 1.6644123541747256, "30_day_warn_count": 0, "daily_sd": -0.70398946939620966, "threshold_error": 2.2799518645953718}, "yello": {"sample_sd": 0.30000000000000004, "sample_mean": 0.10000000000010001, "daily_article_count": 1, "30_day_error_count": 0, "threshold_warn": 0.7000000000001001, "30_day_warn_count": 0, "daily_sd": 2.999999999999666, "threshold_error": 1.0000000000001001}, "menin": {"sample_sd": 1.5524174696260022, "sample_mean": 0.70000000000009999, "daily_article_count": 1, "30_day_error_count": 3, "threshold_warn": 3.8048349392521046, "30_day_warn_count": 5, "daily_sd": 0.19324698792018485, "threshold_error": 5.3572524088781064}, "plagu": {"sample_sd": 0.33993463423951903, "sample_mean": 0.13333333333343333, "daily_article_count": 0, "30_day_error_count": 0, "threshold_warn": 0.81320260181247139, "30_day_warn_count": 0, "daily_sd": -0.39223227027666219, "threshold_error": 1.1531372360519905}, "westn": {"sample_sd": 0.47609522856952335, "sample_mean": 0.20000000000010001, "daily_article_count": 1, "30_day_error_count": 6, "threshold_warn": 1.1521904571391468, "30_day_warn_count": 0, "daily_sd": 1.6803361008334017, "threshold_error": 1.6282856857086703}, "swine": {"sample_sd": 9.6813681310488793, "sample_mean": 10.066666666666766, "daily_article_count": 5, "30_day_error_count": 0, "threshold_warn": 29.429402928764524, "30_day_warn_count": 0, "daily_sd": -0.52334201097235244, "threshold_error": 39.110771059813402}, "measl": {"sample_sd": 3.2709156040608707, "sample_mean": 3.9666666666667667, "daily_article_count": 9, "30_day_error_count": 2, "threshold_warn": 10.508497874788508, "30_day_warn_count": 4, "daily_sd": 1.5388147976316802, "threshold_error": 13.779413478849378}, "dengu": {"sample_sd": 1.7792008193443358, "sample_mean": 1.9666666666667665, "daily_article_count": 3, "30_day_error_count": 2, "threshold_warn": 5.5250683053554379, "30_day_warn_count": 5, "daily_sd": 0.58078510424361962, "threshold_error": 7.3042691246997737}, "ebola": {"sample_sd": 1.0857664983268218, "sample_mean": 0.56666666666676668, "daily_article_count": 0, "30_day_error_count": 0, "threshold_warn": 2.7381996633204104, "30_day_warn_count": 0, "daily_sd": -0.52190472586878145, "threshold_error": 3.823966161647232}, "unkno": {"sample_sd": 26.314444702482323, "sample_mean": 37.500000000000099, "daily_article_count": 68, "30_day_error_count": 0, "threshold_warn": 90.128889404964752, "30_day_warn_count": 0, "daily_sd": 1.1590592294399715, "threshold_error": 116.44333410744707}, "mumps": {"sample_sd": 0.0, "sample_mean": 1e-13, "daily_article_count": 0, "30_day_error_count": 6, "threshold_warn": 1e-13, "30_day_warn_count": 0, "daily_sd": -Infinity, "threshold_error": 1e-13}}