{"hemmo": {"sample_sd": 0.42295258468165059, "sample_mean": 0.23333333333343334, "daily_article_count": 0, "30_day_error_count": 1, "threshold_warn": 1.0792385026967346, "30_day_warn_count": 0, "daily_sd": -0.55167728436760699, "threshold_error": 1.502191087378385}, "mersc": {"sample_sd": 3.3226495451672298, "sample_mean": 3.6000000000001, "daily_article_count": 3, "30_day_error_count": 0, "threshold_warn": 10.245299090334559, "30_day_warn_count": 0, "daily_sd": -0.18057877962868391, "threshold_error": 13.567948635501789}, "influ": {"sample_sd": 9.1155544720731783, "sample_mean": 15.200000000000099, "daily_article_count": 21, "30_day_error_count": 0, "threshold_warn": 33.431108944146459, "30_day_warn_count": 0, "daily_sd": 0.63627506343898677, "threshold_error": 42.54666341621963}, "pertu": {"sample_sd": 1.1000000000000001, "sample_mean": 1.3000000000001, "daily_article_count": 4, "30_day_error_count": 0, "threshold_warn": 3.5000000000001004, "30_day_warn_count": 0, "daily_sd": 2.4545454545453631, "threshold_error": 4.6000000000001}, "moldf": {"sample_sd": 1.3564659966250536, "sample_mean": 1.4000000000000998, "daily_article_count": 2, "30_day_error_count": 0, "threshold_warn": 4.1129319932502071, "30_day_warn_count": 0, "daily_sd": 0.4423258684646178, "threshold_error": 5.4693979898752607}, "chole": {"sample_sd": 2.3345235059857505, "sample_mean": 4.5000000000001004, "daily_article_count": 11, "30_day_error_count": 5, "threshold_warn": 9.1690470119716014, "30_day_warn_count": 0, "daily_sd": 2.7842940897077324, "threshold_error": 11.503570517957353}, "hepat": {"sample_sd": 6.7466040840312145, "sample_mean": 5.5000000000001004, "daily_article_count": 3, "30_day_error_count": 0, "threshold_warn": 18.99320816806253, "30_day_warn_count": 0, "daily_sd": -0.37055679699916622, "threshold_error": 25.739812252093742}, "chiku": {"sample_sd": 0.91651513899116788, "sample_mean": 0.60000000000010001, "daily_article_count": 1, "30_day_error_count": 0, "threshold_warn": 2.4330302779824358, "30_day_warn_count": 0, "daily_sd": 0.4364357804718757, "threshold_error": 3.3495454169736036}, "yello": {"sample_sd": 0.24944382578492943, "sample_mean": 0.066666666666766669, "daily_article_count": 1, "30_day_error_count": 10, "threshold_warn": 0.5655543182366255, "30_day_warn_count": 0, "daily_sd": 3.7416573867735403, "threshold_error": 0.81499814402155502}, "menin": {"sample_sd": 2.5289435651187548, "sample_mean": 4.266666666666767, "daily_article_count": 13, "30_day_error_count": 1, "threshold_warn": 9.3245537969042758, "30_day_warn_count": 0, "daily_sd": 3.453352401291379, "threshold_error": 11.853497362023031}, "plagu": {"sample_sd": 2.926697038566779, "sample_mean": 0.96666666666676671, "daily_article_count": 0, "30_day_error_count": 1, "threshold_warn": 6.8200607438003242, "30_day_warn_count": 2, "daily_sd": -0.33029269990314719, "threshold_error": 9.7467577823671032}, "westn": {"sample_sd": 2.3048258550750034, "sample_mean": 3.7666666666667665, "daily_article_count": 0, "30_day_error_count": 0, "threshold_warn": 8.3763183768167728, "30_day_warn_count": 0, "daily_sd": -1.6342521750061643, "threshold_error": 10.681144231891777}, "swine": {"sample_sd": 3.2216282977539308, "sample_mean": 3.433333333333433, "daily_article_count": 0, "30_day_error_count": 0, "threshold_warn": 9.8765899288412946, "30_day_warn_count": 0, "daily_sd": -1.0657136752017915, "threshold_error": 13.098218226595225}, "measl": {"sample_sd": 3.684954394410993, "sample_mean": 4.2333333333334338, "daily_article_count": 2, "30_day_error_count": 0, "threshold_warn": 11.60324212215542, "30_day_warn_count": 0, "daily_sd": -0.60606810676429335, "threshold_error": 15.288196516566412}, "dengu": {"sample_sd": 22.954568656853958, "sample_mean": 32.433333333333429, "daily_article_count": 17, "30_day_error_count": 0, "threshold_warn": 78.342470647041353, "30_day_warn_count": 0, "daily_sd": -0.67234255472385984, "threshold_error": 101.2970393038953}, "ebola": {"sample_sd": 19.212727263168262, "sample_mean": 29.266666666666765, "daily_article_count": 33, "30_day_error_count": 2, "threshold_warn": 67.692121193003288, "30_day_warn_count": 0, "daily_sd": 0.19431563682737626, "threshold_error": 86.90484845617155}, "unkno": {"sample_sd": 20.241761012542582, "sample_mean": 47.933333333333429, "daily_article_count": 62, "30_day_error_count": 1, "threshold_warn": 88.416855358418587, "30_day_warn_count": 0, "daily_sd": 0.69493294866737709, "threshold_error": 108.65861637096117}, "mumps": {"sample_sd": 1.0645812948447542, "sample_mean": 1.0000000000000999, "daily_article_count": 0, "30_day_error_count": 1, "threshold_warn": 3.1291625896896083, "30_day_warn_count": 0, "daily_sd": -0.93933643662781807, "threshold_error": 4.1937438845343618}}