{"hemmo": {"sample_sd": 2.048305532764962, "sample_mean": 1.7333333333334333, "daily_article_count": 0, "30_day_error_count": 0, "threshold_warn": 5.8299443988633577, "30_day_warn_count": 0, "daily_sd": -0.84622792137540404, "threshold_error": 7.8782499316283197}, "mersc": {"sample_sd": 2.337139752394414, "sample_mean": 2.7333333333334333, "daily_article_count": 0, "30_day_error_count": 0, "threshold_warn": 7.4076128381222617, "30_day_warn_count": 0, "daily_sd": -1.1695207060395583, "threshold_error": 9.7447525905166756}, "influ": {"sample_sd": 4.6667857127672887, "sample_mean": 9.766666666666767, "daily_article_count": 19, "30_day_error_count": 3, "threshold_warn": 19.100238092201344, "30_day_warn_count": 0, "daily_sd": 1.9785209567417859, "threshold_error": 23.76702380496863}, "pertu": {"sample_sd": 0.99777530313971785, "sample_mean": 1.0666666666667666, "daily_article_count": 0, "30_day_error_count": 0, "threshold_warn": 3.0622172729462021, "30_day_warn_count": 0, "daily_sd": -1.0690449676497975, "threshold_error": 4.0599925760859206}, "moldf": {"sample_sd": 0.5120763831912406, "sample_mean": 0.26666666666676664, "daily_article_count": 0, "30_day_error_count": 7, "threshold_warn": 1.290819433049248, "30_day_warn_count": 0, "daily_sd": -0.52075564392349061, "threshold_error": 1.8028958162404884}, "chole": {"sample_sd": 3.562302626111375, "sample_mean": 5.1000000000001, "daily_article_count": 5, "30_day_error_count": 0, "threshold_warn": 12.224605252222851, "30_day_warn_count": 0, "daily_sd": -0.028071730702245373, "threshold_error": 15.786907878334226}, "hepat": {"sample_sd": 1.2995725793078619, "sample_mean": 1.6666666666667667, "daily_article_count": 1, "30_day_error_count": 2, "threshold_warn": 4.2658118252824906, "30_day_warn_count": 1, "daily_sd": -0.51298917604265404, "threshold_error": 5.5653844045903522}, "chiku": {"sample_sd": 2.462158041682585, "sample_mean": 3.933333333333433, "daily_article_count": 2, "30_day_error_count": 0, "threshold_warn": 8.8576494166986031, "30_day_warn_count": 0, "daily_sd": -0.78521902355716988, "threshold_error": 11.319807458381188}, "yello": {"sample_sd": 0.40000000000000002, "sample_mean": 0.20000000000010001, "daily_article_count": 0, "30_day_error_count": 2, "threshold_warn": 1.0000000000001001, "30_day_warn_count": 0, "daily_sd": -0.50000000000025002, "threshold_error": 1.4000000000001003}, "menin": {"sample_sd": 2.9295430056959773, "sample_mean": 3.4666666666667667, "daily_article_count": 0, "30_day_error_count": 1, "threshold_warn": 9.3257526780587217, "30_day_warn_count": 0, "daily_sd": -1.1833472524303099, "threshold_error": 12.255295683754698}, "plagu": {"sample_sd": 0.17950549357115012, "sample_mean": 0.033333333333433336, "daily_article_count": 16, "30_day_error_count": 9, "threshold_warn": 0.39234432047573359, "30_day_warn_count": 0, "daily_sd": 88.948066986807305, "threshold_error": 0.57184981404688373}, "westn": {"sample_sd": 2.0893911925619757, "sample_mean": 2.0333333333334331, "daily_article_count": 0, "30_day_error_count": 0, "threshold_warn": 6.212115718457385, "30_day_warn_count": 0, "daily_sd": -0.97317024239974637, "threshold_error": 8.3015069110193593}, "swine": {"sample_sd": 1.236482466066094, "sample_mean": 0.93333333333343338, "daily_article_count": 1, "30_day_error_count": 2, "threshold_warn": 3.4062982654656215, "30_day_warn_count": 0, "daily_sd": 0.053916386601638291, "threshold_error": 4.6427807315317153}, "measl": {"sample_sd": 1.9058389811897072, "sample_mean": 1.9666666666667665, "daily_article_count": 1, "30_day_error_count": 2, "threshold_warn": 5.7783446290461811, "30_day_warn_count": 3, "daily_sd": -0.50721318863114617, "threshold_error": 7.6841836102358876}, "dengu": {"sample_sd": 3.8564520251420498, "sample_mean": 8.1666666666667656, "daily_article_count": 4, "30_day_error_count": 0, "threshold_warn": 15.879570716950866, "30_day_warn_count": 0, "daily_sd": -1.0804404254227147, "threshold_error": 19.736022742092914}, "ebola": {"sample_sd": 484.50828338292285, "sample_mean": 990.30000000000007, "daily_article_count": 223, "30_day_error_count": 0, "threshold_warn": 1959.3165667658459, "30_day_warn_count": 0, "daily_sd": -1.5836674548525265, "threshold_error": 2443.8248501487687}, "unkno": {"sample_sd": 28.504892367607507, "sample_mean": 62.066666666666769, "daily_article_count": 58, "30_day_error_count": 1, "threshold_warn": 119.07645140188178, "30_day_warn_count": 0, "daily_sd": -0.14266556821972298, "threshold_error": 147.58134376948928}, "mumps": {"sample_sd": 0.30000000000000004, "sample_mean": 0.10000000000010001, "daily_article_count": 1, "30_day_error_count": 4, "threshold_warn": 0.7000000000001001, "30_day_warn_count": 0, "daily_sd": 2.999999999999666, "threshold_error": 1.0000000000001001}}