{"hemmo": {"sample_sd": 0.24944382578492943, "sample_mean": 0.066666666666766669, "daily_article_count": 0, "30_day_error_count": 0, "threshold_warn": 0.5655543182366255, "30_day_warn_count": 0, "daily_sd": -0.2672612419128253, "threshold_error": 0.81499814402155502}, "mersc": {"sample_sd": 5.8457962103834351, "sample_mean": 6.4000000000001007, "daily_article_count": 0, "30_day_error_count": 0, "threshold_warn": 18.091592420766972, "30_day_warn_count": 0, "daily_sd": -1.0948038162247731, "threshold_error": 23.937388631150409}, "influ": {"sample_sd": 6.0630025564896481, "sample_mean": 10.8000000000001, "daily_article_count": 7, "30_day_error_count": 1, "threshold_warn": 22.926005112979396, "30_day_warn_count": 0, "daily_sd": -0.62675216851635651, "threshold_error": 28.989007669469043}, "pertu": {"sample_sd": 1.5162087220725546, "sample_mean": 2.0333333333334331, "daily_article_count": 2, "30_day_error_count": 0, "threshold_warn": 5.0657507774785424, "30_day_warn_count": 0, "daily_sd": -0.021984660059116878, "threshold_error": 6.5819594995510968}, "moldf": {"sample_sd": 0.88254681965824866, "sample_mean": 0.56666666666676668, "daily_article_count": 1, "30_day_error_count": 0, "threshold_warn": 2.3317603059832641, "30_day_warn_count": 0, "daily_sd": 0.49100322349021019, "threshold_error": 3.214307125641513}, "chole": {"sample_sd": 3.765486540792423, "sample_mean": 4.4333333333334339, "daily_article_count": 2, "30_day_error_count": 0, "threshold_warn": 11.96430641491828, "30_day_warn_count": 0, "daily_sd": -0.64622016490367118, "threshold_error": 15.729792955710703}, "hepat": {"sample_sd": 6.4725059546773167, "sample_mean": 5.8000000000001002, "daily_article_count": 0, "30_day_error_count": 0, "threshold_warn": 18.745011909354734, "30_day_warn_count": 0, "daily_sd": -0.89609805546934507, "threshold_error": 25.21751786403205}, "chiku": {"sample_sd": 2.2432615144521653, "sample_mean": 1.9666666666667665, "daily_article_count": 2, "30_day_error_count": 0, "threshold_warn": 6.4531896955710968, "30_day_warn_count": 0, "daily_sd": 0.014859316721873137, "threshold_error": 8.6964512100232625}, "yello": {"sample_sd": 0.66749947981669266, "sample_mean": 0.43333333333343332, "daily_article_count": 0, "30_day_error_count": 0, "threshold_warn": 1.7683322929668186, "30_day_warn_count": 0, "daily_sd": -0.64918902027074898, "threshold_error": 2.4358317727835117}, "menin": {"sample_sd": 2.9619813188697419, "sample_mean": 4.4000000000001007, "daily_article_count": 0, "30_day_error_count": 0, "threshold_warn": 10.323962637739584, "30_day_warn_count": 0, "daily_sd": -1.485492150800968, "threshold_error": 13.285943956609326}, "plagu": {"sample_sd": 0.75718777944003657, "sample_mean": 0.4000000000001, "daily_article_count": 0, "30_day_error_count": 0, "threshold_warn": 1.9143755588801732, "30_day_warn_count": 0, "daily_sd": -0.52827054379550631, "threshold_error": 2.6715633383202095}, "westn": {"sample_sd": 0.64978628965393093, "sample_mean": 0.33333333333343329, "daily_article_count": 0, "30_day_error_count": 1, "threshold_warn": 1.632905912641295, "30_day_warn_count": 0, "daily_sd": -0.51298917604273087, "threshold_error": 2.2826922022952263}, "swine": {"sample_sd": 25.196472416237597, "sample_mean": 41.266666666666765, "daily_article_count": 5, "30_day_error_count": 0, "threshold_warn": 91.65961149914196, "30_day_warn_count": 0, "daily_sd": -1.439354925068602, "threshold_error": 116.85608391537956}, "measl": {"sample_sd": 53.9351462406472, "sample_mean": 89.000000000000099, "daily_article_count": 17, "30_day_error_count": 0, "threshold_warn": 196.87029248129448, "30_day_warn_count": 0, "daily_sd": -1.3349365862243396, "threshold_error": 250.8054387219417}, "dengu": {"sample_sd": 2.6551836094703507, "sample_mean": 4.5000000000001004, "daily_article_count": 2, "30_day_error_count": 1, "threshold_warn": 9.8103672189408009, "30_day_warn_count": 0, "daily_sd": -0.94155447144342463, "threshold_error": 12.465550828411153}, "ebola": {"sample_sd": 33.118306451601988, "sample_mean": 82.666666666666771, "daily_article_count": 46, "30_day_error_count": 0, "threshold_warn": 148.90327956987073, "30_day_warn_count": 0, "daily_sd": -1.1071419584890381, "threshold_error": 182.02158602147273}, "unkno": {"sample_sd": 30.235391330176114, "sample_mean": 63.566666666666769, "daily_article_count": 22, "30_day_error_count": 0, "threshold_warn": 124.037449327019, "30_day_warn_count": 0, "daily_sd": -1.3747686018927625, "threshold_error": 154.2728406571951}, "mumps": {"sample_sd": 0.71802197428460057, "sample_mean": 0.46666666666676665, "daily_article_count": 0, "30_day_error_count": 0, "threshold_warn": 1.9027106152359679, "30_day_warn_count": 0, "daily_sd": -0.64993368361982073, "threshold_error": 2.6207325895205682}}