{"hemmo": {"sample_sd": 0.47609522856952335, "sample_mean": 0.20000000000010001, "daily_article_count": 0, "30_day_error_count": 0, "threshold_warn": 1.1521904571391468, "30_day_warn_count": 0, "daily_sd": -0.42008402520861299, "threshold_error": 1.6282856857086703}, "mersc": {"sample_sd": 1.9035055380358981, "sample_mean": 1.1000000000001, "daily_article_count": 10, "30_day_error_count": 4, "threshold_warn": 4.9070110760718961, "30_day_warn_count": 0, "daily_sd": 4.6755839802721155, "threshold_error": 6.8105166141077946}, "influ": {"sample_sd": 14.023630850183634, "sample_mean": 24.733333333333434, "daily_article_count": 3, "30_day_error_count": 0, "threshold_warn": 52.780595033700706, "30_day_warn_count": 0, "daily_sd": -1.5497650762141135, "threshold_error": 66.804225883884328}, "pertu": {"sample_sd": 0.90000000000000002, "sample_mean": 0.70000000000009999, "daily_article_count": 1, "30_day_error_count": 7, "threshold_warn": 2.5000000000000999, "30_day_warn_count": 11, "daily_sd": 0.33333333333322224, "threshold_error": 3.4000000000001003}, "moldf": {"sample_sd": 0.71802197428460057, "sample_mean": 0.46666666666676665, "daily_article_count": 0, "30_day_error_count": 0, "threshold_warn": 1.9027106152359679, "30_day_warn_count": 0, "daily_sd": -0.64993368361982073, "threshold_error": 2.6207325895205682}, "chole": {"sample_sd": 4.9084960357866585, "sample_mean": 3.2000000000001001, "daily_article_count": 1, "30_day_error_count": 0, "threshold_warn": 13.016992071573418, "30_day_warn_count": 0, "daily_sd": -0.44820246037899014, "threshold_error": 17.925488107360074}, "hepat": {"sample_sd": 1.4302291968616625, "sample_mean": 1.2333333333334333, "daily_article_count": 9, "30_day_error_count": 4, "threshold_warn": 4.0937917270567583, "30_day_warn_count": 0, "daily_sd": 5.4303650657593092, "threshold_error": 5.524020923918421}, "chiku": {"sample_sd": 1.42828568570857, "sample_mean": 1.6000000000001, "daily_article_count": 0, "30_day_error_count": 3, "threshold_warn": 4.4565713714172404, "30_day_warn_count": 0, "daily_sd": -1.1202240672224779, "threshold_error": 5.8848570571258101}, "yello": {"sample_sd": 0.30000000000000004, "sample_mean": 0.10000000000010001, "daily_article_count": 0, "30_day_error_count": 2, "threshold_warn": 0.7000000000001001, "30_day_warn_count": 0, "daily_sd": -0.33333333333366666, "threshold_error": 1.0000000000001001}, "menin": {"sample_sd": 5.0226155204899641, "sample_mean": 3.2000000000001001, "daily_article_count": 3, "30_day_error_count": 0, "threshold_warn": 13.245231040980029, "30_day_warn_count": 0, "daily_sd": -0.039819890490162338, "threshold_error": 18.267846561469991}, "plagu": {"sample_sd": 0.17950549357115009, "sample_mean": 0.033333333333433336, "daily_article_count": 0, "30_day_error_count": 6, "threshold_warn": 0.39234432047573353, "30_day_warn_count": 0, "daily_sd": -0.18569533817760903, "threshold_error": 0.57184981404688362}, "westn": {"sample_sd": 0.40000000000000008, "sample_mean": 0.20000000000010001, "daily_article_count": 0, "30_day_error_count": 1, "threshold_warn": 1.0000000000001001, "30_day_warn_count": 0, "daily_sd": -0.50000000000024991, "threshold_error": 1.4000000000001003}, "swine": {"sample_sd": 3.938978999125986, "sample_mean": 5.4666666666667671, "daily_article_count": 32, "30_day_error_count": 20, "threshold_warn": 13.34462466491874, "30_day_warn_count": 21, "daily_sd": 6.7360941348559287, "threshold_error": 17.283603664044726}, "measl": {"sample_sd": 9.6634477399229635, "sample_mean": 7.4666666666667671, "daily_article_count": 28, "30_day_error_count": 24, "threshold_warn": 26.793562146512695, "30_day_warn_count": 24, "daily_sd": 2.124845488479552, "threshold_error": 36.457009886435657}, "dengu": {"sample_sd": 1.8511257835886428, "sample_mean": 2.2000000000001001, "daily_article_count": 0, "30_day_error_count": 2, "threshold_warn": 5.9022515671773856, "30_day_warn_count": 0, "daily_sd": -1.1884659700083267, "threshold_error": 7.7533773507660282}, "ebola": {"sample_sd": 60.634506127561828, "sample_mean": 117.3000000000001, "daily_article_count": 37, "30_day_error_count": 0, "threshold_warn": 238.56901225512377, "30_day_warn_count": 0, "daily_sd": -1.3243284249906537, "threshold_error": 299.20351838268562}, "unkno": {"sample_sd": 22.741567423748279, "sample_mean": 53.566666666666769, "daily_article_count": 17, "30_day_error_count": 0, "threshold_warn": 99.049801514163335, "30_day_warn_count": 0, "daily_sd": -1.6079220040251663, "threshold_error": 121.79136893791161}, "mumps": {"sample_sd": 0.6403124237432849, "sample_mean": 0.30000000000009996, "daily_article_count": 0, "30_day_error_count": 0, "threshold_warn": 1.5806248474866698, "30_day_warn_count": 0, "daily_sd": -0.46852128566597429, "threshold_error": 2.2209372712299547}}