{"hemmo": {"sample_sd": 0.17950549357115009, "sample_mean": 0.033333333333433336, "daily_article_count": 0, "30_day_error_count": 0, "threshold_warn": 0.39234432047573353, "30_day_warn_count": 0, "daily_sd": -0.18569533817760903, "threshold_error": 0.57184981404688362}, "mersc": {"sample_sd": 24.662251857173683, "sample_mean": 33.200000000000102, "daily_article_count": 4, "30_day_error_count": 0, "threshold_warn": 82.524503714347475, "30_day_warn_count": 0, "daily_sd": -1.183995693868745, "threshold_error": 107.18675557152115}, "influ": {"sample_sd": 3.1694724412046171, "sample_mean": 3.2333333333334333, "daily_article_count": 2, "30_day_error_count": 0, "threshold_warn": 9.5722782157426671, "30_day_warn_count": 0, "daily_sd": -0.38912890274719725, "threshold_error": 12.741750656947286}, "pertu": {"sample_sd": 1.1352924243950935, "sample_mean": 1.3333333333334332, "daily_article_count": 0, "30_day_error_count": 7, "threshold_warn": 3.6039181821236204, "30_day_warn_count": 0, "daily_sd": -1.1744404390294949, "threshold_error": 4.7392106065187134}, "moldf": {"sample_sd": 0.53748384988656994, "sample_mean": 0.33333333333343329, "daily_article_count": 0, "30_day_error_count": 2, "threshold_warn": 1.4083010331065733, "30_day_warn_count": 0, "daily_sd": -0.62017367294622827, "threshold_error": 1.9457848829931432}, "chole": {"sample_sd": 4.9423341314268372, "sample_mean": 6.2000000000001005, "daily_article_count": 4, "30_day_error_count": 0, "threshold_warn": 16.084668262853775, "30_day_warn_count": 0, "daily_sd": -0.44513380550516668, "threshold_error": 21.027002394280615}, "hepat": {"sample_sd": 3.9237170585499093, "sample_mean": 3.7333333333334333, "daily_article_count": 0, "30_day_error_count": 0, "threshold_warn": 11.580767450433251, "30_day_warn_count": 0, "daily_sd": -0.95147873244284431, "threshold_error": 15.504484508983161}, "chiku": {"sample_sd": 3.3334999958335412, "sample_mean": 3.433333333333433, "daily_article_count": 10, "30_day_error_count": 9, "threshold_warn": 10.100333325000516, "30_day_warn_count": 13, "daily_sd": 1.9699015073868549, "threshold_error": 13.433833320834056}, "yello": {"sample_sd": 0.49553562491061676, "sample_mean": 0.23333333333343334, "daily_article_count": 0, "30_day_error_count": 3, "threshold_warn": 1.2244045831546668, "30_day_warn_count": 0, "daily_sd": -0.47087095579762062, "threshold_error": 1.7199402080652835}, "menin": {"sample_sd": 1.0327955589886444, "sample_mean": 1.0000000000000999, "daily_article_count": 0, "30_day_error_count": 3, "threshold_warn": 3.0655911179773887, "30_day_warn_count": 0, "daily_sd": -0.96824583655195107, "threshold_error": 4.0983866769660331}, "plagu": {"sample_sd": 0.0, "sample_mean": 1e-13, "daily_article_count": 0, "30_day_error_count": 1, "threshold_warn": 1e-13, "30_day_warn_count": 0, "daily_sd": -Infinity, "threshold_error": 1e-13}, "westn": {"sample_sd": 1.2489995996796797, "sample_mean": 1.2000000000000999, "daily_article_count": 7, "30_day_error_count": 6, "threshold_warn": 3.697999199359459, "30_day_warn_count": 6, "daily_sd": 4.6437164603474468, "threshold_error": 4.9469987990391386}, "swine": {"sample_sd": 2.6153393661244047, "sample_mean": 1.4000000000000998, "daily_article_count": 1, "30_day_error_count": 0, "threshold_warn": 6.6306787322489091, "30_day_warn_count": 0, "daily_sd": -0.15294382258041264, "threshold_error": 9.2460180983733142}, "measl": {"sample_sd": 9.7670648382999676, "sample_mean": 9.266666666666767, "daily_article_count": 5, "30_day_error_count": 0, "threshold_warn": 28.800796343266704, "30_day_warn_count": 0, "daily_sd": -0.43684225888782091, "threshold_error": 38.56786118156667}, "dengu": {"sample_sd": 1.8726095873584185, "sample_mean": 2.4000000000000998, "daily_article_count": 6, "30_day_error_count": 4, "threshold_warn": 6.1452191747169369, "30_day_warn_count": 1, "daily_sd": 1.9224509071739886, "threshold_error": 8.0178287620753554}, "ebola": {"sample_sd": 6.4701021801994925, "sample_mean": 6.7333333333334338, "daily_article_count": 45, "30_day_error_count": 8, "threshold_warn": 19.67353769373242, "30_day_warn_count": 12, "daily_sd": 5.9143836682787425, "threshold_error": 26.14363987393191}, "unkno": {"sample_sd": 28.909917560126893, "sample_mean": 61.500000000000099, "daily_article_count": 51, "30_day_error_count": 0, "threshold_warn": 119.31983512025388, "30_day_warn_count": 0, "daily_sd": -0.36319716160249099, "threshold_error": 148.22975268038078}, "mumps": {"sample_sd": 1.3253930234714031, "sample_mean": 0.90000000000010005, "daily_article_count": 0, "30_day_error_count": 0, "threshold_warn": 3.550786046942906, "30_day_warn_count": 0, "daily_sd": -0.67904386401768213, "threshold_error": 4.8761790704143095}}