{"hemmo": {"sample_sd": 1.6193277068654823, "sample_mean": 0.66666666666666663, "daily_article_count": 0, "30_day_error_count": 0, "threshold_warn": 3.9053220803976312, "30_day_warn_count": 0, "daily_sd": -0.41169348479630918, "threshold_error": 5.5246497872631144}, "mersc": {"sample_sd": 25.390396259653418, "sample_mean": 28.833333333333332, "daily_article_count": 6, "30_day_error_count": 0, "threshold_warn": 79.614125852640171, "30_day_warn_count": 0, "daily_sd": -0.89929015285266012, "threshold_error": 105.00452211229359}, "influ": {"sample_sd": 5.9740178179252945, "sample_mean": 13.333333333333334, "daily_article_count": 15, "30_day_error_count": 0, "threshold_warn": 25.281368969183923, "30_day_warn_count": 0, "daily_sd": 0.27898588813474273, "threshold_error": 31.255386787109217}, "pertu": {"sample_sd": 1.1855612829185826, "sample_mean": 0.83333333333333337, "daily_article_count": 3, "30_day_error_count": 3, "threshold_warn": 3.2044558991704988, "30_day_warn_count": 2, "daily_sd": 1.8275450606254831, "threshold_error": 4.390017182089081}, "moldf": {"sample_sd": 0.5587684871413402, "sample_mean": 0.43333333333333335, "daily_article_count": 0, "30_day_error_count": 2, "threshold_warn": 1.5508703076160137, "30_day_warn_count": 0, "daily_sd": -0.77551498215346193, "threshold_error": 2.1096387947573536}, "chole": {"sample_sd": 8.002846715735318, "sample_mean": 8.7666666666666675, "daily_article_count": 16, "30_day_error_count": 0, "threshold_warn": 24.772360098137305, "30_day_warn_count": 0, "daily_sd": 0.90384504292841739, "threshold_error": 32.775206813872622}, "hepat": {"sample_sd": 2.2469732728470286, "sample_mean": 2.8666666666666667, "daily_article_count": 0, "30_day_error_count": 0, "threshold_warn": 7.3606132123607235, "30_day_warn_count": 0, "daily_sd": -1.2757902825583924, "threshold_error": 9.6075864852077526}, "chiku": {"sample_sd": 1.3337499349161703, "sample_mean": 1.4333333333333333, "daily_article_count": 0, "30_day_error_count": 1, "threshold_warn": 4.1008332031656742, "30_day_warn_count": 0, "daily_sd": -1.074664219888732, "threshold_error": 5.4345831380818446}, "yello": {"sample_sd": 0.70632067001390297, "sample_mean": 0.36666666666666664, "daily_article_count": 0, "30_day_error_count": 3, "threshold_warn": 1.7793080066944726, "30_day_warn_count": 0, "daily_sd": -0.51912209600130954, "threshold_error": 2.4856286767083757}, "menin": {"sample_sd": 2.8254793103707789, "sample_mean": 3.5, "daily_article_count": 5, "30_day_error_count": 3, "threshold_warn": 9.1509586207415587, "30_day_warn_count": 0, "daily_sd": 0.53088337773146166, "threshold_error": 11.976437931112336}, "plagu": {"sample_sd": 0.17950549357115012, "sample_mean": 0.033333333333333333, "daily_article_count": 0, "30_day_error_count": 9, "threshold_warn": 0.39234432047563356, "30_day_warn_count": 0, "daily_sd": -0.18569533817705189, "threshold_error": 0.5718498140467837}, "westn": {"sample_sd": 2.3935097428021659, "sample_mean": 3.0666666666666669, "daily_article_count": 10, "30_day_error_count": 3, "threshold_warn": 7.8536861522709991, "30_day_warn_count": 1, "daily_sd": 2.8967224195278338, "threshold_error": 10.247195895073164}, "swine": {"sample_sd": 1.406729856400613, "sample_mean": 1.4333333333333333, "daily_article_count": 2, "30_day_error_count": 4, "threshold_warn": 4.2467930461345595, "30_day_warn_count": 0, "daily_sd": 0.4028255063247122, "threshold_error": 5.6535229025351725}, "measl": {"sample_sd": 3.2103997674225351, "sample_mean": 4.4000000000000004, "daily_article_count": 6, "30_day_error_count": 2, "threshold_warn": 10.820799534845071, "30_day_warn_count": 3, "daily_sd": 0.49838030024670649, "threshold_error": 14.031199302267606}, "dengu": {"sample_sd": 2.9589788028229527, "sample_mean": 5.333333333333333, "daily_article_count": 7, "30_day_error_count": 6, "threshold_warn": 11.251290938979238, "30_day_warn_count": 5, "daily_sd": 0.56325738632416633, "threshold_error": 14.21026974180219}, "ebola": {"sample_sd": 16.17322890870383, "sample_mean": 37.600000000000001, "daily_article_count": 51, "30_day_error_count": 1, "threshold_warn": 69.946457817407662, "30_day_warn_count": 0, "daily_sd": 0.8285296693468932, "threshold_error": 86.119686726111496}, "unkno": {"sample_sd": 56.175726272316425, "sample_mean": 102.76666666666667, "daily_article_count": 59, "30_day_error_count": 0, "threshold_warn": 215.11811921129953, "30_day_warn_count": 0, "daily_sd": -0.77910281843983953, "threshold_error": 271.29384548361594}, "mumps": {"sample_sd": 0.58594652770823152, "sample_mean": 0.29999999999999999, "daily_article_count": 1, "30_day_error_count": 0, "threshold_warn": 1.4718930554164631, "30_day_warn_count": 0, "daily_sd": 1.194648260376006, "threshold_error": 2.0578395831246943}}