{"hemmo": {"sample_sd": 0.33993463423951903, "sample_mean": 0.13333333333333333, "daily_article_count": 0, "30_day_error_count": 2, "threshold_warn": 0.81320260181237136, "30_day_warn_count": 0, "daily_sd": -0.39223227027636803, "threshold_error": 1.1531372360518903}, "mersc": {"sample_sd": 21.45799514296607, "sample_mean": 30.233333333333334, "daily_article_count": 5, "30_day_error_count": 0, "threshold_warn": 73.149323619265473, "30_day_warn_count": 0, "daily_sd": -1.1759408633105606, "threshold_error": 94.607318762231543}, "influ": {"sample_sd": 4.9938851497495316, "sample_mean": 10.166666666666666, "daily_article_count": 8, "30_day_error_count": 1, "threshold_warn": 20.154436966165729, "30_day_warn_count": 0, "daily_sd": -0.43386393593279476, "threshold_error": 25.148322115915263}, "pertu": {"sample_sd": 1.5491933384829668, "sample_mean": 1.0, "daily_article_count": 6, "30_day_error_count": 1, "threshold_warn": 4.0983866769659336, "30_day_warn_count": 0, "daily_sd": 3.2274861218395139, "threshold_error": 5.6475800154489004}, "moldf": {"sample_sd": 0.69920589878010098, "sample_mean": 0.33333333333333331, "daily_article_count": 1, "30_day_error_count": 2, "threshold_warn": 1.7317451308935352, "30_day_warn_count": 1, "daily_sd": 0.95346258924559246, "threshold_error": 2.4309510296736363}, "chole": {"sample_sd": 4.5650848842053309, "sample_mean": 5.5999999999999996, "daily_article_count": 3, "30_day_error_count": 0, "threshold_warn": 14.730169768410661, "30_day_warn_count": 0, "daily_sd": -0.56954034063982051, "threshold_error": 19.295254652615995}, "hepat": {"sample_sd": 2.4073960113690385, "sample_mean": 2.7333333333333334, "daily_article_count": 3, "30_day_error_count": 4, "threshold_warn": 7.5481253560714103, "30_day_warn_count": 7, "daily_sd": 0.11076975512434224, "threshold_error": 9.9555213674404488}, "chiku": {"sample_sd": 0.97809338340808072, "sample_mean": 0.90000000000000002, "daily_article_count": 2, "30_day_error_count": 3, "threshold_warn": 2.8561867668161613, "30_day_warn_count": 0, "daily_sd": 1.1246369913751451, "threshold_error": 3.8342801502242421}, "yello": {"sample_sd": 1.5832456116050557, "sample_mean": 0.59999999999999998, "daily_article_count": 0, "30_day_error_count": 0, "threshold_warn": 3.7664912232101115, "30_day_warn_count": 0, "daily_sd": -0.37896836447993348, "threshold_error": 5.3497368348151664}, "menin": {"sample_sd": 3.5284557528754701, "sample_mean": 4.5, "daily_article_count": 3, "30_day_error_count": 0, "threshold_warn": 11.556911505750939, "30_day_warn_count": 0, "daily_sd": -0.42511515094885183, "threshold_error": 15.085367258626411}, "plagu": {"sample_sd": 1.7259457954666155, "sample_mean": 0.76666666666666672, "daily_article_count": 0, "30_day_error_count": 0, "threshold_warn": 4.2185582575998977, "30_day_warn_count": 0, "daily_sd": -0.44420089476761099, "threshold_error": 5.9445040530665132}, "westn": {"sample_sd": 2.5940101944458291, "sample_mean": 3.0666666666666669, "daily_article_count": 7, "30_day_error_count": 10, "threshold_warn": 8.2546870555583247, "30_day_warn_count": 3, "daily_sd": 1.5163137530281101, "threshold_error": 10.848697250004154}, "swine": {"sample_sd": 2.1071307505705477, "sample_mean": 2.6000000000000001, "daily_article_count": 4, "30_day_error_count": 1, "threshold_warn": 6.814261501141095, "30_day_warn_count": 0, "daily_sd": 0.66441059702674932, "threshold_error": 8.9213922517116426}, "measl": {"sample_sd": 5.1325757016661067, "sample_mean": 5.2999999999999998, "daily_article_count": 10, "30_day_error_count": 0, "threshold_warn": 15.565151403332212, "30_day_warn_count": 0, "daily_sd": 0.91571956717059499, "threshold_error": 20.697727104998322}, "dengu": {"sample_sd": 3.99736024006955, "sample_mean": 8.7666666666666675, "daily_article_count": 14, "30_day_error_count": 0, "threshold_warn": 16.761387146805767, "30_day_warn_count": 0, "daily_sd": 1.3091973249932254, "threshold_error": 20.758747386875317}, "ebola": {"sample_sd": 17.480910222932394, "sample_mean": 40.133333333333333, "daily_article_count": 45, "30_day_error_count": 1, "threshold_warn": 75.095153779198114, "30_day_warn_count": 0, "daily_sd": 0.27839892800789706, "threshold_error": 92.576064002130522}, "unkno": {"sample_sd": 58.068168752098778, "sample_mean": 112.23333333333333, "daily_article_count": 97, "30_day_error_count": 0, "threshold_warn": 228.36967083753089, "30_day_warn_count": 0, "daily_sd": -0.26233534930930208, "threshold_error": 286.43783958962968}, "mumps": {"sample_sd": 0.42687494916218999, "sample_mean": 0.13333333333333333, "daily_article_count": 6, "30_day_error_count": 7, "threshold_warn": 0.98708323165771328, "30_day_warn_count": 0, "daily_sd": 13.74329104619733, "threshold_error": 1.4139581808199033}}