{"hemmo": {"sample_sd": 0.57348835113617525, "sample_mean": 0.26666666666666666, "daily_article_count": 0, "30_day_error_count": 4, "threshold_warn": 1.4136433689390171, "30_day_warn_count": 0, "daily_sd": -0.46499055497527703, "threshold_error": 1.9871317200751923}, "mersc": {"sample_sd": 2.2283526551144361, "sample_mean": 1.0333333333333334, "daily_article_count": 0, "30_day_error_count": 3, "threshold_warn": 5.4900386435622055, "30_day_warn_count": 1, "daily_sd": -0.46372073601620611, "threshold_error": 7.7183912986766412}, "influ": {"sample_sd": 2.2678918257565401, "sample_mean": 3.7000000000000002, "daily_article_count": 3, "30_day_error_count": 4, "threshold_warn": 8.2357836515130813, "30_day_warn_count": 0, "daily_sd": -0.30865669695973658, "threshold_error": 10.503675477269621}, "pertu": {"sample_sd": 2.1509687739868903, "sample_mean": 2.2000000000000002, "daily_article_count": 0, "30_day_error_count": 0, "threshold_warn": 6.5019375479737809, "30_day_warn_count": 0, "daily_sd": -1.0227949501666771, "threshold_error": 8.6529063219606712}, "moldf": {"sample_sd": 0.57348835113617525, "sample_mean": 0.26666666666666666, "daily_article_count": 0, "30_day_error_count": 0, "threshold_warn": 1.4136433689390171, "30_day_warn_count": 0, "daily_sd": -0.46499055497527703, "threshold_error": 1.9871317200751923}, "chole": {"sample_sd": 3.4807406619217631, "sample_mean": 5.5333333333333332, "daily_article_count": 1, "30_day_error_count": 3, "threshold_warn": 12.49481465717686, "30_day_warn_count": 0, "daily_sd": -1.302404796463756, "threshold_error": 15.975555319098623}, "hepat": {"sample_sd": 4.512205669071391, "sample_mean": 3.7999999999999998, "daily_article_count": 0, "30_day_error_count": 0, "threshold_warn": 12.824411338142781, "30_day_warn_count": 0, "daily_sd": -0.84216019363807881, "threshold_error": 17.336617007214173}, "chiku": {"sample_sd": 9.537586463857382, "sample_mean": 8.0333333333333332, "daily_article_count": 2, "30_day_error_count": 0, "threshold_warn": 27.108506261048099, "30_day_warn_count": 0, "daily_sd": -0.63258491613120449, "threshold_error": 36.646092724905479}, "yello": {"sample_sd": 0.59628479399994394, "sample_mean": 0.33333333333333331, "daily_article_count": 0, "30_day_error_count": 0, "threshold_warn": 1.5259029213332211, "30_day_warn_count": 0, "daily_sd": -0.55901699437494734, "threshold_error": 2.1221877153331654}, "menin": {"sample_sd": 1.590248058916875, "sample_mean": 1.7333333333333334, "daily_article_count": 1, "30_day_error_count": 2, "threshold_warn": 4.9138294511670839, "30_day_warn_count": 1, "daily_sd": -0.46114398896535047, "threshold_error": 6.5040775100839587}, "plagu": {"sample_sd": 5.6479101346328884, "sample_mean": 1.9666666666666666, "daily_article_count": 0, "30_day_error_count": 0, "threshold_warn": 13.262486935932444, "30_day_warn_count": 0, "daily_sd": -0.34821139497370895, "threshold_error": 18.910397070565331}, "westn": {"sample_sd": 2.6423894910141885, "sample_mean": 4.5333333333333332, "daily_article_count": 0, "30_day_error_count": 0, "threshold_warn": 9.8181123153617094, "30_day_warn_count": 0, "daily_sd": -1.7156188929563796, "threshold_error": 12.460501806375898}, "swine": {"sample_sd": 0.86922698736035309, "sample_mean": 0.66666666666666663, "daily_article_count": 0, "30_day_error_count": 1, "threshold_warn": 2.4051206413873727, "30_day_warn_count": 0, "daily_sd": -0.76696498884737041, "threshold_error": 3.274347628747726}, "measl": {"sample_sd": 2.1540659228538019, "sample_mean": 2.3999999999999999, "daily_article_count": 9, "30_day_error_count": 1, "threshold_warn": 6.7081318457076033, "30_day_warn_count": 0, "daily_sd": 3.0639730799213551, "threshold_error": 8.8621977685614066}, "dengu": {"sample_sd": 2.4919871588754221, "sample_mean": 3.7000000000000002, "daily_article_count": 4, "30_day_error_count": 4, "threshold_warn": 8.6839743177508453, "30_day_warn_count": 5, "daily_sd": 0.12038585308576914, "threshold_error": 11.175961476626266}, "ebola": {"sample_sd": 235.32144445889804, "sample_mean": 334.13333333333333, "daily_article_count": 139, "30_day_error_count": 0, "threshold_warn": 804.77622225112941, "30_day_warn_count": 0, "daily_sd": -0.82922036188425619, "threshold_error": 1040.0976667100276}, "unkno": {"sample_sd": 46.145711248897946, "sample_mean": 73.200000000000003, "daily_article_count": 59, "30_day_error_count": 3, "threshold_warn": 165.4914224977959, "30_day_warn_count": 0, "daily_sd": -0.30772090440667177, "threshold_error": 211.63713374669385}, "mumps": {"sample_sd": 0.42687494916218993, "sample_mean": 0.13333333333333333, "daily_article_count": 0, "30_day_error_count": 2, "threshold_warn": 0.98708323165771317, "30_day_warn_count": 0, "daily_sd": -0.31234752377721209, "threshold_error": 1.4139581808199031}}