{"hemmo": {"sample_sd": 0.80553639823963785, "sample_mean": 0.46666666666676665, "daily_article_count": 1, "30_day_error_count": 5, "threshold_warn": 2.0777394631460422, "30_day_warn_count": 4, "daily_sd": 0.66208471088177046, "threshold_error": 2.8832758613856804}, "mersc": {"sample_sd": 5.008991914547277, "sample_mean": 3.1000000000001, "daily_article_count": 1, "30_day_error_count": 0, "threshold_warn": 13.117983829094655, "30_day_warn_count": 0, "daily_sd": -0.41924603509564706, "threshold_error": 18.126975743641932}, "influ": {"sample_sd": 3.6302739413009713, "sample_mean": 4.4333333333334339, "daily_article_count": 15, "30_day_error_count": 4, "threshold_warn": 11.693881215935377, "30_day_warn_count": 14, "daily_sd": 2.9107077971310948, "threshold_error": 15.324155157236348}, "pertu": {"sample_sd": 2.1039645117412666, "sample_mean": 2.2000000000001001, "daily_article_count": 0, "30_day_error_count": 0, "threshold_warn": 6.4079290234826338, "30_day_warn_count": 0, "daily_sd": -1.0456450133654362, "threshold_error": 8.5118935352238996}, "moldf": {"sample_sd": 0.33993463423951903, "sample_mean": 0.13333333333343333, "daily_article_count": 0, "30_day_error_count": 0, "threshold_warn": 0.81320260181247139, "30_day_warn_count": 0, "daily_sd": -0.39223227027666219, "threshold_error": 1.1531372360519905}, "chole": {"sample_sd": 6.1138276790312709, "sample_mean": 7.766666666666767, "daily_article_count": 8, "30_day_error_count": 0, "threshold_warn": 19.994322024729307, "30_day_warn_count": 0, "daily_sd": 0.03816485278665957, "threshold_error": 26.108149703760581}, "hepat": {"sample_sd": 1.1175369742826806, "sample_mean": 1.4666666666667665, "daily_article_count": 3, "30_day_error_count": 1, "threshold_warn": 3.7017406152321275, "30_day_warn_count": 0, "daily_sd": 1.3720649684252659, "threshold_error": 4.8192775895148081}, "chiku": {"sample_sd": 3.1743765792146759, "sample_mean": 4.3000000000001002, "daily_article_count": 4, "30_day_error_count": 0, "threshold_warn": 10.648753158429452, "30_day_warn_count": 2, "daily_sd": -0.094506745659747343, "threshold_error": 13.823129737644127}, "yello": {"sample_sd": 0.64031242374328479, "sample_mean": 0.30000000000009996, "daily_article_count": 0, "30_day_error_count": 0, "threshold_warn": 1.5806248474866695, "30_day_warn_count": 0, "daily_sd": -0.4685212856659744, "threshold_error": 2.2209372712299542}, "menin": {"sample_sd": 2.4011571284602669, "sample_mean": 2.6333333333334332, "daily_article_count": 4, "30_day_error_count": 2, "threshold_warn": 7.4356475902539669, "30_day_warn_count": 3, "daily_sd": 0.56917002659585914, "threshold_error": 9.8368047187142338}, "plagu": {"sample_sd": 0.39581140290126382, "sample_mean": 0.10000000000010001, "daily_article_count": 0, "30_day_error_count": 0, "threshold_warn": 0.89162280580262765, "30_day_warn_count": 0, "daily_sd": -0.2526455763202084, "threshold_error": 1.2874342087038915}, "westn": {"sample_sd": 2.9297326385411577, "sample_mean": 5.5000000000001004, "daily_article_count": 0, "30_day_error_count": 0, "threshold_warn": 11.359465277082416, "30_day_warn_count": 0, "daily_sd": -1.8773044091623294, "threshold_error": 14.289197915623575}, "swine": {"sample_sd": 0.93630479367920916, "sample_mean": 0.70000000000009999, "daily_article_count": 2, "30_day_error_count": 2, "threshold_warn": 2.5726095873585182, "30_day_warn_count": 0, "daily_sd": 1.3884367662922568, "threshold_error": 3.5089143810377275}, "measl": {"sample_sd": 1.8184242262647807, "sample_mean": 2.4000000000000998, "daily_article_count": 2, "30_day_error_count": 2, "threshold_warn": 6.0368484525296608, "30_day_warn_count": 0, "daily_sd": -0.21997067253208483, "threshold_error": 7.8552726787944422}, "dengu": {"sample_sd": 4.508756911709578, "sample_mean": 6.0666666666667668, "daily_article_count": 11, "30_day_error_count": 1, "threshold_warn": 15.084180490085924, "30_day_warn_count": 0, "daily_sd": 1.0941670686483449, "threshold_error": 19.592937401795499}, "ebola": {"sample_sd": 115.14638509306316, "sample_mean": 347.10000000000014, "daily_article_count": 1060, "30_day_error_count": 8, "threshold_warn": 577.39277018612643, "30_day_warn_count": 5, "daily_sd": 6.1912495075188216, "threshold_error": 692.53915527918957}, "unkno": {"sample_sd": 80.205319856810817, "sample_mean": 79.200000000000102, "daily_article_count": 66, "30_day_error_count": 0, "threshold_warn": 239.61063971362174, "30_day_warn_count": 0, "daily_sd": -0.16457761185375031, "threshold_error": 319.81595957043254}, "mumps": {"sample_sd": 0.83599574693229672, "sample_mean": 0.36666666666676662, "daily_article_count": 1, "30_day_error_count": 0, "threshold_warn": 2.0386581605313601, "30_day_warn_count": 0, "daily_sd": 0.75757961168733556, "threshold_error": 2.8746539074636566}}