{"hemmo": {"sample_sd": 0.0, "sample_mean": 0.0, "daily_article_count": 0, "30_day_error_count": 4, "threshold_warn": 0.0, "30_day_warn_count": 0, "daily_sd": 0, "threshold_error": 0.0}, "mersc": {"sample_sd": 1.5362291495737217, "sample_mean": 0.80000000000000004, "daily_article_count": 12, "30_day_error_count": 2, "threshold_warn": 3.8724582991474437, "30_day_warn_count": 7, "daily_sd": 7.290579014926136, "threshold_error": 5.4086874487211647}, "influ": {"sample_sd": 15.157726302670421, "sample_mean": 14.1, "daily_article_count": 8, "30_day_error_count": 0, "threshold_warn": 44.415452605340839, "30_day_warn_count": 0, "daily_sd": -0.40243502740416476, "threshold_error": 59.573178908011265}, "pertu": {"sample_sd": 0.42295258468165059, "sample_mean": 0.23333333333333334, "daily_article_count": 1, "30_day_error_count": 5, "threshold_warn": 1.0792385026966345, "30_day_warn_count": 2, "daily_sd": 1.8126539343499317, "threshold_error": 1.5021910873782851}, "moldf": {"sample_sd": 0.17950549357115009, "sample_mean": 0.033333333333333333, "daily_article_count": 0, "30_day_error_count": 8, "threshold_warn": 0.3923443204756335, "30_day_warn_count": 0, "daily_sd": -0.18569533817705192, "threshold_error": 0.57184981404678359}, "chole": {"sample_sd": 2.3851391759997753, "sample_mean": 1.6666666666666667, "daily_article_count": 1, "30_day_error_count": 0, "threshold_warn": 6.4369450186662176, "30_day_warn_count": 0, "daily_sd": -0.27950849718747378, "threshold_error": 8.822084194665992}, "hepat": {"sample_sd": 3.5697805721547269, "sample_mean": 1.3, "daily_article_count": 2, "30_day_error_count": 0, "threshold_warn": 8.4395611443094545, "30_day_warn_count": 0, "daily_sd": 0.19609048395304549, "threshold_error": 12.009341716464181}, "chiku": {"sample_sd": 0.61824123303304701, "sample_mean": 0.46666666666666667, "daily_article_count": 0, "30_day_error_count": 2, "threshold_warn": 1.7031491327327606, "30_day_warn_count": 0, "daily_sd": -0.75482941242406876, "threshold_error": 2.3213903657658079}, "yello": {"sample_sd": 0.24944382578492943, "sample_mean": 0.066666666666666666, "daily_article_count": 1, "30_day_error_count": 5, "threshold_warn": 0.56555431823652558, "30_day_warn_count": 0, "daily_sd": 3.7416573867739413, "threshold_error": 0.81499814402145498}, "menin": {"sample_sd": 0.49553562491061676, "sample_mean": 0.23333333333333334, "daily_article_count": 9, "30_day_error_count": 16, "threshold_warn": 1.2244045831545669, "30_day_warn_count": 3, "daily_sd": 17.691294482103022, "threshold_error": 1.7199402080651836}, "plagu": {"sample_sd": 0.24944382578492943, "sample_mean": 0.066666666666666666, "daily_article_count": 1, "30_day_error_count": 3, "threshold_warn": 0.56555431823652558, "30_day_warn_count": 0, "daily_sd": 3.7416573867739413, "threshold_error": 0.81499814402145498}, "westn": {"sample_sd": 1.7413277182145301, "sample_mean": 0.6333333333333333, "daily_article_count": 5, "30_day_error_count": 0, "threshold_warn": 4.115988769762394, "30_day_warn_count": 0, "daily_sd": 2.5076650540795544, "threshold_error": 5.8573164879769237}, "swine": {"sample_sd": 10.400908080013442, "sample_mean": 10.433333333333334, "daily_article_count": 1, "30_day_error_count": 0, "threshold_warn": 31.235149493360218, "30_day_warn_count": 0, "daily_sd": -0.90697208943328544, "threshold_error": 41.636057573373662}, "measl": {"sample_sd": 3.1694724412046171, "sample_mean": 3.4333333333333331, "daily_article_count": 11, "30_day_error_count": 1, "threshold_warn": 9.7722782157425669, "30_day_warn_count": 0, "daily_sd": 2.3873584033407194, "threshold_error": 12.941750656947185}, "dengu": {"sample_sd": 1.7841898254763513, "sample_mean": 1.5, "daily_article_count": 2, "30_day_error_count": 3, "threshold_warn": 5.0683796509527026, "30_day_warn_count": 6, "daily_sd": 0.28023923960361541, "threshold_error": 6.8525694764290535}, "ebola": {"sample_sd": 1.0857664983268218, "sample_mean": 0.56666666666666665, "daily_article_count": 0, "30_day_error_count": 0, "threshold_warn": 2.7381996633203105, "30_day_warn_count": 0, "daily_sd": -0.5219047258686893, "threshold_error": 3.8239661616471317}, "unkno": {"sample_sd": 24.109380378230838, "sample_mean": 26.933333333333334, "daily_article_count": 68, "30_day_error_count": 0, "threshold_warn": 75.152094089795014, "30_day_warn_count": 6, "daily_sd": 1.7033480754132995, "threshold_error": 99.261474468025853}, "mumps": {"sample_sd": 0.0, "sample_mean": 0.0, "daily_article_count": 0, "30_day_error_count": 6, "threshold_warn": 0.0, "30_day_warn_count": 0, "daily_sd": 0, "threshold_error": 0.0}}