{"hemmo": {"sample_sd": 0.40000000000000002, "sample_mean": 0.20000000000010001, "daily_article_count": 0, "30_day_error_count": 0, "threshold_warn": 1.0000000000001001, "30_day_warn_count": 0, "daily_sd": -0.50000000000025002, "threshold_error": 1.4000000000001003}, "mersc": {"sample_sd": 3.642343567906063, "sample_mean": 5.0000000000001004, "daily_article_count": 2, "30_day_error_count": 0, "threshold_warn": 12.284687135812227, "30_day_warn_count": 0, "daily_sd": -0.82364553043104671, "threshold_error": 15.927030703718287}, "influ": {"sample_sd": 6.2818963874153662, "sample_mean": 10.733333333333432, "daily_article_count": 5, "30_day_error_count": 6, "threshold_warn": 23.297126108164164, "30_day_warn_count": 10, "daily_sd": -0.91267556478949885, "threshold_error": 29.57902249557953}, "pertu": {"sample_sd": 1.1642832797715319, "sample_mean": 1.6666666666667667, "daily_article_count": 0, "30_day_error_count": 0, "threshold_warn": 3.9952332262098302, "30_day_warn_count": 0, "daily_sd": -1.4314958357847567, "threshold_error": 5.1595165059813626}, "moldf": {"sample_sd": 1.2741009902410929, "sample_mean": 1.1000000000001, "daily_article_count": 1, "30_day_error_count": 0, "threshold_warn": 3.6482019804822858, "30_day_warn_count": 0, "daily_sd": -0.078486713977969219, "threshold_error": 4.9223029707233792}, "chole": {"sample_sd": 2.3629078131263039, "sample_mean": 3.5000000000000999, "daily_article_count": 4, "30_day_error_count": 3, "threshold_warn": 8.2258156262527073, "30_day_warn_count": 0, "daily_sd": 0.21160368475753721, "threshold_error": 10.588723439379011}, "hepat": {"sample_sd": 2.4812631191928571, "sample_mean": 3.1000000000001, "daily_article_count": 2, "30_day_error_count": 4, "threshold_warn": 8.0625262383858143, "30_day_warn_count": 1, "daily_sd": -0.44332259303395632, "threshold_error": 10.543789357578671}, "chiku": {"sample_sd": 0.89999999999999991, "sample_mean": 0.70000000000009999, "daily_article_count": 0, "30_day_error_count": 1, "threshold_warn": 2.5000000000000999, "30_day_warn_count": 0, "daily_sd": -0.77777777777788892, "threshold_error": 3.4000000000000998}, "yello": {"sample_sd": 0.47609522856952341, "sample_mean": 0.20000000000010001, "daily_article_count": 1, "30_day_error_count": 1, "threshold_warn": 1.1521904571391468, "30_day_warn_count": 0, "daily_sd": 1.6803361008334015, "threshold_error": 1.6282856857086703}, "menin": {"sample_sd": 2.6195843605851334, "sample_mean": 4.266666666666767, "daily_article_count": 0, "30_day_error_count": 0, "threshold_warn": 9.5058353878370347, "30_day_warn_count": 0, "daily_sd": -1.6287571153897584, "threshold_error": 12.125419748422168}, "plagu": {"sample_sd": 3.0433899228035535, "sample_mean": 1.9333333333334333, "daily_article_count": 1, "30_day_error_count": 0, "threshold_warn": 8.0201131789405409, "30_day_warn_count": 0, "daily_sd": -0.30667556803685936, "threshold_error": 11.063503101744093}, "westn": {"sample_sd": 2.947880594596735, "sample_mean": 5.9000000000001007, "daily_article_count": 0, "30_day_error_count": 0, "threshold_warn": 11.79576118919357, "30_day_warn_count": 0, "daily_sd": -2.0014379180806712, "threshold_error": 14.743641783790306}, "swine": {"sample_sd": 1.9988885800753267, "sample_mean": 2.933333333333433, "daily_article_count": 4, "30_day_error_count": 3, "threshold_warn": 6.9311104934840859, "30_day_warn_count": 2, "daily_sd": 0.53362987677200613, "threshold_error": 8.9299990735594132}, "measl": {"sample_sd": 3.5840696917827306, "sample_mean": 4.5666666666667668, "daily_article_count": 0, "30_day_error_count": 1, "threshold_warn": 11.734806050232228, "30_day_warn_count": 0, "daily_sd": -1.2741567713197253, "threshold_error": 15.31887574201496}, "dengu": {"sample_sd": 25.353610306138957, "sample_mean": 28.833333333333432, "daily_article_count": 9, "30_day_error_count": 0, "threshold_warn": 79.54055394561135, "30_day_warn_count": 0, "daily_sd": -0.78226860371562612, "threshold_error": 104.8941642517503}, "ebola": {"sample_sd": 11.709492825149269, "sample_mean": 27.433333333333433, "daily_article_count": 18, "30_day_error_count": 4, "threshold_warn": 50.852318983631974, "30_day_warn_count": 0, "daily_sd": -0.80561416913573114, "threshold_error": 62.561811808781243}, "unkno": {"sample_sd": 18.923354177664521, "sample_mean": 50.800000000000097, "daily_article_count": 41, "30_day_error_count": 0, "threshold_warn": 88.646708355329139, "30_day_warn_count": 0, "daily_sd": -0.51787859107806389, "threshold_error": 107.57006253299366}, "mumps": {"sample_sd": 0.93392838174145987, "sample_mean": 0.8333333333334334, "daily_article_count": 0, "30_day_error_count": 0, "threshold_warn": 2.7011900968163531, "30_day_warn_count": 0, "daily_sd": -0.8922882628104194, "threshold_error": 3.6351184785578132}}