{"hemmo": {"sample_sd": 0.17950549357115014, "sample_mean": 0.033333333333333333, "daily_article_count": 0, "30_day_error_count": 2, "threshold_warn": 0.39234432047563361, "30_day_warn_count": 0, "daily_sd": -0.18569533817705186, "threshold_error": 0.5718498140467837}, "mersc": {"sample_sd": 2.7030846576951055, "sample_mean": 2.3999999999999999, "daily_article_count": 1, "30_day_error_count": 0, "threshold_warn": 7.8061693153902105, "30_day_warn_count": 0, "daily_sd": -0.51792680485033959, "threshold_error": 10.509253973085317}, "influ": {"sample_sd": 7.5008147705580779, "sample_mean": 11.266666666666667, "daily_article_count": 30, "30_day_error_count": 2, "threshold_warn": 26.268296207782825, "30_day_warn_count": 0, "daily_sd": 2.4975064584803142, "threshold_error": 33.769110978340898}, "pertu": {"sample_sd": 1.1234866364235143, "sample_mean": 1.2666666666666666, "daily_article_count": 2, "30_day_error_count": 3, "threshold_warn": 3.5136399395136952, "30_day_warn_count": 0, "daily_sd": 0.65272991200661945, "threshold_error": 4.6371265759372093}, "moldf": {"sample_sd": 0.76084748070088859, "sample_mean": 0.43333333333333335, "daily_article_count": 0, "30_day_error_count": 1, "threshold_warn": 1.9550282947351105, "30_day_warn_count": 0, "daily_sd": -0.56954034063982051, "threshold_error": 2.7158757754359995}, "chole": {"sample_sd": 3.1953090617340916, "sample_mean": 4.7000000000000002, "daily_article_count": 10, "30_day_error_count": 0, "threshold_warn": 11.090618123468182, "30_day_warn_count": 0, "daily_sd": 1.6586814913996752, "threshold_error": 14.285927185202276}, "hepat": {"sample_sd": 1.9275776393067949, "sample_mean": 2.1333333333333333, "daily_article_count": 4, "30_day_error_count": 2, "threshold_warn": 5.9884886119469236, "30_day_warn_count": 0, "daily_sd": 0.96840024941250447, "threshold_error": 7.9160662512537172}, "chiku": {"sample_sd": 1.5832456116050557, "sample_mean": 1.6000000000000001, "daily_article_count": 0, "30_day_error_count": 0, "threshold_warn": 4.766491223210112, "30_day_warn_count": 0, "daily_sd": -1.0105823052798228, "threshold_error": 6.3497368348151664}, "yello": {"sample_sd": 0.29999999999999999, "sample_mean": 0.10000000000000001, "daily_article_count": 0, "30_day_error_count": 8, "threshold_warn": 0.69999999999999996, "30_day_warn_count": 0, "daily_sd": -0.33333333333333337, "threshold_error": 0.99999999999999989}, "menin": {"sample_sd": 2.4785748593361738, "sample_mean": 2.7000000000000002, "daily_article_count": 2, "30_day_error_count": 2, "threshold_warn": 7.6571497186723478, "30_day_warn_count": 0, "daily_sd": -0.28242035836169105, "threshold_error": 10.135724578008521}, "plagu": {"sample_sd": 0.17950549357115009, "sample_mean": 0.033333333333333333, "daily_article_count": 0, "30_day_error_count": 5, "threshold_warn": 0.3923443204756335, "30_day_warn_count": 0, "daily_sd": -0.18569533817705192, "threshold_error": 0.57184981404678359}, "westn": {"sample_sd": 0.76303487615063981, "sample_mean": 0.53333333333333333, "daily_article_count": 1, "30_day_error_count": 4, "threshold_warn": 2.0594030856346128, "30_day_warn_count": 4, "daily_sd": 0.6115928396627266, "threshold_error": 2.8224379617852526}, "swine": {"sample_sd": 16.767991995333119, "sample_mean": 23.033333333333335, "daily_article_count": 4, "30_day_error_count": 0, "threshold_warn": 56.56931732399957, "30_day_warn_count": 0, "daily_sd": -1.1350991423797618, "threshold_error": 73.337309319332689}, "measl": {"sample_sd": 9.4372783270507732, "sample_mean": 14.733333333333333, "daily_article_count": 14, "30_day_error_count": 0, "threshold_warn": 33.607889987434881, "30_day_warn_count": 0, "daily_sd": -0.077706019460221348, "threshold_error": 43.04516831448565}, "dengu": {"sample_sd": 3.4480268109295338, "sample_mean": 4.333333333333333, "daily_article_count": 4, "30_day_error_count": 0, "threshold_warn": 11.2293869551924, "30_day_warn_count": 0, "daily_sd": -0.09667364890456627, "threshold_error": 14.677413766121933}, "ebola": {"sample_sd": 39.437446953653357, "sample_mean": 78.233333333333334, "daily_article_count": 29, "30_day_error_count": 0, "threshold_warn": 157.10822724064005, "30_day_warn_count": 0, "daily_sd": -1.2483904800225036, "threshold_error": 196.54567419429338}, "unkno": {"sample_sd": 26.688824127962878, "sample_mean": 48.799999999999997, "daily_article_count": 88, "30_day_error_count": 0, "threshold_warn": 102.17764825592576, "30_day_warn_count": 0, "daily_sd": 1.4687795839955609, "threshold_error": 128.86647238388863}, "mumps": {"sample_sd": 0.29999999999999999, "sample_mean": 0.10000000000000001, "daily_article_count": 0, "30_day_error_count": 3, "threshold_warn": 0.69999999999999996, "30_day_warn_count": 0, "daily_sd": -0.33333333333333337, "threshold_error": 0.99999999999999989}}