{"hemmo": {"sample_sd": 0.24944382578492943, "sample_mean": 0.066666666666666666, "daily_article_count": 3, "30_day_error_count": 5, "threshold_warn": 0.56555431823652558, "30_day_warn_count": 0, "daily_sd": 11.759494644146672, "threshold_error": 0.81499814402145498}, "mersc": {"sample_sd": 0.78881063774661542, "sample_mean": 0.66666666666666663, "daily_article_count": 22, "30_day_error_count": 7, "threshold_warn": 2.2442879421598976, "30_day_warn_count": 2, "daily_sd": 27.04493615131253, "threshold_error": 3.0330985799065129}, "influ": {"sample_sd": 8.4832514730824489, "sample_mean": 20.633333333333333, "daily_article_count": 21, "30_day_error_count": 0, "threshold_warn": 37.599836279498234, "30_day_warn_count": 0, "daily_sd": 0.043222421005685012, "threshold_error": 46.083087752580681}, "pertu": {"sample_sd": 1.5849991237291654, "sample_mean": 2.4333333333333331, "daily_article_count": 0, "30_day_error_count": 0, "threshold_warn": 5.6033315807916644, "30_day_warn_count": 0, "daily_sd": -1.5352269265665068, "threshold_error": 7.1883307045208298}, "moldf": {"sample_sd": 1.0376254944182255, "sample_mean": 0.69999999999999996, "daily_article_count": 1, "30_day_error_count": 0, "threshold_warn": 2.7752509888364507, "30_day_warn_count": 0, "daily_sd": 0.28912165479145602, "threshold_error": 3.8128764832546764}, "chole": {"sample_sd": 3.431229128655406, "sample_mean": 3.6000000000000001, "daily_article_count": 10, "30_day_error_count": 7, "threshold_warn": 10.462458257310812, "30_day_warn_count": 1, "daily_sd": 1.8652208173891218, "threshold_error": 13.893687385966217}, "hepat": {"sample_sd": 2.6373387259803311, "sample_mean": 3.6666666666666665, "daily_article_count": 2, "30_day_error_count": 0, "threshold_warn": 8.9413441186273293, "30_day_warn_count": 0, "daily_sd": -0.63195017395694819, "threshold_error": 11.578682844607659}, "chiku": {"sample_sd": 0.88254681965824844, "sample_mean": 0.76666666666666672, "daily_article_count": 1, "30_day_error_count": 3, "threshold_warn": 2.5317603059831635, "30_day_warn_count": 0, "daily_sd": 0.26438635111017422, "threshold_error": 3.4143071256414119}, "yello": {"sample_sd": 0.59628479399994394, "sample_mean": 0.33333333333333331, "daily_article_count": 1, "30_day_error_count": 1, "threshold_warn": 1.5259029213332211, "30_day_warn_count": 0, "daily_sd": 1.1180339887498949, "threshold_error": 2.1221877153331654}, "menin": {"sample_sd": 4.5264653858047881, "sample_mean": 4.333333333333333, "daily_article_count": 1, "30_day_error_count": 0, "threshold_warn": 13.38626410494291, "30_day_warn_count": 0, "daily_sd": -0.73640976992485696, "threshold_error": 17.912729490747697}, "plagu": {"sample_sd": 0.37267799624996495, "sample_mean": 0.16666666666666666, "daily_article_count": 0, "30_day_error_count": 3, "threshold_warn": 0.91202265916659653, "30_day_warn_count": 0, "daily_sd": -0.44721359549995793, "threshold_error": 1.2847006554165616}, "westn": {"sample_sd": 1.2827920936595902, "sample_mean": 1.4333333333333333, "daily_article_count": 4, "30_day_error_count": 0, "threshold_warn": 3.9989175206525136, "30_day_warn_count": 0, "daily_sd": 2.0008438462887606, "threshold_error": 5.2817096143121045}, "swine": {"sample_sd": 3.0287511177601458, "sample_mean": 3.6000000000000001, "daily_article_count": 0, "30_day_error_count": 0, "threshold_warn": 9.6575022355202922, "30_day_warn_count": 0, "daily_sd": -1.1886087235395921, "threshold_error": 12.686253353280437}, "measl": {"sample_sd": 6.8186020072543716, "sample_mean": 10.199999999999999, "daily_article_count": 8, "30_day_error_count": 0, "threshold_warn": 23.837204014508742, "30_day_warn_count": 0, "daily_sd": -0.32264678267765146, "threshold_error": 30.655806021763116}, "dengu": {"sample_sd": 2.1847959477565255, "sample_mean": 3.3999999999999999, "daily_article_count": 4, "30_day_error_count": 1, "threshold_warn": 7.7695918955130505, "30_day_warn_count": 0, "daily_sd": 0.27462518896380905, "threshold_error": 9.9543878432695774}, "ebola": {"sample_sd": 20.995475703112803, "sample_mean": 50.299999999999997, "daily_article_count": 36, "30_day_error_count": 0, "threshold_warn": 92.290951406225602, "30_day_warn_count": 2, "daily_sd": -0.68109911879157237, "threshold_error": 113.2864271093384}, "unkno": {"sample_sd": 25.036506678581713, "sample_mean": 63.200000000000003, "daily_article_count": 103, "30_day_error_count": 0, "threshold_warn": 113.27301335716342, "30_day_warn_count": 0, "daily_sd": 1.5896786445070705, "threshold_error": 138.30952003574515}, "mumps": {"sample_sd": 0.29999999999999999, "sample_mean": 0.10000000000000001, "daily_article_count": 0, "30_day_error_count": 8, "threshold_warn": 0.69999999999999996, "30_day_warn_count": 0, "daily_sd": -0.33333333333333337, "threshold_error": 0.99999999999999989}}