{"hemmo": {"sample_sd": 0.83599574693229672, "sample_mean": 0.36666666666666664, "daily_article_count": 0, "30_day_error_count": 0, "threshold_warn": 2.0386581605312601, "30_day_warn_count": 0, "daily_sd": -0.43859872255589505, "threshold_error": 2.8746539074635566}, "mersc": {"sample_sd": 1.4177446878757827, "sample_mean": 1.3, "daily_article_count": 0, "30_day_error_count": 1, "threshold_warn": 4.1354893757515656, "30_day_warn_count": 0, "daily_sd": -0.91694930061617763, "threshold_error": 5.5532340636273476}, "influ": {"sample_sd": 13.720868129321197, "sample_mean": 17.733333333333334, "daily_article_count": 6, "30_day_error_count": 1, "threshold_warn": 45.175069591975728, "30_day_warn_count": 0, "daily_sd": -0.8551451134684005, "threshold_error": 58.895937721296924}, "pertu": {"sample_sd": 1.4715826703096078, "sample_mean": 1.3666666666666667, "daily_article_count": 0, "30_day_error_count": 4, "threshold_warn": 4.3098320072858822, "30_day_warn_count": 0, "daily_sd": -0.92870532810714079, "threshold_error": 5.7814146775954907}, "moldf": {"sample_sd": 0.86216781042517077, "sample_mean": 0.69999999999999996, "daily_article_count": 0, "30_day_error_count": 0, "threshold_warn": 2.4243356208503415, "30_day_warn_count": 0, "daily_sd": -0.81190690667841203, "threshold_error": 3.2865034312755119}, "chole": {"sample_sd": 2.2558565754251507, "sample_mean": 2.6666666666666665, "daily_article_count": 0, "30_day_error_count": 0, "threshold_warn": 7.1783798175169675, "30_day_warn_count": 0, "daily_sd": -1.1821082491310833, "threshold_error": 9.4342363929421182}, "hepat": {"sample_sd": 2.9657301892713637, "sample_mean": 1.9333333333333333, "daily_article_count": 0, "30_day_error_count": 0, "threshold_warn": 7.8647937118760609, "30_day_warn_count": 0, "daily_sd": -0.65189117348814696, "threshold_error": 10.830523901147425}, "chiku": {"sample_sd": 1.0546194679704251, "sample_mean": 1.5666666666666667, "daily_article_count": 0, "30_day_error_count": 2, "threshold_warn": 3.675905602607517, "30_day_warn_count": 0, "daily_sd": -1.4855279219163826, "threshold_error": 4.7305250705779418}, "yello": {"sample_sd": 0.58214163988576628, "sample_mean": 0.16666666666666666, "daily_article_count": 0, "30_day_error_count": 0, "threshold_warn": 1.3309499464381993, "30_day_warn_count": 0, "daily_sd": -0.28629916715693399, "threshold_error": 1.9130915863239657}, "menin": {"sample_sd": 1.024152766382481, "sample_mean": 0.8666666666666667, "daily_article_count": 2, "30_day_error_count": 4, "threshold_warn": 2.9149721994316287, "30_day_warn_count": 4, "daily_sd": 1.1066057433370029, "threshold_error": 3.9391249658141096}, "plagu": {"sample_sd": 3.5080858978460987, "sample_mean": 1.6000000000000001, "daily_article_count": 0, "30_day_error_count": 0, "threshold_warn": 8.6161717956921979, "30_day_warn_count": 0, "daily_sd": -0.45608917415117206, "threshold_error": 12.124257693538295}, "westn": {"sample_sd": 0.24944382578492943, "sample_mean": 0.066666666666666666, "daily_article_count": 0, "30_day_error_count": 6, "threshold_warn": 0.56555431823652558, "30_day_warn_count": 0, "daily_sd": -0.2672612419124244, "threshold_error": 0.81499814402145498}, "swine": {"sample_sd": 2.9166190472303146, "sample_mean": 1.6000000000000001, "daily_article_count": 1, "30_day_error_count": 4, "threshold_warn": 7.4332380944606289, "30_day_warn_count": 6, "daily_sd": -0.20571764439712251, "threshold_error": 10.349857141690944}, "measl": {"sample_sd": 2.6751946969644411, "sample_mean": 2.8999999999999999, "daily_article_count": 2, "30_day_error_count": 2, "threshold_warn": 8.2503893939288826, "30_day_warn_count": 3, "daily_sd": -0.33642411186790822, "threshold_error": 10.925584090893324}, "dengu": {"sample_sd": 2.428762830926249, "sample_mean": 3.9666666666666668, "daily_article_count": 0, "30_day_error_count": 0, "threshold_warn": 8.8241923285191639, "30_day_warn_count": 0, "daily_sd": -1.6332046160118123, "threshold_error": 11.252955159445413}, "ebola": {"sample_sd": 116.82543482573571, "sample_mean": 239.86666666666667, "daily_article_count": 10, "30_day_error_count": 0, "threshold_warn": 473.51753631813813, "30_day_warn_count": 0, "daily_sd": -1.9676080556391722, "threshold_error": 590.3429711438738}, "unkno": {"sample_sd": 47.731471099614495, "sample_mean": 65.200000000000003, "daily_article_count": 1, "30_day_error_count": 0, "threshold_warn": 160.66294219922901, "30_day_warn_count": 0, "daily_sd": -1.3450245408530581, "threshold_error": 208.39441329884346}, "mumps": {"sample_sd": 0.64978628965393093, "sample_mean": 0.33333333333333331, "daily_article_count": 0, "30_day_error_count": 1, "threshold_warn": 1.6329059126411951, "30_day_warn_count": 0, "daily_sd": -0.51298917604257699, "threshold_error": 2.2826922022951264}}