{"hemmo": {"sample_sd": 0.24944382578492943, "sample_mean": 0.066666666666766669, "daily_article_count": 0, "30_day_error_count": 6, "threshold_warn": 0.5655543182366255, "30_day_warn_count": 0, "daily_sd": -0.2672612419128253, "threshold_error": 0.81499814402155502}, "mersc": {"sample_sd": 1.8681541692269403, "sample_mean": 1.1000000000001, "daily_article_count": 4, "30_day_error_count": 0, "threshold_warn": 4.8363083384539802, "30_day_warn_count": 0, "daily_sd": 1.5523344099592953, "threshold_error": 6.7044625076809208}, "influ": {"sample_sd": 11.167462658196902, "sample_mean": 20.433333333333433, "daily_article_count": 21, "30_day_error_count": 1, "threshold_warn": 42.768258649727237, "30_day_warn_count": 0, "daily_sd": 0.050742651577225954, "threshold_error": 53.93572130792414}, "pertu": {"sample_sd": 2.3288051299611423, "sample_mean": 2.1000000000001, "daily_article_count": 2, "30_day_error_count": 0, "threshold_warn": 6.7576102599223846, "30_day_warn_count": 0, "daily_sd": -0.04294047566005172, "threshold_error": 9.0864153898835269}, "moldf": {"sample_sd": 0.80346471954626331, "sample_mean": 0.76666666666676675, "daily_article_count": 0, "30_day_error_count": 0, "threshold_warn": 2.3735961057592934, "30_day_warn_count": 0, "daily_sd": -0.95420078569190026, "threshold_error": 3.1770608253055563}, "chole": {"sample_sd": 2.2283526551144361, "sample_mean": 2.3666666666667666, "daily_article_count": 1, "30_day_error_count": 3, "threshold_warn": 6.8233719768956389, "30_day_warn_count": 4, "daily_sd": -0.61330807021502709, "threshold_error": 9.0517246320100746}, "hepat": {"sample_sd": 1.2489995996796797, "sample_mean": 1.2000000000000999, "daily_article_count": 3, "30_day_error_count": 1, "threshold_warn": 3.697999199359459, "30_day_warn_count": 0, "daily_sd": 1.4411533842457043, "threshold_error": 4.9469987990391386}, "chiku": {"sample_sd": 1.168569876197207, "sample_mean": 1.3666666666667666, "daily_article_count": 11, "30_day_error_count": 3, "threshold_warn": 3.7038064190611806, "30_day_warn_count": 0, "daily_sd": 8.243694732815035, "threshold_error": 4.8723762952583876}, "yello": {"sample_sd": 0.24944382578492943, "sample_mean": 0.066666666666766669, "daily_article_count": 0, "30_day_error_count": 3, "threshold_warn": 0.5655543182366255, "30_day_warn_count": 0, "daily_sd": -0.2672612419128253, "threshold_error": 0.81499814402155502}, "menin": {"sample_sd": 5.0045534821355995, "sample_mean": 2.2333333333334333, "daily_article_count": 4, "30_day_error_count": 0, "threshold_warn": 12.242440297604633, "30_day_warn_count": 0, "daily_sd": 0.35301184670578739, "threshold_error": 17.246993779740233}, "plagu": {"sample_sd": 3.0711923128033236, "sample_mean": 1.0333333333334334, "daily_article_count": 0, "30_day_error_count": 0, "threshold_warn": 7.1757179589400808, "30_day_warn_count": 0, "daily_sd": -0.33645998950493178, "threshold_error": 10.246910271743404}, "westn": {"sample_sd": 0.33993463423951903, "sample_mean": 0.13333333333343333, "daily_article_count": 0, "30_day_error_count": 0, "threshold_warn": 0.81320260181247139, "30_day_warn_count": 0, "daily_sd": -0.39223227027666219, "threshold_error": 1.1531372360519905}, "swine": {"sample_sd": 3.3796778281697533, "sample_mean": 2.3333333333334334, "daily_article_count": 27, "30_day_error_count": 6, "threshold_warn": 9.0926889896729399, "30_day_warn_count": 7, "daily_sd": 7.2985260491603334, "threshold_error": 12.472366817842692}, "measl": {"sample_sd": 2.2472205054244232, "sample_mean": 2.5000000000000999, "daily_article_count": 94, "30_day_error_count": 14, "threshold_warn": 6.9944410108489468, "30_day_warn_count": 12, "daily_sd": 40.716965593333562, "threshold_error": 9.2416615162733695}, "dengu": {"sample_sd": 2.0829999733290658, "sample_mean": 3.1666666666667664, "daily_article_count": 3, "30_day_error_count": 0, "threshold_warn": 7.3326666133248981, "30_day_warn_count": 0, "daily_sd": -0.080012803072867331, "threshold_error": 9.4156665866539626}, "ebola": {"sample_sd": 51.309962212247072, "sample_mean": 141.23333333333343, "daily_article_count": 111, "30_day_error_count": 1, "threshold_warn": 243.85325775782758, "30_day_warn_count": 0, "daily_sd": -0.58922930420940944, "threshold_error": 295.16321997007469}, "unkno": {"sample_sd": 22.032022149589444, "sample_mean": 56.700000000000102, "daily_article_count": 76, "30_day_error_count": 0, "threshold_warn": 100.76404429917899, "30_day_warn_count": 0, "daily_sd": 0.87599766689411862, "threshold_error": 122.79606644876844}, "mumps": {"sample_sd": 0.71802197428460057, "sample_mean": 0.53333333333343336, "daily_article_count": 0, "30_day_error_count": 0, "threshold_warn": 1.9693772819026345, "30_day_warn_count": 0, "daily_sd": -0.74278135270834678, "threshold_error": 2.6873992561872351}}