{"hemmo": {"sample_sd": 2.075250988836451, "sample_mean": 1.6000000000000001, "daily_article_count": 0, "30_day_error_count": 0, "threshold_warn": 5.7505019776729025, "30_day_warn_count": 0, "daily_sd": -0.77099107944388257, "threshold_error": 7.8257529665093521}, "mersc": {"sample_sd": 2.3907228102721478, "sample_mean": 3.1333333333333333, "daily_article_count": 1, "30_day_error_count": 0, "threshold_warn": 7.9147789538776294, "30_day_warn_count": 0, "daily_sd": -0.89233821845305661, "threshold_error": 10.305501764149776}, "influ": {"sample_sd": 4.6957427527495588, "sample_mean": 9.5, "daily_article_count": 6, "30_day_error_count": 3, "threshold_warn": 18.891485505499119, "30_day_warn_count": 0, "daily_sd": -0.74535599249992979, "threshold_error": 23.587228258248675}, "pertu": {"sample_sd": 1.1874342087037919, "sample_mean": 1.3, "daily_article_count": 0, "30_day_error_count": 0, "threshold_warn": 3.6748684174075841, "30_day_warn_count": 0, "daily_sd": -1.0947974973864745, "threshold_error": 4.8623026261113758}, "moldf": {"sample_sd": 0.60461190490723515, "sample_mean": 0.36666666666666664, "daily_article_count": 0, "30_day_error_count": 0, "threshold_warn": 1.575890476481137, "30_day_warn_count": 0, "daily_sd": -0.60644963106196836, "threshold_error": 2.1805023813883722}, "chole": {"sample_sd": 3.63761215940103, "sample_mean": 4.9666666666666668, "daily_article_count": 0, "30_day_error_count": 0, "threshold_warn": 12.241890985468727, "30_day_warn_count": 0, "daily_sd": -1.3653645438342936, "threshold_error": 15.879503144869757}, "hepat": {"sample_sd": 1.5205992970609392, "sample_mean": 1.7666666666666666, "daily_article_count": 1, "30_day_error_count": 2, "threshold_warn": 4.807865260788545, "30_day_warn_count": 1, "daily_sd": -0.50418717682462655, "threshold_error": 6.3284645578494843}, "chiku": {"sample_sd": 2.1746008573733455, "sample_mean": 3.0666666666666669, "daily_article_count": 2, "30_day_error_count": 0, "threshold_warn": 7.4158683814133575, "30_day_warn_count": 0, "daily_sd": -0.4905114715879727, "threshold_error": 9.590469238786703}, "yello": {"sample_sd": 0.52599112793531666, "sample_mean": 0.29999999999999999, "daily_article_count": 1, "30_day_error_count": 1, "threshold_warn": 1.3519822558706334, "30_day_warn_count": 0, "daily_sd": 1.3308209261014035, "threshold_error": 1.87797338380595}, "menin": {"sample_sd": 3.5341194094144583, "sample_mean": 4.0999999999999996, "daily_article_count": 1, "30_day_error_count": 0, "threshold_warn": 11.168238818828916, "30_day_warn_count": 0, "daily_sd": -0.87716334421015374, "threshold_error": 14.702358228243375}, "plagu": {"sample_sd": 0.52174919474995096, "sample_mean": 0.16666666666666666, "daily_article_count": 0, "30_day_error_count": 7, "threshold_warn": 1.2101650561665687, "30_day_warn_count": 0, "daily_sd": -0.31943828249996992, "threshold_error": 1.7319142509165195}, "westn": {"sample_sd": 1.8726095873584188, "sample_mean": 1.6000000000000001, "daily_article_count": 0, "30_day_error_count": 0, "threshold_warn": 5.3452191747168376, "30_day_warn_count": 0, "daily_sd": -0.85442262541068525, "threshold_error": 7.217828762075257}, "swine": {"sample_sd": 1.2092238098144705, "sample_mean": 0.93333333333333335, "daily_article_count": 1, "30_day_error_count": 2, "threshold_warn": 3.3517809529622742, "30_day_warn_count": 0, "daily_sd": 0.055131784641997104, "threshold_error": 4.5610047627767454}, "measl": {"sample_sd": 1.8208667044996885, "sample_mean": 1.8666666666666667, "daily_article_count": 1, "30_day_error_count": 2, "threshold_warn": 5.5084000756660441, "30_day_warn_count": 3, "daily_sd": -0.47596381685983813, "threshold_error": 7.3292667801657316}, "dengu": {"sample_sd": 3.76238694920599, "sample_mean": 8.6666666666666661, "daily_article_count": 2, "30_day_error_count": 0, "threshold_warn": 16.191440565078647, "30_day_warn_count": 0, "daily_sd": -1.7719247798458349, "threshold_error": 19.953827514284637}, "ebola": {"sample_sd": 390.65540939412182, "sample_mean": 1098.1333333333334, "daily_article_count": 86, "30_day_error_count": 0, "threshold_warn": 1879.4441521215772, "30_day_warn_count": 0, "daily_sd": -2.5908596399652541, "threshold_error": 2270.099561515699}, "unkno": {"sample_sd": 25.419589995819276, "sample_mean": 59.666666666666664, "daily_article_count": 30, "30_day_error_count": 1, "threshold_warn": 110.50584665830522, "30_day_warn_count": 0, "daily_sd": -1.1670788817422271, "threshold_error": 135.9254366541245}, "mumps": {"sample_sd": 0.29999999999999999, "sample_mean": 0.10000000000000001, "daily_article_count": 0, "30_day_error_count": 8, "threshold_warn": 0.69999999999999996, "30_day_warn_count": 0, "daily_sd": -0.33333333333333337, "threshold_error": 0.99999999999999989}}