{"hemmo": {"sample_sd": 0.33993463423951903, "sample_mean": 0.13333333333333333, "daily_article_count": 0, "30_day_error_count": 1, "threshold_warn": 0.81320260181237136, "30_day_warn_count": 0, "daily_sd": -0.39223227027636803, "threshold_error": 1.1531372360518903}, "mersc": {"sample_sd": 3.353936327494738, "sample_mean": 3.1333333333333333, "daily_article_count": 2, "30_day_error_count": 0, "threshold_warn": 9.8412059883228089, "30_day_warn_count": 0, "daily_sd": -0.33791140399492614, "threshold_error": 13.195142315817547}, "influ": {"sample_sd": 9.985322561973982, "sample_mean": 18.399999999999999, "daily_article_count": 4, "30_day_error_count": 0, "threshold_warn": 38.370645123947966, "30_day_warn_count": 0, "daily_sd": -1.4421166577870956, "threshold_error": 48.355967685921946}, "pertu": {"sample_sd": 1.0561986345169905, "sample_mean": 1.1333333333333333, "daily_article_count": 2, "30_day_error_count": 1, "threshold_warn": 3.2457306023673143, "30_day_warn_count": 0, "daily_sd": 0.8205527240271443, "threshold_error": 4.3019292368843054}, "moldf": {"sample_sd": 1.0754843869934454, "sample_mean": 0.90000000000000002, "daily_article_count": 0, "30_day_error_count": 0, "threshold_warn": 3.0509687739868907, "30_day_warn_count": 0, "daily_sd": -0.83683223195455381, "threshold_error": 4.1264531609803363}, "chole": {"sample_sd": 3.3214789209360069, "sample_mean": 5.3666666666666663, "daily_article_count": 7, "30_day_error_count": 1, "threshold_warn": 12.00962450853868, "30_day_warn_count": 1, "daily_sd": 0.49174881798528874, "threshold_error": 15.331103429474688}, "hepat": {"sample_sd": 6.6369336962854222, "sample_mean": 5.8666666666666663, "daily_article_count": 2, "30_day_error_count": 0, "threshold_warn": 19.14053405923751, "30_day_warn_count": 0, "daily_sd": -0.58259835695371998, "threshold_error": 25.777467755522935}, "chiku": {"sample_sd": 0.84656167328001963, "sample_mean": 0.5, "daily_article_count": 0, "30_day_error_count": 0, "threshold_warn": 2.1931233465600393, "30_day_warn_count": 1, "daily_sd": -0.5906244232186183, "threshold_error": 3.0396850198400589}, "yello": {"sample_sd": 0.76084748070088859, "sample_mean": 0.23333333333333334, "daily_article_count": 0, "30_day_error_count": 1, "threshold_warn": 1.7550282947351106, "30_day_warn_count": 0, "daily_sd": -0.30667556803682644, "threshold_error": 2.5158757754359993}, "menin": {"sample_sd": 2.4458581770458858, "sample_mean": 2.8666666666666667, "daily_article_count": 0, "30_day_error_count": 3, "threshold_warn": 7.7583830207584388, "30_day_warn_count": 0, "daily_sd": -1.1720494236215424, "threshold_error": 10.204241197804324}, "plagu": {"sample_sd": 0.42687494916218993, "sample_mean": 0.13333333333333333, "daily_article_count": 0, "30_day_error_count": 4, "threshold_warn": 0.98708323165771317, "30_day_warn_count": 2, "daily_sd": -0.31234752377721209, "threshold_error": 1.4139581808199031}, "westn": {"sample_sd": 2.0286832072937253, "sample_mean": 2.1333333333333333, "daily_article_count": 1, "30_day_error_count": 0, "threshold_warn": 6.1906997479207835, "30_day_warn_count": 0, "daily_sd": -0.55865466291565857, "threshold_error": 8.2193829552145097}, "swine": {"sample_sd": 3.2593455375785694, "sample_mean": 3.8999999999999999, "daily_article_count": 3, "30_day_error_count": 0, "threshold_warn": 10.418691075157138, "30_day_warn_count": 0, "daily_sd": -0.27612905401512822, "threshold_error": 13.678036612735708}, "measl": {"sample_sd": 3.887444176090793, "sample_mean": 3.7666666666666666, "daily_article_count": 5, "30_day_error_count": 0, "threshold_warn": 11.541555018848253, "30_day_warn_count": 0, "daily_sd": 0.31726071873103301, "threshold_error": 15.428999194939045}, "dengu": {"sample_sd": 7.2138755187485737, "sample_mean": 14.6, "daily_article_count": 8, "30_day_error_count": 0, "threshold_warn": 29.027751037497147, "30_day_warn_count": 0, "daily_sd": -0.91490350545235555, "threshold_error": 36.24162655624572}, "ebola": {"sample_sd": 23.277576238851747, "sample_mean": 34.766666666666666, "daily_article_count": 45, "30_day_error_count": 0, "threshold_warn": 81.321819144370153, "30_day_warn_count": 0, "daily_sd": 0.43962194467022103, "threshold_error": 104.5993953832219}, "unkno": {"sample_sd": 22.231134324036038, "sample_mean": 50.899999999999999, "daily_article_count": 40, "30_day_error_count": 0, "threshold_warn": 95.362268648072074, "30_day_warn_count": 0, "daily_sd": -0.49030336649151762, "threshold_error": 117.59340297210812}, "mumps": {"sample_sd": 0.91226214556026708, "sample_mean": 0.6333333333333333, "daily_article_count": 0, "30_day_error_count": 2, "threshold_warn": 2.4578576244538675, "30_day_warn_count": 2, "daily_sd": -0.69424489047977622, "threshold_error": 3.3701197700141345}}