{"hemmo": {"sample_sd": 0.0, "sample_mean": 0.0, "daily_article_count": 0, "30_day_error_count": 30, "threshold_warn": 0.0, "30_day_warn_count": 0, "daily_sd": 0, "threshold_error": 0.0}, "mersc": {"sample_sd": 3.3139436057697513, "sample_mean": 3.4666666666666668, "daily_article_count": 1, "30_day_error_count": 0, "threshold_warn": 10.09455387820617, "30_day_warn_count": 0, "daily_sd": -0.74432970505957596, "threshold_error": 13.408497483975921}, "influ": {"sample_sd": 7.745679799446628, "sample_mean": 11.733333333333333, "daily_article_count": 32, "30_day_error_count": 1, "threshold_warn": 27.224692932226588, "30_day_warn_count": 0, "daily_sd": 2.6165123257631397, "threshold_error": 34.970372731673216}, "pertu": {"sample_sd": 1.1060440015358037, "sample_mean": 1.1000000000000001, "daily_article_count": 1, "30_day_error_count": 1, "threshold_warn": 3.3120880030716076, "30_day_warn_count": 0, "daily_sd": -0.090412316201836915, "threshold_error": 4.4181320046074113}, "moldf": {"sample_sd": 0.84063468086123272, "sample_mean": 0.59999999999999998, "daily_article_count": 2, "30_day_error_count": 1, "threshold_warn": 2.2812693617224653, "30_day_warn_count": 0, "daily_sd": 1.6654083300081026, "threshold_error": 3.1219040425836981}, "chole": {"sample_sd": 3.8360859682175477, "sample_mean": 5.1333333333333337, "daily_article_count": 0, "30_day_error_count": 0, "threshold_warn": 12.805505269768428, "30_day_warn_count": 0, "daily_sd": -1.3381695237968187, "threshold_error": 16.641591237985978}, "hepat": {"sample_sd": 1.9482185594936605, "sample_mean": 2.2666666666666666, "daily_article_count": 3, "30_day_error_count": 0, "threshold_warn": 6.1631037856539876, "30_day_warn_count": 0, "daily_sd": 0.37641225095603531, "threshold_error": 8.1113223451476486}, "chiku": {"sample_sd": 1.6947631758514883, "sample_mean": 1.8333333333333333, "daily_article_count": 1, "30_day_error_count": 0, "threshold_warn": 5.22285968503631, "30_day_warn_count": 0, "daily_sd": -0.49171078603041235, "threshold_error": 6.9176228608877981}, "yello": {"sample_sd": 0.29999999999999999, "sample_mean": 0.10000000000000001, "daily_article_count": 0, "30_day_error_count": 7, "threshold_warn": 0.69999999999999996, "30_day_warn_count": 0, "daily_sd": -0.33333333333333337, "threshold_error": 0.99999999999999989}, "menin": {"sample_sd": 1.9439364415764442, "sample_mean": 2.4333333333333331, "daily_article_count": 19, "30_day_error_count": 2, "threshold_warn": 6.3212062164862211, "30_day_warn_count": 0, "daily_sd": 8.5222265051175494, "threshold_error": 8.2651426580626666}, "plagu": {"sample_sd": 0.33993463423951903, "sample_mean": 0.13333333333333333, "daily_article_count": 0, "30_day_error_count": 0, "threshold_warn": 0.81320260181237136, "30_day_warn_count": 0, "daily_sd": -0.39223227027636803, "threshold_error": 1.1531372360518903}, "westn": {"sample_sd": 0.71802197428460057, "sample_mean": 0.46666666666666667, "daily_article_count": 1, "30_day_error_count": 4, "threshold_warn": 1.9027106152358679, "30_day_warn_count": 1, "daily_sd": 0.74278135270820744, "threshold_error": 2.6207325895204683}, "swine": {"sample_sd": 20.305472716049291, "sample_mean": 35.43333333333333, "daily_article_count": 6, "30_day_error_count": 0, "threshold_warn": 76.044278765431912, "30_day_warn_count": 0, "daily_sd": -1.4495271173898576, "threshold_error": 96.349751481481206}, "measl": {"sample_sd": 14.804804025120434, "sample_mean": 21.466666666666665, "daily_article_count": 23, "30_day_error_count": 0, "threshold_warn": 51.076274716907534, "30_day_warn_count": 0, "daily_sd": 0.10356998517046305, "threshold_error": 65.881078742027967}, "dengu": {"sample_sd": 3.3954217541991585, "sample_mean": 4.0666666666666664, "daily_article_count": 1, "30_day_error_count": 0, "threshold_warn": 10.857510175064984, "30_day_warn_count": 0, "daily_sd": -0.90317695080856542, "threshold_error": 14.252931929264141}, "ebola": {"sample_sd": 41.14393434436397, "sample_mean": 79.900000000000006, "daily_article_count": 54, "30_day_error_count": 0, "threshold_warn": 162.18786868872795, "30_day_warn_count": 0, "daily_sd": -0.62949740739968574, "threshold_error": 203.33180303309192}, "unkno": {"sample_sd": 27.096125184239906, "sample_mean": 51.0, "daily_article_count": 90, "30_day_error_count": 0, "threshold_warn": 105.19225036847982, "30_day_warn_count": 0, "daily_sd": 1.4393201882121442, "threshold_error": 132.28837555271971}, "mumps": {"sample_sd": 0.29999999999999999, "sample_mean": 0.10000000000000001, "daily_article_count": 0, "30_day_error_count": 3, "threshold_warn": 0.69999999999999996, "30_day_warn_count": 0, "daily_sd": -0.33333333333333337, "threshold_error": 0.99999999999999989}}