{"hemmo": {"sample_sd": 0.17950549357115014, "sample_mean": 0.033333333333333333, "daily_article_count": 1, "30_day_error_count": 7, "threshold_warn": 0.39234432047563361, "30_day_warn_count": 0, "daily_sd": 5.3851648071345037, "threshold_error": 0.5718498140467837}, "mersc": {"sample_sd": 4.495059015803414, "sample_mean": 6.166666666666667, "daily_article_count": 2, "30_day_error_count": 1, "threshold_warn": 15.156784698273494, "30_day_warn_count": 0, "daily_sd": -0.92694370686075345, "threshold_error": 19.651843714076911}, "influ": {"sample_sd": 2.6265736024122548, "sample_mean": 2.6333333333333333, "daily_article_count": 5, "30_day_error_count": 2, "threshold_warn": 7.8864805381578424, "30_day_warn_count": 0, "daily_sd": 0.90104715302594662, "threshold_error": 10.513054140570098}, "pertu": {"sample_sd": 3.6394444020420971, "sample_mean": 2.5666666666666669, "daily_article_count": 0, "30_day_error_count": 0, "threshold_warn": 9.8455554707508615, "30_day_warn_count": 0, "daily_sd": -0.70523585007274925, "threshold_error": 13.484999872792958}, "moldf": {"sample_sd": 0.67986926847903806, "sample_mean": 0.26666666666666666, "daily_article_count": 0, "30_day_error_count": 0, "threshold_warn": 1.6264052036247427, "30_day_warn_count": 0, "daily_sd": -0.39223227027636803, "threshold_error": 2.3062744721037807}, "chole": {"sample_sd": 2.5785439474418288, "sample_mean": 3.5333333333333332, "daily_article_count": 8, "30_day_error_count": 5, "threshold_warn": 8.6904212282169908, "30_day_warn_count": 2, "daily_sd": 1.7322437614833142, "threshold_error": 11.26896517565882}, "hepat": {"sample_sd": 1.52206000757745, "sample_mean": 1.5, "daily_article_count": 2, "30_day_error_count": 6, "threshold_warn": 4.5441200151548999, "30_day_warn_count": 1, "daily_sd": 0.3285021599088021, "threshold_error": 6.0661800227323504}, "chiku": {"sample_sd": 6.829755160732744, "sample_mean": 10.766666666666667, "daily_article_count": 3, "30_day_error_count": 1, "threshold_warn": 24.426176988132156, "30_day_warn_count": 0, "daily_sd": -1.1371808335561775, "threshold_error": 31.2559321488649}, "yello": {"sample_sd": 0.86922698736035309, "sample_mean": 0.33333333333333331, "daily_article_count": 0, "30_day_error_count": 0, "threshold_warn": 2.0717873080540397, "30_day_warn_count": 0, "daily_sd": -0.38348249442368521, "threshold_error": 2.941014295414393}, "menin": {"sample_sd": 1.7603661235347856, "sample_mean": 1.3666666666666667, "daily_article_count": 3, "30_day_error_count": 1, "threshold_warn": 4.8873989137362379, "30_day_warn_count": 0, "daily_sd": 0.9278372899233186, "threshold_error": 6.6477650372710233}, "plagu": {"sample_sd": 0.17950549357115012, "sample_mean": 0.033333333333333333, "daily_article_count": 0, "30_day_error_count": 12, "threshold_warn": 0.39234432047563356, "30_day_warn_count": 0, "daily_sd": -0.18569533817705189, "threshold_error": 0.5718498140467837}, "westn": {"sample_sd": 1.9689252567496478, "sample_mean": 3.2999999999999998, "daily_article_count": 6, "30_day_error_count": 1, "threshold_warn": 7.2378505134992954, "30_day_warn_count": 0, "daily_sd": 1.371306498682042, "threshold_error": 9.2067757702489423}, "swine": {"sample_sd": 1.9550504398153574, "sample_mean": 1.3333333333333333, "daily_article_count": 1, "30_day_error_count": 0, "threshold_warn": 5.2434342129640479, "30_day_warn_count": 0, "daily_sd": -0.17049858486761832, "threshold_error": 7.1984846527794053}, "measl": {"sample_sd": 4.2751218306226857, "sample_mean": 6.2999999999999998, "daily_article_count": 0, "30_day_error_count": 1, "threshold_warn": 14.850243661245372, "30_day_warn_count": 0, "daily_sd": -1.4736422140939043, "threshold_error": 19.125365491868056}, "dengu": {"sample_sd": 3.0193818351885651, "sample_mean": 4.5, "daily_article_count": 5, "30_day_error_count": 1, "threshold_warn": 10.538763670377129, "30_day_warn_count": 2, "daily_sd": 0.16559680997377871, "threshold_error": 13.558145505565696}, "ebola": {"sample_sd": 17.884692399429802, "sample_mean": 23.066666666666666, "daily_article_count": 634, "30_day_error_count": 14, "threshold_warn": 58.836051465526268, "30_day_warn_count": 4, "daily_sd": 34.15956616356516, "threshold_error": 76.720743864956077}, "unkno": {"sample_sd": 69.316857016649749, "sample_mean": 62.799999999999997, "daily_article_count": 39, "30_day_error_count": 0, "threshold_warn": 201.43371403329951, "30_day_warn_count": 5, "daily_sd": -0.34335082437859654, "threshold_error": 270.75057104994926}, "mumps": {"sample_sd": 0.45338235029118146, "sample_mean": 0.16666666666666666, "daily_article_count": 0, "30_day_error_count": 1, "threshold_warn": 1.0734313672490297, "30_day_warn_count": 0, "daily_sd": -0.36760731104690386, "threshold_error": 1.5268137175402112}}