{"hemmo": {"sample_sd": 1.5849991237291654, "sample_mean": 0.43333333333343332, "daily_article_count": 0, "30_day_error_count": 2, "threshold_warn": 3.6033315807917643, "30_day_warn_count": 0, "daily_sd": -0.27339657596396161, "threshold_error": 5.1883307045209293}, "mersc": {"sample_sd": 2.3570226039551585, "sample_mean": 1.6666666666667667, "daily_article_count": 0, "30_day_error_count": 0, "threshold_warn": 6.3807118745770834, "30_day_warn_count": 0, "daily_sd": -0.70710678118658987, "threshold_error": 8.7377344785322428}, "influ": {"sample_sd": 5.5793269207753795, "sample_mean": 8.266666666666767, "daily_article_count": 3, "30_day_error_count": 0, "threshold_warn": 19.425320508217524, "30_day_warn_count": 0, "daily_sd": -0.94396093676741188, "threshold_error": 25.004647428992904}, "pertu": {"sample_sd": 0.97125348562223091, "sample_mean": 0.70000000000009999, "daily_article_count": 0, "30_day_error_count": 0, "threshold_warn": 2.6425069712445617, "30_day_warn_count": 0, "daily_sd": -0.72071813420741226, "threshold_error": 3.6137604568667929}, "moldf": {"sample_sd": 0.40000000000000008, "sample_mean": 0.20000000000010001, "daily_article_count": 0, "30_day_error_count": 1, "threshold_warn": 1.0000000000001001, "30_day_warn_count": 0, "daily_sd": -0.50000000000024991, "threshold_error": 1.4000000000001003}, "chole": {"sample_sd": 1.7978382080215733, "sample_mean": 1.9666666666667665, "daily_article_count": 2, "30_day_error_count": 2, "threshold_warn": 5.562343082709913, "30_day_warn_count": 3, "daily_sd": 0.018540785919726948, "threshold_error": 7.3601812907314859}, "hepat": {"sample_sd": 1.015983376941878, "sample_mean": 0.96666666666676671, "daily_article_count": 0, "30_day_error_count": 3, "threshold_warn": 2.9986334205505227, "30_day_warn_count": 1, "daily_sd": -0.9514591366410392, "threshold_error": 4.0146167974924012}, "chiku": {"sample_sd": 0.84590516936330118, "sample_mean": 0.46666666666676665, "daily_article_count": 2, "30_day_error_count": 0, "threshold_warn": 2.1584770053933688, "30_day_warn_count": 0, "daily_sd": 1.8126539343498136, "threshold_error": 3.0043821747566701}, "yello": {"sample_sd": 0.40000000000000013, "sample_mean": 0.20000000000010001, "daily_article_count": 0, "30_day_error_count": 0, "threshold_warn": 1.0000000000001004, "30_day_warn_count": 0, "daily_sd": -0.50000000000024991, "threshold_error": 1.4000000000001005}, "menin": {"sample_sd": 2.2939534045447001, "sample_mean": 1.9333333333334333, "daily_article_count": 14, "30_day_error_count": 3, "threshold_warn": 6.5212401424228332, "30_day_warn_count": 0, "daily_sd": 5.2602056531577794, "threshold_error": 8.8151935469675333}, "plagu": {"sample_sd": 0.17950549357115012, "sample_mean": 0.033333333333433336, "daily_article_count": 0, "30_day_error_count": 0, "threshold_warn": 0.39234432047573359, "30_day_warn_count": 0, "daily_sd": -0.185695338177609, "threshold_error": 0.57184981404688373}, "westn": {"sample_sd": 1.4685593847940459, "sample_mean": 0.90000000000010005, "daily_article_count": 1, "30_day_error_count": 0, "threshold_warn": 3.8371187695881916, "30_day_warn_count": 0, "daily_sd": 0.068093943653442499, "threshold_error": 5.3056781543822371}, "swine": {"sample_sd": 2.3711225658371653, "sample_mean": 4.3333333333334334, "daily_article_count": 0, "30_day_error_count": 0, "threshold_warn": 9.075578465007764, "30_day_warn_count": 0, "daily_sd": -1.8275450606255252, "threshold_error": 11.446701030844929}, "measl": {"sample_sd": 5.9580944008037404, "sample_mean": 6.6333333333334341, "daily_article_count": 9, "30_day_error_count": 0, "threshold_warn": 18.549522134940915, "30_day_warn_count": 0, "daily_sd": 0.39721872589788193, "threshold_error": 24.507616535744653}, "dengu": {"sample_sd": 2.1809783737274122, "sample_mean": 3.9000000000000998, "daily_article_count": 15, "30_day_error_count": 1, "threshold_warn": 8.2619567474549243, "30_day_warn_count": 0, "daily_sd": 5.0894589940520083, "threshold_error": 10.442935121182337}, "ebola": {"sample_sd": 0.84393259341147764, "sample_mean": 0.43333333333343332, "daily_article_count": 55, "30_day_error_count": 15, "threshold_warn": 2.1211985201563888, "30_day_warn_count": 10, "daily_sd": 64.657612577905738, "threshold_error": 2.9651311135678662}, "unkno": {"sample_sd": 17.934944165573032, "sample_mean": 45.266666666666765, "daily_article_count": 19, "30_day_error_count": 0, "threshold_warn": 81.136554997812823, "30_day_warn_count": 0, "daily_sd": -1.4645524638480261, "threshold_error": 99.071499163385866}, "mumps": {"sample_sd": 0.95219045713904671, "sample_mean": 0.4000000000001, "daily_article_count": 0, "30_day_error_count": 7, "threshold_warn": 2.3043809142781932, "30_day_warn_count": 4, "daily_sd": -0.42008402520850796, "threshold_error": 3.2565713714172402}}