{"hemmo": {"sample_sd": 2.0612833111653743, "sample_mean": 1.1333333333333333, "daily_article_count": 0, "30_day_error_count": 0, "threshold_warn": 5.2558999556640824, "30_day_warn_count": 0, "daily_sd": -0.5498192932501782, "threshold_error": 7.3171832668294563}, "mersc": {"sample_sd": 2.3437861108329261, "sample_mean": 2.2000000000000002, "daily_article_count": 6, "30_day_error_count": 0, "threshold_warn": 6.8875722216658524, "30_day_warn_count": 0, "daily_sd": 1.6213083533674366, "threshold_error": 9.2313583324987789}, "influ": {"sample_sd": 4.8075172617705926, "sample_mean": 10.433333333333334, "daily_article_count": 13, "30_day_error_count": 0, "threshold_warn": 20.04836785687452, "30_day_warn_count": 0, "daily_sd": 0.53388610522042546, "threshold_error": 24.855885118645112}, "pertu": {"sample_sd": 1.2489995996796797, "sample_mean": 1.2, "daily_article_count": 2, "30_day_error_count": 0, "threshold_warn": 3.6979991993593595, "30_day_warn_count": 0, "daily_sd": 0.64051261522034852, "threshold_error": 4.9469987990390392}, "moldf": {"sample_sd": 0.33993463423951903, "sample_mean": 0.13333333333333333, "daily_article_count": 0, "30_day_error_count": 3, "threshold_warn": 0.81320260181237136, "30_day_warn_count": 0, "daily_sd": -0.39223227027636803, "threshold_error": 1.1531372360518903}, "chole": {"sample_sd": 2.4269322199023193, "sample_mean": 4.0999999999999996, "daily_article_count": 1, "30_day_error_count": 3, "threshold_warn": 8.9538644398046383, "30_day_warn_count": 0, "daily_sd": -1.2773327473170102, "threshold_error": 11.380796659706958}, "hepat": {"sample_sd": 1.5849991237291654, "sample_mean": 1.4333333333333333, "daily_article_count": 3, "30_day_error_count": 0, "threshold_warn": 4.6033315807916644, "30_day_warn_count": 0, "daily_sd": 0.98843377463870996, "threshold_error": 6.1883307045208298}, "chiku": {"sample_sd": 2.6892791268706606, "sample_mean": 4.6333333333333337, "daily_article_count": 2, "30_day_error_count": 0, "threshold_warn": 10.011891587074654, "30_day_warn_count": 0, "daily_sd": -0.97919673232193372, "threshold_error": 12.701170713945316}, "yello": {"sample_sd": 0.17950549357115014, "sample_mean": 0.033333333333333333, "daily_article_count": 0, "30_day_error_count": 7, "threshold_warn": 0.39234432047563361, "30_day_warn_count": 0, "daily_sd": -0.18569533817705186, "threshold_error": 0.5718498140467837}, "menin": {"sample_sd": 2.7890659527678601, "sample_mean": 3.5666666666666669, "daily_article_count": 1, "30_day_error_count": 2, "threshold_warn": 9.1447985722023866, "30_day_warn_count": 4, "daily_sd": -0.92026029865644277, "threshold_error": 11.933864524970247}, "plagu": {"sample_sd": 0.17950549357115012, "sample_mean": 0.033333333333333333, "daily_article_count": 0, "30_day_error_count": 4, "threshold_warn": 0.39234432047563356, "30_day_warn_count": 0, "daily_sd": -0.18569533817705189, "threshold_error": 0.5718498140467837}, "westn": {"sample_sd": 2.275717225159771, "sample_mean": 3.2333333333333334, "daily_article_count": 0, "30_day_error_count": 0, "threshold_warn": 7.7847677836528755, "30_day_warn_count": 0, "daily_sd": -1.4207974952188231, "threshold_error": 10.060485008812647}, "swine": {"sample_sd": 0.99777530313971785, "sample_mean": 1.0666666666666667, "daily_article_count": 6, "30_day_error_count": 2, "threshold_warn": 3.0622172729461026, "30_day_warn_count": 0, "daily_sd": 4.9443329753798508, "threshold_error": 4.0599925760858202}, "measl": {"sample_sd": 2.6923760675078232, "sample_mean": 3.1333333333333333, "daily_article_count": 2, "30_day_error_count": 0, "threshold_warn": 8.5180854683489802, "30_day_warn_count": 0, "daily_sd": -0.42094169050551489, "threshold_error": 11.210461535856803}, "dengu": {"sample_sd": 4.2817441928883762, "sample_mean": 9.0, "daily_article_count": 9, "30_day_error_count": 0, "threshold_warn": 17.563488385776751, "30_day_warn_count": 0, "daily_sd": 0.0, "threshold_error": 21.845232578665129}, "ebola": {"sample_sd": 301.9561428787668, "sample_mean": 453.56666666666666, "daily_article_count": 285, "30_day_error_count": 5, "threshold_warn": 1057.4789524242003, "30_day_warn_count": 13, "daily_sd": -0.55824884057531809, "threshold_error": 1359.4350953029671}, "unkno": {"sample_sd": 46.605066486619485, "sample_mean": 91.966666666666669, "daily_article_count": 31, "30_day_error_count": 0, "threshold_warn": 185.17679963990565, "30_day_warn_count": 0, "daily_sd": -1.3081553415264511, "threshold_error": 231.78186612652513}, "mumps": {"sample_sd": 0.17950549357115009, "sample_mean": 0.033333333333333333, "daily_article_count": 0, "30_day_error_count": 5, "threshold_warn": 0.3923443204756335, "30_day_warn_count": 0, "daily_sd": -0.18569533817705192, "threshold_error": 0.57184981404678359}}