{"hemmo": {"sample_sd": 0.29999999999999999, "sample_mean": 0.10000000000000001, "daily_article_count": 0, "30_day_error_count": 0, "threshold_warn": 0.69999999999999996, "30_day_warn_count": 0, "daily_sd": -0.33333333333333337, "threshold_error": 0.99999999999999989}, "mersc": {"sample_sd": 5.9217114643206541, "sample_mean": 4.0, "daily_article_count": 1, "30_day_error_count": 0, "threshold_warn": 15.843422928641308, "30_day_warn_count": 4, "daily_sd": -0.50661029637724231, "threshold_error": 21.765134392961961}, "influ": {"sample_sd": 7.4631688235553728, "sample_mean": 12.966666666666667, "daily_article_count": 14, "30_day_error_count": 0, "threshold_warn": 27.893004313777411, "30_day_warn_count": 0, "daily_sd": 0.13845771920258726, "threshold_error": 35.356173137332789}, "pertu": {"sample_sd": 1.569146972791976, "sample_mean": 2.0666666666666669, "daily_article_count": 2, "30_day_error_count": 0, "threshold_warn": 5.2049606122506189, "30_day_warn_count": 0, "daily_sd": -0.042485928866208868, "threshold_error": 6.7741075850425947}, "moldf": {"sample_sd": 0.52599112793531666, "sample_mean": 0.29999999999999999, "daily_article_count": 1, "30_day_error_count": 6, "threshold_warn": 1.3519822558706334, "30_day_warn_count": 2, "daily_sd": 1.3308209261014035, "threshold_error": 1.87797338380595}, "chole": {"sample_sd": 2.2462314118441924, "sample_mean": 3.2333333333333334, "daily_article_count": 9, "30_day_error_count": 6, "threshold_warn": 7.7257961570217182, "30_day_warn_count": 0, "daily_sd": 2.5672629437285539, "threshold_error": 9.9720275688659115}, "hepat": {"sample_sd": 3.088509169306267, "sample_mean": 2.8333333333333335, "daily_article_count": 4, "30_day_error_count": 4, "threshold_warn": 9.0103516719458678, "30_day_warn_count": 2, "daily_sd": 0.37774427813297384, "threshold_error": 12.098860841252135}, "chiku": {"sample_sd": 2.7384099198054495, "sample_mean": 2.3666666666666667, "daily_article_count": 2, "30_day_error_count": 0, "threshold_warn": 7.8434865062775661, "30_day_warn_count": 0, "daily_sd": -0.1338976549912281, "threshold_error": 10.581896426083016}, "yello": {"sample_sd": 0.59628479399994383, "sample_mean": 0.33333333333333331, "daily_article_count": 0, "30_day_error_count": 0, "threshold_warn": 1.5259029213332209, "30_day_warn_count": 0, "daily_sd": -0.55901699437494745, "threshold_error": 2.122187715333165}, "menin": {"sample_sd": 2.9741478704925814, "sample_mean": 4.2333333333333334, "daily_article_count": 3, "30_day_error_count": 0, "threshold_warn": 10.181629074318497, "30_day_warn_count": 0, "daily_sd": -0.4146846044776743, "threshold_error": 13.155776944811077}, "plagu": {"sample_sd": 0.74535599249992979, "sample_mean": 0.33333333333333331, "daily_article_count": 0, "30_day_error_count": 0, "threshold_warn": 1.8240453183331928, "30_day_warn_count": 0, "daily_sd": -0.44721359549995798, "threshold_error": 2.5694013108331228}, "westn": {"sample_sd": 0.45338235029118146, "sample_mean": 0.16666666666666666, "daily_article_count": 1, "30_day_error_count": 3, "threshold_warn": 1.0734313672490297, "30_day_warn_count": 0, "daily_sd": 1.8380365552345195, "threshold_error": 1.5268137175402112}, "swine": {"sample_sd": 11.84604950558999, "sample_mean": 22.733333333333334, "daily_article_count": 38, "30_day_error_count": 6, "threshold_warn": 46.425432344513311, "30_day_warn_count": 16, "daily_sd": 1.2887559400678288, "threshold_error": 58.271481850103306}, "measl": {"sample_sd": 56.400167454440144, "sample_mean": 87.433333333333337, "daily_article_count": 19, "30_day_error_count": 0, "threshold_warn": 200.23366824221364, "30_day_warn_count": 0, "daily_sd": -1.2133533714880109, "threshold_error": 256.63383569665376}, "dengu": {"sample_sd": 2.5742312768410427, "sample_mean": 3.7999999999999998, "daily_article_count": 6, "30_day_error_count": 0, "threshold_warn": 8.9484625536820843, "30_day_warn_count": 0, "daily_sd": 0.85462406575205674, "threshold_error": 11.522693830523128}, "ebola": {"sample_sd": 35.459350749210785, "sample_mean": 83.36666666666666, "daily_article_count": 99, "30_day_error_count": 0, "threshold_warn": 154.28536816508824, "30_day_warn_count": 0, "daily_sd": 0.44088041667489608, "threshold_error": 189.74471891429903}, "unkno": {"sample_sd": 24.991198450654583, "sample_mean": 57.200000000000003, "daily_article_count": 66, "30_day_error_count": 1, "threshold_warn": 107.18239690130918, "30_day_warn_count": 0, "daily_sd": 0.35212396945971602, "threshold_error": 132.17359535196374}, "mumps": {"sample_sd": 0.71569701845279621, "sample_mean": 0.56666666666666665, "daily_article_count": 0, "30_day_error_count": 0, "threshold_warn": 1.9980607035722591, "30_day_warn_count": 0, "daily_sd": -0.79176893581545804, "threshold_error": 2.7137577220250551}}