{"hemmo": {"sample_sd": 0.40000000000000008, "sample_mean": 0.20000000000000001, "daily_article_count": 0, "30_day_error_count": 1, "threshold_warn": 1.0000000000000002, "30_day_warn_count": 0, "daily_sd": -0.49999999999999994, "threshold_error": 1.4000000000000001}, "mersc": {"sample_sd": 2.8057480682025289, "sample_mean": 3.8333333333333335, "daily_article_count": 0, "30_day_error_count": 1, "threshold_warn": 9.4448294697383908, "30_day_warn_count": 0, "daily_sd": -1.3662428843046894, "threshold_error": 12.25057753794092}, "influ": {"sample_sd": 6.290115702875072, "sample_mean": 11.633333333333333, "daily_article_count": 16, "30_day_error_count": 7, "threshold_warn": 24.213564739083477, "30_day_warn_count": 0, "daily_sd": 0.69421086557609124, "threshold_error": 30.503680441958551}, "pertu": {"sample_sd": 1.2023125864580955, "sample_mean": 1.4333333333333333, "daily_article_count": 4, "30_day_error_count": 0, "threshold_warn": 3.8379585062495245, "30_day_warn_count": 0, "daily_sd": 2.1347748460554965, "threshold_error": 5.04027109270762}, "moldf": {"sample_sd": 1.2892719737209144, "sample_mean": 1.2666666666666666, "daily_article_count": 0, "30_day_error_count": 0, "threshold_warn": 3.8452106141084954, "30_day_warn_count": 0, "daily_sd": -0.98246661099053634, "threshold_error": 5.1344825878294102}, "chole": {"sample_sd": 2.2764494771951829, "sample_mean": 3.4666666666666668, "daily_article_count": 5, "30_day_error_count": 5, "threshold_warn": 8.0195656210570334, "30_day_warn_count": 2, "daily_sd": 0.67356352455603619, "threshold_error": 10.296015098252216}, "hepat": {"sample_sd": 2.3872345693058503, "sample_mean": 2.9666666666666668, "daily_article_count": 5, "30_day_error_count": 4, "threshold_warn": 7.7411358052783674, "30_day_warn_count": 6, "daily_sd": 0.85175263439846094, "threshold_error": 10.128370374584218}, "chiku": {"sample_sd": 0.7187952884282609, "sample_mean": 0.5, "daily_article_count": 3, "30_day_error_count": 2, "threshold_warn": 1.9375905768565218, "30_day_warn_count": 0, "daily_sd": 3.4780417182012617, "threshold_error": 2.6563858652847827}, "yello": {"sample_sd": 0.45338235029118146, "sample_mean": 0.16666666666666666, "daily_article_count": 0, "30_day_error_count": 1, "threshold_warn": 1.0734313672490297, "30_day_warn_count": 0, "daily_sd": -0.36760731104690386, "threshold_error": 1.5268137175402112}, "menin": {"sample_sd": 2.664374014452342, "sample_mean": 4.3666666666666663, "daily_article_count": 3, "30_day_error_count": 0, "threshold_warn": 9.6954146955713512, "30_day_warn_count": 0, "daily_sd": -0.51294099824328998, "threshold_error": 12.359788710023693}, "plagu": {"sample_sd": 2.9493878837631531, "sample_mean": 1.3666666666666667, "daily_article_count": 14, "30_day_error_count": 1, "threshold_warn": 7.2654424341929733, "30_day_warn_count": 0, "daily_sd": 4.2833746632248104, "threshold_error": 10.214830317956126}, "westn": {"sample_sd": 3.1214312956291916, "sample_mean": 5.2999999999999998, "daily_article_count": 1, "30_day_error_count": 0, "threshold_warn": 11.542862591258384, "30_day_warn_count": 0, "daily_sd": -1.3775731684439469, "threshold_error": 14.664293886887574}, "swine": {"sample_sd": 2.0245712852080286, "sample_mean": 2.9666666666666668, "daily_article_count": 1, "30_day_error_count": 2, "threshold_warn": 7.0158092370827241, "30_day_warn_count": 2, "daily_sd": -0.97139907151483085, "threshold_error": 9.0403805222907536}, "measl": {"sample_sd": 3.0630413353760377, "sample_mean": 3.5333333333333332, "daily_article_count": 3, "30_day_error_count": 1, "threshold_warn": 9.6594160040854078, "30_day_warn_count": 0, "daily_sd": -0.17411888216254123, "threshold_error": 12.722457339461446}, "dengu": {"sample_sd": 23.931128032102642, "sample_mean": 31.033333333333335, "daily_article_count": 9, "30_day_error_count": 0, "threshold_warn": 78.895589397538615, "30_day_warn_count": 0, "daily_sd": -0.9206976496793845, "threshold_error": 102.82671742964126}, "ebola": {"sample_sd": 11.479498634038373, "sample_mean": 29.766666666666666, "daily_article_count": 20, "30_day_error_count": 3, "threshold_warn": 52.725663934743409, "30_day_warn_count": 0, "daily_sd": -0.85079209275804846, "threshold_error": 64.205162568781788}, "unkno": {"sample_sd": 18.936032671426538, "sample_mean": 50.600000000000001, "daily_article_count": 44, "30_day_error_count": 0, "threshold_warn": 88.472065342853085, "30_day_warn_count": 0, "daily_sd": -0.3485418574482631, "threshold_error": 107.40809801427962}, "mumps": {"sample_sd": 0.95510325212629354, "sample_mean": 0.76666666666666672, "daily_article_count": 0, "30_day_error_count": 0, "threshold_warn": 2.6768731709192539, "30_day_warn_count": 0, "daily_sd": -0.8027055346737425, "threshold_error": 3.6319764230455474}}