{"hemmo": {"sample_sd": 1.586050300449376, "sample_mean": 0.46666666666676665, "daily_article_count": 2, "30_day_error_count": 0, "threshold_warn": 3.6387672675655187, "30_day_warn_count": 0, "daily_sd": 0.9667621089310936, "threshold_error": 5.2248175680148945}, "mersc": {"sample_sd": 1.6193277068654823, "sample_mean": 1.3333333333334332, "daily_article_count": 2, "30_day_error_count": 2, "threshold_warn": 4.5719887470643981, "30_day_warn_count": 0, "daily_sd": 0.41169348479624751, "threshold_error": 6.1913164539298808}, "influ": {"sample_sd": 8.3472550378352928, "sample_mean": 10.3000000000001, "daily_article_count": 4, "30_day_error_count": 0, "threshold_warn": 26.994510075670686, "30_day_warn_count": 0, "daily_sd": -0.75473912938377041, "threshold_error": 35.341765113505978}, "pertu": {"sample_sd": 0.96378881965339724, "sample_mean": 0.73333333333343331, "daily_article_count": 0, "30_day_error_count": 0, "threshold_warn": 2.6609109726402278, "30_day_warn_count": 0, "daily_sd": -0.76088591025278596, "threshold_error": 3.624699792293625}, "moldf": {"sample_sd": 0.61553951042064614, "sample_mean": 0.23333333333343334, "daily_article_count": 0, "30_day_error_count": 0, "threshold_warn": 1.4644123541747256, "30_day_warn_count": 0, "daily_sd": -0.37907125275188019, "threshold_error": 2.0799518645953716}, "chole": {"sample_sd": 1.5638272140986533, "sample_mean": 1.4333333333334333, "daily_article_count": 3, "30_day_error_count": 3, "threshold_warn": 4.5609877615307397, "30_day_warn_count": 6, "daily_sd": 1.0018157073507319, "threshold_error": 6.124814975629393}, "hepat": {"sample_sd": 0.71180521680208741, "sample_mean": 0.60000000000010001, "daily_article_count": 0, "30_day_error_count": 4, "threshold_warn": 2.0236104336042748, "30_day_warn_count": 1, "daily_sd": -0.84292723042366502, "threshold_error": 2.7354156504063623}, "chiku": {"sample_sd": 0.88254681965824844, "sample_mean": 0.56666666666676668, "daily_article_count": 0, "30_day_error_count": 0, "threshold_warn": 2.3317603059832637, "30_day_warn_count": 0, "daily_sd": -0.6420811384105366, "threshold_error": 3.2143071256415121}, "yello": {"sample_sd": 0.24944382578492943, "sample_mean": 0.066666666666766669, "daily_article_count": 1, "30_day_error_count": 8, "threshold_warn": 0.5655543182366255, "30_day_warn_count": 0, "daily_sd": 3.7416573867735403, "threshold_error": 0.81499814402155502}, "menin": {"sample_sd": 1.8726095873584185, "sample_mean": 1.4000000000000998, "daily_article_count": 3, "30_day_error_count": 3, "threshold_warn": 5.1452191747169369, "30_day_warn_count": 0, "daily_sd": 0.85442262541063196, "threshold_error": 7.0178287620753554}, "plagu": {"sample_sd": 0.24944382578492943, "sample_mean": 0.066666666666766669, "daily_article_count": 0, "30_day_error_count": 1, "threshold_warn": 0.5655543182366255, "30_day_warn_count": 0, "daily_sd": -0.2672612419128253, "threshold_error": 0.81499814402155502}, "westn": {"sample_sd": 1.1396880664852509, "sample_mean": 0.63333333333343333, "daily_article_count": 0, "30_day_error_count": 1, "threshold_warn": 2.912709466303935, "30_day_warn_count": 0, "daily_sd": -0.55570761154550485, "threshold_error": 4.0523975327891861}, "swine": {"sample_sd": 2.3199616855073755, "sample_mean": 3.8666666666667666, "daily_article_count": 1, "30_day_error_count": 0, "threshold_warn": 8.5065900376815176, "30_day_warn_count": 0, "daily_sd": -1.2356525905469111, "threshold_error": 10.826551723188892}, "measl": {"sample_sd": 5.9269628722380983, "sample_mean": 4.7333333333334338, "daily_article_count": 3, "30_day_error_count": 0, "threshold_warn": 16.58725907780963, "30_day_warn_count": 2, "daily_sd": -0.29244882593281785, "threshold_error": 22.514221950047727}, "dengu": {"sample_sd": 2.0387904911164036, "sample_mean": 2.9000000000000998, "daily_article_count": 1, "30_day_error_count": 0, "threshold_warn": 6.9775809822329071, "30_day_warn_count": 0, "daily_sd": -0.93192508415109154, "threshold_error": 9.0163714733493112}, "ebola": {"sample_sd": 0.67986926847903806, "sample_mean": 0.26666666666676664, "daily_article_count": 4, "30_day_error_count": 1, "threshold_warn": 1.6264052036248429, "30_day_warn_count": 0, "daily_sd": 5.4912517838690054, "threshold_error": 2.3062744721038806}, "unkno": {"sample_sd": 22.910453703252777, "sample_mean": 39.333333333333435, "daily_article_count": 55, "30_day_error_count": 0, "threshold_warn": 85.154240739838997, "30_day_warn_count": 0, "daily_sd": 0.68382175532570288, "threshold_error": 108.06469444309175}, "mumps": {"sample_sd": 0.58214163988576617, "sample_mean": 0.16666666666676666, "daily_article_count": 1, "30_day_error_count": 6, "threshold_warn": 1.330949946438299, "30_day_warn_count": 0, "daily_sd": 1.4314958357844985, "threshold_error": 1.9130915863240652}}