{"hemmo": {"sample_sd": 0.24944382578492943, "sample_mean": 0.066666666666766669, "daily_article_count": 0, "30_day_error_count": 7, "threshold_warn": 0.5655543182366255, "30_day_warn_count": 0, "daily_sd": -0.2672612419128253, "threshold_error": 0.81499814402155502}, "mersc": {"sample_sd": 3.9425034347903032, "sample_mean": 5.7000000000001005, "daily_article_count": 1, "30_day_error_count": 0, "threshold_warn": 13.585006869580706, "30_day_warn_count": 0, "daily_sd": -1.1921359303140564, "threshold_error": 17.52751030437101}, "influ": {"sample_sd": 6.4793689679028335, "sample_mean": 10.133333333333432, "daily_article_count": 8, "30_day_error_count": 6, "threshold_warn": 23.092071269139097, "30_day_warn_count": 10, "daily_sd": -0.32925016987015709, "threshold_error": 29.571440237041934}, "pertu": {"sample_sd": 1.242309676905615, "sample_mean": 1.7000000000000999, "daily_article_count": 0, "30_day_error_count": 0, "threshold_warn": 4.1846193538113301, "30_day_warn_count": 0, "daily_sd": -1.3684188665699801, "threshold_error": 5.4269290307169449}, "moldf": {"sample_sd": 1.18133634311129, "sample_mean": 0.93333333333343338, "daily_article_count": 0, "30_day_error_count": 0, "threshold_warn": 3.2960060195560135, "30_day_warn_count": 2, "daily_sd": -0.79006570717642521, "threshold_error": 4.4773423626673035}, "chole": {"sample_sd": 6.0077727431497721, "sample_mean": 4.2000000000001005, "daily_article_count": 2, "30_day_error_count": 0, "threshold_warn": 16.215545486299646, "30_day_warn_count": 0, "daily_sd": -0.3661922802437228, "threshold_error": 22.223318229449418}, "hepat": {"sample_sd": 2.481934729198171, "sample_mean": 2.8000000000000997, "daily_article_count": 2, "30_day_error_count": 4, "threshold_warn": 7.7638694583964423, "30_day_warn_count": 6, "daily_sd": -0.32232918561019236, "threshold_error": 10.245804187594613}, "chiku": {"sample_sd": 0.8999999999999998, "sample_mean": 0.70000000000009999, "daily_article_count": 0, "30_day_error_count": 1, "threshold_warn": 2.5000000000000995, "30_day_warn_count": 0, "daily_sd": -0.77777777777788903, "threshold_error": 3.4000000000000994}, "yello": {"sample_sd": 0.45338235029118146, "sample_mean": 0.16666666666676666, "daily_article_count": 1, "30_day_error_count": 1, "threshold_warn": 1.0734313672491296, "30_day_warn_count": 0, "daily_sd": 1.8380365552342988, "threshold_error": 1.5268137175403111}, "menin": {"sample_sd": 2.4485823562942612, "sample_mean": 4.0666666666667668, "daily_article_count": 0, "30_day_error_count": 0, "threshold_warn": 8.9638313792552893, "30_day_warn_count": 0, "daily_sd": -1.6608249488578977, "threshold_error": 11.412413735549549}, "plagu": {"sample_sd": 3.0259984578096977, "sample_mean": 2.1000000000001, "daily_article_count": 0, "30_day_error_count": 0, "threshold_warn": 8.1519969156194954, "30_day_warn_count": 0, "daily_sd": -0.69398581303975237, "threshold_error": 11.177995373429194}, "westn": {"sample_sd": 3.4615346628659118, "sample_mean": 6.4666666666667671, "daily_article_count": 0, "30_day_error_count": 0, "threshold_warn": 13.389735992398592, "30_day_warn_count": 0, "daily_sd": -1.8681501982455415, "threshold_error": 16.851270655264504}, "swine": {"sample_sd": 1.8988300491501486, "sample_mean": 3.1666666666667664, "daily_article_count": 2, "30_day_error_count": 3, "threshold_warn": 6.9643267649670637, "30_day_warn_count": 0, "daily_sd": -0.61441342114262754, "threshold_error": 8.863156814117211}, "measl": {"sample_sd": 3.5623026261113755, "sample_mean": 4.9000000000001007, "daily_article_count": 1, "30_day_error_count": 1, "threshold_warn": 12.024605252222852, "30_day_warn_count": 0, "daily_sd": -1.0947974973865029, "threshold_error": 15.586907878334227}, "dengu": {"sample_sd": 26.107065880502329, "sample_mean": 25.766666666666765, "daily_article_count": 6, "30_day_error_count": 0, "threshold_warn": 77.980798427671431, "30_day_warn_count": 0, "daily_sd": -0.75713857532451412, "threshold_error": 104.08786430817375}, "ebola": {"sample_sd": 12.091135412175134, "sample_mean": 28.066666666666766, "daily_article_count": 7, "30_day_error_count": 3, "threshold_warn": 52.248937491017031, "30_day_warn_count": 0, "daily_sd": -1.7423232763941876, "threshold_error": 64.340072903192166}, "unkno": {"sample_sd": 19.256773700008353, "sample_mean": 51.100000000000101, "daily_article_count": 16, "30_day_error_count": 0, "threshold_warn": 89.613547400016813, "30_day_warn_count": 0, "daily_sd": -1.8227352383532904, "threshold_error": 108.87032110002517}, "mumps": {"sample_sd": 0.9285592184789413, "sample_mean": 0.93333333333343338, "daily_article_count": 0, "30_day_error_count": 0, "threshold_warn": 2.7904517702913161, "30_day_warn_count": 0, "daily_sd": -1.0051414220649411, "threshold_error": 3.7190109887702572}}