{"hemmo": {"sample_sd": 1.5860503004493762, "sample_mean": 0.46666666666676665, "daily_article_count": 2, "30_day_error_count": 2, "threshold_warn": 3.6387672675655192, "30_day_warn_count": 0, "daily_sd": 0.96676210893109338, "threshold_error": 5.2248175680148954}, "mersc": {"sample_sd": 1.5648926125740668, "sample_mean": 1.4666666666667665, "daily_article_count": 3, "30_day_error_count": 2, "threshold_warn": 4.5964518918149002, "30_day_warn_count": 0, "daily_sd": 0.97983294253723785, "threshold_error": 6.1613445043889667}, "influ": {"sample_sd": 7.8500530783768161, "sample_mean": 11.100000000000099, "daily_article_count": 3, "30_day_error_count": 0, "threshold_warn": 26.800106156753731, "30_day_warn_count": 0, "daily_sd": -1.0318401568916482, "threshold_error": 34.650159235130545}, "pertu": {"sample_sd": 0.98938813864372199, "sample_mean": 0.76666666666676675, "daily_article_count": 0, "30_day_error_count": 0, "threshold_warn": 2.7454429439542105, "30_day_warn_count": 0, "daily_sd": -0.77488968860869167, "threshold_error": 3.7348310825979327}, "moldf": {"sample_sd": 0.64978628965393093, "sample_mean": 0.33333333333343329, "daily_article_count": 0, "30_day_error_count": 0, "threshold_warn": 1.632905912641295, "30_day_warn_count": 0, "daily_sd": -0.51298917604273087, "threshold_error": 2.2826922022952263}, "chole": {"sample_sd": 1.6947631758514883, "sample_mean": 1.8333333333334332, "daily_article_count": 3, "30_day_error_count": 3, "threshold_warn": 5.2228596850364095, "30_day_warn_count": 6, "daily_sd": 0.68839510044251839, "threshold_error": 6.9176228608878985}, "hepat": {"sample_sd": 0.96609178307929588, "sample_mean": 1.0000000000000999, "daily_article_count": 3, "30_day_error_count": 2, "threshold_warn": 2.9321835661586917, "30_day_warn_count": 0, "daily_sd": 2.0701966780269592, "threshold_error": 3.8982753492379874}, "chiku": {"sample_sd": 0.88443327742810651, "sample_mean": 0.53333333333343336, "daily_article_count": 0, "30_day_error_count": 0, "threshold_warn": 2.3021998881896462, "30_day_warn_count": 0, "daily_sd": -0.60302268915564039, "threshold_error": 3.1866331656177529}, "yello": {"sample_sd": 0.33993463423951903, "sample_mean": 0.13333333333343333, "daily_article_count": 0, "30_day_error_count": 0, "threshold_warn": 0.81320260181247139, "30_day_warn_count": 0, "daily_sd": -0.39223227027666219, "threshold_error": 1.1531372360519905}, "menin": {"sample_sd": 2.2133433734712034, "sample_mean": 2.0333333333334331, "daily_article_count": 1, "30_day_error_count": 3, "threshold_warn": 6.4600200802758394, "30_day_warn_count": 0, "daily_sd": -0.46686535208174618, "threshold_error": 8.6733634537470436}, "plagu": {"sample_sd": 0.24944382578492943, "sample_mean": 0.066666666666766669, "daily_article_count": 0, "30_day_error_count": 1, "threshold_warn": 0.5655543182366255, "30_day_warn_count": 0, "daily_sd": -0.2672612419128253, "threshold_error": 0.81499814402155502}, "westn": {"sample_sd": 1.2754084313139329, "sample_mean": 0.80000000000010008, "daily_article_count": 0, "30_day_error_count": 1, "threshold_warn": 3.350816862627966, "30_day_warn_count": 0, "daily_sd": -0.62725004818725838, "threshold_error": 4.6262252939418991}, "swine": {"sample_sd": 2.0190756961210408, "sample_mean": 4.7000000000001005, "daily_article_count": 2, "30_day_error_count": 0, "threshold_warn": 8.7381513922421821, "30_day_warn_count": 0, "daily_sd": -1.337245555076128, "threshold_error": 10.757227088363223}, "measl": {"sample_sd": 5.8874631397760968, "sample_mean": 5.9333333333334339, "daily_article_count": 9, "30_day_error_count": 0, "threshold_warn": 17.708259612885627, "30_day_warn_count": 2, "daily_sd": 0.52088082657332657, "threshold_error": 23.595722752661725}, "dengu": {"sample_sd": 2.0442330808615954, "sample_mean": 3.5666666666667668, "daily_article_count": 2, "30_day_error_count": 0, "threshold_warn": 7.6551328283899576, "30_day_warn_count": 0, "daily_sd": -0.76638357990296013, "threshold_error": 9.6993659092515543}, "ebola": {"sample_sd": 0.80000000000000004, "sample_mean": 0.4000000000001, "daily_article_count": 57, "30_day_error_count": 6, "threshold_warn": 2.0000000000000999, "30_day_warn_count": 1, "daily_sd": 70.749999999999872, "threshold_error": 2.8000000000001002}, "unkno": {"sample_sd": 18.17861992072617, "sample_mean": 47.933333333333429, "daily_article_count": 44, "30_day_error_count": 0, "threshold_warn": 84.290573174785777, "30_day_warn_count": 0, "daily_sd": -0.21637139400493649, "threshold_error": 102.46919309551194}, "mumps": {"sample_sd": 0.95219045713904671, "sample_mean": 0.4000000000001, "daily_article_count": 7, "30_day_error_count": 4, "threshold_warn": 2.3043809142781932, "30_day_warn_count": 1, "daily_sd": 6.931386415938543, "threshold_error": 3.2565713714172402}}