{"hemmo": {"sample_sd": 2.3307128141884452, "sample_mean": 1.0333333333334334, "daily_article_count": 0, "30_day_error_count": 0, "threshold_warn": 5.694758961710324, "30_day_warn_count": 0, "daily_sd": -0.44335506590211987, "threshold_error": 8.0254717758987688}, "mersc": {"sample_sd": 1.4161763857498666, "sample_mean": 1.1666666666667667, "daily_article_count": 24, "30_day_error_count": 23, "threshold_warn": 3.9990194381665001, "30_day_warn_count": 17, "daily_sd": 16.12322699565631, "threshold_error": 5.415195823916366}, "influ": {"sample_sd": 2.2997584414213792, "sample_mean": 3.3333333333334334, "daily_article_count": 2, "30_day_error_count": 3, "threshold_warn": 7.9328502161761918, "30_day_warn_count": 5, "daily_sd": -0.57977103565249177, "threshold_error": 10.23260865759757}, "pertu": {"sample_sd": 0.61101009266077866, "sample_mean": 0.4000000000001, "daily_article_count": 7, "30_day_error_count": 7, "threshold_warn": 1.6220201853216574, "30_day_warn_count": 4, "daily_sd": 10.80178556668146, "threshold_error": 2.233030277982436}, "moldf": {"sample_sd": 0.47609522856952335, "sample_mean": 0.20000000000010001, "daily_article_count": 0, "30_day_error_count": 6, "threshold_warn": 1.1521904571391468, "30_day_warn_count": 1, "daily_sd": -0.42008402520861299, "threshold_error": 1.6282856857086703}, "chole": {"sample_sd": 2.4000000000000004, "sample_mean": 2.8000000000000997, "daily_article_count": 3, "30_day_error_count": 0, "threshold_warn": 7.6000000000001009, "30_day_warn_count": 0, "daily_sd": 0.083333333333291765, "threshold_error": 10.000000000000101}, "hepat": {"sample_sd": 1.642829537380214, "sample_mean": 1.3666666666667666, "daily_article_count": 1, "30_day_error_count": 2, "threshold_warn": 4.6523257414271946, "30_day_warn_count": 0, "daily_sd": -0.22319215616946012, "threshold_error": 6.2951552788074085}, "chiku": {"sample_sd": 0.58594652770823152, "sample_mean": 0.30000000000009996, "daily_article_count": 4, "30_day_error_count": 8, "threshold_warn": 1.471893055416563, "30_day_warn_count": 1, "daily_sd": 6.3145693762730035, "threshold_error": 2.0578395831247942}, "yello": {"sample_sd": 0.42295258468165065, "sample_mean": 0.23333333333343334, "daily_article_count": 0, "30_day_error_count": 2, "threshold_warn": 1.0792385026967346, "30_day_warn_count": 0, "daily_sd": -0.55167728436760699, "threshold_error": 1.5021910873783852}, "menin": {"sample_sd": 3.625373543972171, "sample_mean": 2.7000000000001001, "daily_article_count": 3, "30_day_error_count": 1, "threshold_warn": 9.9507470879444426, "30_day_warn_count": 0, "daily_sd": 0.082750093572758407, "threshold_error": 13.576120631916615}, "plagu": {"sample_sd": 0.0, "sample_mean": 1e-13, "daily_article_count": 0, "30_day_error_count": 3, "threshold_warn": 1e-13, "30_day_warn_count": 0, "daily_sd": -Infinity, "threshold_error": 1e-13}, "westn": {"sample_sd": 0.24944382578492943, "sample_mean": 0.066666666666766669, "daily_article_count": 0, "30_day_error_count": 8, "threshold_warn": 0.5655543182366255, "30_day_warn_count": 0, "daily_sd": -0.2672612419128253, "threshold_error": 0.81499814402155502}, "swine": {"sample_sd": 1.1527744310527057, "sample_mean": 1.2666666666667665, "daily_article_count": 1, "30_day_error_count": 4, "threshold_warn": 3.572215528772178, "30_day_warn_count": 1, "daily_sd": -0.23132597278658268, "threshold_error": 4.7249899598248835}, "measl": {"sample_sd": 3.8637920348912269, "sample_mean": 6.9333333333334339, "daily_article_count": 16, "30_day_error_count": 5, "threshold_warn": 14.660917403115889, "30_day_warn_count": 5, "daily_sd": 2.3465721200291805, "threshold_error": 18.524709438007115}, "dengu": {"sample_sd": 2.2568414506414345, "sample_mean": 3.2000000000001001, "daily_article_count": 5, "30_day_error_count": 5, "threshold_warn": 7.7136829012829686, "30_day_warn_count": 3, "daily_sd": 0.79757485821093366, "threshold_error": 9.9705243519244036}, "ebola": {"sample_sd": 27.192748216308619, "sample_mean": 19.233333333333434, "daily_article_count": 6, "30_day_error_count": 0, "threshold_warn": 73.618829765950665, "30_day_warn_count": 4, "daily_sd": -0.48664935327856473, "threshold_error": 100.81157798225929}, "unkno": {"sample_sd": 15.978596795574871, "sample_mean": 38.866666666666767, "daily_article_count": 66, "30_day_error_count": 0, "threshold_warn": 70.823860257816506, "30_day_warn_count": 0, "daily_sd": 1.6981048887126038, "threshold_error": 86.802457053391379}, "mumps": {"sample_sd": 2.2647050335284038, "sample_mean": 1.9333333333334333, "daily_article_count": 2, "30_day_error_count": 1, "threshold_warn": 6.4627434003902406, "30_day_warn_count": 1, "daily_sd": 0.02943724047042906, "threshold_error": 8.727448433918644}}