{"hemmo": {"sample_sd": 0.70632067001390297, "sample_mean": 0.36666666666676662, "daily_article_count": 0, "30_day_error_count": 0, "threshold_warn": 1.7793080066945726, "30_day_warn_count": 0, "daily_sd": -0.51912209600145109, "threshold_error": 2.4856286767084756}, "mersc": {"sample_sd": 17.527407110009172, "sample_mean": 21.3000000000001, "daily_article_count": 2, "30_day_error_count": 0, "threshold_warn": 56.35481422001844, "30_day_warn_count": 0, "daily_sd": -1.1011326363828609, "threshold_error": 73.882221330027619}, "influ": {"sample_sd": 5.4646337683528454, "sample_mean": 10.066666666666766, "daily_article_count": 11, "30_day_error_count": 0, "threshold_warn": 20.995934203372457, "30_day_warn_count": 0, "daily_sd": 0.17079522121654644, "threshold_error": 26.4605679717253}, "pertu": {"sample_sd": 1.5477582354991866, "sample_mean": 1.2666666666667665, "daily_article_count": 2, "30_day_error_count": 1, "threshold_warn": 4.3621831376651397, "30_day_warn_count": 0, "daily_sd": 0.47380354147927833, "threshold_error": 5.909941373164326}, "moldf": {"sample_sd": 0.99163165204290105, "sample_mean": 0.50000000000010003, "daily_article_count": 2, "30_day_error_count": 0, "threshold_warn": 2.4832633040859022, "30_day_warn_count": 1, "daily_sd": 1.5126584522687316, "threshold_error": 3.4748949561288032}, "chole": {"sample_sd": 5.1606416483052007, "sample_mean": 7.0333333333334336, "daily_article_count": 1, "30_day_error_count": 0, "threshold_warn": 17.354616629943834, "30_day_warn_count": 0, "daily_sd": -1.1691052672325799, "threshold_error": 22.515258278249036}, "hepat": {"sample_sd": 2.1860669909426123, "sample_mean": 2.433333333333433, "daily_article_count": 1, "30_day_error_count": 6, "threshold_warn": 6.8054673152186576, "30_day_warn_count": 10, "daily_sd": -0.65566761644179661, "threshold_error": 8.9915343061612703}, "chiku": {"sample_sd": 1.4313940369055929, "sample_mean": 1.1333333333334332, "daily_article_count": 8, "30_day_error_count": 1, "threshold_warn": 3.9961214071446189, "30_day_warn_count": 0, "daily_sd": 4.7971882581759386, "threshold_error": 5.4275154440502122}, "yello": {"sample_sd": 1.5832456116050557, "sample_mean": 0.60000000000010001, "daily_article_count": 0, "30_day_error_count": 0, "threshold_warn": 3.7664912232102115, "30_day_warn_count": 0, "daily_sd": -0.37896836447999666, "threshold_error": 5.3497368348152667}, "menin": {"sample_sd": 3.5541837631476261, "sample_mean": 5.0333333333334336, "daily_article_count": 4, "30_day_error_count": 0, "threshold_warn": 12.141700859628685, "30_day_warn_count": 0, "daily_sd": -0.29073717123120885, "threshold_error": 15.695884622776312}, "plagu": {"sample_sd": 1.7204650534085255, "sample_mean": 0.80000000000010008, "daily_article_count": 2, "30_day_error_count": 0, "threshold_warn": 4.2409301068171512, "30_day_warn_count": 0, "daily_sd": 0.69748583246285734, "threshold_error": 5.9613951602256767}, "westn": {"sample_sd": 4.358898943540674, "sample_mean": 5.0000000000001004, "daily_article_count": 6, "30_day_error_count": 0, "threshold_warn": 13.717797887081449, "30_day_warn_count": 0, "daily_sd": 0.22941573387053871, "threshold_error": 18.076696830622122}, "swine": {"sample_sd": 2.5519056060564274, "sample_mean": 2.7666666666667665, "daily_article_count": 2, "30_day_error_count": 0, "threshold_warn": 7.8704778787796208, "30_day_warn_count": 0, "daily_sd": -0.30042908516962369, "threshold_error": 10.422383484836049}, "measl": {"sample_sd": 5.4838145685482678, "sample_mean": 5.8333333333334334, "daily_article_count": 2, "30_day_error_count": 0, "threshold_warn": 16.800962470429969, "30_day_warn_count": 0, "daily_sd": -0.69902679702538395, "threshold_error": 22.284777038978234}, "dengu": {"sample_sd": 4.3641213956025044, "sample_mean": 9.433333333333433, "daily_article_count": 14, "30_day_error_count": 0, "threshold_warn": 18.161576124538442, "30_day_warn_count": 0, "daily_sd": 1.0464114658378103, "threshold_error": 22.525697520140945}, "ebola": {"sample_sd": 21.341274563624356, "sample_mean": 44.500000000000099, "daily_article_count": 37, "30_day_error_count": 1, "threshold_warn": 87.182549127248819, "30_day_warn_count": 0, "daily_sd": -0.35143168125411089, "threshold_error": 108.52382369087317}, "unkno": {"sample_sd": 47.882912749052075, "sample_mean": 92.400000000000105, "daily_article_count": 78, "30_day_error_count": 0, "threshold_warn": 188.16582549810425, "30_day_warn_count": 0, "daily_sd": -0.30073358476474843, "threshold_error": 236.04873824715634}, "mumps": {"sample_sd": 0.30000000000000004, "sample_mean": 0.10000000000010001, "daily_article_count": 0, "30_day_error_count": 11, "threshold_warn": 0.7000000000001001, "30_day_warn_count": 0, "daily_sd": -0.33333333333366666, "threshold_error": 1.0000000000001001}}