{"hemmo": {"sample_sd": 0.29999999999999999, "sample_mean": 0.10000000000010001, "daily_article_count": 0, "30_day_error_count": 0, "threshold_warn": 0.70000000000009999, "30_day_warn_count": 0, "daily_sd": -0.33333333333366671, "threshold_error": 1.0000000000000999}, "mersc": {"sample_sd": 0.76084748070088859, "sample_mean": 0.56666666666676668, "daily_article_count": 1, "30_day_error_count": 4, "threshold_warn": 2.0883616280685438, "30_day_warn_count": 3, "daily_sd": 0.56954034063968906, "threshold_error": 2.8492091087694327}, "influ": {"sample_sd": 9.094626007825843, "sample_mean": 19.766666666666765, "daily_article_count": 6, "30_day_error_count": 0, "threshold_warn": 37.955918682318455, "30_day_warn_count": 0, "daily_sd": -1.5137144347464837, "threshold_error": 47.050544690144292}, "pertu": {"sample_sd": 1.4715826703096078, "sample_mean": 2.3666666666667666, "daily_article_count": 0, "30_day_error_count": 0, "threshold_warn": 5.3098320072859817, "30_day_warn_count": 0, "daily_sd": -1.6082458120880434, "threshold_error": 6.7814146775955901}, "moldf": {"sample_sd": 1.0376254944182253, "sample_mean": 0.70000000000009999, "daily_article_count": 0, "30_day_error_count": 0, "threshold_warn": 2.7752509888365506, "30_day_warn_count": 0, "daily_sd": -0.67461719451349378, "threshold_error": 3.8128764832547759}, "chole": {"sample_sd": 2.9408993333483702, "sample_mean": 3.4666666666667667, "daily_article_count": 4, "30_day_error_count": 7, "threshold_warn": 9.3484653333635066, "30_day_warn_count": 1, "daily_sd": 0.18135042137807722, "threshold_error": 12.289364666711878}, "hepat": {"sample_sd": 2.703084657695106, "sample_mean": 3.4000000000000998, "daily_article_count": 3, "30_day_error_count": 0, "threshold_warn": 8.8061693153903118, "30_day_warn_count": 0, "daily_sd": -0.14797908710013394, "threshold_error": 11.509253973085418}, "chiku": {"sample_sd": 0.97979589711327131, "sample_mean": 0.80000000000010008, "daily_article_count": 0, "30_day_error_count": 2, "threshold_warn": 2.7595917942266426, "30_day_warn_count": 0, "daily_sd": -0.81649658092782806, "threshold_error": 3.739387691339914}, "yello": {"sample_sd": 0.58594652770823152, "sample_mean": 0.30000000000009996, "daily_article_count": 0, "30_day_error_count": 1, "threshold_warn": 1.471893055416563, "30_day_warn_count": 0, "daily_sd": -0.51199211158988744, "threshold_error": 2.0578395831247942}, "menin": {"sample_sd": 4.6309346308877597, "sample_mean": 4.2333333333334338, "daily_article_count": 1, "30_day_error_count": 0, "threshold_warn": 13.495202595108953, "30_day_warn_count": 0, "daily_sd": -0.69820319029500033, "threshold_error": 18.126137225996715}, "plagu": {"sample_sd": 0.37267799624996495, "sample_mean": 0.16666666666676666, "daily_article_count": 0, "30_day_error_count": 3, "threshold_warn": 0.91202265916669656, "30_day_warn_count": 0, "daily_sd": -0.44721359550022627, "threshold_error": 1.2847006554166616}, "westn": {"sample_sd": 1.2827920936595902, "sample_mean": 1.4333333333334333, "daily_article_count": 4, "30_day_error_count": 0, "threshold_warn": 3.998917520652614, "30_day_warn_count": 0, "daily_sd": 2.0008438462886828, "threshold_error": 5.281709614312204}, "swine": {"sample_sd": 2.9137604568666933, "sample_mean": 3.9000000000000998, "daily_article_count": 1, "30_day_error_count": 0, "threshold_warn": 9.7275209137334855, "30_day_warn_count": 0, "daily_sd": -0.99527742342917558, "threshold_error": 12.641281370600179}, "measl": {"sample_sd": 7.0980435489099545, "sample_mean": 10.466666666666766, "daily_article_count": 0, "30_day_error_count": 0, "threshold_warn": 24.662753764486673, "30_day_warn_count": 0, "daily_sd": -1.4745847351520027, "threshold_error": 31.76079731339663}, "dengu": {"sample_sd": 2.0773915267843845, "sample_mean": 3.5333333333334331, "daily_article_count": 4, "30_day_error_count": 0, "threshold_warn": 7.6881163869022018, "30_day_warn_count": 0, "daily_sd": 0.22464069033193995, "threshold_error": 9.7655079136865872}, "ebola": {"sample_sd": 20.17159719341365, "sample_mean": 54.800000000000097, "daily_article_count": 29, "30_day_error_count": 0, "threshold_warn": 95.143194386827389, "30_day_warn_count": 1, "daily_sd": -1.2790261352444718, "threshold_error": 115.31479158024105}, "unkno": {"sample_sd": 24.820600762717696, "sample_mean": 58.933333333333429, "daily_article_count": 43, "30_day_error_count": 0, "threshold_warn": 108.57453485876883, "30_day_warn_count": 0, "daily_sd": -0.64193987428646071, "threshold_error": 133.3951356214865}, "mumps": {"sample_sd": 0.29999999999999999, "sample_mean": 0.10000000000010001, "daily_article_count": 0, "30_day_error_count": 3, "threshold_warn": 0.70000000000009999, "30_day_warn_count": 0, "daily_sd": -0.33333333333366671, "threshold_error": 1.0000000000000999}}