{"hemmo": {"sample_sd": 0.24944382578492943, "sample_mean": 0.066666666666766669, "daily_article_count": 1, "30_day_error_count": 3, "threshold_warn": 0.5655543182366255, "30_day_warn_count": 0, "daily_sd": 3.7416573867735403, "threshold_error": 0.81499814402155502}, "mersc": {"sample_sd": 7.0679244163725716, "sample_mean": 4.6666666666667673, "daily_article_count": 8, "30_day_error_count": 0, "threshold_warn": 18.802515499411911, "30_day_warn_count": 0, "daily_sd": 0.47161417369032638, "threshold_error": 25.870439915784484}, "influ": {"sample_sd": 3.4441576941571972, "sample_mean": 6.9333333333334339, "daily_article_count": 15, "30_day_error_count": 4, "threshold_warn": 13.821648721647829, "30_day_warn_count": 0, "daily_sd": 2.3421304664275895, "threshold_error": 17.265806415805024}, "pertu": {"sample_sd": 1.586050300449376, "sample_mean": 2.1333333333334332, "daily_article_count": 2, "30_day_error_count": 0, "threshold_warn": 5.3054339342321857, "30_day_warn_count": 0, "daily_sd": -0.084066270341902685, "threshold_error": 6.8914842346815615}, "moldf": {"sample_sd": 0.78881063774661531, "sample_mean": 0.66666666666676666, "daily_article_count": 3, "30_day_error_count": 1, "threshold_warn": 2.2442879421599971, "30_day_warn_count": 0, "daily_sd": 2.9580398915496819, "threshold_error": 3.0330985799066124}, "chole": {"sample_sd": 5.8987757675263062, "sample_mean": 4.266666666666767, "daily_article_count": 7, "30_day_error_count": 0, "threshold_warn": 16.064218201719378, "30_day_warn_count": 0, "daily_sd": 0.46337298467601795, "threshold_error": 21.962993969245687}, "hepat": {"sample_sd": 7.6600696254451019, "sample_mean": 5.7000000000001005, "daily_article_count": 3, "30_day_error_count": 0, "threshold_warn": 21.020139250890303, "30_day_warn_count": 0, "daily_sd": -0.35247721391869363, "threshold_error": 28.680208876335406}, "chiku": {"sample_sd": 1.8015425489162213, "sample_mean": 1.4333333333334333, "daily_article_count": 1, "30_day_error_count": 0, "threshold_warn": 5.0364184311658757, "30_day_warn_count": 0, "daily_sd": -0.24053460940687721, "threshold_error": 6.8379609800820971}, "yello": {"sample_sd": 0.24944382578492943, "sample_mean": 0.066666666666766669, "daily_article_count": 0, "30_day_error_count": 4, "threshold_warn": 0.5655543182366255, "30_day_warn_count": 0, "daily_sd": -0.2672612419128253, "threshold_error": 0.81499814402155502}, "menin": {"sample_sd": 5.3876401760572934, "sample_mean": 5.8000000000001002, "daily_article_count": 7, "30_day_error_count": 0, "threshold_warn": 16.575280352114689, "30_day_warn_count": 0, "daily_sd": 0.22273202381493615, "threshold_error": 21.962920528171981}, "plagu": {"sample_sd": 0.96896279024990883, "sample_mean": 0.8333333333334334, "daily_article_count": 0, "30_day_error_count": 6, "threshold_warn": 2.7712589138332513, "30_day_warn_count": 7, "daily_sd": -0.86002614519233012, "threshold_error": 3.7402217040831598}, "westn": {"sample_sd": 4.4697750378390291, "sample_mean": 7.766666666666767, "daily_article_count": 5, "30_day_error_count": 0, "threshold_warn": 16.706216742344825, "30_day_warn_count": 0, "daily_sd": -0.61897223982089888, "threshold_error": 21.175991780183857}, "swine": {"sample_sd": 1.4220486005134361, "sample_mean": 1.6666666666667667, "daily_article_count": 3, "30_day_error_count": 3, "threshold_warn": 4.5107638676936386, "30_day_warn_count": 5, "daily_sd": 0.93761446187692055, "threshold_error": 5.9328124682070742}, "measl": {"sample_sd": 2.6751946969644407, "sample_mean": 3.9000000000000998, "daily_article_count": 4, "30_day_error_count": 2, "threshold_warn": 9.2503893939289803, "30_day_warn_count": 4, "daily_sd": 0.037380456874174711, "threshold_error": 11.925584090893421}, "dengu": {"sample_sd": 4.1225666223307487, "sample_mean": 8.266666666666767, "daily_article_count": 44, "30_day_error_count": 12, "threshold_warn": 16.511799911328264, "30_day_warn_count": 13, "daily_sd": 8.6677394465321971, "threshold_error": 20.634366533659012}, "ebola": {"sample_sd": 20.375066462059291, "sample_mean": 33.300000000000097, "daily_article_count": 33, "30_day_error_count": 0, "threshold_warn": 74.050132924118685, "30_day_warn_count": 0, "daily_sd": -0.014723878351942115, "threshold_error": 94.425199386177965}, "unkno": {"sample_sd": 21.915722413119056, "sample_mean": 64.966666666666768, "daily_article_count": 49, "30_day_error_count": 0, "threshold_warn": 108.79811149290488, "30_day_warn_count": 0, "daily_sd": -0.72854849891276685, "threshold_error": 130.71383390602392}, "mumps": {"sample_sd": 1.8015425489162216, "sample_mean": 1.5666666666667666, "daily_article_count": 0, "30_day_error_count": 0, "threshold_warn": 5.1697517644992095, "30_day_warn_count": 0, "daily_sd": -0.86962512631702626, "threshold_error": 6.9712943134154317}}