{"hemmo": {"sample_sd": 0.24944382578492943, "sample_mean": 0.066666666666766669, "daily_article_count": 0, "30_day_error_count": 0, "threshold_warn": 0.5655543182366255, "30_day_warn_count": 0, "daily_sd": -0.2672612419128253, "threshold_error": 0.81499814402155502}, "mersc": {"sample_sd": 5.9438109735159719, "sample_mean": 6.266666666666767, "daily_article_count": 0, "30_day_error_count": 0, "threshold_warn": 18.154288613698711, "30_day_warn_count": 0, "daily_sd": -1.0543179610841182, "threshold_error": 24.098099587214683}, "influ": {"sample_sd": 6.2060901987930821, "sample_mean": 10.866666666666767, "daily_article_count": 13, "30_day_error_count": 1, "threshold_warn": 23.278847064252929, "30_day_warn_count": 0, "daily_sd": 0.34374836088397642, "threshold_error": 29.484937263046014}, "pertu": {"sample_sd": 1.5577761927397231, "sample_mean": 2.2000000000001001, "daily_article_count": 2, "30_day_error_count": 0, "threshold_warn": 5.3155523854795463, "30_day_warn_count": 0, "daily_sd": -0.12838814775333812, "threshold_error": 6.8733285782192688}, "moldf": {"sample_sd": 0.87939373055152792, "sample_mean": 0.60000000000010001, "daily_article_count": 0, "30_day_error_count": 0, "threshold_warn": 2.3587874611031561, "30_day_warn_count": 0, "daily_sd": -0.6822882392211268, "threshold_error": 3.2381811916546837}, "chole": {"sample_sd": 3.4826554364290603, "sample_mean": 4.266666666666767, "daily_article_count": 8, "30_day_error_count": 0, "threshold_warn": 11.231977539524888, "30_day_warn_count": 0, "daily_sd": 1.0719789544156586, "threshold_error": 14.714632975953949}, "hepat": {"sample_sd": 6.4725059546773176, "sample_mean": 5.8000000000001002, "daily_article_count": 4, "30_day_error_count": 0, "threshold_warn": 18.745011909354737, "30_day_warn_count": 0, "daily_sd": -0.27809939652497978, "threshold_error": 25.217517864032054}, "chiku": {"sample_sd": 2.2201101073795617, "sample_mean": 1.9333333333334333, "daily_article_count": 0, "30_day_error_count": 0, "threshold_warn": 6.3735535480925565, "30_day_warn_count": 0, "daily_sd": -0.87082767963044116, "threshold_error": 8.5936636554721186}, "yello": {"sample_sd": 0.66749947981669266, "sample_mean": 0.43333333333343332, "daily_article_count": 1, "30_day_error_count": 0, "threshold_warn": 1.7683322929668186, "30_day_warn_count": 0, "daily_sd": 0.84893948804601849, "threshold_error": 2.4358317727835117}, "menin": {"sample_sd": 2.9061238025169462, "sample_mean": 4.5666666666667668, "daily_article_count": 2, "30_day_error_count": 0, "threshold_warn": 10.378914271700658, "30_day_warn_count": 0, "daily_sd": -0.88319247254498201, "threshold_error": 13.285038074217606}, "plagu": {"sample_sd": 0.75718777944003657, "sample_mean": 0.4000000000001, "daily_article_count": 0, "30_day_error_count": 0, "threshold_warn": 1.9143755588801732, "30_day_warn_count": 0, "daily_sd": -0.52827054379550631, "threshold_error": 2.6715633383202095}, "westn": {"sample_sd": 0.64978628965393093, "sample_mean": 0.33333333333343329, "daily_article_count": 1, "30_day_error_count": 1, "threshold_warn": 1.632905912641295, "30_day_warn_count": 0, "daily_sd": 1.0259783520850003, "threshold_error": 2.2826922022952263}, "swine": {"sample_sd": 25.493376045989326, "sample_mean": 39.766666666666765, "daily_article_count": 5, "30_day_error_count": 0, "threshold_warn": 90.75341875864541, "30_day_warn_count": 0, "daily_sd": -1.3637529452336437, "threshold_error": 116.24679480463475}, "measl": {"sample_sd": 53.616840223530104, "sample_mean": 89.36666666666676, "daily_article_count": 20, "30_day_error_count": 0, "threshold_warn": 196.60034711372697, "30_day_warn_count": 0, "daily_sd": -1.2937477549492882, "threshold_error": 250.21718733725706}, "dengu": {"sample_sd": 2.6164012604253872, "sample_mean": 4.5666666666667668, "daily_article_count": 5, "30_day_error_count": 1, "threshold_warn": 9.7994691875175413, "30_day_warn_count": 0, "daily_sd": 0.16562189442714906, "threshold_error": 12.415870447942929}, "ebola": {"sample_sd": 32.535860557578964, "sample_mean": 81.466666666666768, "daily_article_count": 95, "30_day_error_count": 0, "threshold_warn": 146.5383877818247, "30_day_warn_count": 0, "daily_sd": 0.41595129501440992, "threshold_error": 179.07424833940365}, "unkno": {"sample_sd": 29.629583564779008, "sample_mean": 62.433333333333429, "daily_article_count": 68, "30_day_error_count": 0, "threshold_warn": 121.69250046289145, "30_day_warn_count": 0, "daily_sd": 0.18787529208759196, "threshold_error": 151.32208402767046}, "mumps": {"sample_sd": 0.7187952884282609, "sample_mean": 0.50000000000010003, "daily_article_count": 0, "30_day_error_count": 0, "threshold_warn": 1.9375905768566217, "30_day_warn_count": 0, "daily_sd": -0.69560834364039148, "threshold_error": 2.6563858652848826}}