{"hemmo": {"sample_sd": 0.17950549357115014, "sample_mean": 0.033333333333433336, "daily_article_count": 0, "30_day_error_count": 2, "threshold_warn": 0.39234432047573364, "30_day_warn_count": 0, "daily_sd": -0.18569533817760894, "threshold_error": 0.57184981404688373}, "mersc": {"sample_sd": 2.691756964429656, "sample_mean": 2.433333333333433, "daily_article_count": 2, "30_day_error_count": 0, "threshold_warn": 7.8168472621927449, "30_day_warn_count": 0, "daily_sd": -0.16098531147489761, "threshold_error": 10.508604226622401}, "influ": {"sample_sd": 7.4703116103383227, "sample_mean": 11.166666666666766, "daily_article_count": 23, "30_day_error_count": 2, "threshold_warn": 26.107289887343413, "30_day_warn_count": 0, "daily_sd": 1.5840481562987057, "threshold_error": 33.577601497681734}, "pertu": {"sample_sd": 1.0979779394667071, "sample_mean": 1.1666666666667667, "daily_article_count": 5, "30_day_error_count": 3, "threshold_warn": 3.362622545600181, "30_day_warn_count": 0, "daily_sd": 3.4912662591336772, "threshold_error": 4.4606004850668874}, "moldf": {"sample_sd": 0.75718777944003668, "sample_mean": 0.4000000000001, "daily_article_count": 1, "30_day_error_count": 1, "threshold_warn": 1.9143755588801734, "30_day_warn_count": 0, "daily_sd": 0.79240581569292912, "threshold_error": 2.67156333832021}, "chole": {"sample_sd": 3.1377628265303219, "sample_mean": 4.5666666666667668, "daily_article_count": 3, "30_day_error_count": 2, "threshold_warn": 10.84219231972741, "30_day_warn_count": 0, "daily_sd": -0.49929416379731822, "threshold_error": 13.979955146257733}, "hepat": {"sample_sd": 1.896195020443719, "sample_mean": 2.0666666666667668, "daily_article_count": 5, "30_day_error_count": 2, "threshold_warn": 5.8590567075542044, "30_day_warn_count": 0, "daily_sd": 1.5469576186561331, "threshold_error": 7.7552517279979236}, "chiku": {"sample_sd": 1.5849991237291654, "sample_mean": 1.5666666666667666, "daily_article_count": 2, "30_day_error_count": 0, "threshold_warn": 4.7366649141250976, "30_day_warn_count": 0, "daily_sd": 0.27339657596383549, "threshold_error": 6.321664037854263}, "yello": {"sample_sd": 0.30000000000000004, "sample_mean": 0.10000000000010001, "daily_article_count": 1, "30_day_error_count": 2, "threshold_warn": 0.7000000000001001, "30_day_warn_count": 0, "daily_sd": 2.999999999999666, "threshold_error": 1.0000000000001001}, "menin": {"sample_sd": 2.3629078131263039, "sample_mean": 2.5000000000000999, "daily_article_count": 4, "30_day_error_count": 2, "threshold_warn": 7.2258156262527073, "30_day_warn_count": 0, "daily_sd": 0.63481105427269624, "threshold_error": 9.5887234393790113}, "plagu": {"sample_sd": 0.17950549357115009, "sample_mean": 0.033333333333433336, "daily_article_count": 0, "30_day_error_count": 5, "threshold_warn": 0.39234432047573353, "30_day_warn_count": 0, "daily_sd": -0.18569533817760903, "threshold_error": 0.57184981404688362}, "westn": {"sample_sd": 0.71802197428460057, "sample_mean": 0.46666666666676665, "daily_article_count": 0, "30_day_error_count": 4, "threshold_warn": 1.9027106152359679, "30_day_warn_count": 5, "daily_sd": -0.64993368361982073, "threshold_error": 2.6207325895205682}, "swine": {"sample_sd": 17.062792529034891, "sample_mean": 24.166666666666767, "daily_article_count": 2, "30_day_error_count": 0, "threshold_warn": 58.292251724736545, "30_day_warn_count": 0, "daily_sd": -1.2991230262541651, "threshold_error": 75.355044253771439}, "measl": {"sample_sd": 9.4372783270507732, "sample_mean": 15.266666666666767, "daily_article_count": 16, "30_day_error_count": 0, "threshold_warn": 34.141223320768312, "30_day_warn_count": 0, "daily_sd": 0.077706019460210801, "threshold_error": 43.578501647819088}, "dengu": {"sample_sd": 3.4706707645000781, "sample_mean": 4.2333333333334338, "daily_article_count": 4, "30_day_error_count": 0, "threshold_warn": 11.174674862333589, "30_day_warn_count": 0, "daily_sd": -0.067230039714540168, "threshold_error": 14.645345626833668}, "ebola": {"sample_sd": 40.338842598942058, "sample_mean": 76.666666666666771, "daily_article_count": 27, "30_day_error_count": 0, "threshold_warn": 157.3443518645509, "30_day_warn_count": 0, "daily_sd": -1.2312367799062571, "threshold_error": 197.68319446349295}, "unkno": {"sample_sd": 26.909725627239929, "sample_mean": 48.000000000000099, "daily_article_count": 109, "30_day_error_count": 0, "threshold_warn": 101.81945125447996, "30_day_warn_count": 0, "daily_sd": 2.2668384228433522, "threshold_error": 128.72917688171987}, "mumps": {"sample_sd": 0.29999999999999999, "sample_mean": 0.10000000000010001, "daily_article_count": 0, "30_day_error_count": 0, "threshold_warn": 0.70000000000009999, "30_day_warn_count": 0, "daily_sd": -0.33333333333366671, "threshold_error": 1.0000000000000999}}