{"hemmo": {"sample_sd": 0.37267799624996489, "sample_mean": 0.16666666666676666, "daily_article_count": 0, "30_day_error_count": 1, "threshold_warn": 0.91202265916669645, "30_day_warn_count": 0, "daily_sd": -0.44721359550022632, "threshold_error": 1.2847006554166613}, "mersc": {"sample_sd": 3.3798422053896742, "sample_mean": 3.1000000000001, "daily_article_count": 1, "30_day_error_count": 0, "threshold_warn": 9.8596844107794475, "30_day_warn_count": 0, "daily_sd": -0.62133078184872936, "threshold_error": 13.239526616169123}, "influ": {"sample_sd": 9.8952850725315979, "sample_mean": 18.500000000000099, "daily_article_count": 3, "30_day_error_count": 0, "threshold_warn": 38.290570145063299, "30_day_warn_count": 0, "daily_sd": -1.5664025731837352, "threshold_error": 48.185855217594892}, "pertu": {"sample_sd": 1.011599393699568, "sample_mean": 1.1000000000001, "daily_article_count": 0, "30_day_error_count": 1, "threshold_warn": 3.123198787399236, "30_day_warn_count": 0, "daily_sd": -1.0873869704263444, "threshold_error": 4.1347981810988035}, "moldf": {"sample_sd": 1.0754843869934454, "sample_mean": 0.90000000000010005, "daily_article_count": 0, "30_day_error_count": 0, "threshold_warn": 3.0509687739869911, "30_day_warn_count": 0, "daily_sd": -0.83683223195464684, "threshold_error": 4.1264531609804358}, "chole": {"sample_sd": 3.3214789209360069, "sample_mean": 5.3666666666667666, "daily_article_count": 3, "30_day_error_count": 1, "threshold_warn": 12.009624508538781, "30_day_warn_count": 1, "daily_sd": -0.71253400157055036, "threshold_error": 15.331103429474787}, "hepat": {"sample_sd": 6.6299824031943455, "sample_mean": 5.9000000000001007, "daily_article_count": 0, "30_day_error_count": 0, "threshold_warn": 19.159964806388793, "30_day_warn_count": 0, "daily_sd": -0.88989678119770921, "threshold_error": 25.789947209583136}, "chiku": {"sample_sd": 0.84656167328001963, "sample_mean": 0.50000000000010003, "daily_article_count": 0, "30_day_error_count": 0, "threshold_warn": 2.1931233465601392, "30_day_warn_count": 1, "daily_sd": -0.59062442321873643, "threshold_error": 3.0396850198401588}, "yello": {"sample_sd": 0.76084748070088859, "sample_mean": 0.23333333333343334, "daily_article_count": 0, "30_day_error_count": 1, "threshold_warn": 1.7550282947352105, "30_day_warn_count": 0, "daily_sd": -0.30667556803695784, "threshold_error": 2.5158757754360992}, "menin": {"sample_sd": 2.5865034312755126, "sample_mean": 3.1000000000001, "daily_article_count": 3, "30_day_error_count": 3, "threshold_warn": 8.2730068625511244, "30_day_warn_count": 0, "daily_sd": -0.038662233651391618, "threshold_error": 10.859510293826638}, "plagu": {"sample_sd": 0.42687494916218993, "sample_mean": 0.13333333333343333, "daily_article_count": 0, "30_day_error_count": 4, "threshold_warn": 0.9870832316578132, "30_day_warn_count": 2, "daily_sd": -0.3123475237774464, "threshold_error": 1.413958180820003}, "westn": {"sample_sd": 2.1959558789334142, "sample_mean": 2.3333333333334334, "daily_article_count": 1, "30_day_error_count": 0, "threshold_warn": 6.7252450912002617, "30_day_warn_count": 0, "daily_sd": -0.60717674071896177, "threshold_error": 8.9212009701336754}, "swine": {"sample_sd": 3.2937651538761665, "sample_mean": 3.8666666666667666, "daily_article_count": 2, "30_day_error_count": 0, "threshold_warn": 10.4541969744191, "30_day_warn_count": 0, "daily_sd": -0.56672731037610169, "threshold_error": 13.747962128295267}, "measl": {"sample_sd": 3.8981477082783247, "sample_mean": 3.7333333333334333, "daily_article_count": 0, "30_day_error_count": 0, "threshold_warn": 11.529628749890083, "30_day_warn_count": 0, "daily_sd": -0.95771982303418557, "threshold_error": 15.427776458168408}, "dengu": {"sample_sd": 7.3047929470998696, "sample_mean": 15.200000000000099, "daily_article_count": 9, "30_day_error_count": 0, "threshold_warn": 29.809585894199838, "30_day_warn_count": 0, "daily_sd": -0.84875780119977351, "threshold_error": 37.114378841299711}, "ebola": {"sample_sd": 23.31713723613791, "sample_mean": 34.666666666666764, "daily_article_count": 19, "30_day_error_count": 0, "threshold_warn": 81.300941138942591, "30_day_warn_count": 0, "daily_sd": -0.67189494610795897, "threshold_error": 104.6180783750805}, "unkno": {"sample_sd": 22.215610127415662, "sample_mean": 51.000000000000099, "daily_article_count": 33, "30_day_error_count": 0, "threshold_warn": 95.43122025483143, "30_day_warn_count": 0, "daily_sd": -0.81024108258844552, "threshold_error": 117.64683038224709}, "mumps": {"sample_sd": 0.91226214556026719, "sample_mean": 0.63333333333343333, "daily_article_count": 0, "30_day_error_count": 2, "threshold_warn": 2.4578576244539678, "30_day_warn_count": 2, "daily_sd": -0.6942448904798858, "threshold_error": 3.3701197700142349}}