{"hemmo": {"sample_sd": 0.33993463423951903, "sample_mean": 0.13333333333333333, "daily_article_count": 0, "30_day_error_count": 1, "threshold_warn": 0.81320260181237136, "30_day_warn_count": 0, "daily_sd": -0.39223227027636803, "threshold_error": 1.1531372360518903}, "mersc": {"sample_sd": 3.3474700231003647, "sample_mean": 3.1666666666666665, "daily_article_count": 3, "30_day_error_count": 0, "threshold_warn": 9.8616067128673954, "30_day_warn_count": 0, "daily_sd": -0.049788845162623128, "threshold_error": 13.209076735967761}, "influ": {"sample_sd": 9.8673986214987579, "sample_mean": 18.633333333333333, "daily_article_count": 19, "30_day_error_count": 0, "threshold_warn": 38.368130576330849, "30_day_warn_count": 0, "daily_sd": 0.037159405506106351, "threshold_error": 48.235529197829607}, "pertu": {"sample_sd": 1.0561986345169907, "sample_mean": 1.1333333333333333, "daily_article_count": 0, "30_day_error_count": 1, "threshold_warn": 3.2457306023673147, "30_day_warn_count": 0, "daily_sd": -1.0730304852662653, "threshold_error": 4.3019292368843054}, "moldf": {"sample_sd": 1.0754843869934454, "sample_mean": 0.90000000000000002, "daily_article_count": 1, "30_day_error_count": 0, "threshold_warn": 3.0509687739868907, "30_day_warn_count": 0, "daily_sd": 0.092981359106061506, "threshold_error": 4.1264531609803363}, "chole": {"sample_sd": 3.2932591084753042, "sample_mean": 5.5666666666666664, "daily_article_count": 3, "30_day_error_count": 1, "threshold_warn": 12.153184883617275, "30_day_warn_count": 1, "daily_sd": -0.77936979208871549, "threshold_error": 15.446443992092579}, "hepat": {"sample_sd": 6.6587452938889982, "sample_mean": 5.833333333333333, "daily_article_count": 4, "30_day_error_count": 0, "threshold_warn": 19.150823921111328, "30_day_warn_count": 0, "daily_sd": -0.27532714534311109, "threshold_error": 25.809569215000327}, "chiku": {"sample_sd": 0.88254681965824866, "sample_mean": 0.56666666666666665, "daily_article_count": 1, "30_day_error_count": 0, "threshold_warn": 2.3317603059831642, "30_day_warn_count": 1, "daily_sd": 0.49100322349032355, "threshold_error": 3.2143071256414126}, "yello": {"sample_sd": 0.78102496759066531, "sample_mean": 0.29999999999999999, "daily_article_count": 0, "30_day_error_count": 1, "threshold_warn": 1.8620499351813307, "30_day_warn_count": 0, "daily_sd": -0.38411063979868798, "threshold_error": 2.6430749027719957}, "menin": {"sample_sd": 2.4776781245530843, "sample_mean": 2.8333333333333335, "daily_article_count": 2, "30_day_error_count": 3, "threshold_warn": 7.7886895824395026, "30_day_warn_count": 0, "daily_sd": -0.33633639699815626, "threshold_error": 10.266367706992586}, "plagu": {"sample_sd": 0.45338235029118146, "sample_mean": 0.16666666666666666, "daily_article_count": 0, "30_day_error_count": 4, "threshold_warn": 1.0734313672490297, "30_day_warn_count": 2, "daily_sd": -0.36760731104690386, "threshold_error": 1.5268137175402112}, "westn": {"sample_sd": 1.6763054614240209, "sample_mean": 1.7, "daily_article_count": 0, "30_day_error_count": 0, "threshold_warn": 5.052610922848042, "30_day_warn_count": 0, "daily_sd": -1.0141349766622192, "threshold_error": 6.728916384272063}, "swine": {"sample_sd": 3.2836294282732665, "sample_mean": 3.8666666666666667, "daily_article_count": 3, "30_day_error_count": 0, "threshold_warn": 10.433925523213199, "30_day_warn_count": 0, "daily_sd": -0.26393558883482571, "threshold_error": 13.717554951486466}, "measl": {"sample_sd": 3.8960093543122931, "sample_mean": 3.7666666666666666, "daily_article_count": 3, "30_day_error_count": 0, "threshold_warn": 11.558685375291253, "30_day_warn_count": 0, "daily_sd": -0.19678255284938742, "threshold_error": 15.454694729603546}, "dengu": {"sample_sd": 6.4928165434321841, "sample_mean": 13.9, "daily_article_count": 7, "30_day_error_count": 0, "threshold_warn": 26.885633086864367, "30_day_warn_count": 0, "daily_sd": -1.0627129157036945, "threshold_error": 33.378449630296551}, "ebola": {"sample_sd": 23.448785801306549, "sample_mean": 34.43333333333333, "daily_article_count": 89, "30_day_error_count": 0, "threshold_warn": 81.330904935946421, "30_day_warn_count": 0, "daily_sd": 2.3270572356725716, "threshold_error": 104.77969073725299}, "unkno": {"sample_sd": 22.118971243909353, "sample_mean": 52.133333333333333, "daily_article_count": 86, "30_day_error_count": 0, "threshold_warn": 96.371275821152039, "30_day_warn_count": 0, "daily_sd": 1.5311140058555908, "threshold_error": 118.4902470650614}, "mumps": {"sample_sd": 0.91226214556026708, "sample_mean": 0.6333333333333333, "daily_article_count": 0, "30_day_error_count": 2, "threshold_warn": 2.4578576244538675, "30_day_warn_count": 2, "daily_sd": -0.69424489047977622, "threshold_error": 3.3701197700141345}}