{"hemmo": {"sample_sd": 0.17950549357115009, "sample_mean": 0.033333333333333333, "daily_article_count": 1, "30_day_error_count": 1, "threshold_warn": 0.3923443204756335, "30_day_warn_count": 0, "daily_sd": 5.3851648071345055, "threshold_error": 0.57184981404678359}, "mersc": {"sample_sd": 24.624761702174681, "sample_mean": 31.233333333333334, "daily_article_count": 1, "30_day_error_count": 0, "threshold_warn": 80.482856737682695, "30_day_warn_count": 0, "daily_sd": -1.2277614581205611, "threshold_error": 105.10761843985738}, "influ": {"sample_sd": 2.1249836600678971, "sample_mean": 2.5333333333333332, "daily_article_count": 0, "30_day_error_count": 0, "threshold_warn": 6.7833006534691274, "30_day_warn_count": 0, "daily_sd": -1.1921660297625012, "threshold_error": 8.908284313537024}, "pertu": {"sample_sd": 1.0225241100118647, "sample_mean": 1.2333333333333334, "daily_article_count": 0, "30_day_error_count": 7, "threshold_warn": 3.2783815533570628, "30_day_warn_count": 0, "daily_sd": -1.2061655282817954, "threshold_error": 4.300905663368928}, "moldf": {"sample_sd": 0.53748384988656994, "sample_mean": 0.33333333333333331, "daily_article_count": 0, "30_day_error_count": 2, "threshold_warn": 1.4083010331064731, "30_day_warn_count": 0, "daily_sd": -0.62017367294604231, "threshold_error": 1.9457848829930431}, "chole": {"sample_sd": 4.8199815582865275, "sample_mean": 6.3666666666666663, "daily_article_count": 0, "30_day_error_count": 0, "threshold_warn": 16.00662978323972, "30_day_warn_count": 0, "daily_sd": -1.3208902543871921, "threshold_error": 20.826611341526249}, "hepat": {"sample_sd": 3.9208842540086968, "sample_mean": 3.3999999999999999, "daily_article_count": 1, "30_day_error_count": 0, "threshold_warn": 11.241768508017394, "30_day_warn_count": 0, "daily_sd": -0.61210682196146171, "threshold_error": 15.16265276202609}, "chiku": {"sample_sd": 3.3613819909211284, "sample_mean": 3.6333333333333333, "daily_article_count": 4, "30_day_error_count": 9, "threshold_warn": 10.356097315175591, "30_day_warn_count": 7, "daily_sd": 0.10908211790775617, "threshold_error": 13.717479306096719}, "yello": {"sample_sd": 0.45338235029118146, "sample_mean": 0.16666666666666666, "daily_article_count": 0, "30_day_error_count": 3, "threshold_warn": 1.0734313672490297, "30_day_warn_count": 0, "daily_sd": -0.36760731104690386, "threshold_error": 1.5268137175402112}, "menin": {"sample_sd": 1.106044001535804, "sample_mean": 1.1000000000000001, "daily_article_count": 0, "30_day_error_count": 3, "threshold_warn": 3.312088003071608, "30_day_warn_count": 0, "daily_sd": -0.99453547822020516, "threshold_error": 4.4181320046074113}, "plagu": {"sample_sd": 0.0, "sample_mean": 0.0, "daily_article_count": 0, "30_day_error_count": 30, "threshold_warn": 0.0, "30_day_warn_count": 0, "daily_sd": 0, "threshold_error": 0.0}, "westn": {"sample_sd": 1.2688577540449522, "sample_mean": 1.3, "daily_article_count": 2, "30_day_error_count": 4, "threshold_warn": 3.8377155080899046, "30_day_warn_count": 5, "daily_sd": 0.5516772843673704, "threshold_error": 5.1065732621348561}, "swine": {"sample_sd": 2.6138519893487127, "sample_mean": 1.3666666666666667, "daily_article_count": 0, "30_day_error_count": 0, "threshold_warn": 6.5943706453640925, "30_day_warn_count": 0, "daily_sd": -0.52285541501039456, "threshold_error": 9.2082226347128042}, "measl": {"sample_sd": 9.895228928910921, "sample_mean": 8.8666666666666671, "daily_article_count": 1, "30_day_error_count": 0, "threshold_warn": 28.657124524488509, "30_day_warn_count": 0, "daily_sd": -0.79499592411476228, "threshold_error": 38.552353453399434}, "dengu": {"sample_sd": 2.5492918406665193, "sample_mean": 2.6333333333333333, "daily_article_count": 3, "30_day_error_count": 2, "threshold_warn": 7.7319170146663723, "30_day_warn_count": 3, "daily_sd": 0.14383079285689029, "threshold_error": 10.28120885533289}, "ebola": {"sample_sd": 6.4725059546773176, "sample_mean": 6.7999999999999998, "daily_article_count": 13, "30_day_error_count": 8, "threshold_warn": 19.745011909354634, "30_day_warn_count": 7, "daily_sd": 0.95789792136376595, "threshold_error": 26.217517864031954}, "unkno": {"sample_sd": 28.791588277751465, "sample_mean": 63.333333333333336, "daily_article_count": 25, "30_day_error_count": 0, "threshold_warn": 120.91650988883626, "30_day_warn_count": 0, "daily_sd": -1.3314073875860193, "threshold_error": 149.70809816658775}, "mumps": {"sample_sd": 0.83599574693229672, "sample_mean": 0.6333333333333333, "daily_article_count": 0, "30_day_error_count": 0, "threshold_warn": 2.3053248271979268, "30_day_warn_count": 0, "daily_sd": -0.75757961168745502, "threshold_error": 3.1413205741302233}}