{"hemmo": {"sample_sd": 0.37267799624996495, "sample_mean": 0.16666666666666666, "daily_article_count": 0, "30_day_error_count": 0, "threshold_warn": 0.91202265916659653, "30_day_warn_count": 0, "daily_sd": -0.44721359549995793, "threshold_error": 1.2847006554165616}, "mersc": {"sample_sd": 22.202702538204669, "sample_mean": 39.200000000000003, "daily_article_count": 13, "30_day_error_count": 0, "threshold_warn": 83.60540507640934, "30_day_warn_count": 0, "daily_sd": -1.1800365273063989, "threshold_error": 105.808107614614}, "influ": {"sample_sd": 5.855671514770008, "sample_mean": 6.666666666666667, "daily_article_count": 0, "30_day_error_count": 0, "threshold_warn": 18.378009696206682, "30_day_warn_count": 0, "daily_sd": -1.1384973781147134, "threshold_error": 24.233681210976691}, "pertu": {"sample_sd": 2.0223748416156684, "sample_mean": 2.1000000000000001, "daily_article_count": 0, "30_day_error_count": 0, "threshold_warn": 6.1447496832313373, "30_day_warn_count": 0, "daily_sd": -1.0383831705117126, "threshold_error": 8.1671245248470044}, "moldf": {"sample_sd": 1.1930353445448854, "sample_mean": 0.90000000000000002, "daily_article_count": 0, "30_day_error_count": 0, "threshold_warn": 3.2860706890897706, "30_day_warn_count": 0, "daily_sd": -0.75437832090660206, "threshold_error": 4.4791060336346566}, "chole": {"sample_sd": 2.2568414506414345, "sample_mean": 1.8, "daily_article_count": 2, "30_day_error_count": 6, "threshold_warn": 6.3136829012828688, "30_day_warn_count": 7, "daily_sd": 0.088619428690108651, "threshold_error": 8.5705243519243037}, "hepat": {"sample_sd": 2.2744962812309311, "sample_mean": 2.6000000000000001, "daily_article_count": 0, "30_day_error_count": 3, "threshold_warn": 7.1489925624618618, "30_day_warn_count": 0, "daily_sd": -1.1431102444330707, "threshold_error": 9.4234888436927928}, "chiku": {"sample_sd": 2.093375795747678, "sample_mean": 1.8666666666666667, "daily_article_count": 5, "30_day_error_count": 4, "threshold_warn": 6.0534182581620222, "30_day_warn_count": 5, "daily_sd": 1.4967849249514324, "threshold_error": 8.1467940539097015}, "yello": {"sample_sd": 0.69920589878010098, "sample_mean": 0.33333333333333331, "daily_article_count": 0, "30_day_error_count": 0, "threshold_warn": 1.7317451308935352, "30_day_warn_count": 0, "daily_sd": -0.47673129462279618, "threshold_error": 2.4309510296736363}, "menin": {"sample_sd": 1.6603212540549692, "sample_mean": 1.8999999999999999, "daily_article_count": 0, "30_day_error_count": 0, "threshold_warn": 5.2206425081099379, "30_day_warn_count": 0, "daily_sd": -1.1443568498323249, "threshold_error": 6.8809637621649085}, "plagu": {"sample_sd": 0.24944382578492943, "sample_mean": 0.066666666666666666, "daily_article_count": 0, "30_day_error_count": 0, "threshold_warn": 0.56555431823652558, "30_day_warn_count": 0, "daily_sd": -0.2672612419124244, "threshold_error": 0.81499814402145498}, "westn": {"sample_sd": 0.66749947981669278, "sample_mean": 0.43333333333333335, "daily_article_count": 1, "30_day_error_count": 6, "threshold_warn": 1.7683322929667189, "30_day_warn_count": 0, "daily_sd": 0.84893948804616803, "threshold_error": 2.4358317727834118}, "swine": {"sample_sd": 2.2020192753218324, "sample_mean": 1.8666666666666667, "daily_article_count": 0, "30_day_error_count": 2, "threshold_warn": 6.270705217310331, "30_day_warn_count": 0, "daily_sd": -0.84770677876734168, "threshold_error": 8.4727244926321639}, "measl": {"sample_sd": 10.299136964921976, "sample_mean": 12.166666666666666, "daily_article_count": 2, "30_day_error_count": 0, "threshold_warn": 32.76494059651062, "30_day_warn_count": 0, "daily_sd": -0.98713772826728174, "threshold_error": 43.06407756143259}, "dengu": {"sample_sd": 2.2910453703252776, "sample_mean": 3.4666666666666668, "daily_article_count": 1, "30_day_error_count": 1, "threshold_warn": 8.0487574073172219, "30_day_warn_count": 0, "daily_sd": -1.0766555296617522, "threshold_error": 10.3398027776425}, "ebola": {"sample_sd": 10.155950636613657, "sample_mean": 11.300000000000001, "daily_article_count": 3, "30_day_error_count": 0, "threshold_warn": 31.611901273227314, "30_day_warn_count": 0, "daily_sd": -0.81725485845483647, "threshold_error": 41.767851909840971}, "unkno": {"sample_sd": 19.759807691371897, "sample_mean": 52.5, "daily_article_count": 26, "30_day_error_count": 2, "threshold_warn": 92.019615382743794, "30_day_warn_count": 0, "daily_sd": -1.3411061693465369, "threshold_error": 111.7794230741157}, "mumps": {"sample_sd": 2.5245461638348652, "sample_mean": 2.6000000000000001, "daily_article_count": 1, "30_day_error_count": 0, "threshold_warn": 7.6490923276697309, "30_day_warn_count": 0, "daily_sd": -0.63377727962381547, "threshold_error": 10.173638491504596}}