{"hemmo": {"sample_sd": 0.0, "sample_mean": 1e-13, "daily_article_count": 8, "30_day_error_count": 2, "threshold_warn": 1e-13, "30_day_warn_count": 0, "daily_sd": Infinity, "threshold_error": 1e-13}, "mersc": {"sample_sd": 1.5362291495737217, "sample_mean": 0.80000000000010008, "daily_article_count": 3, "30_day_error_count": 1, "threshold_warn": 3.8724582991475436, "30_day_warn_count": 6, "daily_sd": 1.4320780207889974, "threshold_error": 5.4086874487212651}, "influ": {"sample_sd": 15.765644787180623, "sample_mean": 11.666666666666766, "daily_article_count": 16, "30_day_error_count": 0, "threshold_warn": 43.19795624102801, "30_day_warn_count": 0, "daily_sd": 0.2748592519892849, "threshold_error": 58.963601028208636}, "pertu": {"sample_sd": 0.37267799624996495, "sample_mean": 0.16666666666676666, "daily_article_count": 1, "30_day_error_count": 4, "threshold_warn": 0.91202265916669656, "30_day_warn_count": 2, "daily_sd": 2.2360679774995216, "threshold_error": 1.2847006554166616}, "moldf": {"sample_sd": 0.17950549357115012, "sample_mean": 0.033333333333433336, "daily_article_count": 0, "30_day_error_count": 5, "threshold_warn": 0.39234432047573359, "30_day_warn_count": 0, "daily_sd": -0.185695338177609, "threshold_error": 0.57184981404688373}, "chole": {"sample_sd": 2.4458581770458854, "sample_mean": 1.4666666666667665, "daily_article_count": 1, "30_day_error_count": 0, "threshold_warn": 6.358383020758537, "30_day_warn_count": 0, "daily_sd": -0.19079874338029193, "threshold_error": 8.8042411978044228}, "hepat": {"sample_sd": 3.4247465437443529, "sample_mean": 0.93333333333343338, "daily_article_count": 1, "30_day_error_count": 0, "threshold_warn": 7.7828264208221389, "30_day_warn_count": 0, "daily_sd": 0.019466160726066006, "threshold_error": 11.207572964566491}, "chiku": {"sample_sd": 0.44221663871405331, "sample_mean": 0.26666666666676664, "daily_article_count": 1, "30_day_error_count": 3, "threshold_warn": 1.1510999440948733, "30_day_warn_count": 0, "daily_sd": 1.6583123951774739, "threshold_error": 1.5933165828089266}, "yello": {"sample_sd": 0.17950549357115012, "sample_mean": 0.033333333333433336, "daily_article_count": 0, "30_day_error_count": 2, "threshold_warn": 0.39234432047573359, "30_day_warn_count": 0, "daily_sd": -0.185695338177609, "threshold_error": 0.57184981404688373}, "menin": {"sample_sd": 0.37267799624996495, "sample_mean": 0.16666666666676666, "daily_article_count": 3, "30_day_error_count": 10, "threshold_warn": 0.91202265916669656, "30_day_warn_count": 0, "daily_sd": 7.6026311234990169, "threshold_error": 1.2847006554166616}, "plagu": {"sample_sd": 0.17950549357115014, "sample_mean": 0.033333333333433336, "daily_article_count": 0, "30_day_error_count": 3, "threshold_warn": 0.39234432047573364, "30_day_warn_count": 0, "daily_sd": -0.18569533817760894, "threshold_error": 0.57184981404688373}, "westn": {"sample_sd": 1.7413277182145301, "sample_mean": 0.63333333333343333, "daily_article_count": 1, "30_day_error_count": 0, "threshold_warn": 4.1159887697624935, "30_day_warn_count": 0, "daily_sd": 0.21056729461730972, "threshold_error": 5.8573164879770241}, "swine": {"sample_sd": 10.802468853615517, "sample_mean": 8.8000000000001002, "daily_article_count": 4, "30_day_error_count": 0, "threshold_warn": 30.404937707231134, "30_day_warn_count": 0, "daily_sd": -0.44434286875019047, "threshold_error": 41.20740656084665}, "measl": {"sample_sd": 3.4679484809706538, "sample_mean": 2.8000000000000997, "daily_article_count": 12, "30_day_error_count": 0, "threshold_warn": 9.7358969619414069, "30_day_warn_count": 0, "daily_sd": 2.6528652459753053, "threshold_error": 13.203845442912062}, "dengu": {"sample_sd": 1.7716909687891083, "sample_mean": 1.1666666666667667, "daily_article_count": 4, "30_day_error_count": 1, "threshold_warn": 4.7100486042449834, "30_day_warn_count": 5, "daily_sd": 1.599225476252059, "threshold_error": 6.4817395730340914}, "ebola": {"sample_sd": 1.0225241100118645, "sample_mean": 0.43333333333343332, "daily_article_count": 3, "30_day_error_count": 0, "threshold_warn": 2.4783815533571625, "30_day_warn_count": 0, "daily_sd": 2.5101282615593141, "threshold_error": 3.5009056633690272}, "unkno": {"sample_sd": 23.290532172728231, "sample_mean": 19.133333333333432, "daily_article_count": 52, "30_day_error_count": 0, "threshold_warn": 65.714397678789894, "30_day_warn_count": 13, "daily_sd": 1.4111599693351531, "threshold_error": 89.004929851518114}, "mumps": {"sample_sd": 0.0, "sample_mean": 1e-13, "daily_article_count": 1, "30_day_error_count": 3, "threshold_warn": 1e-13, "30_day_warn_count": 0, "daily_sd": Infinity, "threshold_error": 1e-13}}