{"hemmo": {"sample_sd": 0.49553562491061681, "sample_mean": 0.23333333333343334, "daily_article_count": 0, "30_day_error_count": 0, "threshold_warn": 1.224404583154667, "30_day_warn_count": 0, "daily_sd": -0.47087095579762056, "threshold_error": 1.7199402080652837}, "mersc": {"sample_sd": 1.2631530214330946, "sample_mean": 1.0666666666667666, "daily_article_count": 2, "30_day_error_count": 18, "threshold_warn": 3.5929727095329556, "30_day_warn_count": 13, "daily_sd": 0.73889173955688414, "threshold_error": 4.8561257309660508}, "influ": {"sample_sd": 11.422638340885465, "sample_mean": 21.700000000000099, "daily_article_count": 11, "30_day_error_count": 0, "threshold_warn": 44.545276681771028, "30_day_warn_count": 0, "daily_sd": -0.93673630212918491, "threshold_error": 55.967915022656499}, "pertu": {"sample_sd": 1.2909944487358056, "sample_mean": 1.0000000000000999, "daily_article_count": 2, "30_day_error_count": 1, "threshold_warn": 3.5819888974717111, "30_day_warn_count": 0, "daily_sd": 0.77459666924140602, "threshold_error": 4.8729833462075174}, "moldf": {"sample_sd": 0.44221663871405337, "sample_mean": 0.26666666666676664, "daily_article_count": 3, "30_day_error_count": 5, "threshold_warn": 1.1510999440948733, "30_day_warn_count": 2, "daily_sd": 6.1809825638439273, "threshold_error": 1.5933165828089266}, "chole": {"sample_sd": 4.6110977242108211, "sample_mean": 4.9333333333334339, "daily_article_count": 5, "30_day_error_count": 0, "threshold_warn": 14.155528781755077, "30_day_warn_count": 0, "daily_sd": 0.014457873299134191, "threshold_error": 18.766626505965895}, "hepat": {"sample_sd": 1.7625738755203049, "sample_mean": 1.6000000000001, "daily_article_count": 2, "30_day_error_count": 9, "threshold_warn": 5.1251477510407097, "30_day_warn_count": 12, "daily_sd": 0.22694084234161338, "threshold_error": 6.8877216265610146}, "chiku": {"sample_sd": 2.2113344387495979, "sample_mean": 2.1000000000001, "daily_article_count": 3, "30_day_error_count": 1, "threshold_warn": 6.5226688774992958, "30_day_warn_count": 0, "daily_sd": 0.40699406848147596, "threshold_error": 8.734003316248895}, "yello": {"sample_sd": 0.30000000000000004, "sample_mean": 0.10000000000010001, "daily_article_count": 0, "30_day_error_count": 3, "threshold_warn": 0.7000000000001001, "30_day_warn_count": 0, "daily_sd": -0.33333333333366666, "threshold_error": 1.0000000000001001}, "menin": {"sample_sd": 2.3380903889000244, "sample_mean": 3.0000000000000999, "daily_article_count": 3, "30_day_error_count": 1, "threshold_warn": 7.6761807778001483, "30_day_warn_count": 0, "daily_sd": -4.2735761068361597e-14, "threshold_error": 10.014271166700173}, "plagu": {"sample_sd": 0.72724747430904768, "sample_mean": 0.26666666666676664, "daily_article_count": 0, "30_day_error_count": 0, "threshold_warn": 1.7211616152848621, "30_day_warn_count": 0, "daily_sd": -0.36667939881142197, "threshold_error": 2.4484090895939095}, "westn": {"sample_sd": 0.49553562491061681, "sample_mean": 0.23333333333343334, "daily_article_count": 1, "30_day_error_count": 2, "threshold_warn": 1.224404583154667, "30_day_warn_count": 0, "daily_sd": 1.547147426191317, "threshold_error": 1.7199402080652837}, "swine": {"sample_sd": 8.882004278314664, "sample_mean": 12.100000000000099, "daily_article_count": 47, "30_day_error_count": 16, "threshold_warn": 29.864008556629429, "30_day_warn_count": 24, "daily_sd": 3.9292933111063619, "threshold_error": 38.746012834944089}, "measl": {"sample_sd": 35.0648446928449, "sample_mean": 37.700000000000102, "daily_article_count": 36, "30_day_error_count": 5, "threshold_warn": 107.8296893856899, "30_day_warn_count": 7, "daily_sd": -0.048481606432068211, "threshold_error": 142.8945340785348}, "dengu": {"sample_sd": 2.9175712882845244, "sample_mean": 3.2333333333334333, "daily_article_count": 8, "30_day_error_count": 0, "threshold_warn": 9.0684759099024816, "30_day_warn_count": 0, "daily_sd": 1.6337789879572315, "threshold_error": 11.986047198187007}, "ebola": {"sample_sd": 37.954665940654337, "sample_mean": 100.10000000000009, "daily_article_count": 156, "30_day_error_count": 0, "threshold_warn": 176.00933188130875, "30_day_warn_count": 0, "daily_sd": 1.4728096958462176, "threshold_error": 213.96399782196312}, "unkno": {"sample_sd": 22.827955571087735, "sample_mean": 58.533333333333431, "daily_article_count": 66, "30_day_error_count": 1, "threshold_warn": 104.1892444755089, "30_day_warn_count": 0, "daily_sd": 0.32708433496880107, "threshold_error": 127.01720004659664}, "mumps": {"sample_sd": 0.42295258468165059, "sample_mean": 0.23333333333343334, "daily_article_count": 0, "30_day_error_count": 4, "threshold_warn": 1.0792385026967346, "30_day_warn_count": 0, "daily_sd": -0.55167728436760699, "threshold_error": 1.502191087378385}}