{"hemmo": {"sample_sd": 0.17950549357115009, "sample_mean": 0.033333333333433336, "daily_article_count": 0, "30_day_error_count": 1, "threshold_warn": 0.39234432047573353, "30_day_warn_count": 0, "daily_sd": -0.18569533817760903, "threshold_error": 0.57184981404688362}, "mersc": {"sample_sd": 5.5099909255823647, "sample_mean": 6.8000000000001002, "daily_article_count": 0, "30_day_error_count": 0, "threshold_warn": 17.81998185116483, "30_day_warn_count": 0, "daily_sd": -1.2341218146890851, "threshold_error": 23.329972776747194}, "influ": {"sample_sd": 5.6902450640450351, "sample_mean": 10.233333333333432, "daily_article_count": 13, "30_day_error_count": 1, "threshold_warn": 21.6138234614235, "30_day_warn_count": 0, "daily_sd": 0.48621221678980248, "threshold_error": 27.304068525468537}, "pertu": {"sample_sd": 1.5423647068345696, "sample_mean": 1.7666666666667665, "daily_article_count": 1, "30_day_error_count": 0, "threshold_warn": 4.8513960803359062, "30_day_warn_count": 0, "daily_sd": -0.49707223153479313, "threshold_error": 6.3937607871704749}, "moldf": {"sample_sd": 0.99777530313971763, "sample_mean": 0.73333333333343331, "daily_article_count": 0, "30_day_error_count": 0, "threshold_warn": 2.7288839396128686, "30_day_warn_count": 0, "daily_sd": -0.73496841525926726, "threshold_error": 3.7266592427525862}, "chole": {"sample_sd": 3.9778553685790707, "sample_mean": 5.1000000000001, "daily_article_count": 2, "30_day_error_count": 0, "threshold_warn": 13.055710737158241, "30_day_warn_count": 0, "daily_sd": -0.77931440757924053, "threshold_error": 17.033566105737311}, "hepat": {"sample_sd": 6.4173376272580676, "sample_mean": 5.8666666666667666, "daily_article_count": 1, "30_day_error_count": 0, "threshold_warn": 18.701341921182902, "30_day_warn_count": 0, "daily_sd": -0.75836226007422092, "threshold_error": 25.118679548440969}, "chiku": {"sample_sd": 1.8749814813900312, "sample_mean": 1.8666666666667666, "daily_article_count": 0, "30_day_error_count": 0, "threshold_warn": 5.6166296294468285, "30_day_warn_count": 0, "daily_sd": -0.99556538834874231, "threshold_error": 7.4916111108368604}, "yello": {"sample_sd": 0.66332495807108005, "sample_mean": 0.4000000000001, "daily_article_count": 0, "30_day_error_count": 0, "threshold_warn": 1.7266499161422602, "30_day_warn_count": 0, "daily_sd": -0.60302268915567792, "threshold_error": 2.38997487421334}, "menin": {"sample_sd": 2.94561821468205, "sample_mean": 4.3000000000001002, "daily_article_count": 2, "30_day_error_count": 0, "threshold_warn": 10.191236429364199, "30_day_warn_count": 0, "daily_sd": -0.78082080988501834, "threshold_error": 13.136854644046251}, "plagu": {"sample_sd": 0.42295258468165059, "sample_mean": 0.23333333333343334, "daily_article_count": 0, "30_day_error_count": 0, "threshold_warn": 1.0792385026967346, "30_day_warn_count": 0, "daily_sd": -0.55167728436760699, "threshold_error": 1.502191087378385}, "westn": {"sample_sd": 0.66332495807108005, "sample_mean": 0.4000000000001, "daily_article_count": 1, "30_day_error_count": 1, "threshold_warn": 1.7266499161422602, "30_day_warn_count": 0, "daily_sd": 0.9045340337331399, "threshold_error": 2.38997487421334}, "swine": {"sample_sd": 22.966255438988934, "sample_mean": 46.133333333333432, "daily_article_count": 4, "30_day_error_count": 0, "threshold_warn": 92.065844211311301, "30_day_warn_count": 0, "daily_sd": -1.8345756645119118, "threshold_error": 115.03209965030024}, "measl": {"sample_sd": 57.504482917034863, "sample_mean": 74.966666666666768, "daily_article_count": 6, "30_day_error_count": 0, "threshold_warn": 189.97563250073648, "30_day_warn_count": 0, "daily_sd": -1.1993267858119701, "threshold_error": 247.48011541777134}, "dengu": {"sample_sd": 2.5907956735764057, "sample_mean": 4.2333333333334338, "daily_article_count": 4, "30_day_error_count": 1, "threshold_warn": 9.4149246804862443, "30_day_warn_count": 0, "daily_sd": -0.090062422024711042, "threshold_error": 12.005720354062651}, "ebola": {"sample_sd": 37.119985632181127, "sample_mean": 86.800000000000097, "daily_article_count": 24, "30_day_error_count": 0, "threshold_warn": 161.03997126436235, "30_day_warn_count": 0, "daily_sd": -1.6918109996668671, "threshold_error": 198.15995689654346}, "unkno": {"sample_sd": 30.810964859211328, "sample_mean": 62.866666666666767, "daily_article_count": 61, "30_day_error_count": 0, "threshold_warn": 124.48859638508942, "30_day_warn_count": 0, "daily_sd": -0.060584492410295385, "threshold_error": 155.29956124430075}, "mumps": {"sample_sd": 0.71180521680208753, "sample_mean": 0.4000000000001, "daily_article_count": 0, "30_day_error_count": 0, "threshold_warn": 1.8236104336042751, "30_day_warn_count": 0, "daily_sd": -0.56195148694915675, "threshold_error": 2.5354156504063625}}