{"hemmo": {"sample_sd": 0.17950549357115012, "sample_mean": 0.033333333333333333, "daily_article_count": 0, "30_day_error_count": 0, "threshold_warn": 0.39234432047563356, "30_day_warn_count": 0, "daily_sd": -0.18569533817705189, "threshold_error": 0.5718498140467837}, "mersc": {"sample_sd": 28.140698088158523, "sample_mean": 42.033333333333331, "daily_article_count": 2, "30_day_error_count": 0, "threshold_warn": 98.314729509650377, "30_day_warn_count": 0, "daily_sd": -1.4226133697152017, "threshold_error": 126.45542759780889}, "influ": {"sample_sd": 3.2283466700808661, "sample_mean": 3.3333333333333335, "daily_article_count": 0, "30_day_error_count": 0, "threshold_warn": 9.7900266734950652, "30_day_warn_count": 0, "daily_sd": -1.0325202569555014, "threshold_error": 13.018373343575933}, "pertu": {"sample_sd": 1.9252705437591537, "sample_mean": 1.6000000000000001, "daily_article_count": 2, "30_day_error_count": 3, "threshold_warn": 5.4505410875183076, "30_day_warn_count": 0, "daily_sd": 0.20776300831933303, "threshold_error": 7.3758116312774611}, "moldf": {"sample_sd": 0.61553951042064614, "sample_mean": 0.43333333333333335, "daily_article_count": 0, "30_day_error_count": 1, "threshold_warn": 1.6644123541746256, "30_day_warn_count": 0, "daily_sd": -0.70398946939604723, "threshold_error": 2.2799518645952714}, "chole": {"sample_sd": 5.2248338623241306, "sample_mean": 5.6333333333333337, "daily_article_count": 3, "30_day_error_count": 0, "threshold_warn": 16.083001057981594, "30_day_warn_count": 0, "daily_sd": -0.50400326646213478, "threshold_error": 21.307834920305726}, "hepat": {"sample_sd": 3.8850139424889236, "sample_mean": 3.7999999999999998, "daily_article_count": 5, "30_day_error_count": 0, "threshold_warn": 11.570027884977847, "30_day_warn_count": 0, "daily_sd": 0.30887920037456118, "threshold_error": 15.455041827466772}, "chiku": {"sample_sd": 3.4052247437659027, "sample_mean": 4.0666666666666664, "daily_article_count": 0, "30_day_error_count": 7, "threshold_warn": 10.877116154198472, "30_day_warn_count": 3, "daily_sd": -1.1942432504966656, "threshold_error": 14.282340897964374}, "yello": {"sample_sd": 0.49553562491061676, "sample_mean": 0.23333333333333334, "daily_article_count": 0, "30_day_error_count": 3, "threshold_warn": 1.2244045831545669, "30_day_warn_count": 0, "daily_sd": -0.47087095579741883, "threshold_error": 1.7199402080651836}, "menin": {"sample_sd": 1.2827920936595902, "sample_mean": 1.4333333333333333, "daily_article_count": 1, "30_day_error_count": 1, "threshold_warn": 3.9989175206525136, "30_day_warn_count": 0, "daily_sd": -0.33780480521758299, "threshold_error": 5.2817096143121045}, "plagu": {"sample_sd": 0.0, "sample_mean": 0.0, "daily_article_count": 0, "30_day_error_count": 30, "threshold_warn": 0.0, "30_day_warn_count": 0, "daily_sd": 0, "threshold_error": 0.0}, "westn": {"sample_sd": 1.2310790208412925, "sample_mean": 1.1333333333333333, "daily_article_count": 3, "30_day_error_count": 2, "threshold_warn": 3.5954913750159183, "30_day_warn_count": 1, "daily_sd": 1.5162850110068706, "threshold_error": 4.8265703958572104}, "swine": {"sample_sd": 2.6373387259803311, "sample_mean": 1.6666666666666667, "daily_article_count": 1, "30_day_error_count": 0, "threshold_warn": 6.9413441186273293, "30_day_warn_count": 0, "daily_sd": -0.25278006958277932, "threshold_error": 9.5786828446076591}, "measl": {"sample_sd": 9.9107124982123374, "sample_mean": 9.3333333333333339, "daily_article_count": 3, "30_day_error_count": 0, "threshold_warn": 29.15475832975801, "30_day_warn_count": 0, "daily_sd": -0.63903915429649694, "threshold_error": 39.065470827970344}, "dengu": {"sample_sd": 1.9947152400502908, "sample_mean": 2.5666666666666669, "daily_article_count": 3, "30_day_error_count": 2, "threshold_warn": 6.5560971467672484, "30_day_warn_count": 0, "daily_sd": 0.21724069913979699, "threshold_error": 8.5508123868175385}, "ebola": {"sample_sd": 5.6714685536953784, "sample_mean": 5.3666666666666663, "daily_article_count": 15, "30_day_error_count": 4, "threshold_warn": 16.709603774057424, "30_day_warn_count": 4, "daily_sd": 1.6985606535817797, "threshold_error": 22.381072327752804}, "unkno": {"sample_sd": 26.775216567232885, "sample_mean": 64.233333333333334, "daily_article_count": 22, "30_day_error_count": 0, "threshold_warn": 117.7837664677991, "30_day_warn_count": 0, "daily_sd": -1.577329289841034, "threshold_error": 144.55898303503199}, "mumps": {"sample_sd": 1.3399834161494522, "sample_mean": 1.0666666666666667, "daily_article_count": 0, "30_day_error_count": 0, "threshold_warn": 3.7466334989655712, "30_day_warn_count": 0, "daily_sd": -0.79602975216799121, "threshold_error": 5.0866169151150231}}