{"hemmo": {"sample_sd": 0.24944382578492943, "sample_mean": 0.066666666666666666, "daily_article_count": 0, "30_day_error_count": 5, "threshold_warn": 0.56555431823652558, "30_day_warn_count": 0, "daily_sd": -0.2672612419124244, "threshold_error": 0.81499814402145498}, "mersc": {"sample_sd": 1.8867962264113209, "sample_mean": 1.2, "daily_article_count": 1, "30_day_error_count": 0, "threshold_warn": 4.9735924528226416, "30_day_warn_count": 0, "daily_sd": -0.10599978800063596, "threshold_error": 6.8603886792339628}, "influ": {"sample_sd": 11.652562903594308, "sample_mean": 20.133333333333333, "daily_article_count": 10, "30_day_error_count": 1, "threshold_warn": 43.43845914052195, "30_day_warn_count": 0, "daily_sd": -0.8696227102286348, "threshold_error": 55.091022044116258}, "pertu": {"sample_sd": 2.3055488621054105, "sample_mean": 2.1333333333333333, "daily_article_count": 1, "30_day_error_count": 0, "threshold_warn": 6.7444310575441548, "30_day_warn_count": 0, "daily_sd": -0.4915676921713043, "threshold_error": 9.0499799196495641}, "moldf": {"sample_sd": 0.77172246018601498, "sample_mean": 0.73333333333333328, "daily_article_count": 1, "30_day_error_count": 0, "threshold_warn": 2.2767782537053631, "30_day_warn_count": 0, "daily_sd": 0.34554737023254412, "threshold_error": 3.0485007138913782}, "chole": {"sample_sd": 1.7074997966487597, "sample_mean": 1.4666666666666666, "daily_article_count": 4, "30_day_error_count": 7, "threshold_warn": 4.8816662599641862, "30_day_warn_count": 5, "daily_sd": 1.4836507379417574, "threshold_error": 6.589166056612946}, "hepat": {"sample_sd": 1.5, "sample_mean": 1.5, "daily_article_count": 3, "30_day_error_count": 1, "threshold_warn": 4.5, "30_day_warn_count": 0, "daily_sd": 1.0, "threshold_error": 6.0}, "chiku": {"sample_sd": 1.2297244497131143, "sample_mean": 1.2333333333333334, "daily_article_count": 0, "30_day_error_count": 3, "threshold_warn": 3.6927822327595621, "30_day_warn_count": 0, "daily_sd": -1.0029347091708725, "threshold_error": 4.922506682472676}, "yello": {"sample_sd": 0.24944382578492943, "sample_mean": 0.066666666666666666, "daily_article_count": 0, "30_day_error_count": 3, "threshold_warn": 0.56555431823652558, "30_day_warn_count": 0, "daily_sd": -0.2672612419124244, "threshold_error": 0.81499814402145498}, "menin": {"sample_sd": 4.9845316285038814, "sample_mean": 2.4333333333333331, "daily_article_count": 5, "30_day_error_count": 0, "threshold_warn": 12.402396590341096, "30_day_warn_count": 0, "daily_sd": 0.51492634774133383, "threshold_error": 17.386928218844979}, "plagu": {"sample_sd": 0.29999999999999999, "sample_mean": 0.10000000000000001, "daily_article_count": 3, "30_day_error_count": 2, "threshold_warn": 0.69999999999999996, "30_day_warn_count": 0, "daily_sd": 9.6666666666666661, "threshold_error": 0.99999999999999989}, "westn": {"sample_sd": 0.33993463423951903, "sample_mean": 0.13333333333333333, "daily_article_count": 0, "30_day_error_count": 0, "threshold_warn": 0.81320260181237136, "30_day_warn_count": 0, "daily_sd": -0.39223227027636803, "threshold_error": 1.1531372360518903}, "swine": {"sample_sd": 4.0326445692897641, "sample_mean": 3.0666666666666669, "daily_article_count": 25, "30_day_error_count": 6, "threshold_warn": 11.131955805246195, "30_day_warn_count": 3, "daily_sd": 5.4389453264402787, "threshold_error": 15.164600374535958}, "measl": {"sample_sd": 2.3570226039551589, "sample_mean": 2.3333333333333335, "daily_article_count": 83, "30_day_error_count": 20, "threshold_warn": 7.0473785412436509, "30_day_warn_count": 2, "daily_sd": 34.223968209428897, "threshold_error": 9.4044011451988112}, "dengu": {"sample_sd": 1.8740923729160794, "sample_mean": 2.7666666666666666, "daily_article_count": 2, "30_day_error_count": 1, "threshold_warn": 6.5148514124988255, "30_day_warn_count": 0, "daily_sd": -0.4090869146827254, "threshold_error": 8.3889437854149058}, "ebola": {"sample_sd": 53.752105901898297, "sample_mean": 126.33333333333333, "daily_article_count": 96, "30_day_error_count": 1, "threshold_warn": 233.83754513712992, "30_day_warn_count": 0, "daily_sd": -0.56431897549640164, "threshold_error": 287.58965103902824}, "unkno": {"sample_sd": 23.819599772736176, "sample_mean": 54.600000000000001, "daily_article_count": 87, "30_day_error_count": 0, "threshold_warn": 102.23919954547236, "30_day_warn_count": 0, "daily_sd": 1.3602243660317466, "threshold_error": 126.05879931820851}, "mumps": {"sample_sd": 0.66332495807108005, "sample_mean": 0.40000000000000002, "daily_article_count": 0, "30_day_error_count": 0, "threshold_warn": 1.72664991614216, "30_day_warn_count": 0, "daily_sd": -0.60302268915552726, "threshold_error": 2.3899748742132401}}