{"hemmo": {"sample_sd": 0.42295258468165059, "sample_mean": 0.23333333333343334, "daily_article_count": 0, "30_day_error_count": 1, "threshold_warn": 1.0792385026967346, "30_day_warn_count": 0, "daily_sd": -0.55167728436760699, "threshold_error": 1.502191087378385}, "mersc": {"sample_sd": 3.3038697848970306, "sample_mean": 3.4666666666667667, "daily_article_count": 1, "30_day_error_count": 0, "threshold_warn": 10.074406236460828, "30_day_warn_count": 0, "daily_sd": -0.74659923885094748, "threshold_error": 13.378276021357857}, "influ": {"sample_sd": 8.8398717939421125, "sample_mean": 15.700000000000099, "daily_article_count": 15, "30_day_error_count": 0, "threshold_warn": 33.37974358788432, "30_day_warn_count": 0, "daily_sd": -0.079186668802120261, "threshold_error": 42.219615381826436}, "pertu": {"sample_sd": 1.1234866364235145, "sample_mean": 1.2666666666667665, "daily_article_count": 1, "30_day_error_count": 0, "threshold_warn": 3.5136399395137956, "30_day_warn_count": 0, "daily_sd": -0.23735633163885955, "threshold_error": 4.6371265759373106}, "moldf": {"sample_sd": 1.3564659966250534, "sample_mean": 1.4000000000000998, "daily_article_count": 2, "30_day_error_count": 0, "threshold_warn": 4.1129319932502071, "30_day_warn_count": 0, "daily_sd": 0.44232586846461786, "threshold_error": 5.4693979898752598}, "chole": {"sample_sd": 2.3345235059857505, "sample_mean": 4.5000000000001004, "daily_article_count": 7, "30_day_error_count": 5, "threshold_warn": 9.1690470119716014, "30_day_warn_count": 0, "daily_sd": 1.0708823421952554, "threshold_error": 11.503570517957353}, "hepat": {"sample_sd": 6.7155706301764786, "sample_mean": 5.6333333333334341, "daily_article_count": 6, "30_day_error_count": 0, "threshold_warn": 19.064474593686391, "30_day_warn_count": 0, "daily_sd": 0.054599480350775532, "threshold_error": 25.780045223862871}, "chiku": {"sample_sd": 0.91651513899116788, "sample_mean": 0.60000000000010001, "daily_article_count": 1, "30_day_error_count": 0, "threshold_warn": 2.4330302779824358, "30_day_warn_count": 0, "daily_sd": 0.4364357804718757, "threshold_error": 3.3495454169736036}, "yello": {"sample_sd": 0.24944382578492943, "sample_mean": 0.066666666666766669, "daily_article_count": 1, "30_day_error_count": 11, "threshold_warn": 0.5655543182366255, "30_day_warn_count": 0, "daily_sd": 3.7416573867735403, "threshold_error": 0.81499814402155502}, "menin": {"sample_sd": 2.481934729198171, "sample_mean": 4.2000000000001005, "daily_article_count": 9, "30_day_error_count": 1, "threshold_warn": 9.1638694583964426, "30_day_warn_count": 0, "daily_sd": 1.9339751136608725, "threshold_error": 11.645804187594614}, "plagu": {"sample_sd": 2.9318177903061362, "sample_mean": 0.93333333333343338, "daily_article_count": 1, "30_day_error_count": 1, "threshold_warn": 6.7969689139457055, "30_day_warn_count": 2, "daily_sd": 0.02273902112436714, "threshold_error": 9.7287867042518421}, "westn": {"sample_sd": 2.3142073276946378, "sample_mean": 3.6666666666667664, "daily_article_count": 1, "30_day_error_count": 0, "threshold_warn": 8.295081322056042, "30_day_warn_count": 0, "daily_sd": -1.1523024038313978, "threshold_error": 10.609288649750681}, "swine": {"sample_sd": 3.2504700514780254, "sample_mean": 3.3666666666667666, "daily_article_count": 3, "30_day_error_count": 0, "threshold_warn": 9.8676067696228174, "30_day_warn_count": 0, "daily_sd": -0.11280419781134091, "threshold_error": 13.118076821100843}, "measl": {"sample_sd": 3.6781637931023261, "sample_mean": 4.266666666666767, "daily_article_count": 2, "30_day_error_count": 0, "threshold_warn": 11.622994252871418, "30_day_warn_count": 0, "daily_sd": -0.61624951855527887, "threshold_error": 15.301158045973745}, "dengu": {"sample_sd": 23.020498112189781, "sample_mean": 32.300000000000097, "daily_article_count": 16, "30_day_error_count": 0, "threshold_warn": 78.340996224379666, "30_day_warn_count": 0, "daily_sd": -0.70806460922619852, "threshold_error": 101.36149433656944}, "ebola": {"sample_sd": 19.00365461928018, "sample_mean": 29.833333333333432, "daily_article_count": 40, "30_day_error_count": 2, "threshold_warn": 67.840642571893795, "30_day_warn_count": 0, "daily_sd": 0.53498481583389568, "threshold_error": 86.844297191173965}, "unkno": {"sample_sd": 20.071428006552555, "sample_mean": 48.933333333333429, "daily_article_count": 50, "30_day_error_count": 1, "threshold_warn": 89.076189346438539, "30_day_warn_count": 0, "daily_sd": 0.053143536489697919, "threshold_error": 109.14761735299109}, "mumps": {"sample_sd": 1.0645812948447542, "sample_mean": 1.0000000000000999, "daily_article_count": 0, "30_day_error_count": 1, "threshold_warn": 3.1291625896896083, "30_day_warn_count": 0, "daily_sd": -0.93933643662781807, "threshold_error": 4.1937438845343618}}