{"hemmo": {"sample_sd": 0.42295258468165059, "sample_mean": 0.23333333333343334, "daily_article_count": 0, "30_day_error_count": 1, "threshold_warn": 1.0792385026967346, "30_day_warn_count": 0, "daily_sd": -0.55167728436760699, "threshold_error": 1.502191087378385}, "mersc": {"sample_sd": 3.4397997357727412, "sample_mean": 3.3666666666667666, "daily_article_count": 0, "30_day_error_count": 0, "threshold_warn": 10.246266138212249, "30_day_warn_count": 0, "daily_sd": -0.9787391491587677, "threshold_error": 13.68606587398499}, "influ": {"sample_sd": 9.3754407303811007, "sample_mean": 18.966666666666764, "daily_article_count": 11, "30_day_error_count": 0, "threshold_warn": 37.717548127428969, "30_day_warn_count": 0, "daily_sd": -0.84973783054814622, "threshold_error": 47.09298885781007}, "pertu": {"sample_sd": 1.024152766382481, "sample_mean": 1.1333333333334332, "daily_article_count": 1, "30_day_error_count": 1, "threshold_warn": 3.1816388660983952, "30_day_warn_count": 0, "daily_sd": -0.13018891098092142, "threshold_error": 4.2057916324808762}, "moldf": {"sample_sd": 1.18133634311129, "sample_mean": 1.0666666666667666, "daily_article_count": 1, "30_day_error_count": 0, "threshold_warn": 3.4293393528893468, "30_day_warn_count": 0, "daily_sd": -0.056433264798394604, "threshold_error": 4.6106756960006363}, "chole": {"sample_sd": 2.8207563997386704, "sample_mean": 5.1000000000001, "daily_article_count": 7, "30_day_error_count": 4, "threshold_warn": 10.741512799477441, "30_day_warn_count": 1, "daily_sd": 0.67357819348594794, "threshold_error": 13.562269199216111}, "hepat": {"sample_sd": 6.6185765505549261, "sample_mean": 5.8333333333334334, "daily_article_count": 7, "30_day_error_count": 0, "threshold_warn": 19.070486434443286, "30_day_warn_count": 0, "daily_sd": 0.17627153780804256, "threshold_error": 25.689062984998209}, "chiku": {"sample_sd": 0.88254681965824866, "sample_mean": 0.56666666666676668, "daily_article_count": 0, "30_day_error_count": 0, "threshold_warn": 2.3317603059832641, "30_day_warn_count": 1, "daily_sd": -0.64208113841053638, "threshold_error": 3.214307125641513}, "yello": {"sample_sd": 0.76084748070088859, "sample_mean": 0.23333333333343334, "daily_article_count": 0, "30_day_error_count": 1, "threshold_warn": 1.7550282947352105, "30_day_warn_count": 0, "daily_sd": -0.30667556803695784, "threshold_error": 2.5158757754360992}, "menin": {"sample_sd": 2.4000000000000004, "sample_mean": 3.2000000000001001, "daily_article_count": 2, "30_day_error_count": 4, "threshold_warn": 8.0000000000001013, "30_day_warn_count": 0, "daily_sd": -0.50000000000004163, "threshold_error": 10.400000000000102}, "plagu": {"sample_sd": 0.42687494916218993, "sample_mean": 0.13333333333343333, "daily_article_count": 0, "30_day_error_count": 4, "threshold_warn": 0.9870832316578132, "30_day_warn_count": 2, "daily_sd": -0.3123475237774464, "threshold_error": 1.413958180820003}, "westn": {"sample_sd": 2.2000000000000002, "sample_mean": 2.6000000000001, "daily_article_count": 0, "30_day_error_count": 0, "threshold_warn": 7.0000000000001004, "30_day_warn_count": 0, "daily_sd": -1.1818181818182272, "threshold_error": 9.2000000000001005}, "swine": {"sample_sd": 3.2903900478008175, "sample_mean": 3.8000000000000997, "daily_article_count": 2, "30_day_error_count": 0, "threshold_warn": 10.380780095601734, "30_day_warn_count": 0, "daily_sd": -0.54704760646937811, "threshold_error": 13.671170143402552}, "measl": {"sample_sd": 3.8240467221692436, "sample_mean": 3.9000000000000998, "daily_article_count": 0, "30_day_error_count": 0, "threshold_warn": 11.548093444338587, "30_day_warn_count": 0, "daily_sd": -1.0198620161700771, "threshold_error": 15.372140166507831}, "dengu": {"sample_sd": 8.6003229913507049, "sample_mean": 17.033333333333434, "daily_article_count": 12, "30_day_error_count": 0, "threshold_warn": 34.233979316034848, "30_day_warn_count": 0, "daily_sd": -0.58524933754179098, "threshold_error": 42.834302307385549}, "ebola": {"sample_sd": 22.50441931907795, "sample_mean": 33.866666666666767, "daily_article_count": 39, "30_day_error_count": 0, "threshold_warn": 78.875505304822667, "30_day_warn_count": 0, "daily_sd": 0.22810334541631513, "threshold_error": 101.37992462390062}, "unkno": {"sample_sd": 19.830840179433203, "sample_mean": 51.733333333333434, "daily_article_count": 55, "30_day_error_count": 0, "threshold_warn": 91.395013692199839, "30_day_warn_count": 0, "daily_sd": 0.16472658934816412, "threshold_error": 111.22585387163303}, "mumps": {"sample_sd": 0.91651513899116799, "sample_mean": 0.60000000000010001, "daily_article_count": 3, "30_day_error_count": 2, "threshold_warn": 2.4330302779824358, "30_day_warn_count": 2, "daily_sd": 2.6186146828317995, "threshold_error": 3.3495454169736041}}