{"hemmo": {"sample_sd": 1.4742229591663987, "sample_mean": 0.4000000000001, "daily_article_count": 0, "30_day_error_count": 0, "threshold_warn": 3.3484459183328972, "30_day_warn_count": 0, "daily_sd": -0.27132937898774862, "threshold_error": 4.8226688774992956}, "mersc": {"sample_sd": 4.7759815745038212, "sample_mean": 2.7000000000001001, "daily_article_count": 18, "30_day_error_count": 25, "threshold_warn": 12.251963149007743, "30_day_warn_count": 24, "daily_sd": 3.203529946949057, "threshold_error": 17.027944723511563}, "influ": {"sample_sd": 5.9855381267407086, "sample_mean": 14.8000000000001, "daily_article_count": 9, "30_day_error_count": 0, "threshold_warn": 26.771076253481517, "30_day_warn_count": 0, "daily_sd": -0.96900226465658834, "threshold_error": 32.756614380222231}, "pertu": {"sample_sd": 1.5737428845483836, "sample_mean": 1.3000000000001, "daily_article_count": 2, "30_day_error_count": 0, "threshold_warn": 4.4474857690968674, "30_day_warn_count": 0, "daily_sd": 0.44479946938777026, "threshold_error": 6.0212286536452506}, "moldf": {"sample_sd": 0.76376261582597338, "sample_mean": 0.50000000000010003, "daily_article_count": 0, "30_day_error_count": 1, "threshold_warn": 2.0275252316520467, "30_day_warn_count": 0, "daily_sd": -0.65465367070810809, "threshold_error": 2.7912878474780203}, "chole": {"sample_sd": 7.8474341170998185, "sample_mean": 8.8666666666667666, "daily_article_count": 6, "30_day_error_count": 0, "threshold_warn": 24.561534900866405, "30_day_warn_count": 0, "daily_sd": -0.36529987049145213, "threshold_error": 32.408969017966221}, "hepat": {"sample_sd": 2.1553550880436281, "sample_mean": 2.7666666666667665, "daily_article_count": 2, "30_day_error_count": 1, "threshold_warn": 7.0773768427540222, "30_day_warn_count": 0, "daily_sd": -0.35570318362838965, "threshold_error": 9.2327319307976516}, "chiku": {"sample_sd": 1.3012814197295421, "sample_mean": 1.2000000000000999, "daily_article_count": 0, "30_day_error_count": 0, "threshold_warn": 3.8025628394591839, "30_day_warn_count": 0, "daily_sd": -0.92216793524148488, "threshold_error": 5.1038442591887261}, "yello": {"sample_sd": 0.67986926847903806, "sample_mean": 0.26666666666676664, "daily_article_count": 0, "30_day_error_count": 1, "threshold_warn": 1.6264052036248429, "30_day_warn_count": 0, "daily_sd": -0.39223227027651508, "threshold_error": 2.3062744721038806}, "menin": {"sample_sd": 2.0518284528683193, "sample_mean": 2.7000000000001001, "daily_article_count": 2, "30_day_error_count": 5, "threshold_warn": 6.8036569057367391, "30_day_warn_count": 1, "daily_sd": -0.34115912518005431, "threshold_error": 8.8554853586050584}, "plagu": {"sample_sd": 1.3840359661351129, "sample_mean": 0.46666666666676665, "daily_article_count": 0, "30_day_error_count": 1, "threshold_warn": 3.2347385989369926, "30_day_warn_count": 0, "daily_sd": -0.33717813560143389, "threshold_error": 4.6187745650721048}, "westn": {"sample_sd": 1.6451950239004087, "sample_mean": 1.6000000000001, "daily_article_count": 6, "30_day_error_count": 1, "threshold_warn": 4.890390047800917, "30_day_warn_count": 3, "daily_sd": 2.6744549649611948, "threshold_error": 6.535585071701326}, "swine": {"sample_sd": 2.0428737928059419, "sample_mean": 1.6000000000001, "daily_article_count": 3, "30_day_error_count": 1, "threshold_warn": 5.6857475856119839, "30_day_warn_count": 0, "daily_sd": 0.68530909982303045, "threshold_error": 7.7286213784179258}, "measl": {"sample_sd": 5.631656555184767, "sample_mean": 6.4666666666667671, "daily_article_count": 4, "30_day_error_count": 0, "threshold_warn": 17.729979777036302, "30_day_warn_count": 0, "daily_sd": -0.43800019452461786, "threshold_error": 23.361636332221067}, "dengu": {"sample_sd": 2.8252826800556119, "sample_mean": 4.5333333333334336, "daily_article_count": 10, "30_day_error_count": 3, "threshold_warn": 10.183898693444657, "30_day_warn_count": 1, "daily_sd": 1.9349096305503004, "threshold_error": 13.009181373500269}, "ebola": {"sample_sd": 23.00340554497674, "sample_mean": 45.900000000000098, "daily_article_count": 25, "30_day_error_count": 0, "threshold_warn": 91.906811089953578, "30_day_warn_count": 0, "daily_sd": -0.90856112409686385, "threshold_error": 114.91021663493032}, "unkno": {"sample_sd": 22.135542058468371, "sample_mean": 63.133333333333432, "daily_article_count": 84, "30_day_error_count": 15, "threshold_warn": 107.40441745027017, "30_day_warn_count": 14, "daily_sd": 0.94267701290303973, "threshold_error": 129.53995950873855}, "mumps": {"sample_sd": 0.75718777944003657, "sample_mean": 0.4000000000001, "daily_article_count": 0, "30_day_error_count": 0, "threshold_warn": 1.9143755588801732, "30_day_warn_count": 0, "daily_sd": -0.52827054379550631, "threshold_error": 2.6715633383202095}}