{"hemmo": {"sample_sd": 1.6224124698183942, "sample_mean": 0.63333333333343333, "daily_article_count": 0, "30_day_error_count": 0, "threshold_warn": 3.8781582729702215, "30_day_warn_count": 0, "daily_sd": -0.39036517847050689, "threshold_error": 5.5005707427886152}, "mersc": {"sample_sd": 16.588114888544617, "sample_mean": 9.6333333333334323, "daily_article_count": 6, "30_day_error_count": 6, "threshold_warn": 42.809563110422665, "30_day_warn_count": 18, "daily_sd": -0.21903232270488623, "threshold_error": 59.397677998967282}, "influ": {"sample_sd": 5.4923178673084427, "sample_mean": 13.633333333333432, "daily_article_count": 14, "30_day_error_count": 0, "threshold_warn": 24.61796906795032, "30_day_warn_count": 0, "daily_sd": 0.066759913669427837, "threshold_error": 30.11028693525876}, "pertu": {"sample_sd": 1.5807874268505833, "sample_mean": 1.3666666666667666, "daily_article_count": 0, "30_day_error_count": 0, "threshold_warn": 4.5282415203679331, "30_day_warn_count": 0, "daily_sd": -0.8645480369170121, "threshold_error": 6.1090289472185164}, "moldf": {"sample_sd": 0.76084748070088859, "sample_mean": 0.56666666666676668, "daily_article_count": 0, "30_day_error_count": 1, "threshold_warn": 2.0883616280685438, "30_day_warn_count": 0, "daily_sd": -0.74478352237528134, "threshold_error": 2.8492091087694327}, "chole": {"sample_sd": 8.0316042399178684, "sample_mean": 8.6000000000000991, "daily_article_count": 3, "30_day_error_count": 0, "threshold_warn": 24.663208479835838, "30_day_warn_count": 0, "daily_sd": -0.6972455106997858, "threshold_error": 32.694812719753706}, "hepat": {"sample_sd": 2.1540659228538019, "sample_mean": 2.6000000000001, "daily_article_count": 5, "30_day_error_count": 1, "threshold_warn": 6.9081318457077039, "30_day_warn_count": 0, "daily_sd": 1.1141720290622645, "threshold_error": 9.0621977685615072}, "chiku": {"sample_sd": 1.2754084313139327, "sample_mean": 1.2000000000000999, "daily_article_count": 1, "30_day_error_count": 0, "threshold_warn": 3.750816862627965, "30_day_warn_count": 0, "daily_sd": -0.15681251204687333, "threshold_error": 5.0262252939418977}, "yello": {"sample_sd": 0.69041050590693265, "sample_mean": 0.30000000000009996, "daily_article_count": 0, "30_day_error_count": 3, "threshold_warn": 1.6808210118139653, "30_day_warn_count": 0, "daily_sd": -0.43452409462688563, "threshold_error": 2.371231517720898}, "menin": {"sample_sd": 2.8301943396169813, "sample_mean": 3.3000000000000997, "daily_article_count": 2, "30_day_error_count": 2, "threshold_warn": 8.9603886792340628, "30_day_warn_count": 0, "daily_sd": -0.4593324146694579, "threshold_error": 11.790583018851045}, "plagu": {"sample_sd": 0.17950549357115009, "sample_mean": 0.033333333333433336, "daily_article_count": 0, "30_day_error_count": 9, "threshold_warn": 0.39234432047573353, "30_day_warn_count": 0, "daily_sd": -0.18569533817760903, "threshold_error": 0.57184981404688362}, "westn": {"sample_sd": 1.8999999999999999, "sample_mean": 2.3000000000000997, "daily_article_count": 2, "30_day_error_count": 1, "threshold_warn": 6.1000000000000991, "30_day_warn_count": 0, "daily_sd": -0.15789473684215777, "threshold_error": 8.0000000000000995}, "swine": {"sample_sd": 2.0121851030382092, "sample_mean": 1.4666666666667665, "daily_article_count": 5, "30_day_error_count": 1, "threshold_warn": 5.4910368727431846, "30_day_warn_count": 0, "daily_sd": 1.7559683390947656, "threshold_error": 7.5032219757813934}, "measl": {"sample_sd": 4.0409019895177964, "sample_mean": 5.266666666666767, "daily_article_count": 19, "30_day_error_count": 1, "threshold_warn": 13.34847064570236, "30_day_warn_count": 0, "daily_sd": 3.3985811506831527, "threshold_error": 17.389372635220155}, "dengu": {"sample_sd": 2.7164110309172447, "sample_mean": 4.5666666666667668, "daily_article_count": 15, "30_day_error_count": 4, "threshold_warn": 9.9994887285012553, "30_day_warn_count": 6, "daily_sd": 3.8408522180865363, "threshold_error": 12.715899759418502}, "ebola": {"sample_sd": 22.230209675624344, "sample_mean": 47.133333333333432, "daily_article_count": 83, "30_day_error_count": 0, "threshold_warn": 91.593752684582114, "30_day_warn_count": 0, "daily_sd": 1.6134200797032849, "threshold_error": 113.82396236020648}, "unkno": {"sample_sd": 26.841944787961996, "sample_mean": 67.100000000000094, "daily_article_count": 74, "30_day_error_count": 14, "threshold_warn": 120.78388957592409, "30_day_warn_count": 8, "daily_sd": 0.25706036036160834, "threshold_error": 147.6258343638861}, "mumps": {"sample_sd": 0.80622577482985502, "sample_mean": 0.50000000000010003, "daily_article_count": 0, "30_day_error_count": 0, "threshold_warn": 2.1124515496598102, "30_day_warn_count": 0, "daily_sd": -0.62017367294616632, "threshold_error": 2.9186773244896651}}