{"hemmo": {"sample_sd": 0.83599574693229672, "sample_mean": 0.36666666666666664, "daily_article_count": 0, "30_day_error_count": 0, "threshold_warn": 2.0386581605312601, "30_day_warn_count": 0, "daily_sd": -0.43859872255589505, "threshold_error": 2.8746539074635566}, "mersc": {"sample_sd": 1.6248076809271919, "sample_mean": 1.3999999999999999, "daily_article_count": 1, "30_day_error_count": 1, "threshold_warn": 4.6496153618543836, "30_day_warn_count": 0, "daily_sd": -0.24618298195866545, "threshold_error": 6.2744230427815761}, "influ": {"sample_sd": 13.920249039917834, "sample_mean": 16.600000000000001, "daily_article_count": 33, "30_day_error_count": 1, "threshold_warn": 44.44049807983567, "30_day_warn_count": 0, "daily_sd": 1.1781398416774878, "threshold_error": 58.360747119753505}, "pertu": {"sample_sd": 1.3266499161421599, "sample_mean": 1.2, "daily_article_count": 0, "30_day_error_count": 4, "threshold_warn": 3.8532998322843195, "30_day_warn_count": 0, "daily_sd": -0.90453403373329089, "threshold_error": 5.1799497484264796}, "moldf": {"sample_sd": 0.89193921068397664, "sample_mean": 0.73333333333333328, "daily_article_count": 0, "30_day_error_count": 0, "threshold_warn": 2.5172117547012864, "30_day_warn_count": 0, "daily_sd": -0.82217860202712956, "threshold_error": 3.4091509653852632}, "chole": {"sample_sd": 2.1509687739868903, "sample_mean": 2.7999999999999998, "daily_article_count": 1, "30_day_error_count": 0, "threshold_warn": 7.1019375479737805, "30_day_warn_count": 0, "daily_sd": -0.83683223195455392, "threshold_error": 9.2529063219606709}, "hepat": {"sample_sd": 2.9786275736020142, "sample_mean": 2.1666666666666665, "daily_article_count": 1, "30_day_error_count": 0, "threshold_warn": 8.1239218138706946, "30_day_warn_count": 0, "daily_sd": -0.39167926766213079, "threshold_error": 11.102549387472708}, "chiku": {"sample_sd": 1.0671873729054748, "sample_mean": 1.8333333333333333, "daily_article_count": 1, "30_day_error_count": 0, "threshold_warn": 3.9677080791442831, "30_day_warn_count": 0, "daily_sd": -0.78086880944303028, "threshold_error": 5.0348954520497573}, "yello": {"sample_sd": 0.58214163988576628, "sample_mean": 0.16666666666666666, "daily_article_count": 0, "30_day_error_count": 0, "threshold_warn": 1.3309499464381993, "30_day_warn_count": 0, "daily_sd": -0.28629916715693399, "threshold_error": 1.9130915863239657}, "menin": {"sample_sd": 1.011599393699568, "sample_mean": 0.90000000000000002, "daily_article_count": 1, "30_day_error_count": 3, "threshold_warn": 2.9231987873991359, "30_day_warn_count": 4, "daily_sd": 0.098853360947840474, "threshold_error": 3.9347981810987038}, "plagu": {"sample_sd": 3.5080858978460987, "sample_mean": 1.6000000000000001, "daily_article_count": 0, "30_day_error_count": 0, "threshold_warn": 8.6161717956921979, "30_day_warn_count": 0, "daily_sd": -0.45608917415117206, "threshold_error": 12.124257693538295}, "westn": {"sample_sd": 0.29999999999999999, "sample_mean": 0.10000000000000001, "daily_article_count": 0, "30_day_error_count": 4, "threshold_warn": 0.69999999999999996, "30_day_warn_count": 0, "daily_sd": -0.33333333333333337, "threshold_error": 0.99999999999999989}, "swine": {"sample_sd": 3.0406505151949896, "sample_mean": 1.7666666666666666, "daily_article_count": 14, "30_day_error_count": 4, "threshold_warn": 7.8479676970566459, "30_day_warn_count": 3, "daily_sd": 4.0232618882702607, "threshold_error": 10.888618212251636}, "measl": {"sample_sd": 2.5342103744997617, "sample_mean": 2.6666666666666665, "daily_article_count": 7, "30_day_error_count": 0, "threshold_warn": 7.7350874156661895, "30_day_warn_count": 2, "daily_sd": 1.7099343357351335, "threshold_error": 10.269297790165952}, "dengu": {"sample_sd": 3.0221405217715032, "sample_mean": 5.0, "daily_article_count": 2, "30_day_error_count": 0, "threshold_warn": 11.044281043543005, "30_day_warn_count": 0, "daily_sd": -0.99267389401253758, "threshold_error": 14.06642156531451}, "ebola": {"sample_sd": 112.76026191290381, "sample_mean": 255.30000000000001, "daily_article_count": 168, "30_day_error_count": 0, "threshold_warn": 480.82052382580764, "30_day_warn_count": 0, "daily_sd": -0.77420891472769593, "threshold_error": 593.58078573871148}, "unkno": {"sample_sd": 48.69735333898776, "sample_mean": 62.966666666666669, "daily_article_count": 77, "30_day_error_count": 0, "threshold_warn": 160.36137334464217, "30_day_warn_count": 0, "daily_sd": 0.28817445653864837, "threshold_error": 209.05872668362994}, "mumps": {"sample_sd": 0.64978628965393093, "sample_mean": 0.33333333333333331, "daily_article_count": 0, "30_day_error_count": 1, "threshold_warn": 1.6329059126411951, "30_day_warn_count": 0, "daily_sd": -0.51298917604257699, "threshold_error": 2.2826922022951264}}