{"hemmo": {"sample_sd": 1.6224124698183942, "sample_mean": 0.6333333333333333, "daily_article_count": 0, "30_day_error_count": 0, "threshold_warn": 3.8781582729701216, "30_day_warn_count": 0, "daily_sd": -0.39036517847044527, "threshold_error": 5.5005707427885149}, "mersc": {"sample_sd": 20.431565992084135, "sample_mean": 13.466666666666667, "daily_article_count": 3, "30_day_error_count": 1, "threshold_warn": 54.329798650834938, "30_day_warn_count": 13, "daily_sd": -0.51227921886759931, "threshold_error": 74.761364642919077}, "influ": {"sample_sd": 5.4511976258025676, "sample_mean": 13.466666666666667, "daily_article_count": 5, "30_day_error_count": 0, "threshold_warn": 24.369061918271804, "30_day_warn_count": 0, "daily_sd": -1.5531755125865829, "threshold_error": 29.820259544074368}, "pertu": {"sample_sd": 1.3503086067019396, "sample_mean": 1.1000000000000001, "daily_article_count": 0, "30_day_error_count": 0, "threshold_warn": 3.8006172134038794, "30_day_warn_count": 0, "daily_sd": -0.81462859270866561, "threshold_error": 5.1509258201058188}, "moldf": {"sample_sd": 0.71569701845279632, "sample_mean": 0.56666666666666665, "daily_article_count": 0, "30_day_error_count": 1, "threshold_warn": 1.9980607035722593, "30_day_warn_count": 0, "daily_sd": -0.79176893581545782, "threshold_error": 2.7137577220250559}, "chole": {"sample_sd": 8.0196979715919205, "sample_mean": 8.5333333333333332, "daily_article_count": 3, "30_day_error_count": 0, "threshold_warn": 24.572729276517173, "30_day_warn_count": 0, "daily_sd": -0.68996779591126667, "threshold_error": 32.592427248109097}, "hepat": {"sample_sd": 2.1653842358548951, "sample_mean": 2.6666666666666665, "daily_article_count": 4, "30_day_error_count": 1, "threshold_warn": 6.9974351383764564, "30_day_warn_count": 0, "daily_sd": 0.61574907180707938, "threshold_error": 9.1628193742313524}, "chiku": {"sample_sd": 1.2631530214330944, "sample_mean": 1.2666666666666666, "daily_article_count": 1, "30_day_error_count": 0, "threshold_warn": 3.7929727095328554, "30_day_warn_count": 0, "daily_sd": -0.21111192558770378, "threshold_error": 5.0561257309659497}, "yello": {"sample_sd": 0.69041050590693265, "sample_mean": 0.29999999999999999, "daily_article_count": 0, "30_day_error_count": 3, "threshold_warn": 1.6808210118138653, "30_day_warn_count": 0, "daily_sd": -0.4345240946267408, "threshold_error": 2.3712315177207977}, "menin": {"sample_sd": 2.8394052585395806, "sample_mean": 3.2666666666666666, "daily_article_count": 3, "30_day_error_count": 3, "threshold_warn": 8.9454771837458278, "30_day_warn_count": 0, "daily_sd": -0.093916381208585878, "threshold_error": 11.784882442285408}, "plagu": {"sample_sd": 0.17950549357115009, "sample_mean": 0.033333333333333333, "daily_article_count": 0, "30_day_error_count": 9, "threshold_warn": 0.3923443204756335, "30_day_warn_count": 0, "daily_sd": -0.18569533817705192, "threshold_error": 0.57184981404678359}, "westn": {"sample_sd": 1.9093337988826247, "sample_mean": 2.4333333333333331, "daily_article_count": 1, "30_day_error_count": 1, "threshold_warn": 6.252000931098582, "30_day_warn_count": 0, "daily_sd": -0.75069814098097709, "threshold_error": 8.161334729981208}, "swine": {"sample_sd": 1.9787762772874442, "sample_mean": 1.4666666666666666, "daily_article_count": 1, "30_day_error_count": 1, "threshold_warn": 5.4242192212415548, "30_day_warn_count": 0, "daily_sd": -0.23583599218522311, "threshold_error": 7.4029954985289992}, "measl": {"sample_sd": 4.007770230717103, "sample_mean": 5.0666666666666664, "daily_article_count": 6, "30_day_error_count": 2, "threshold_warn": 13.082207128100872, "30_day_warn_count": 0, "daily_sd": 0.23288094865816045, "threshold_error": 17.089977358817976}, "dengu": {"sample_sd": 2.6851443164195103, "sample_mean": 4.7000000000000002, "daily_article_count": 12, "30_day_error_count": 5, "threshold_warn": 10.07028863283902, "30_day_warn_count": 6, "daily_sd": 2.7186620679420841, "threshold_error": 12.75543294925853}, "ebola": {"sample_sd": 22.25481221369137, "sample_mean": 47.299999999999997, "daily_article_count": 23, "30_day_error_count": 0, "threshold_warn": 91.809624427382744, "30_day_warn_count": 0, "daily_sd": -1.0918986764152703, "threshold_error": 114.06443664107411}, "unkno": {"sample_sd": 37.25827275772307, "sample_mean": 74.233333333333334, "daily_article_count": 25, "30_day_error_count": 4, "threshold_warn": 148.74987884877947, "30_day_warn_count": 6, "daily_sd": -1.3214067558493574, "threshold_error": 186.00815160650257}, "mumps": {"sample_sd": 0.80622577482985502, "sample_mean": 0.5, "daily_article_count": 0, "30_day_error_count": 0, "threshold_warn": 2.1124515496597098, "30_day_warn_count": 0, "daily_sd": -0.6201736729460422, "threshold_error": 2.9186773244895652}}