{"hemmo": {"sample_sd": 0.0, "sample_mean": 0.0, "daily_article_count": 0, "30_day_error_count": 30, "threshold_warn": 0.0, "30_day_warn_count": 0, "daily_sd": 0, "threshold_error": 0.0}, "mersc": {"sample_sd": 2.6668749918626151, "sample_mean": 2.5666666666666669, "daily_article_count": 1, "30_day_error_count": 0, "threshold_warn": 7.9004166503918967, "30_day_warn_count": 0, "daily_sd": -0.58745410694052291, "threshold_error": 10.567291642254512}, "influ": {"sample_sd": 7.3828630399504673, "sample_mean": 11.4, "daily_article_count": 19, "30_day_error_count": 2, "threshold_warn": 26.165726079900935, "30_day_warn_count": 0, "daily_sd": 1.0294109424588471, "threshold_error": 33.5485891198514}, "pertu": {"sample_sd": 1.0979779394667071, "sample_mean": 1.1666666666666667, "daily_article_count": 2, "30_day_error_count": 2, "threshold_warn": 3.3626225456000807, "30_day_warn_count": 0, "daily_sd": 0.75897092589864523, "threshold_error": 4.460600485066788}, "moldf": {"sample_sd": 0.80553639823963796, "sample_mean": 0.46666666666666667, "daily_article_count": 0, "30_day_error_count": 1, "threshold_warn": 2.0777394631459427, "30_day_warn_count": 0, "daily_sd": -0.57932412202165773, "threshold_error": 2.8832758613855809}, "chole": {"sample_sd": 3.4066927591955745, "sample_mean": 4.833333333333333, "daily_article_count": 14, "30_day_error_count": 0, "threshold_warn": 11.646718851724483, "30_day_warn_count": 0, "daily_sd": 2.6907817389529431, "threshold_error": 15.053411610920055}, "hepat": {"sample_sd": 1.8681541692269406, "sample_mean": 2.1000000000000001, "daily_article_count": 6, "30_day_error_count": 2, "threshold_warn": 5.8363083384538808, "30_day_warn_count": 0, "daily_sd": 2.0876221375315378, "threshold_error": 7.7044625076808213}, "chiku": {"sample_sd": 1.5849991237291654, "sample_mean": 1.5666666666666667, "daily_article_count": 1, "30_day_error_count": 0, "threshold_warn": 4.7366649141249972, "30_day_warn_count": 0, "daily_sd": -0.35751859933740571, "threshold_error": 6.3216640378541626}, "yello": {"sample_sd": 0.33993463423951903, "sample_mean": 0.13333333333333333, "daily_article_count": 1, "30_day_error_count": 2, "threshold_warn": 0.81320260181237136, "30_day_warn_count": 0, "daily_sd": 2.5495097567963922, "threshold_error": 1.1531372360518903}, "menin": {"sample_sd": 1.9347695814575268, "sample_mean": 2.2999999999999998, "daily_article_count": 9, "30_day_error_count": 4, "threshold_warn": 6.1695391629150533, "30_day_warn_count": 0, "daily_sd": 3.462944664941789, "threshold_error": 8.104308744372581}, "plagu": {"sample_sd": 0.24944382578492943, "sample_mean": 0.066666666666666666, "daily_article_count": 0, "30_day_error_count": 5, "threshold_warn": 0.56555431823652558, "30_day_warn_count": 0, "daily_sd": -0.2672612419124244, "threshold_error": 0.81499814402145498}, "westn": {"sample_sd": 0.7187952884282609, "sample_mean": 0.5, "daily_article_count": 1, "30_day_error_count": 4, "threshold_warn": 1.9375905768565218, "30_day_warn_count": 4, "daily_sd": 0.69560834364025237, "threshold_error": 2.6563858652847827}, "swine": {"sample_sd": 17.314605267101975, "sample_mean": 25.933333333333334, "daily_article_count": 0, "30_day_error_count": 0, "threshold_warn": 60.562543867537286, "30_day_warn_count": 0, "daily_sd": -1.4977721370643706, "threshold_error": 77.877149134639254}, "measl": {"sample_sd": 9.6710334964205806, "sample_mean": 16.266666666666666, "daily_article_count": 12, "30_day_error_count": 0, "threshold_warn": 35.608733659507827, "30_day_warn_count": 0, "daily_sd": -0.44118001124138739, "threshold_error": 45.279767155928411}, "dengu": {"sample_sd": 3.4441576941571972, "sample_mean": 4.2666666666666666, "daily_article_count": 0, "30_day_error_count": 0, "threshold_warn": 11.154982054981062, "30_day_warn_count": 0, "daily_sd": -1.2388128086889882, "threshold_error": 14.599139749138256}, "ebola": {"sample_sd": 40.423535498793555, "sample_mean": 77.933333333333337, "daily_article_count": 29, "30_day_error_count": 0, "threshold_warn": 158.78040433092045, "30_day_warn_count": 0, "daily_sd": -1.2105159217157975, "threshold_error": 199.20393982971399}, "unkno": {"sample_sd": 27.022644824911819, "sample_mean": 50.100000000000001, "daily_article_count": 90, "30_day_error_count": 0, "threshold_warn": 104.14528964982364, "30_day_warn_count": 0, "daily_sd": 1.476539408282372, "threshold_error": 131.16793447473546}, "mumps": {"sample_sd": 0.29999999999999999, "sample_mean": 0.10000000000000001, "daily_article_count": 0, "30_day_error_count": 3, "threshold_warn": 0.69999999999999996, "30_day_warn_count": 0, "daily_sd": -0.33333333333333337, "threshold_error": 0.99999999999999989}}