{"hemmo": {"sample_sd": 0.66332495807108005, "sample_mean": 0.4000000000001, "daily_article_count": 0, "30_day_error_count": 7, "threshold_warn": 1.7266499161422602, "30_day_warn_count": 4, "daily_sd": -0.60302268915567792, "threshold_error": 2.38997487421334}, "mersc": {"sample_sd": 5.0261538199922047, "sample_mean": 3.0666666666667668, "daily_article_count": 1, "30_day_error_count": 0, "threshold_warn": 13.118974306651175, "30_day_warn_count": 0, "daily_sd": -0.41118253453492037, "threshold_error": 18.145128126643382}, "influ": {"sample_sd": 4.8138688529428526, "sample_mean": 5.6000000000001, "daily_article_count": 2, "30_day_error_count": 2, "threshold_warn": 15.227737705885804, "30_day_warn_count": 11, "daily_sd": -0.74783923492209792, "threshold_error": 20.041606558828658}, "pertu": {"sample_sd": 1.4067298564006128, "sample_mean": 1.5666666666667666, "daily_article_count": 0, "30_day_error_count": 0, "threshold_warn": 4.3801263794679919, "30_day_warn_count": 0, "daily_sd": -1.1136940468978049, "threshold_error": 5.7868562358686049}, "moldf": {"sample_sd": 0.29999999999999999, "sample_mean": 0.10000000000010001, "daily_article_count": 0, "30_day_error_count": 1, "threshold_warn": 0.70000000000009999, "30_day_warn_count": 0, "daily_sd": -0.33333333333366671, "threshold_error": 1.0000000000000999}, "chole": {"sample_sd": 3.9743622828770349, "sample_mean": 6.266666666666767, "daily_article_count": 5, "30_day_error_count": 0, "threshold_warn": 14.215391232420837, "30_day_warn_count": 0, "daily_sd": -0.31870941210468334, "threshold_error": 18.189753515297873}, "hepat": {"sample_sd": 1.4907119849998596, "sample_mean": 1.6666666666667667, "daily_article_count": 2, "30_day_error_count": 0, "threshold_warn": 4.6480906366664856, "30_day_warn_count": 0, "daily_sd": 0.22360679774991193, "threshold_error": 6.1388026216663452}, "chiku": {"sample_sd": 2.9664793948382653, "sample_mean": 4.0000000000001004, "daily_article_count": 1, "30_day_error_count": 0, "threshold_warn": 9.9329587896766309, "30_day_warn_count": 2, "daily_sd": -1.0112997936948969, "threshold_error": 12.899438184514896}, "yello": {"sample_sd": 0.39581140290126388, "sample_mean": 0.10000000000010001, "daily_article_count": 0, "30_day_error_count": 0, "threshold_warn": 0.89162280580262776, "30_day_warn_count": 0, "daily_sd": -0.2526455763202084, "threshold_error": 1.2874342087038917}, "menin": {"sample_sd": 2.9089898972361907, "sample_mean": 3.2666666666667665, "daily_article_count": 6, "30_day_error_count": 1, "threshold_warn": 9.0846464611391475, "30_day_warn_count": 0, "daily_sd": 0.93961595945388221, "threshold_error": 11.993636358375339}, "plagu": {"sample_sd": 0.39581140290126382, "sample_mean": 0.10000000000010001, "daily_article_count": 0, "30_day_error_count": 0, "threshold_warn": 0.89162280580262765, "30_day_warn_count": 0, "daily_sd": -0.2526455763202084, "threshold_error": 1.2874342087038915}, "westn": {"sample_sd": 2.94561821468205, "sample_mean": 4.7000000000001005, "daily_article_count": 1, "30_day_error_count": 0, "threshold_warn": 10.591236429364201, "30_day_warn_count": 0, "daily_sd": -1.2561030419889221, "threshold_error": 13.536854644046251}, "swine": {"sample_sd": 0.95510325212629354, "sample_mean": 0.76666666666676675, "daily_article_count": 0, "30_day_error_count": 2, "threshold_warn": 2.6768731709193538, "30_day_warn_count": 0, "daily_sd": -0.8027055346738472, "threshold_error": 3.6319764230456473}, "measl": {"sample_sd": 2.6768555350551804, "sample_mean": 3.0333333333334331, "daily_article_count": 3, "30_day_error_count": 0, "threshold_warn": 8.3870444034437934, "30_day_warn_count": 0, "daily_sd": -0.012452421468738695, "threshold_error": 11.063899938498974}, "dengu": {"sample_sd": 4.0618824316920952, "sample_mean": 7.3666666666667666, "daily_article_count": 12, "30_day_error_count": 1, "threshold_warn": 15.490431530050957, "30_day_warn_count": 0, "daily_sd": 1.1406862239986311, "threshold_error": 19.552313961743053}, "ebola": {"sample_sd": 116.1913938293194, "sample_mean": 325.40000000000009, "daily_article_count": 978, "30_day_error_count": 15, "threshold_warn": 557.78278765863888, "30_day_warn_count": 13, "daily_sd": 5.6165949860162945, "threshold_error": 673.97418148795828}, "unkno": {"sample_sd": 79.564935046092316, "sample_mean": 95.433333333333437, "daily_article_count": 33, "30_day_error_count": 0, "threshold_warn": 254.56320342551805, "30_day_warn_count": 0, "daily_sd": -0.78468402314619545, "threshold_error": 334.12813847161038}, "mumps": {"sample_sd": 0.82999330653258208, "sample_mean": 0.33333333333343329, "daily_article_count": 0, "30_day_error_count": 0, "threshold_warn": 1.9933199463985973, "30_day_warn_count": 0, "daily_sd": -0.40160966445136992, "threshold_error": 2.8233132529311797}}