{"hemmo": {"sample_sd": 0.0, "sample_mean": 1e-13, "daily_article_count": 0, "30_day_error_count": 1, "threshold_warn": 1e-13, "30_day_warn_count": 0, "daily_sd": -Infinity, "threshold_error": 1e-13}, "mersc": {"sample_sd": 5.0930235507887538, "sample_mean": 6.8333333333334334, "daily_article_count": 0, "30_day_error_count": 0, "threshold_warn": 17.019380434910943, "30_day_warn_count": 0, "daily_sd": -1.3417046407089868, "threshold_error": 22.112403985699693}, "influ": {"sample_sd": 7.543650751901672, "sample_mean": 11.600000000000099, "daily_article_count": 10, "30_day_error_count": 0, "threshold_warn": 26.687301503803443, "30_day_warn_count": 0, "daily_sd": -0.2120988964920939, "threshold_error": 34.230952255705112}, "pertu": {"sample_sd": 1.1930353445448854, "sample_mean": 1.1000000000001, "daily_article_count": 0, "30_day_error_count": 0, "threshold_warn": 3.4860706890898707, "30_day_warn_count": 0, "daily_sd": -0.9220179477748196, "threshold_error": 4.6791060336347563}, "moldf": {"sample_sd": 1.0132456102380445, "sample_mean": 0.80000000000010008, "daily_article_count": 0, "30_day_error_count": 1, "threshold_warn": 2.8264912204761892, "30_day_warn_count": 0, "daily_sd": -0.78954203395182132, "threshold_error": 3.8397368307142337}, "chole": {"sample_sd": 4.0160787951544092, "sample_mean": 5.7333333333334338, "daily_article_count": 1, "30_day_error_count": 0, "threshold_warn": 13.765490923642252, "30_day_warn_count": 0, "daily_sd": -1.1785957334911921, "threshold_error": 17.781569718796661}, "hepat": {"sample_sd": 6.4360961252403097, "sample_mean": 5.9000000000001007, "daily_article_count": 4, "30_day_error_count": 0, "threshold_warn": 18.772192250480721, "30_day_warn_count": 0, "daily_sd": -0.29521000976801892, "threshold_error": 25.208288375721029}, "chiku": {"sample_sd": 1.4302291968616621, "sample_mean": 1.4333333333334333, "daily_article_count": 1, "30_day_error_count": 1, "threshold_warn": 4.2937917270567576, "30_day_warn_count": 0, "daily_sd": -0.30298174186647314, "threshold_error": 5.7240209239184194}, "yello": {"sample_sd": 0.45338235029118146, "sample_mean": 0.16666666666676666, "daily_article_count": 0, "30_day_error_count": 1, "threshold_warn": 1.0734313672491296, "30_day_warn_count": 0, "daily_sd": -0.36760731104712441, "threshold_error": 1.5268137175403111}, "menin": {"sample_sd": 2.8364688532673079, "sample_mean": 3.433333333333433, "daily_article_count": 1, "30_day_error_count": 0, "threshold_warn": 9.106271039868048, "30_day_warn_count": 0, "daily_sd": -0.8578741594608007, "threshold_error": 11.942739893135357}, "plagu": {"sample_sd": 0.37267799624996495, "sample_mean": 0.16666666666676666, "daily_article_count": 0, "30_day_error_count": 0, "threshold_warn": 0.91202265916669656, "30_day_warn_count": 0, "daily_sd": -0.44721359550022627, "threshold_error": 1.2847006554166616}, "westn": {"sample_sd": 0.66749947981669266, "sample_mean": 0.43333333333343332, "daily_article_count": 2, "30_day_error_count": 3, "threshold_warn": 1.7683322929668186, "30_day_warn_count": 0, "daily_sd": 2.3470679963627861, "threshold_error": 2.4358317727835117}, "swine": {"sample_sd": 21.548292017904551, "sample_mean": 49.266666666666765, "daily_article_count": 2, "30_day_error_count": 0, "threshold_warn": 92.363250702475867, "30_day_warn_count": 0, "daily_sd": -2.1935226526256804, "threshold_error": 113.91154272038042}, "measl": {"sample_sd": 22.790836365131977, "sample_mean": 36.666666666666764, "daily_article_count": 2, "30_day_error_count": 0, "threshold_warn": 82.248339396930717, "30_day_warn_count": 0, "daily_sd": -1.5210791789854534, "threshold_error": 105.03917576206268}, "dengu": {"sample_sd": 3.0081371127142607, "sample_mean": 4.4666666666667671, "daily_article_count": 1, "30_day_error_count": 1, "threshold_warn": 10.482940892095289, "30_day_warn_count": 0, "daily_sd": -1.1524297386626676, "threshold_error": 13.491078004809548}, "ebola": {"sample_sd": 38.199200107972011, "sample_mean": 82.433333333333437, "daily_article_count": 21, "30_day_error_count": 0, "threshold_warn": 158.83173354927746, "30_day_warn_count": 0, "daily_sd": -1.6082361190728849, "threshold_error": 197.03093365724948}, "unkno": {"sample_sd": 32.100000000000001, "sample_mean": 59.700000000000102, "daily_article_count": 24, "30_day_error_count": 0, "threshold_warn": 123.90000000000011, "30_day_warn_count": 0, "daily_sd": -1.1121495327102835, "threshold_error": 156.00000000000011}, "mumps": {"sample_sd": 0.33993463423951903, "sample_mean": 0.13333333333343333, "daily_article_count": 0, "30_day_error_count": 0, "threshold_warn": 0.81320260181247139, "30_day_warn_count": 0, "daily_sd": -0.39223227027666219, "threshold_error": 1.1531372360519905}}