{"hemmo": {"sample_sd": 0.0, "sample_mean": 0.0, "daily_article_count": 0, "30_day_error_count": 30, "threshold_warn": 0.0, "30_day_warn_count": 0, "daily_sd": 0, "threshold_error": 0.0}, "mersc": {"sample_sd": 8.4359679679071533, "sample_mean": 11.633333333333333, "daily_article_count": 0, "30_day_error_count": 0, "threshold_warn": 28.505269269147639, "30_day_warn_count": 0, "daily_sd": -1.3790158257582148, "threshold_error": 36.941237237054793}, "influ": {"sample_sd": 1.8199511592958264, "sample_mean": 2.2333333333333334, "daily_article_count": 2, "30_day_error_count": 4, "threshold_warn": 5.8732356519249862, "30_day_warn_count": 0, "daily_sd": -0.128208568752809, "threshold_error": 7.693186811220813}, "pertu": {"sample_sd": 3.5095108870990366, "sample_mean": 2.5, "daily_article_count": 0, "30_day_error_count": 0, "threshold_warn": 9.5190217741980732, "30_day_warn_count": 0, "daily_sd": -0.71234997708370162, "threshold_error": 13.02853266129711}, "moldf": {"sample_sd": 0.75203427817856516, "sample_mean": 0.36666666666666664, "daily_article_count": 0, "30_day_error_count": 0, "threshold_warn": 1.870735223023797, "30_day_warn_count": 0, "daily_sd": -0.48756642789572985, "threshold_error": 2.6227695012023622}, "chole": {"sample_sd": 4.0673496694202891, "sample_mean": 5.7000000000000002, "daily_article_count": 6, "30_day_error_count": 1, "threshold_warn": 13.834699338840579, "30_day_warn_count": 0, "daily_sd": 0.073758104019308032, "threshold_error": 17.902049008260867}, "hepat": {"sample_sd": 3.000925783080207, "sample_mean": 2.1666666666666665, "daily_article_count": 1, "30_day_error_count": 0, "threshold_warn": 8.1685182328270809, "30_day_warn_count": 0, "daily_sd": -0.38876891699373445, "threshold_error": 11.169444015907287}, "chiku": {"sample_sd": 6.8900088695314619, "sample_mean": 8.8333333333333339, "daily_article_count": 8, "30_day_error_count": 1, "threshold_warn": 22.613351072396256, "30_day_warn_count": 0, "daily_sd": -0.12094807845871507, "threshold_error": 29.503359941927719}, "yello": {"sample_sd": 0.91954094827558153, "sample_mean": 0.43333333333333335, "daily_article_count": 0, "30_day_error_count": 0, "threshold_warn": 2.2724152298844964, "30_day_warn_count": 0, "daily_sd": -0.47124963183636892, "threshold_error": 3.191956178160078}, "menin": {"sample_sd": 1.7065234314893605, "sample_mean": 1.5666666666666667, "daily_article_count": 0, "30_day_error_count": 0, "threshold_warn": 4.9797135296453874, "30_day_warn_count": 0, "daily_sd": -0.91804579870278458, "threshold_error": 6.6862369611347479}, "plagu": {"sample_sd": 0.0, "sample_mean": 0.0, "daily_article_count": 0, "30_day_error_count": 30, "threshold_warn": 0.0, "30_day_warn_count": 0, "daily_sd": 0, "threshold_error": 0.0}, "westn": {"sample_sd": 1.6519348924485155, "sample_mean": 2.0666666666666669, "daily_article_count": 2, "30_day_error_count": 2, "threshold_warn": 5.370536451563698, "30_day_warn_count": 3, "daily_sd": -0.040356715613563215, "threshold_error": 7.0224713440122137}, "swine": {"sample_sd": 0.71180521680208741, "sample_mean": 0.40000000000000002, "daily_article_count": 1, "30_day_error_count": 6, "threshold_warn": 1.8236104336041747, "30_day_warn_count": 3, "daily_sd": 0.84292723042352458, "threshold_error": 2.5354156504062622}, "measl": {"sample_sd": 9.8199909481741496, "sample_mean": 8.6333333333333329, "daily_article_count": 2, "30_day_error_count": 0, "threshold_warn": 28.273315229681632, "30_day_warn_count": 0, "daily_sd": -0.67549281545587181, "threshold_error": 38.09330617785578}, "dengu": {"sample_sd": 2.5993588953175872, "sample_mean": 2.8999999999999999, "daily_article_count": 1, "30_day_error_count": 5, "threshold_warn": 8.0987177906351739, "30_day_warn_count": 9, "daily_sd": -0.73094946735620347, "threshold_error": 10.698076685952762}, "ebola": {"sample_sd": 8.5114954946563621, "sample_mean": 11.233333333333333, "daily_article_count": 19, "30_day_error_count": 10, "threshold_warn": 28.256324322646059, "30_day_warn_count": 14, "daily_sd": 0.91249142662916183, "threshold_error": 36.767819817302417}, "unkno": {"sample_sd": 25.672293755460704, "sample_mean": 56.0, "daily_article_count": 66, "30_day_error_count": 2, "threshold_warn": 107.3445875109214, "30_day_warn_count": 1, "daily_sd": 0.38952499123195483, "threshold_error": 133.01688126638211}, "mumps": {"sample_sd": 0.52599112793531666, "sample_mean": 0.29999999999999999, "daily_article_count": 0, "30_day_error_count": 1, "threshold_warn": 1.3519822558706334, "30_day_warn_count": 0, "daily_sd": -0.57035182547203012, "threshold_error": 1.87797338380595}}