{"hemmo": {"sample_sd": 0.17950549357115014, "sample_mean": 0.033333333333333333, "daily_article_count": 1, "30_day_error_count": 8, "threshold_warn": 0.39234432047563361, "30_day_warn_count": 0, "daily_sd": 5.3851648071345037, "threshold_error": 0.5718498140467837}, "mersc": {"sample_sd": 4.5118362854459457, "sample_mean": 6.0999999999999996, "daily_article_count": 0, "30_day_error_count": 1, "threshold_warn": 15.123672570891891, "30_day_warn_count": 0, "daily_sd": -1.3519994108999638, "threshold_error": 19.635508856337836}, "influ": {"sample_sd": 2.6265736024122552, "sample_mean": 2.6333333333333333, "daily_article_count": 0, "30_day_error_count": 2, "threshold_warn": 7.8864805381578442, "30_day_warn_count": 0, "daily_sd": -1.0025735928035178, "threshold_error": 10.513054140570098}, "pertu": {"sample_sd": 3.6394444020420971, "sample_mean": 2.5666666666666669, "daily_article_count": 3, "30_day_error_count": 0, "threshold_warn": 9.8455554707508615, "30_day_warn_count": 0, "daily_sd": 0.11906579286942513, "threshold_error": 13.484999872792958}, "moldf": {"sample_sd": 0.67986926847903806, "sample_mean": 0.26666666666666666, "daily_article_count": 0, "30_day_error_count": 0, "threshold_warn": 1.6264052036247427, "30_day_warn_count": 0, "daily_sd": -0.39223227027636803, "threshold_error": 2.3062744721037807}, "chole": {"sample_sd": 2.5753101215624929, "sample_mean": 3.3666666666666667, "daily_article_count": 2, "30_day_error_count": 5, "threshold_warn": 8.5172869097916521, "30_day_warn_count": 2, "daily_sd": -0.53068042377648961, "threshold_error": 11.092597031354146}, "hepat": {"sample_sd": 1.5423647068345701, "sample_mean": 1.5666666666666667, "daily_article_count": 0, "30_day_error_count": 6, "threshold_warn": 4.6513960803358065, "30_day_warn_count": 1, "daily_sd": -1.0157562992231404, "threshold_error": 6.1937607871703761}, "chiku": {"sample_sd": 6.685057965343308, "sample_mean": 11.1, "daily_article_count": 10, "30_day_error_count": 1, "threshold_warn": 24.470115930686617, "30_day_warn_count": 0, "daily_sd": -0.16454606761865373, "threshold_error": 31.155173896029922}, "yello": {"sample_sd": 0.86216781042517088, "sample_mean": 0.29999999999999999, "daily_article_count": 1, "30_day_error_count": 0, "threshold_warn": 2.0243356208503416, "30_day_warn_count": 0, "daily_sd": 0.81190690667841192, "threshold_error": 2.8865034312755125}, "menin": {"sample_sd": 1.7729448195962931, "sample_mean": 1.3, "daily_article_count": 0, "30_day_error_count": 1, "threshold_warn": 4.8458896391925865, "30_day_warn_count": 0, "daily_sd": -0.73324335062837176, "threshold_error": 6.6188344587888794}, "plagu": {"sample_sd": 0.17950549357115009, "sample_mean": 0.033333333333333333, "daily_article_count": 0, "30_day_error_count": 12, "threshold_warn": 0.3923443204756335, "30_day_warn_count": 0, "daily_sd": -0.18569533817705192, "threshold_error": 0.57184981404678359}, "westn": {"sample_sd": 1.9689252567496478, "sample_mean": 3.2999999999999998, "daily_article_count": 6, "30_day_error_count": 1, "threshold_warn": 7.2378505134992954, "30_day_warn_count": 0, "daily_sd": 1.371306498682042, "threshold_error": 9.2067757702489423}, "swine": {"sample_sd": 1.9405039437103841, "sample_mean": 1.3666666666666667, "daily_article_count": 0, "30_day_error_count": 0, "threshold_warn": 5.2476745540874354, "30_day_warn_count": 0, "daily_sd": -0.70428440565469863, "threshold_error": 7.1881784977978196}, "measl": {"sample_sd": 4.1366921836441035, "sample_mean": 6.4333333333333336, "daily_article_count": 3, "30_day_error_count": 1, "threshold_warn": 14.706717700621541, "30_day_warn_count": 0, "daily_sd": -0.82997070628272718, "threshold_error": 18.843409884265643}, "dengu": {"sample_sd": 3.0457620830699605, "sample_mean": 4.7000000000000002, "daily_article_count": 3, "30_day_error_count": 1, "threshold_warn": 10.791524166139922, "30_day_warn_count": 2, "daily_sd": -0.5581525915794755, "threshold_error": 13.837286249209882}, "ebola": {"sample_sd": 17.898975762130451, "sample_mean": 24.600000000000001, "daily_article_count": 516, "30_day_error_count": 15, "threshold_warn": 60.397951524260904, "30_day_warn_count": 1, "daily_sd": 27.454084889017714, "threshold_error": 78.296927286391366}, "unkno": {"sample_sd": 69.084843168060786, "sample_mean": 64.466666666666669, "daily_article_count": 39, "30_day_error_count": 0, "threshold_warn": 202.63635300278824, "30_day_warn_count": 5, "daily_sd": -0.36862885545986712, "threshold_error": 271.721196170849}, "mumps": {"sample_sd": 0.45338235029118146, "sample_mean": 0.16666666666666666, "daily_article_count": 0, "30_day_error_count": 1, "threshold_warn": 1.0734313672490297, "30_day_warn_count": 0, "daily_sd": -0.36760731104690386, "threshold_error": 1.5268137175402112}}