{"hemmo": {"sample_sd": 2.0612833111653743, "sample_mean": 1.1333333333334332, "daily_article_count": 0, "30_day_error_count": 0, "threshold_warn": 5.2558999556641819, "30_day_warn_count": 0, "daily_sd": -0.54981929325022671, "threshold_error": 7.3171832668295567}, "mersc": {"sample_sd": 2.3437861108329261, "sample_mean": 2.2000000000001001, "daily_article_count": 6, "30_day_error_count": 0, "threshold_warn": 6.8875722216659518, "30_day_warn_count": 0, "daily_sd": 1.621308353367394, "threshold_error": 9.2313583324988784}, "influ": {"sample_sd": 4.8075172617705926, "sample_mean": 10.433333333333433, "daily_article_count": 13, "30_day_error_count": 0, "threshold_warn": 20.04836785687462, "30_day_warn_count": 0, "daily_sd": 0.53388610522040481, "threshold_error": 24.855885118645212}, "pertu": {"sample_sd": 1.2489995996796797, "sample_mean": 1.2000000000000999, "daily_article_count": 2, "30_day_error_count": 0, "threshold_warn": 3.697999199359459, "30_day_warn_count": 0, "daily_sd": 0.64051261522026859, "threshold_error": 4.9469987990391386}, "moldf": {"sample_sd": 0.33993463423951903, "sample_mean": 0.13333333333343333, "daily_article_count": 0, "30_day_error_count": 3, "threshold_warn": 0.81320260181247139, "30_day_warn_count": 0, "daily_sd": -0.39223227027666219, "threshold_error": 1.1531372360519905}, "chole": {"sample_sd": 2.4269322199023193, "sample_mean": 4.1000000000001, "daily_article_count": 1, "30_day_error_count": 3, "threshold_warn": 8.9538644398047396, "30_day_warn_count": 0, "daily_sd": -1.2773327473170515, "threshold_error": 11.380796659707059}, "hepat": {"sample_sd": 1.5849991237291654, "sample_mean": 1.4333333333334333, "daily_article_count": 3, "30_day_error_count": 0, "threshold_warn": 4.6033315807917639, "30_day_warn_count": 0, "daily_sd": 0.9884337746386469, "threshold_error": 6.1883307045209293}, "chiku": {"sample_sd": 2.6892791268706606, "sample_mean": 4.6333333333334341, "daily_article_count": 2, "30_day_error_count": 0, "threshold_warn": 10.011891587074755, "30_day_warn_count": 0, "daily_sd": -0.97919673232197102, "threshold_error": 12.701170713945416}, "yello": {"sample_sd": 0.17950549357115014, "sample_mean": 0.033333333333433336, "daily_article_count": 0, "30_day_error_count": 7, "threshold_warn": 0.39234432047573364, "30_day_warn_count": 0, "daily_sd": -0.18569533817760894, "threshold_error": 0.57184981404688373}, "menin": {"sample_sd": 2.7890659527678601, "sample_mean": 3.5666666666667668, "daily_article_count": 1, "30_day_error_count": 2, "threshold_warn": 9.144798572202486, "30_day_warn_count": 4, "daily_sd": -0.92026029865647851, "threshold_error": 11.933864524970346}, "plagu": {"sample_sd": 0.17950549357115012, "sample_mean": 0.033333333333433336, "daily_article_count": 0, "30_day_error_count": 4, "threshold_warn": 0.39234432047573359, "30_day_warn_count": 0, "daily_sd": -0.185695338177609, "threshold_error": 0.57184981404688373}, "westn": {"sample_sd": 2.275717225159771, "sample_mean": 3.2333333333334333, "daily_article_count": 0, "30_day_error_count": 0, "threshold_warn": 7.7847677836529758, "30_day_warn_count": 0, "daily_sd": -1.4207974952188671, "threshold_error": 10.060485008812746}, "swine": {"sample_sd": 0.99777530313971785, "sample_mean": 1.0666666666667666, "daily_article_count": 6, "30_day_error_count": 2, "threshold_warn": 3.0622172729462021, "30_day_warn_count": 0, "daily_sd": 4.9443329753797505, "threshold_error": 4.0599925760859206}, "measl": {"sample_sd": 2.6923760675078232, "sample_mean": 3.1333333333334332, "daily_article_count": 2, "30_day_error_count": 0, "threshold_warn": 8.5180854683490796, "30_day_warn_count": 0, "daily_sd": -0.42094169050555197, "threshold_error": 11.210461535856904}, "dengu": {"sample_sd": 4.2817441928883762, "sample_mean": 9.0000000000000995, "daily_article_count": 9, "30_day_error_count": 0, "threshold_warn": 17.56348838577685, "30_day_warn_count": 0, "daily_sd": -2.3232584321976877e-14, "threshold_error": 21.845232578665229}, "ebola": {"sample_sd": 301.9561428787668, "sample_mean": 453.56666666666678, "daily_article_count": 285, "30_day_error_count": 5, "threshold_warn": 1057.4789524242003, "30_day_warn_count": 17, "daily_sd": -0.55824884057531854, "threshold_error": 1359.4350953029673}, "unkno": {"sample_sd": 46.605066486619485, "sample_mean": 91.966666666666768, "daily_article_count": 31, "30_day_error_count": 0, "threshold_warn": 185.17679963990574, "30_day_warn_count": 0, "daily_sd": -1.3081553415264531, "threshold_error": 231.78186612652524}, "mumps": {"sample_sd": 0.17950549357115009, "sample_mean": 0.033333333333433336, "daily_article_count": 0, "30_day_error_count": 5, "threshold_warn": 0.39234432047573353, "30_day_warn_count": 0, "daily_sd": -0.18569533817760903, "threshold_error": 0.57184981404688362}}