{"hemmo": {"sample_sd": 0.24944382578492943, "sample_mean": 0.066666666666766669, "daily_article_count": 0, "30_day_error_count": 3, "threshold_warn": 0.5655543182366255, "30_day_warn_count": 0, "daily_sd": -0.2672612419128253, "threshold_error": 0.81499814402155502}, "mersc": {"sample_sd": 1.0934146311237816, "sample_mean": 0.73333333333343331, "daily_article_count": 1, "30_day_error_count": 0, "threshold_warn": 2.9201625955809964, "30_day_warn_count": 0, "daily_sd": 0.24388430433978553, "threshold_error": 4.0135772267047773}, "influ": {"sample_sd": 8.1032229527652895, "sample_mean": 15.733333333333432, "daily_article_count": 20, "30_day_error_count": 0, "threshold_warn": 31.939779238864013, "30_day_warn_count": 0, "daily_sd": 0.52653946356129, "threshold_error": 40.043002191629299}, "pertu": {"sample_sd": 1.2892719737209144, "sample_mean": 1.9333333333334333, "daily_article_count": 1, "30_day_error_count": 1, "threshold_warn": 4.5118772807752618, "30_day_warn_count": 0, "daily_sd": -0.72392276599310434, "threshold_error": 5.8011492544961767}, "moldf": {"sample_sd": 0.9574271077563381, "sample_mean": 0.50000000000010003, "daily_article_count": 1, "30_day_error_count": 0, "threshold_warn": 2.4148542155127761, "30_day_warn_count": 0, "daily_sd": 0.52223296786698903, "threshold_error": 3.3722813232691142}, "chole": {"sample_sd": 2.8370563774604287, "sample_mean": 4.1333333333334341, "daily_article_count": 17, "30_day_error_count": 3, "threshold_warn": 9.8074460882542915, "30_day_warn_count": 1, "daily_sd": 4.5352171246537134, "threshold_error": 12.644502465714721}, "hepat": {"sample_sd": 2.1898756940875788, "sample_mean": 2.933333333333433, "daily_article_count": 5, "30_day_error_count": 1, "threshold_warn": 7.3130847215085906, "30_day_warn_count": 0, "daily_sd": 0.9437369765993282, "threshold_error": 9.5029604155961689}, "chiku": {"sample_sd": 1.5509853498842454, "sample_mean": 1.1666666666667667, "daily_article_count": 3, "30_day_error_count": 0, "threshold_warn": 4.2686373664352573, "30_day_warn_count": 0, "daily_sd": 1.1820442620364275, "threshold_error": 5.8196227163195031}, "yello": {"sample_sd": 0.47609522856952335, "sample_mean": 0.20000000000010001, "daily_article_count": 2, "30_day_error_count": 2, "threshold_warn": 1.1521904571391468, "30_day_warn_count": 0, "daily_sd": 3.780756226875416, "threshold_error": 1.6282856857086703}, "menin": {"sample_sd": 2.367605447610635, "sample_mean": 2.8333333333334334, "daily_article_count": 0, "30_day_error_count": 2, "threshold_warn": 7.5685442285547033, "30_day_warn_count": 0, "daily_sd": -1.1967084026575485, "threshold_error": 9.9361496761653392}, "plagu": {"sample_sd": 0.33993463423951903, "sample_mean": 0.13333333333343333, "daily_article_count": 0, "30_day_error_count": 3, "threshold_warn": 0.81320260181247139, "30_day_warn_count": 0, "daily_sd": -0.39223227027666219, "threshold_error": 1.1531372360519905}, "westn": {"sample_sd": 1.3515423288475528, "sample_mean": 1.2000000000000999, "daily_article_count": 4, "30_day_error_count": 0, "threshold_warn": 3.9030846576952056, "30_day_warn_count": 0, "daily_sd": 2.0717072194012847, "threshold_error": 5.2546269865427577}, "swine": {"sample_sd": 3.9028479629909008, "sample_mean": 5.0333333333334336, "daily_article_count": 0, "30_day_error_count": 0, "threshold_warn": 12.839029259315236, "30_day_warn_count": 0, "daily_sd": -1.2896565228936561, "threshold_error": 16.741877222306137}, "measl": {"sample_sd": 5.9860021902954745, "sample_mean": 9.0333333333334327, "daily_article_count": 7, "30_day_error_count": 0, "threshold_warn": 21.005337713924384, "30_day_warn_count": 0, "daily_sd": -0.33968135471615413, "threshold_error": 26.991339904219856}, "dengu": {"sample_sd": 2.9066972475455524, "sample_mean": 4.1333333333334341, "daily_article_count": 8, "30_day_error_count": 0, "threshold_warn": 9.9467278284245388, "30_day_warn_count": 0, "daily_sd": 1.3302612337530586, "threshold_error": 12.853425075970092}, "ebola": {"sample_sd": 24.936719912610801, "sample_mean": 58.400000000000098, "daily_article_count": 60, "30_day_error_count": 0, "threshold_warn": 108.2734398252217, "30_day_warn_count": 1, "daily_sd": 0.064162408111692451, "threshold_error": 133.2101597378325}, "unkno": {"sample_sd": 25.982494106609547, "sample_mean": 54.900000000000098, "daily_article_count": 68, "30_day_error_count": 0, "threshold_warn": 106.86498821321919, "30_day_warn_count": 0, "daily_sd": 0.50418562383768473, "threshold_error": 132.84748231982874}, "mumps": {"sample_sd": 0.29999999999999999, "sample_mean": 0.10000000000010001, "daily_article_count": 0, "30_day_error_count": 3, "threshold_warn": 0.70000000000009999, "30_day_warn_count": 0, "daily_sd": -0.33333333333366671, "threshold_error": 1.0000000000000999}}