{"hemmo": {"sample_sd": 1.0225241100118647, "sample_mean": 0.43333333333333335, "daily_article_count": 1, "30_day_error_count": 0, "threshold_warn": 2.478381553357063, "30_day_warn_count": 0, "daily_sd": 0.55418416164298701, "threshold_error": 3.5009056633689273}, "mersc": {"sample_sd": 4.3964632250126803, "sample_mean": 2.0666666666666669, "daily_article_count": 2, "30_day_error_count": 2, "threshold_warn": 10.859593116692027, "30_day_warn_count": 0, "daily_sd": -0.015163703926233705, "threshold_error": 15.256056341704706}, "influ": {"sample_sd": 7.4147750396683563, "sample_mean": 5.4333333333333336, "daily_article_count": 12, "30_day_error_count": 0, "threshold_warn": 20.262883412670046, "30_day_warn_count": 0, "daily_sd": 0.88561913632384137, "threshold_error": 27.677658452338402}, "pertu": {"sample_sd": 1.416176385749867, "sample_mean": 1.8333333333333333, "daily_article_count": 1, "30_day_error_count": 1, "threshold_warn": 4.6656861048330676, "30_day_warn_count": 0, "daily_sd": -0.5884389414473129, "threshold_error": 6.0818624905829344}, "moldf": {"sample_sd": 0.6403124237432849, "sample_mean": 0.29999999999999999, "daily_article_count": 0, "30_day_error_count": 0, "threshold_warn": 1.5806248474865698, "30_day_warn_count": 0, "daily_sd": -0.46852128566581813, "threshold_error": 2.2209372712298547}, "chole": {"sample_sd": 5.1402550736536634, "sample_mean": 6.666666666666667, "daily_article_count": 3, "30_day_error_count": 1, "threshold_warn": 16.947176813973993, "30_day_warn_count": 0, "daily_sd": -0.71332387481316595, "threshold_error": 22.087431887627659}, "hepat": {"sample_sd": 4.6929024423413415, "sample_mean": 4.0999999999999996, "daily_article_count": 5, "30_day_error_count": 0, "threshold_warn": 13.485804884682683, "30_day_warn_count": 0, "daily_sd": 0.19177897070261285, "threshold_error": 18.178707327024021}, "chiku": {"sample_sd": 9.485427419643953, "sample_mean": 8.4000000000000004, "daily_article_count": 2, "30_day_error_count": 0, "threshold_warn": 27.370854839287908, "30_day_warn_count": 0, "daily_sd": -0.67471919997467356, "threshold_error": 36.856282258931856}, "yello": {"sample_sd": 0.47609522856952335, "sample_mean": 0.20000000000000001, "daily_article_count": 0, "30_day_error_count": 3, "threshold_warn": 1.1521904571390467, "30_day_warn_count": 0, "daily_sd": -0.42008402520840293, "threshold_error": 1.6282856857085701}, "menin": {"sample_sd": 1.4220486005134361, "sample_mean": 1.6666666666666667, "daily_article_count": 10, "30_day_error_count": 1, "threshold_warn": 4.5107638676935391, "30_day_warn_count": 0, "daily_sd": 5.8600903867311933, "threshold_error": 5.9328124682069747}, "plagu": {"sample_sd": 5.6234627529070842, "sample_mean": 2.1000000000000001, "daily_article_count": 0, "30_day_error_count": 0, "threshold_warn": 13.346925505814168, "30_day_warn_count": 0, "daily_sd": -0.37343538888283595, "threshold_error": 18.970388258721254}, "westn": {"sample_sd": 2.5429641497014202, "sample_mean": 4.0, "daily_article_count": 4, "30_day_error_count": 1, "threshold_warn": 9.0859282994028412, "30_day_warn_count": 0, "daily_sd": 0.0, "threshold_error": 11.62889244910426}, "swine": {"sample_sd": 1.14697670227235, "sample_mean": 0.8666666666666667, "daily_article_count": 1, "30_day_error_count": 0, "threshold_warn": 3.1606200712113668, "30_day_warn_count": 0, "daily_sd": 0.11624763874381927, "threshold_error": 4.3075967734837164}, "measl": {"sample_sd": 6.0051829466072233, "sample_mean": 4.0666666666666664, "daily_article_count": 4, "30_day_error_count": 0, "threshold_warn": 16.077032559881111, "30_day_warn_count": 0, "daily_sd": -0.01110152134571211, "threshold_error": 22.082215506488335}, "dengu": {"sample_sd": 4.0062451248020263, "sample_mean": 5.5, "daily_article_count": 7, "30_day_error_count": 0, "threshold_warn": 13.512490249604053, "30_day_warn_count": 2, "daily_sd": 0.37441543222448836, "threshold_error": 17.518735374406077}, "ebola": {"sample_sd": 246.65315503534285, "sample_mean": 250.23333333333332, "daily_article_count": 319, "30_day_error_count": 0, "threshold_warn": 743.53964340401899, "30_day_warn_count": 7, "daily_sd": 0.27879905552723672, "threshold_error": 990.19279843936192}, "unkno": {"sample_sd": 46.269020113054289, "sample_mean": 80.666666666666671, "daily_article_count": 169, "30_day_error_count": 2, "threshold_warn": 173.20470689277525, "30_day_warn_count": 0, "daily_sd": 1.9091247905725814, "threshold_error": 219.47372700582952}, "mumps": {"sample_sd": 0.39581140290126388, "sample_mean": 0.10000000000000001, "daily_article_count": 1, "30_day_error_count": 2, "threshold_warn": 0.89162280580252773, "30_day_warn_count": 0, "daily_sd": 2.2738101868796012, "threshold_error": 1.2874342087037918}}