{"hemmo": {"sample_sd": 0.24944382578492943, "sample_mean": 0.066666666666666666, "daily_article_count": 0, "30_day_error_count": 0, "threshold_warn": 0.56555431823652558, "30_day_warn_count": 0, "daily_sd": -0.2672612419124244, "threshold_error": 0.81499814402145498}, "mersc": {"sample_sd": 6.1065538563088095, "sample_mean": 5.0999999999999996, "daily_article_count": 0, "30_day_error_count": 0, "threshold_warn": 17.313107712617619, "30_day_warn_count": 0, "daily_sd": -0.83516826675180833, "threshold_error": 23.419661568926429}, "influ": {"sample_sd": 7.4472963028351584, "sample_mean": 11.933333333333334, "daily_article_count": 2, "30_day_error_count": 0, "threshold_warn": 26.827925939003649, "30_day_warn_count": 0, "daily_sd": -1.333817392165765, "threshold_error": 34.275222241838804}, "pertu": {"sample_sd": 1.5577761927397229, "sample_mean": 2.2000000000000002, "daily_article_count": 2, "30_day_error_count": 0, "threshold_warn": 5.315552385479446, "30_day_warn_count": 0, "daily_sd": -0.12838814775327401, "threshold_error": 6.8733285782191684}, "moldf": {"sample_sd": 0.84393259341147742, "sample_mean": 0.43333333333333335, "daily_article_count": 0, "30_day_error_count": 1, "threshold_warn": 2.1211985201562884, "30_day_warn_count": 0, "daily_sd": -0.51346912859668692, "threshold_error": 2.9651311135677654}, "chole": {"sample_sd": 3.320140559273558, "sample_mean": 4.0999999999999996, "daily_article_count": 6, "30_day_error_count": 0, "threshold_warn": 10.740281118547117, "30_day_warn_count": 0, "daily_sd": 0.57226492857149325, "threshold_error": 14.060421677820674}, "hepat": {"sample_sd": 6.5510813356778481, "sample_mean": 5.5, "daily_article_count": 1, "30_day_error_count": 0, "threshold_warn": 18.602162671355696, "30_day_warn_count": 0, "daily_sd": -0.68690949927495892, "threshold_error": 25.153244007033543}, "chiku": {"sample_sd": 2.7213150415847767, "sample_mean": 2.1666666666666665, "daily_article_count": 3, "30_day_error_count": 0, "threshold_warn": 7.6092967498362203, "30_day_warn_count": 0, "daily_sd": 0.30622449830286319, "threshold_error": 10.330611791420996}, "yello": {"sample_sd": 0.66749947981669289, "sample_mean": 0.43333333333333335, "daily_article_count": 0, "30_day_error_count": 0, "threshold_warn": 1.7683322929667191, "30_day_warn_count": 0, "daily_sd": -0.64918902027059899, "threshold_error": 2.4358317727834118}, "menin": {"sample_sd": 3.0127506811328857, "sample_mean": 4.7000000000000002, "daily_article_count": 1, "30_day_error_count": 0, "threshold_warn": 10.725501362265771, "30_day_warn_count": 0, "daily_sd": -1.2281135718169311, "threshold_error": 13.738252043398656}, "plagu": {"sample_sd": 0.74535599249992979, "sample_mean": 0.33333333333333331, "daily_article_count": 0, "30_day_error_count": 0, "threshold_warn": 1.8240453183331928, "30_day_warn_count": 0, "daily_sd": -0.44721359549995798, "threshold_error": 2.5694013108331228}, "westn": {"sample_sd": 0.64031242374328479, "sample_mean": 0.29999999999999999, "daily_article_count": 0, "30_day_error_count": 0, "threshold_warn": 1.5806248474865696, "30_day_warn_count": 0, "daily_sd": -0.46852128566581824, "threshold_error": 2.2209372712298543}, "swine": {"sample_sd": 24.032408673844298, "sample_mean": 32.100000000000001, "daily_article_count": 6, "30_day_error_count": 0, "threshold_warn": 80.164817347688597, "30_day_warn_count": 5, "daily_sd": -1.0860334623223169, "threshold_error": 104.19722602153288}, "measl": {"sample_sd": 52.607656814911984, "sample_mean": 92.033333333333331, "daily_article_count": 6, "30_day_error_count": 0, "threshold_warn": 197.24864696315728, "30_day_warn_count": 0, "daily_sd": -1.6353766455712322, "threshold_error": 249.85630377806928}, "dengu": {"sample_sd": 2.9858927568744922, "sample_mean": 4.5333333333333332, "daily_article_count": 2, "30_day_error_count": 0, "threshold_warn": 10.505118847082318, "30_day_warn_count": 0, "daily_sd": -0.8484341333093024, "threshold_error": 13.49101160395681}, "ebola": {"sample_sd": 32.236349393537445, "sample_mean": 85.533333333333331, "daily_article_count": 22, "30_day_error_count": 0, "threshold_warn": 150.00603212040824, "30_day_warn_count": 0, "daily_sd": -1.9708600548320812, "threshold_error": 182.24238151394567}, "unkno": {"sample_sd": 29.167028569183312, "sample_mean": 60.466666666666669, "daily_article_count": 16, "30_day_error_count": 0, "threshold_warn": 118.8007238050333, "30_day_warn_count": 0, "daily_sd": -1.5245525117923162, "threshold_error": 147.96775237421662}, "mumps": {"sample_sd": 0.7187952884282609, "sample_mean": 0.5, "daily_article_count": 0, "30_day_error_count": 0, "threshold_warn": 1.9375905768565218, "30_day_warn_count": 0, "daily_sd": -0.69560834364025237, "threshold_error": 2.6563858652847827}}