{"hemmo": {"sample_sd": 1.7065234314893603, "sample_mean": 0.76666666666666672, "daily_article_count": 0, "30_day_error_count": 1, "threshold_warn": 4.1797135296453876, "30_day_warn_count": 0, "daily_sd": -0.4492564546843415, "threshold_error": 5.8862369611347471}, "mersc": {"sample_sd": 2.4675674031095665, "sample_mean": 2.3333333333333335, "daily_article_count": 3, "30_day_error_count": 0, "threshold_warn": 7.268468139552466, "30_day_warn_count": 0, "daily_sd": 0.27017161347914953, "threshold_error": 9.7360355426620337}, "influ": {"sample_sd": 4.9943301185777997, "sample_mean": 9.6999999999999993, "daily_article_count": 4, "30_day_error_count": 0, "threshold_warn": 19.688660237155599, "30_day_warn_count": 0, "daily_sd": -1.1412942005570004, "threshold_error": 24.682990355733399}, "pertu": {"sample_sd": 1.2133516482134197, "sample_mean": 1.1666666666666667, "daily_article_count": 1, "30_day_error_count": 0, "threshold_warn": 3.5933699630935063, "30_day_warn_count": 0, "daily_sd": -0.13736056394868909, "threshold_error": 4.8067216113069255}, "moldf": {"sample_sd": 0.30000000000000004, "sample_mean": 0.10000000000000001, "daily_article_count": 0, "30_day_error_count": 2, "threshold_warn": 0.70000000000000007, "30_day_warn_count": 0, "daily_sd": -0.33333333333333331, "threshold_error": 1.0000000000000002}, "chole": {"sample_sd": 2.4287628309262494, "sample_mean": 3.9666666666666668, "daily_article_count": 4, "30_day_error_count": 3, "threshold_warn": 8.8241923285191657, "30_day_warn_count": 0, "daily_sd": 0.013724408537914339, "threshold_error": 11.252955159445415}, "hepat": {"sample_sd": 1.662995957768856, "sample_mean": 1.6333333333333333, "daily_article_count": 1, "30_day_error_count": 0, "threshold_warn": 4.9593252488710453, "30_day_warn_count": 0, "daily_sd": -0.38083876895469992, "threshold_error": 6.6223212066399011}, "chiku": {"sample_sd": 2.6518337470931734, "sample_mean": 4.6333333333333337, "daily_article_count": 2, "30_day_error_count": 0, "threshold_warn": 9.9370008275196806, "30_day_warn_count": 0, "daily_sd": -0.99302353936021859, "threshold_error": 12.588834574612854}, "yello": {"sample_sd": 0.0, "sample_mean": 0.0, "daily_article_count": 0, "30_day_error_count": 8, "threshold_warn": 0.0, "30_day_warn_count": 0, "daily_sd": 0, "threshold_error": 0.0}, "menin": {"sample_sd": 3.0324174441451093, "sample_mean": 3.7333333333333334, "daily_article_count": 3, "30_day_error_count": 2, "threshold_warn": 9.7981682216235519, "30_day_warn_count": 4, "daily_sd": -0.24183126064956162, "threshold_error": 12.830585665768663}, "plagu": {"sample_sd": 0.17950549357115012, "sample_mean": 0.033333333333333333, "daily_article_count": 0, "30_day_error_count": 4, "threshold_warn": 0.39234432047563356, "30_day_warn_count": 0, "daily_sd": -0.18569533817705189, "threshold_error": 0.5718498140467837}, "westn": {"sample_sd": 2.2617593938249834, "sample_mean": 3.1333333333333333, "daily_article_count": 0, "30_day_error_count": 0, "threshold_warn": 7.6568521209833005, "30_day_warn_count": 0, "daily_sd": -1.3853521916999245, "threshold_error": 9.9186115148082834}, "swine": {"sample_sd": 1.015983376941878, "sample_mean": 1.0333333333333334, "daily_article_count": 0, "30_day_error_count": 1, "threshold_warn": 3.0653000872170892, "30_day_warn_count": 0, "daily_sd": -1.0170770081334195, "threshold_error": 4.0812834641589673}, "measl": {"sample_sd": 2.7610384519838425, "sample_mean": 3.1000000000000001, "daily_article_count": 2, "30_day_error_count": 0, "threshold_warn": 8.6220769039676846, "30_day_warn_count": 0, "daily_sd": -0.39840082604051952, "threshold_error": 11.383115355951526}, "dengu": {"sample_sd": 3.4879156462786707, "sample_mean": 8.3666666666666671, "daily_article_count": 10, "30_day_error_count": 1, "threshold_warn": 15.342497959224008, "30_day_warn_count": 0, "daily_sd": 0.46828349621240695, "threshold_error": 18.830413605502677}, "ebola": {"sample_sd": 210.92157837030857, "sample_mean": 367.43333333333334, "daily_article_count": 344, "30_day_error_count": 16, "threshold_warn": 789.27649007395053, "30_day_warn_count": 8, "daily_sd": -0.11109974386874799, "threshold_error": 1000.198068444259}, "unkno": {"sample_sd": 50.092536592013602, "sample_mean": 92.066666666666663, "daily_article_count": 53, "30_day_error_count": 0, "threshold_warn": 192.25173985069387, "30_day_warn_count": 0, "daily_sd": -0.7798899661410873, "threshold_error": 242.34427644270747}, "mumps": {"sample_sd": 0.24944382578492943, "sample_mean": 0.066666666666666666, "daily_article_count": 0, "30_day_error_count": 4, "threshold_warn": 0.56555431823652558, "30_day_warn_count": 0, "daily_sd": -0.2672612419124244, "threshold_error": 0.81499814402145498}}