{"hemmo": {"sample_sd": 1.6193277068654823, "sample_mean": 0.66666666666676666, "daily_article_count": 1, "30_day_error_count": 0, "threshold_warn": 3.9053220803977311, "30_day_warn_count": 0, "daily_sd": 0.20584674239809284, "threshold_error": 5.5246497872632139}, "mersc": {"sample_sd": 22.433506685808666, "sample_mean": 17.733333333333434, "daily_article_count": 19, "30_day_error_count": 0, "threshold_warn": 62.600346704950766, "30_day_warn_count": 7, "daily_sd": 0.056463159523243586, "threshold_error": 85.033853390759433}, "influ": {"sample_sd": 5.6538089422579141, "sample_mean": 13.033333333333433, "daily_article_count": 11, "30_day_error_count": 0, "threshold_warn": 24.340951217849259, "30_day_warn_count": 0, "daily_sd": -0.35963955522724073, "threshold_error": 29.994760160107177}, "pertu": {"sample_sd": 1.1527744310527055, "sample_mean": 0.93333333333343338, "daily_article_count": 1, "30_day_error_count": 3, "threshold_warn": 3.2388821954388445, "30_day_warn_count": 0, "daily_sd": 0.057831493196537236, "threshold_error": 4.3916566264915495}, "moldf": {"sample_sd": 0.56273143387113778, "sample_mean": 0.50000000000010003, "daily_article_count": 2, "30_day_error_count": 1, "threshold_warn": 1.6254628677423755, "30_day_warn_count": 0, "daily_sd": 2.6655699499157377, "threshold_error": 2.1881943016135135}, "chole": {"sample_sd": 8.2103593100424064, "sample_mean": 8.3000000000001002, "daily_article_count": 19, "30_day_error_count": 0, "threshold_warn": 24.720718620084913, "30_day_warn_count": 0, "daily_sd": 1.303231636514655, "threshold_error": 32.931077930127316}, "hepat": {"sample_sd": 1.8547236990991405, "sample_mean": 2.4000000000000998, "daily_article_count": 2, "30_day_error_count": 2, "threshold_warn": 6.1094473981983803, "30_day_warn_count": 0, "daily_sd": -0.2156655464069307, "threshold_error": 7.9641710972975215}, "chiku": {"sample_sd": 1.2827920936595905, "sample_mean": 1.2333333333334333, "daily_article_count": 2, "30_day_error_count": 0, "threshold_warn": 3.7989175206526142, "30_day_warn_count": 0, "daily_sd": 0.5976546553848765, "threshold_error": 5.0817096143122047}, "yello": {"sample_sd": 0.69041050590693254, "sample_mean": 0.30000000000009996, "daily_article_count": 0, "30_day_error_count": 3, "threshold_warn": 1.680821011813965, "30_day_warn_count": 0, "daily_sd": -0.43452409462688568, "threshold_error": 2.371231517720898}, "menin": {"sample_sd": 2.9606680927715541, "sample_mean": 3.0333333333334331, "daily_article_count": 8, "30_day_error_count": 3, "threshold_warn": 8.9546695188765408, "30_day_warn_count": 0, "daily_sd": 1.6775492932803382, "threshold_error": 11.915337611648095}, "plagu": {"sample_sd": 0.17950549357115014, "sample_mean": 0.033333333333433336, "daily_article_count": 0, "30_day_error_count": 8, "threshold_warn": 0.39234432047573364, "30_day_warn_count": 0, "daily_sd": -0.18569533817760894, "threshold_error": 0.57184981404688373}, "westn": {"sample_sd": 1.8929694486000912, "sample_mean": 2.5000000000000999, "daily_article_count": 18, "30_day_error_count": 2, "threshold_warn": 6.2859388972002819, "30_day_warn_count": 0, "daily_sd": 8.1881934288282494, "threshold_error": 8.1789083458003731}, "swine": {"sample_sd": 1.9787762772874442, "sample_mean": 1.5333333333334334, "daily_article_count": 4, "30_day_error_count": 1, "threshold_warn": 5.4908858879083215, "30_day_warn_count": 0, "daily_sd": 1.2465616729789861, "threshold_error": 7.469662165195766}, "measl": {"sample_sd": 3.6649996210398474, "sample_mean": 4.3666666666667666, "daily_article_count": 12, "30_day_error_count": 2, "threshold_warn": 11.696665908746461, "30_day_warn_count": 2, "daily_sd": 2.0827651084906456, "threshold_error": 15.361665529786309}, "dengu": {"sample_sd": 2.8341175385333299, "sample_mean": 4.6333333333334341, "daily_article_count": 16, "30_day_error_count": 6, "threshold_warn": 10.301568410400094, "30_day_warn_count": 11, "daily_sd": 4.010654643684564, "threshold_error": 13.135685948933423}, "ebola": {"sample_sd": 22.462536712391937, "sample_mean": 43.033333333333431, "daily_article_count": 67, "30_day_error_count": 0, "threshold_warn": 87.958406758117306, "30_day_warn_count": 0, "daily_sd": 1.0669617137874212, "threshold_error": 110.42094347050924}, "unkno": {"sample_sd": 41.563351912739456, "sample_mean": 80.233333333333434, "daily_article_count": 92, "30_day_error_count": 2, "threshold_warn": 163.36003715881236, "30_day_warn_count": 7, "daily_sd": 0.28310196664047205, "threshold_error": 204.92338907155181}, "mumps": {"sample_sd": 0.76084748070088859, "sample_mean": 0.43333333333343332, "daily_article_count": 0, "30_day_error_count": 0, "threshold_warn": 1.9550282947352104, "30_day_warn_count": 0, "daily_sd": -0.56954034063995196, "threshold_error": 2.7158757754360994}}