{"hemmo": {"sample_sd": 2.275717225159771, "sample_mean": 1.2333333333333334, "daily_article_count": 0, "30_day_error_count": 0, "threshold_warn": 5.7847677836528755, "30_day_warn_count": 0, "daily_sd": -0.54195368374326247, "threshold_error": 8.0604850088126465}, "mersc": {"sample_sd": 10.886484995422332, "sample_mean": 7.5333333333333332, "daily_article_count": 38, "30_day_error_count": 18, "threshold_warn": 29.306303324177996, "30_day_warn_count": 11, "daily_sd": 2.7985770135610921, "threshold_error": 40.192788319600325}, "influ": {"sample_sd": 5.8987757675263062, "sample_mean": 5.0666666666666664, "daily_article_count": 0, "30_day_error_count": 0, "threshold_warn": 16.864218201719279, "30_day_warn_count": 0, "daily_sd": -0.85893528866777202, "threshold_error": 22.762993969245585}, "pertu": {"sample_sd": 1.085766498326822, "sample_mean": 0.76666666666666672, "daily_article_count": 0, "30_day_error_count": 2, "threshold_warn": 2.9381996633203107, "30_day_warn_count": 4, "daily_sd": -0.7061063938223443, "threshold_error": 4.0239661616471327}, "moldf": {"sample_sd": 1.1527744310527053, "sample_mean": 0.73333333333333328, "daily_article_count": 0, "30_day_error_count": 0, "threshold_warn": 3.0388821954387439, "30_day_warn_count": 0, "daily_sd": -0.63614642516286435, "threshold_error": 4.191656626491449}, "chole": {"sample_sd": 2.2133433734712042, "sample_mean": 2.3666666666666667, "daily_article_count": 4, "30_day_error_count": 0, "threshold_warn": 6.7933534136090756, "30_day_warn_count": 0, "daily_sd": 0.73794845974204326, "threshold_error": 9.0066967870802799}, "hepat": {"sample_sd": 2.2020192753218328, "sample_mean": 2.1333333333333333, "daily_article_count": 1, "30_day_error_count": 1, "threshold_warn": 6.5373718839769985, "30_day_warn_count": 0, "daily_sd": -0.51467911568017166, "threshold_error": 8.7393911592988314}, "chiku": {"sample_sd": 1.9595917942265422, "sample_mean": 1.3999999999999999, "daily_article_count": 2, "30_day_error_count": 1, "threshold_warn": 5.3191835884530843, "30_day_warn_count": 1, "daily_sd": 0.30618621784789735, "threshold_error": 7.2787753826796262}, "yello": {"sample_sd": 0.33993463423951903, "sample_mean": 0.13333333333333333, "daily_article_count": 0, "30_day_error_count": 2, "threshold_warn": 0.81320260181237136, "30_day_warn_count": 0, "daily_sd": -0.39223227027636803, "threshold_error": 1.1531372360518903}, "menin": {"sample_sd": 3.8702569538583473, "sample_mean": 2.7666666666666666, "daily_article_count": 2, "30_day_error_count": 0, "threshold_warn": 10.507180574383362, "30_day_warn_count": 0, "daily_sd": -0.19809192924577246, "threshold_error": 14.377437528241707}, "plagu": {"sample_sd": 0.29999999999999999, "sample_mean": 0.10000000000000001, "daily_article_count": 0, "30_day_error_count": 0, "threshold_warn": 0.69999999999999996, "30_day_warn_count": 0, "daily_sd": -0.33333333333333337, "threshold_error": 0.99999999999999989}, "westn": {"sample_sd": 0.45338235029118146, "sample_mean": 0.16666666666666666, "daily_article_count": 0, "30_day_error_count": 4, "threshold_warn": 1.0734313672490297, "30_day_warn_count": 0, "daily_sd": -0.36760731104690386, "threshold_error": 1.5268137175402112}, "swine": {"sample_sd": 2.0709632756012093, "sample_mean": 1.6666666666666667, "daily_article_count": 2, "30_day_error_count": 2, "threshold_warn": 5.8085932178690856, "30_day_warn_count": 0, "daily_sd": 0.16095569499491255, "threshold_error": 7.8795564934702949}, "measl": {"sample_sd": 5.8465564413783113, "sample_mean": 9.5333333333333332, "daily_article_count": 2, "30_day_error_count": 2, "threshold_warn": 21.226446216089954, "30_day_warn_count": 0, "daily_sd": -1.2885077581766009, "threshold_error": 27.073002657468265}, "dengu": {"sample_sd": 6.8903313901921059, "sample_mean": 5.7000000000000002, "daily_article_count": 1, "30_day_error_count": 0, "threshold_warn": 19.480662780384211, "30_day_warn_count": 0, "daily_sd": -0.68211523275790686, "threshold_error": 26.370994170576317}, "ebola": {"sample_sd": 22.378188785809574, "sample_mean": 38.5, "daily_article_count": 0, "30_day_error_count": 0, "threshold_warn": 83.25637757161914, "30_day_warn_count": 0, "daily_sd": -1.7204252036882255, "threshold_error": 105.63456635742872}, "unkno": {"sample_sd": 13.547652523182343, "sample_mean": 41.166666666666664, "daily_article_count": 58, "30_day_error_count": 5, "threshold_warn": 68.261971713031357, "30_day_warn_count": 3, "daily_sd": 1.2425276854812028, "threshold_error": 81.809624236213693}, "mumps": {"sample_sd": 2.4857370916669543, "sample_mean": 2.7666666666666666, "daily_article_count": 0, "30_day_error_count": 0, "threshold_warn": 7.7381408500005753, "30_day_warn_count": 0, "daily_sd": -1.113016608209084, "threshold_error": 10.22387794166753}}