{"hemmo": {"sample_sd": 0.59628479399994383, "sample_mean": 0.33333333333333331, "daily_article_count": 1, "30_day_error_count": 7, "threshold_warn": 1.5259029213332209, "30_day_warn_count": 2, "daily_sd": 1.1180339887498951, "threshold_error": 2.122187715333165}, "mersc": {"sample_sd": 5.0159744815937817, "sample_mean": 3.2000000000000002, "daily_article_count": 5, "30_day_error_count": 0, "threshold_warn": 13.231948963187563, "30_day_warn_count": 0, "daily_sd": 0.35885350027300489, "threshold_error": 18.247923444781346}, "influ": {"sample_sd": 5.6538089422579141, "sample_mean": 6.3666666666666663, "daily_article_count": 7, "30_day_error_count": 0, "threshold_warn": 17.674284551182495, "30_day_warn_count": 2, "daily_sd": 0.11201887785765975, "threshold_error": 23.328093493440409}, "pertu": {"sample_sd": 1.4317821063276353, "sample_mean": 1.5, "daily_article_count": 2, "30_day_error_count": 0, "threshold_warn": 4.3635642126552705, "30_day_warn_count": 0, "daily_sd": 0.34921514788478913, "threshold_error": 5.7953463189829062}, "moldf": {"sample_sd": 0.33993463423951903, "sample_mean": 0.13333333333333333, "daily_article_count": 1, "30_day_error_count": 1, "threshold_warn": 0.81320260181237136, "30_day_warn_count": 0, "daily_sd": 2.5495097567963922, "threshold_error": 1.1531372360518903}, "chole": {"sample_sd": 4.0305775709636897, "sample_mean": 5.7666666666666666, "daily_article_count": 2, "30_day_error_count": 0, "threshold_warn": 13.827821808594045, "30_day_warn_count": 0, "daily_sd": -0.93452280730229853, "threshold_error": 17.858399379557735}, "hepat": {"sample_sd": 1.521694961401777, "sample_mean": 1.5333333333333334, "daily_article_count": 1, "30_day_error_count": 0, "threshold_warn": 4.5767232561368871, "30_day_warn_count": 0, "daily_sd": -0.35048636347065887, "threshold_error": 6.0984182175386641}, "chiku": {"sample_sd": 2.8798148088606896, "sample_mean": 3.7999999999999998, "daily_article_count": 6, "30_day_error_count": 0, "threshold_warn": 9.5596296177213791, "30_day_warn_count": 2, "daily_sd": 0.76393801199680711, "threshold_error": 12.439444426582067}, "yello": {"sample_sd": 0.39581140290126382, "sample_mean": 0.10000000000000001, "daily_article_count": 0, "30_day_error_count": 0, "threshold_warn": 0.89162280580252762, "30_day_warn_count": 0, "daily_sd": -0.25264557631995577, "threshold_error": 1.2874342087037915}, "menin": {"sample_sd": 3.0586852658545238, "sample_mean": 3.6666666666666665, "daily_article_count": 6, "30_day_error_count": 1, "threshold_warn": 9.7840371983757137, "30_day_warn_count": 1, "daily_sd": 0.7628549950468525, "threshold_error": 12.842722464230237}, "plagu": {"sample_sd": 0.17950549357115009, "sample_mean": 0.033333333333333333, "daily_article_count": 0, "30_day_error_count": 1, "threshold_warn": 0.3923443204756335, "30_day_warn_count": 0, "daily_sd": -0.18569533817705192, "threshold_error": 0.57184981404678359}, "westn": {"sample_sd": 2.9544693074880453, "sample_mean": 4.2666666666666666, "daily_article_count": 2, "30_day_error_count": 0, "threshold_warn": 10.175605281642756, "30_day_warn_count": 0, "daily_sd": -0.76719926009109107, "threshold_error": 13.130074589130803}, "swine": {"sample_sd": 0.96896279024990883, "sample_mean": 0.83333333333333337, "daily_article_count": 1, "30_day_error_count": 2, "threshold_warn": 2.7712589138331509, "30_day_warn_count": 0, "daily_sd": 0.17200522903844534, "threshold_error": 3.7402217040830599}, "measl": {"sample_sd": 2.7373953556863748, "sample_mean": 3.2000000000000002, "daily_article_count": 9, "30_day_error_count": 0, "threshold_warn": 8.6747907113727507, "30_day_warn_count": 0, "daily_sd": 2.1188024550241509, "threshold_error": 11.412186067059125}, "dengu": {"sample_sd": 3.8269512089332363, "sample_mean": 7.5666666666666664, "daily_article_count": 7, "30_day_error_count": 1, "threshold_warn": 15.220569084533139, "30_day_warn_count": 0, "daily_sd": -0.14807261334921093, "threshold_error": 19.047520293466377}, "ebola": {"sample_sd": 107.2320484846868, "sample_mean": 302.23333333333335, "daily_article_count": 1155, "30_day_error_count": 18, "threshold_warn": 516.69743030270695, "30_day_warn_count": 1, "daily_sd": 7.9525354473522478, "threshold_error": 623.92947878739369}, "unkno": {"sample_sd": 79.125252325383187, "sample_mean": 96.833333333333329, "daily_article_count": 75, "30_day_error_count": 0, "threshold_warn": 255.08383798409972, "30_day_warn_count": 0, "daily_sd": -0.27593382253681925, "threshold_error": 334.20909030948286}, "mumps": {"sample_sd": 0.82999330653258208, "sample_mean": 0.33333333333333331, "daily_article_count": 0, "30_day_error_count": 0, "threshold_warn": 1.9933199463984974, "30_day_warn_count": 0, "daily_sd": -0.40160966445124946, "threshold_error": 2.8233132529310798}}