{"hemmo": {"sample_sd": 0.29999999999999999, "sample_mean": 0.10000000000010001, "daily_article_count": 0, "30_day_error_count": 5, "threshold_warn": 0.70000000000009999, "30_day_warn_count": 0, "daily_sd": -0.33333333333366671, "threshold_error": 1.0000000000000999}, "mersc": {"sample_sd": 0.71569701845279621, "sample_mean": 0.76666666666676675, "daily_article_count": 55, "30_day_error_count": 28, "threshold_warn": 2.1980607035723594, "30_day_warn_count": 24, "daily_sd": 75.776944621867514, "threshold_error": 2.9137577220251556}, "influ": {"sample_sd": 8.6471575291151801, "sample_mean": 17.600000000000101, "daily_article_count": 9, "30_day_error_count": 0, "threshold_warn": 34.894315058230461, "30_day_warn_count": 0, "daily_sd": -0.99454647044924316, "threshold_error": 43.541472587345638}, "pertu": {"sample_sd": 1.8208667044996887, "sample_mean": 1.8666666666667666, "daily_article_count": 2, "30_day_error_count": 0, "threshold_warn": 5.5084000756661435, "30_day_warn_count": 0, "daily_sd": 0.073225202593766345, "threshold_error": 7.3292667801658329}, "moldf": {"sample_sd": 0.8692269873603532, "sample_mean": 0.66666666666676666, "daily_article_count": 1, "30_day_error_count": 0, "threshold_warn": 2.4051206413874731, "30_day_warn_count": 0, "daily_sd": 0.38348249442357019, "threshold_error": 3.2743476287478259}, "chole": {"sample_sd": 4.7721413781795414, "sample_mean": 5.6000000000001, "daily_article_count": 5, "30_day_error_count": 2, "threshold_warn": 15.144282756359182, "30_day_warn_count": 0, "daily_sd": -0.1257297201511213, "threshold_error": 19.916424134538726}, "hepat": {"sample_sd": 2.7626476833324625, "sample_mean": 3.3666666666667666, "daily_article_count": 2, "30_day_error_count": 0, "threshold_warn": 8.8919620333316907, "30_day_warn_count": 0, "daily_sd": -0.49469451892548805, "threshold_error": 11.654609716664154}, "chiku": {"sample_sd": 0.99777530313971774, "sample_mean": 0.93333333333343338, "daily_article_count": 2, "30_day_error_count": 3, "threshold_warn": 2.9288839396128687, "30_day_warn_count": 0, "daily_sd": 1.0690449676495972, "threshold_error": 3.9266592427525868}, "yello": {"sample_sd": 0.55876848714134031, "sample_mean": 0.23333333333343334, "daily_article_count": 1, "30_day_error_count": 1, "threshold_warn": 1.3508703076161139, "30_day_warn_count": 0, "daily_sd": 1.3720649684251764, "threshold_error": 1.9096387947574542}, "menin": {"sample_sd": 4.4998765415163211, "sample_mean": 4.4666666666667671, "daily_article_count": 2, "30_day_error_count": 0, "threshold_warn": 13.466419749699408, "30_day_warn_count": 0, "daily_sd": -0.5481631871250352, "threshold_error": 17.96629629121573}, "plagu": {"sample_sd": 1.3844373104863459, "sample_mean": 0.50000000000010003, "daily_article_count": 0, "30_day_error_count": 0, "threshold_warn": 3.2688746209727917, "30_day_warn_count": 0, "daily_sd": -0.36115755925737986, "threshold_error": 4.6533119314591378}, "westn": {"sample_sd": 1.2133516482134199, "sample_mean": 1.1666666666667667, "daily_article_count": 5, "30_day_error_count": 8, "threshold_warn": 3.5933699630936067, "30_day_warn_count": 3, "daily_sd": 3.1592929708197648, "threshold_error": 4.8067216113070259}, "swine": {"sample_sd": 2.2223611067711051, "sample_mean": 2.1666666666667664, "daily_article_count": 5, "30_day_error_count": 0, "threshold_warn": 6.6113888802089766, "30_day_warn_count": 0, "daily_sd": 1.2749203199698798, "threshold_error": 8.8337499869800808}, "measl": {"sample_sd": 6.8961341827625908, "sample_mean": 9.1000000000000991, "daily_article_count": 0, "30_day_error_count": 0, "threshold_warn": 22.892268365525283, "30_day_warn_count": 0, "daily_sd": -1.319579891984445, "threshold_error": 29.78840254828787}, "dengu": {"sample_sd": 2.1398338460938708, "sample_mean": 3.2333333333334333, "daily_article_count": 7, "30_day_error_count": 3, "threshold_warn": 7.5130010255211754, "30_day_warn_count": 6, "daily_sd": 1.7602612808197116, "threshold_error": 9.6528348716150454}, "ebola": {"sample_sd": 23.008911317139717, "sample_mean": 47.700000000000102, "daily_article_count": 43, "30_day_error_count": 0, "threshold_warn": 93.717822634279543, "30_day_warn_count": 0, "daily_sd": -0.20426868247777524, "threshold_error": 116.72673395141925}, "unkno": {"sample_sd": 21.955611785802937, "sample_mean": 65.533333333333431, "daily_article_count": 154, "30_day_error_count": 12, "threshold_warn": 109.4445569049393, "30_day_warn_count": 12, "daily_sd": 4.0293419071961996, "threshold_error": 131.40016869074225}, "mumps": {"sample_sd": 0.73711147958319934, "sample_mean": 0.30000000000009996, "daily_article_count": 0, "30_day_error_count": 0, "threshold_warn": 1.7742229591664986, "30_day_warn_count": 0, "daily_sd": -0.40699406848165676, "threshold_error": 2.5113344387496976}}