{"hemmo": {"sample_sd": 0.0, "sample_mean": 0.0, "daily_article_count": 0, "30_day_error_count": 4, "threshold_warn": 0.0, "30_day_warn_count": 0, "daily_sd": 0, "threshold_error": 0.0}, "mersc": {"sample_sd": 7.5740052518832837, "sample_mean": 10.366666666666667, "daily_article_count": 1, "30_day_error_count": 0, "threshold_warn": 25.514677170433234, "30_day_warn_count": 0, "daily_sd": -1.2366860538336222, "threshold_error": 33.088682422316516}, "influ": {"sample_sd": 2.0121851030382096, "sample_mean": 2.1333333333333333, "daily_article_count": 7, "30_day_error_count": 4, "threshold_warn": 6.1577035394097521, "30_day_warn_count": 0, "daily_sd": 2.4185979010173866, "threshold_error": 8.1698886424479618}, "pertu": {"sample_sd": 3.5791060336346563, "sample_mean": 2.2999999999999998, "daily_article_count": 3, "30_day_error_count": 0, "threshold_warn": 9.4582120672693115, "30_day_warn_count": 0, "daily_sd": 0.19557956467948945, "threshold_error": 13.03731810090397}, "moldf": {"sample_sd": 0.67986926847903806, "sample_mean": 0.26666666666666666, "daily_article_count": 0, "30_day_error_count": 0, "threshold_warn": 1.6264052036247427, "30_day_warn_count": 0, "daily_sd": -0.39223227027636803, "threshold_error": 2.3062744721037807}, "chole": {"sample_sd": 4.2085891011385534, "sample_mean": 5.2333333333333334, "daily_article_count": 3, "30_day_error_count": 1, "threshold_warn": 13.650511535610441, "30_day_warn_count": 0, "daily_sd": -0.53066081759541406, "threshold_error": 17.859100636748995}, "hepat": {"sample_sd": 1.453348623772776, "sample_mean": 1.5666666666666667, "daily_article_count": 9, "30_day_error_count": 4, "threshold_warn": 4.4733639142122188, "30_day_warn_count": 0, "daily_sd": 5.1146250883955142, "threshold_error": 5.9267125379849945}, "chiku": {"sample_sd": 7.1289706285144856, "sample_mean": 9.3333333333333339, "daily_article_count": 1, "30_day_error_count": 1, "threshold_warn": 23.591274590362303, "30_day_warn_count": 0, "daily_sd": -1.1689392154319775, "threshold_error": 30.720245218876791}, "yello": {"sample_sd": 0.87496031656044582, "sample_mean": 0.36666666666666664, "daily_article_count": 1, "30_day_error_count": 0, "threshold_warn": 2.1165872997875583, "30_day_warn_count": 0, "daily_sd": 0.72384235187148638, "threshold_error": 2.9915476163480039}, "menin": {"sample_sd": 1.7461067804945059, "sample_mean": 1.4666666666666666, "daily_article_count": 2, "30_day_error_count": 1, "threshold_warn": 4.958880227655678, "30_day_warn_count": 0, "daily_sd": 0.30544141932848512, "threshold_error": 6.7049870081501846}, "plagu": {"sample_sd": 0.17950549357115014, "sample_mean": 0.033333333333333333, "daily_article_count": 1, "30_day_error_count": 10, "threshold_warn": 0.39234432047563361, "30_day_warn_count": 0, "daily_sd": 5.3851648071345037, "threshold_error": 0.5718498140467837}, "westn": {"sample_sd": 1.6206994374857624, "sample_mean": 2.2000000000000002, "daily_article_count": 5, "30_day_error_count": 2, "threshold_warn": 5.441398874971525, "30_day_warn_count": 3, "daily_sd": 1.7276491465584267, "threshold_error": 7.0620983124572874}, "swine": {"sample_sd": 0.76084748070088848, "sample_mean": 0.43333333333333335, "daily_article_count": 1, "30_day_error_count": 6, "threshold_warn": 1.9550282947351103, "30_day_warn_count": 1, "daily_sd": 0.74478352237515, "threshold_error": 2.7158757754359986}, "measl": {"sample_sd": 9.6655746509627321, "sample_mean": 8.9000000000000004, "daily_article_count": 3, "30_day_error_count": 0, "threshold_warn": 28.231149301925463, "30_day_warn_count": 0, "daily_sd": -0.61041378428672477, "threshold_error": 37.896723952888195}, "dengu": {"sample_sd": 2.7047283700134388, "sample_mean": 3.1333333333333333, "daily_article_count": 8, "30_day_error_count": 4, "threshold_warn": 8.5427900733602105, "30_day_warn_count": 2, "daily_sd": 1.7993180833321487, "threshold_error": 11.24751844337365}, "ebola": {"sample_sd": 8.8260347205802958, "sample_mean": 13.633333333333333, "daily_article_count": 81, "30_day_error_count": 10, "threshold_warn": 31.285402774493924, "30_day_warn_count": 9, "daily_sd": 7.6327216920621224, "threshold_error": 40.11143749507422}, "unkno": {"sample_sd": 24.475475253585756, "sample_mean": 57.533333333333331, "daily_article_count": 44, "30_day_error_count": 4, "threshold_warn": 106.48428384050484, "30_day_warn_count": 3, "daily_sd": -0.55293444532198177, "threshold_error": 130.9597590940906}, "mumps": {"sample_sd": 0.5120763831912406, "sample_mean": 0.26666666666666666, "daily_article_count": 0, "30_day_error_count": 0, "threshold_warn": 1.2908194330491478, "30_day_warn_count": 0, "daily_sd": -0.52075564392329543, "threshold_error": 1.8028958162403885}}