{"hemmo": {"sample_sd": 0.37267799624996495, "sample_mean": 0.16666666666676666, "daily_article_count": 0, "30_day_error_count": 2, "threshold_warn": 0.91202265916669656, "30_day_warn_count": 0, "daily_sd": -0.44721359550022627, "threshold_error": 1.2847006554166616}, "mersc": {"sample_sd": 21.682148315043776, "sample_mean": 37.866666666666767, "daily_article_count": 4, "30_day_error_count": 0, "threshold_warn": 81.230963296754311, "30_day_warn_count": 0, "daily_sd": -1.5619608432974779, "threshold_error": 102.91311161179809}, "influ": {"sample_sd": 4.7165194323309594, "sample_mean": 10.766666666666767, "daily_article_count": 5, "30_day_error_count": 1, "threshold_warn": 20.199705531328686, "30_day_warn_count": 0, "daily_sd": -1.2226530070325212, "threshold_error": 24.916224963659644}, "pertu": {"sample_sd": 1.6000000000000001, "sample_mean": 1.2000000000000999, "daily_article_count": 5, "30_day_error_count": 0, "threshold_warn": 4.4000000000000998, "30_day_warn_count": 0, "daily_sd": 2.3749999999999374, "threshold_error": 6.0000000000001004}, "moldf": {"sample_sd": 0.71180521680208741, "sample_mean": 0.4000000000001, "daily_article_count": 0, "30_day_error_count": 2, "threshold_warn": 1.8236104336042749, "30_day_warn_count": 1, "daily_sd": -0.56195148694915686, "threshold_error": 2.5354156504063621}, "chole": {"sample_sd": 4.6288947564906531, "sample_mean": 6.2000000000001005, "daily_article_count": 5, "30_day_error_count": 0, "threshold_warn": 15.457789512981407, "30_day_warn_count": 0, "daily_sd": -0.25924115002127801, "threshold_error": 20.086684269472059}, "hepat": {"sample_sd": 2.4232668491567786, "sample_mean": 2.8333333333334334, "daily_article_count": 7, "30_day_error_count": 4, "threshold_warn": 7.6798670316469906, "30_day_warn_count": 6, "daily_sd": 1.7194419459484773, "threshold_error": 10.103133880803769}, "chiku": {"sample_sd": 1.1357816691600546, "sample_mean": 1.1000000000001, "daily_article_count": 5, "30_day_error_count": 3, "threshold_warn": 3.3715633383202093, "30_day_warn_count": 0, "daily_sd": 3.4337585346698449, "threshold_error": 4.5073450074802643}, "yello": {"sample_sd": 1.5832456116050557, "sample_mean": 0.60000000000010001, "daily_article_count": 0, "30_day_error_count": 0, "threshold_warn": 3.7664912232102115, "30_day_warn_count": 0, "daily_sd": -0.37896836447999666, "threshold_error": 5.3497368348152667}, "menin": {"sample_sd": 3.4802618036898059, "sample_mean": 4.4333333333334339, "daily_article_count": 4, "30_day_error_count": 0, "threshold_warn": 11.393856940713047, "30_day_warn_count": 0, "daily_sd": -0.12451170566363999, "threshold_error": 14.87411874440285}, "plagu": {"sample_sd": 1.7204650534085257, "sample_mean": 0.80000000000010008, "daily_article_count": 1, "30_day_error_count": 0, "threshold_warn": 4.2409301068171512, "30_day_warn_count": 0, "daily_sd": 0.11624763874376108, "threshold_error": 5.9613951602256776}, "westn": {"sample_sd": 2.3795424396766327, "sample_mean": 3.0666666666667668, "daily_article_count": 13, "30_day_error_count": 10, "threshold_warn": 7.8257515460200322, "30_day_warn_count": 7, "daily_sd": 4.1744720193698761, "threshold_error": 10.205293985696665}, "swine": {"sample_sd": 2.0289570391377603, "sample_mean": 2.5000000000000999, "daily_article_count": 3, "30_day_error_count": 1, "threshold_warn": 6.5579140782756209, "30_day_warn_count": 0, "daily_sd": 0.24643202904502284, "threshold_error": 8.5868711174133807}, "measl": {"sample_sd": 2.9597297173897483, "sample_mean": 4.2000000000001005, "daily_article_count": 8, "30_day_error_count": 3, "threshold_warn": 10.119459434779596, "30_day_warn_count": 1, "daily_sd": 1.2839010189589894, "threshold_error": 13.079189152169345}, "dengu": {"sample_sd": 3.5907288025320616, "sample_mean": 7.8000000000001002, "daily_article_count": 4, "30_day_error_count": 0, "threshold_warn": 14.981457605064223, "30_day_warn_count": 0, "daily_sd": -1.058280981097895, "threshold_error": 18.572186407596284}, "ebola": {"sample_sd": 15.319160116229174, "sample_mean": 39.300000000000097, "daily_article_count": 112, "30_day_error_count": 2, "threshold_warn": 69.938320232458437, "30_day_warn_count": 0, "daily_sd": 4.7456909809945298, "threshold_error": 85.257480348687622}, "unkno": {"sample_sd": 54.015882437997391, "sample_mean": 127.86666666666676, "daily_article_count": 62, "30_day_error_count": 0, "threshold_warn": 235.89843154266154, "30_day_warn_count": 0, "daily_sd": -1.2193944390758107, "threshold_error": 289.9143139806589}, "mumps": {"sample_sd": 0.42687494916218999, "sample_mean": 0.13333333333343333, "daily_article_count": 1, "30_day_error_count": 5, "threshold_warn": 0.98708323165781331, "30_day_warn_count": 0, "daily_sd": 2.0302589045516442, "threshold_error": 1.4139581808200035}}