{"hemmo": {"sample_sd": 2.2861904265976327, "sample_mean": 1.2000000000000999, "daily_article_count": 0, "30_day_error_count": 0, "threshold_warn": 5.7723808531953651, "30_day_warn_count": 0, "daily_sd": -0.52489065916786759, "threshold_error": 8.0585712797929983}, "mersc": {"sample_sd": 1.4452988925785866, "sample_mean": 1.3333333333334332, "daily_article_count": 64, "30_day_error_count": 30, "threshold_warn": 4.2239311184906061, "30_day_warn_count": 24, "daily_sd": 43.35896677735753, "threshold_error": 5.6692300110691933}, "influ": {"sample_sd": 2.2531459488161585, "sample_mean": 3.3000000000000997, "daily_article_count": 6, "30_day_error_count": 4, "threshold_warn": 7.8062918976324163, "30_day_warn_count": 4, "daily_sd": 1.1983245033099283, "threshold_error": 10.059437846448576}, "pertu": {"sample_sd": 0.61101009266077866, "sample_mean": 0.4000000000001, "daily_article_count": 1, "30_day_error_count": 9, "threshold_warn": 1.6220201853216574, "30_day_warn_count": 5, "daily_sd": 0.98198050606180198, "threshold_error": 2.233030277982436}, "moldf": {"sample_sd": 0.49553562491061681, "sample_mean": 0.23333333333343334, "daily_article_count": 1, "30_day_error_count": 7, "threshold_warn": 1.224404583154667, "30_day_warn_count": 1, "daily_sd": 1.547147426191317, "threshold_error": 1.7199402080652837}, "chole": {"sample_sd": 2.319243171573194, "sample_mean": 2.433333333333433, "daily_article_count": 8, "30_day_error_count": 0, "threshold_warn": 7.0718196764798211, "30_day_warn_count": 0, "daily_sd": 2.4002082812603791, "threshold_error": 9.3910628480530143}, "hepat": {"sample_sd": 1.6653327995729059, "sample_mean": 1.4000000000000998, "daily_article_count": 4, "30_day_error_count": 3, "threshold_warn": 4.7306655991459117, "30_day_warn_count": 0, "daily_sd": 1.5612494995995398, "threshold_error": 6.3959983987188176}, "chiku": {"sample_sd": 1.9731531449264987, "sample_mean": 1.2000000000000999, "daily_article_count": 2, "30_day_error_count": 1, "threshold_warn": 5.1463062898530971, "30_day_warn_count": 1, "daily_sd": 0.40544242703964101, "threshold_error": 7.1194594347795954}, "yello": {"sample_sd": 0.37267799624996495, "sample_mean": 0.16666666666676666, "daily_article_count": 1, "30_day_error_count": 2, "threshold_warn": 0.91202265916669656, "30_day_warn_count": 0, "daily_sd": 2.2360679774995216, "threshold_error": 1.2847006554166616}, "menin": {"sample_sd": 4.1831673273835088, "sample_mean": 3.6333333333334332, "daily_article_count": 3, "30_day_error_count": 0, "threshold_warn": 11.999667988100452, "30_day_warn_count": 0, "daily_sd": -0.15140043028820727, "threshold_error": 16.18283531548396}, "plagu": {"sample_sd": 0.17950549357115014, "sample_mean": 0.033333333333433336, "daily_article_count": 0, "30_day_error_count": 2, "threshold_warn": 0.39234432047573364, "30_day_warn_count": 0, "daily_sd": -0.18569533817760894, "threshold_error": 0.57184981404688373}, "westn": {"sample_sd": 0.17950549357115012, "sample_mean": 0.033333333333433336, "daily_article_count": 0, "30_day_error_count": 10, "threshold_warn": 0.39234432047573359, "30_day_warn_count": 0, "daily_sd": -0.185695338177609, "threshold_error": 0.57184981404688373}, "swine": {"sample_sd": 0.94339811320566036, "sample_mean": 1.1000000000001, "daily_article_count": 1, "30_day_error_count": 6, "threshold_warn": 2.9867962264114207, "30_day_warn_count": 0, "daily_sd": -0.10599978800074202, "threshold_error": 3.9301943396170813}, "measl": {"sample_sd": 4.7982635748084261, "sample_mean": 8.1000000000000991, "daily_article_count": 9, "30_day_error_count": 2, "threshold_warn": 17.696527149616951, "30_day_warn_count": 0, "daily_sd": 0.18756785365544118, "threshold_error": 22.494790724425378}, "dengu": {"sample_sd": 6.9000000000000004, "sample_mean": 5.7000000000001005, "daily_article_count": 3, "30_day_error_count": 0, "threshold_warn": 19.500000000000099, "30_day_warn_count": 0, "daily_sd": -0.39130434782610152, "threshold_error": 26.400000000000105}, "ebola": {"sample_sd": 28.314287716431945, "sample_mean": 31.366666666666767, "daily_article_count": 2, "30_day_error_count": 0, "threshold_warn": 87.995242099530657, "30_day_warn_count": 0, "daily_sd": -1.0371677705889837, "threshold_error": 116.30952981596261}, "unkno": {"sample_sd": 13.27022565327692, "sample_mean": 35.966666666666768, "daily_article_count": 49, "30_day_error_count": 2, "threshold_warn": 62.507117973220609, "30_day_warn_count": 3, "daily_sd": 0.98214858389501536, "threshold_error": 75.777343626497526}, "mumps": {"sample_sd": 2.0976176963403033, "sample_mean": 2.0000000000000999, "daily_article_count": 2, "30_day_error_count": 1, "threshold_warn": 6.195235392680706, "30_day_warn_count": 0, "daily_sd": -4.7635025386462862e-14, "threshold_error": 8.2928530890210101}}