{"hemmo": {"sample_sd": 0.17950549357115012, "sample_mean": 0.033333333333333333, "daily_article_count": 0, "30_day_error_count": 7, "threshold_warn": 0.39234432047563356, "30_day_warn_count": 0, "daily_sd": -0.18569533817705189, "threshold_error": 0.5718498140467837}, "mersc": {"sample_sd": 4.0061064500196313, "sample_mean": 6.4666666666666668, "daily_article_count": 6, "30_day_error_count": 0, "threshold_warn": 14.478879566705929, "30_day_warn_count": 0, "daily_sd": -0.11648883335698181, "threshold_error": 18.484986016725561}, "influ": {"sample_sd": 5.4258639865002136, "sample_mean": 8.5999999999999996, "daily_article_count": 34, "30_day_error_count": 6, "threshold_warn": 19.451727973000427, "30_day_warn_count": 4, "daily_sd": 4.6812821079179843, "threshold_error": 24.877591959500641}, "pertu": {"sample_sd": 1.1469767022723503, "sample_mean": 1.5333333333333334, "daily_article_count": 2, "30_day_error_count": 0, "threshold_warn": 3.8272867378780342, "30_day_warn_count": 0, "daily_sd": 0.40686673560336739, "threshold_error": 4.9742634401503842}, "moldf": {"sample_sd": 0.80000000000000004, "sample_mean": 0.59999999999999998, "daily_article_count": 1, "30_day_error_count": 2, "threshold_warn": 2.2000000000000002, "30_day_warn_count": 2, "daily_sd": 0.5, "threshold_error": 3.0000000000000004}, "chole": {"sample_sd": 5.953896949804296, "sample_mean": 3.8666666666666667, "daily_article_count": 11, "30_day_error_count": 0, "threshold_warn": 15.774460566275259, "30_day_warn_count": 3, "daily_sd": 1.1980948601348911, "threshold_error": 21.728357516079555}, "hepat": {"sample_sd": 2.2610223842815493, "sample_mean": 2.5666666666666669, "daily_article_count": 3, "30_day_error_count": 4, "threshold_warn": 7.0887114352297651, "30_day_warn_count": 2, "daily_sd": 0.19165371220817298, "threshold_error": 9.3497338195113144}, "chiku": {"sample_sd": 0.9893881386437221, "sample_mean": 0.76666666666666672, "daily_article_count": 0, "30_day_error_count": 1, "threshold_warn": 2.745442943954111, "30_day_warn_count": 0, "daily_sd": -0.77488968860859042, "threshold_error": 3.7348310825978328}, "yello": {"sample_sd": 0.45338235029118146, "sample_mean": 0.16666666666666666, "daily_article_count": 1, "30_day_error_count": 0, "threshold_warn": 1.0734313672490297, "30_day_warn_count": 0, "daily_sd": 1.8380365552345195, "threshold_error": 1.5268137175402112}, "menin": {"sample_sd": 4.7773772441930245, "sample_mean": 4.9000000000000004, "daily_article_count": 2, "30_day_error_count": 0, "threshold_warn": 14.454754488386049, "30_day_warn_count": 0, "daily_sd": -0.6070276328973172, "threshold_error": 19.232131732579074}, "plagu": {"sample_sd": 1.5423647068345701, "sample_mean": 1.5666666666666667, "daily_article_count": 0, "30_day_error_count": 2, "threshold_warn": 4.6513960803358065, "30_day_warn_count": 0, "daily_sd": -1.0157562992231404, "threshold_error": 6.1937607871703761}, "westn": {"sample_sd": 4.5504578524217383, "sample_mean": 7.5999999999999996, "daily_article_count": 5, "30_day_error_count": 0, "threshold_warn": 16.700915704843474, "30_day_warn_count": 0, "daily_sd": -0.57137107612507354, "threshold_error": 21.251373557265214}, "swine": {"sample_sd": 1.4047538337136984, "sample_mean": 2.3999999999999999, "daily_article_count": 8, "30_day_error_count": 5, "threshold_warn": 5.2095076674273972, "30_day_warn_count": 0, "daily_sd": 3.9864635821604959, "threshold_error": 6.6142615011410957}, "measl": {"sample_sd": 3.7654865407924238, "sample_mean": 4.7666666666666666, "daily_article_count": 3, "30_day_error_count": 1, "threshold_warn": 12.297639748251514, "30_day_warn_count": 0, "daily_sd": -0.46917354438209791, "threshold_error": 16.063126289043939}, "dengu": {"sample_sd": 6.4791117361015536, "sample_mean": 11.566666666666666, "daily_article_count": 15, "30_day_error_count": 10, "threshold_warn": 24.524890138869772, "30_day_warn_count": 9, "daily_sd": 0.52990802955331517, "threshold_error": 31.004001874971326}, "ebola": {"sample_sd": 11.099549540409287, "sample_mean": 28.0, "daily_article_count": 23, "30_day_error_count": 1, "threshold_warn": 50.19909908081857, "30_day_warn_count": 0, "daily_sd": -0.45046873134777948, "threshold_error": 61.298648621227862}, "unkno": {"sample_sd": 18.677526602845465, "sample_mean": 53.5, "daily_article_count": 85, "30_day_error_count": 0, "threshold_warn": 90.855053205690922, "30_day_warn_count": 0, "daily_sd": 1.686518813213794, "threshold_error": 109.5325798085364}, "mumps": {"sample_sd": 0.7951240294584373, "sample_mean": 0.6333333333333333, "daily_article_count": 0, "30_day_error_count": 0, "threshold_warn": 2.2235813922502077, "30_day_warn_count": 2, "daily_sd": -0.79652143548560539, "threshold_error": 3.0187054217086451}}