{"hemmo": {"sample_sd": 0.45825756949558399, "sample_mean": 0.29999999999999999, "daily_article_count": 0, "30_day_error_count": 0, "threshold_warn": 1.2165151389911679, "30_day_warn_count": 0, "daily_sd": -0.65465367070797709, "threshold_error": 1.6747727084867521}, "mersc": {"sample_sd": 20.923803563299753, "sample_mean": 26.833333333333332, "daily_article_count": 9, "30_day_error_count": 3, "threshold_warn": 68.680940459932842, "30_day_warn_count": 5, "daily_sd": -0.85229883177707277, "threshold_error": 89.604744023232584}, "influ": {"sample_sd": 5.7299408567822248, "sample_mean": 5.9666666666666668, "daily_article_count": 1, "30_day_error_count": 0, "threshold_warn": 17.426548380231118, "30_day_warn_count": 0, "daily_sd": -0.86679196012780635, "threshold_error": 23.156489237013339}, "pertu": {"sample_sd": 1.7156145643277025, "sample_mean": 1.7, "daily_article_count": 3, "30_day_error_count": 1, "threshold_warn": 5.1312291286554048, "30_day_warn_count": 0, "daily_sd": 0.7577459570643309, "threshold_error": 6.846843692983108}, "moldf": {"sample_sd": 1.1944315244779278, "sample_mean": 0.80000000000000004, "daily_article_count": 0, "30_day_error_count": 0, "threshold_warn": 3.1888630489558558, "30_day_warn_count": 0, "daily_sd": -0.66977468662313711, "threshold_error": 4.3832945734337834}, "chole": {"sample_sd": 1.9988885800753264, "sample_mean": 1.9333333333333333, "daily_article_count": 0, "30_day_error_count": 10, "threshold_warn": 5.9311104934839864, "30_day_warn_count": 5, "daily_sd": -0.9672041516493517, "threshold_error": 7.9299990735593129}, "hepat": {"sample_sd": 2.1092389359408501, "sample_mean": 2.1333333333333333, "daily_article_count": 0, "30_day_error_count": 3, "threshold_warn": 6.351811205215034, "30_day_warn_count": 0, "daily_sd": -1.0114232659856222, "threshold_error": 8.4610501411558836}, "chiku": {"sample_sd": 2.4776781245530843, "sample_mean": 2.1666666666666665, "daily_article_count": 2, "30_day_error_count": 3, "threshold_warn": 7.1220229157728348, "30_day_warn_count": 0, "daily_sd": -0.067267279399631189, "threshold_error": 9.59970104032592}, "yello": {"sample_sd": 0.66749947981669278, "sample_mean": 0.23333333333333334, "daily_article_count": 0, "30_day_error_count": 0, "threshold_warn": 1.5683322929667189, "30_day_warn_count": 0, "daily_sd": -0.34956331860724571, "threshold_error": 2.2358317727834116}, "menin": {"sample_sd": 2.997035572398536, "sample_mean": 2.5333333333333332, "daily_article_count": 0, "30_day_error_count": 0, "threshold_warn": 8.5274044781304053, "30_day_warn_count": 0, "daily_sd": -0.84527970127024532, "threshold_error": 11.524440050528941}, "plagu": {"sample_sd": 0.29999999999999999, "sample_mean": 0.10000000000000001, "daily_article_count": 0, "30_day_error_count": 0, "threshold_warn": 0.69999999999999996, "30_day_warn_count": 0, "daily_sd": -0.33333333333333337, "threshold_error": 0.99999999999999989}, "westn": {"sample_sd": 0.52599112793531666, "sample_mean": 0.29999999999999999, "daily_article_count": 0, "30_day_error_count": 11, "threshold_warn": 1.3519822558706334, "30_day_warn_count": 0, "daily_sd": -0.57035182547203012, "threshold_error": 1.87797338380595}, "swine": {"sample_sd": 2.1249836600678966, "sample_mean": 1.8666666666666667, "daily_article_count": 0, "30_day_error_count": 2, "threshold_warn": 6.1166339868024604, "30_day_warn_count": 0, "daily_sd": -0.87843812719342218, "threshold_error": 8.2416176468703561}, "measl": {"sample_sd": 10.067770358922575, "sample_mean": 13.199999999999999, "daily_article_count": 4, "30_day_error_count": 0, "threshold_warn": 33.335540717845149, "30_day_warn_count": 0, "daily_sd": -0.91380709650836311, "threshold_error": 43.403311076767721}, "dengu": {"sample_sd": 6.6613311982916246, "sample_mean": 6.4000000000000004, "daily_article_count": 0, "30_day_error_count": 0, "threshold_warn": 19.722662396583249, "30_day_warn_count": 0, "daily_sd": -0.96076892283052284, "threshold_error": 26.383993594874873}, "ebola": {"sample_sd": 17.574887387026603, "sample_mean": 20.300000000000001, "daily_article_count": 4, "30_day_error_count": 0, "threshold_warn": 55.449774774053211, "30_day_warn_count": 0, "daily_sd": -0.92745971231840174, "threshold_error": 73.024662161079803}, "unkno": {"sample_sd": 18.002592405910136, "sample_mean": 46.200000000000003, "daily_article_count": 31, "30_day_error_count": 3, "threshold_warn": 82.205184811820274, "30_day_warn_count": 6, "daily_sd": -0.84432284291510928, "threshold_error": 100.20777721773041}, "mumps": {"sample_sd": 2.4919871588754221, "sample_mean": 2.2999999999999998, "daily_article_count": 0, "30_day_error_count": 0, "threshold_warn": 7.283974317750844, "30_day_warn_count": 0, "daily_sd": -0.92295820699089726, "threshold_error": 9.7759614766262661}}