{"hemmo": {"sample_sd": 0.59999999999999976, "sample_mean": 0.20000000000010001, "daily_article_count": 1, "30_day_error_count": 0, "threshold_warn": 1.4000000000000996, "30_day_warn_count": 0, "daily_sd": 1.3333333333331672, "threshold_error": 2.0000000000000995}, "mersc": {"sample_sd": 6.7977937597429374, "sample_mean": 4.3000000000001002, "daily_article_count": 5, "30_day_error_count": 0, "threshold_warn": 17.895587519485975, "30_day_warn_count": 1, "daily_sd": 0.10297458627611714, "threshold_error": 24.693381279228912}, "influ": {"sample_sd": 3.7541088600802897, "sample_mean": 8.2000000000000988, "daily_article_count": 17, "30_day_error_count": 0, "threshold_warn": 15.708217720160679, "30_day_warn_count": 0, "daily_sd": 2.3440982475430121, "threshold_error": 19.462326580240969}, "pertu": {"sample_sd": 1.521694961401777, "sample_mean": 2.1333333333334332, "daily_article_count": 2, "30_day_error_count": 0, "threshold_warn": 5.1767232561369871, "30_day_warn_count": 0, "daily_sd": -0.087621590867730345, "threshold_error": 6.6984182175387641}, "moldf": {"sample_sd": 0.89752746785575055, "sample_mean": 0.8333333333334334, "daily_article_count": 2, "30_day_error_count": 0, "threshold_warn": 2.6283882690449345, "30_day_warn_count": 0, "daily_sd": 1.2998673672392518, "threshold_error": 3.5259157369006848}, "chole": {"sample_sd": 3.1580584752872034, "sample_mean": 3.6000000000001, "daily_article_count": 2, "30_day_error_count": 1, "threshold_warn": 9.9161169505745068, "30_day_warn_count": 0, "daily_sd": -0.50664039710493047, "threshold_error": 13.074175425861711}, "hepat": {"sample_sd": 7.6571680288617294, "sample_mean": 6.3666666666667666, "daily_article_count": 1, "30_day_error_count": 0, "threshold_warn": 21.681002724390225, "30_day_warn_count": 0, "daily_sd": -0.70086834276569276, "threshold_error": 29.338170753251955}, "chiku": {"sample_sd": 1.2649110640673518, "sample_mean": 1.0000000000000999, "daily_article_count": 0, "30_day_error_count": 1, "threshold_warn": 3.5298221281348034, "30_day_warn_count": 0, "daily_sd": -0.79056941504217382, "threshold_error": 4.7947331922021554}, "yello": {"sample_sd": 0.24944382578492943, "sample_mean": 0.066666666666766669, "daily_article_count": 1, "30_day_error_count": 4, "threshold_warn": 0.5655543182366255, "30_day_warn_count": 0, "daily_sd": 3.7416573867735403, "threshold_error": 0.81499814402155502}, "menin": {"sample_sd": 2.8015868519267593, "sample_mean": 3.8666666666667666, "daily_article_count": 5, "30_day_error_count": 2, "threshold_warn": 9.4698403705202843, "30_day_warn_count": 0, "daily_sd": 0.40453264283197088, "threshold_error": 12.271427222447045}, "plagu": {"sample_sd": 0.84393259341147753, "sample_mean": 0.56666666666676668, "daily_article_count": 1, "30_day_error_count": 3, "threshold_warn": 2.2545318534897216, "30_day_warn_count": 3, "daily_sd": 0.51346912859656824, "threshold_error": 3.0984644469011995}, "westn": {"sample_sd": 4.2770706486254513, "sample_mean": 8.2000000000000988, "daily_article_count": 3, "30_day_error_count": 1, "threshold_warn": 16.754141297251003, "30_day_warn_count": 0, "daily_sd": -1.2157853884576948, "threshold_error": 21.031211945876453}, "swine": {"sample_sd": 2.462158041682585, "sample_mean": 2.2666666666667665, "daily_article_count": 2, "30_day_error_count": 0, "threshold_warn": 7.190982750031937, "30_day_warn_count": 0, "daily_sd": -0.10830607221481703, "threshold_error": 9.653140791714522}, "measl": {"sample_sd": 2.4349309823666236, "sample_mean": 3.7333333333334333, "daily_article_count": 3, "30_day_error_count": 3, "threshold_warn": 8.6031952980666802, "30_day_warn_count": 4, "daily_sd": -0.30117212300640744, "threshold_error": 11.038126280433305}, "dengu": {"sample_sd": 3.3699653806332588, "sample_mean": 7.9000000000001007, "daily_article_count": 15, "30_day_error_count": 1, "threshold_warn": 14.639930761266619, "30_day_warn_count": 3, "daily_sd": 2.1068465690486469, "threshold_error": 18.009896141899876}, "ebola": {"sample_sd": 20.522643321192543, "sample_mean": 37.233333333333434, "daily_article_count": 51, "30_day_error_count": 0, "threshold_warn": 78.278619975718527, "30_day_warn_count": 0, "daily_sd": 0.67080377762305732, "threshold_error": 98.80126329691106}, "unkno": {"sample_sd": 20.946598769251299, "sample_mean": 61.800000000000097, "daily_article_count": 68, "30_day_error_count": 0, "threshold_warn": 103.69319753850269, "30_day_warn_count": 0, "daily_sd": 0.2959907748412709, "threshold_error": 124.639796307754}, "mumps": {"sample_sd": 1.8381754238616315, "sample_mean": 1.4333333333334333, "daily_article_count": 0, "30_day_error_count": 0, "threshold_warn": 5.1096841810566964, "30_day_warn_count": 0, "daily_sd": -0.77975872962238413, "threshold_error": 6.9478596049183272}}