{"hemmo": {"sample_sd": 0.9521904571390466, "sample_mean": 0.60000000000010001, "daily_article_count": 0, "30_day_error_count": 1, "threshold_warn": 2.504380914278193, "30_day_warn_count": 0, "daily_sd": -0.63012603781270948, "threshold_error": 3.4565713714172399}, "mersc": {"sample_sd": 2.1052843566184172, "sample_mean": 3.0333333333334331, "daily_article_count": 0, "30_day_error_count": 0, "threshold_warn": 7.2439020465702679, "30_day_warn_count": 0, "daily_sd": -1.4408188251613103, "threshold_error": 9.3491864031886838}, "influ": {"sample_sd": 4.7450559064731328, "sample_mean": 8.4666666666667663, "daily_article_count": 23, "30_day_error_count": 8, "threshold_warn": 17.956778479613032, "30_day_warn_count": 0, "daily_sd": 3.0628371129425647, "threshold_error": 22.701834386086162}, "pertu": {"sample_sd": 1.1352924243950933, "sample_mean": 1.3333333333334332, "daily_article_count": 5, "30_day_error_count": 1, "threshold_warn": 3.6039181821236195, "30_day_warn_count": 0, "daily_sd": 3.2297112073307814, "threshold_error": 4.7392106065187134}, "moldf": {"sample_sd": 0.7187952884282609, "sample_mean": 0.50000000000010003, "daily_article_count": 1, "30_day_error_count": 0, "threshold_warn": 1.9375905768566217, "30_day_warn_count": 0, "daily_sd": 0.69560834364011315, "threshold_error": 2.6563858652848826}, "chole": {"sample_sd": 3.687817782917155, "sample_mean": 4.0000000000001004, "daily_article_count": 1, "30_day_error_count": 0, "threshold_warn": 11.375635565834411, "30_day_warn_count": 0, "daily_sd": -0.81348921681998787, "threshold_error": 15.063453348751565}, "hepat": {"sample_sd": 1.4255603186895398, "sample_mean": 2.0333333333334331, "daily_article_count": 1, "30_day_error_count": 2, "threshold_warn": 4.8844539707125127, "30_day_warn_count": 0, "daily_sd": -0.72486117899475122, "threshold_error": 6.3100142894020532}, "chiku": {"sample_sd": 2.1343747458109497, "sample_mean": 2.6666666666667664, "daily_article_count": 2, "30_day_error_count": 0, "threshold_warn": 6.9354161582886658, "30_day_warn_count": 0, "daily_sd": -0.31234752377725888, "threshold_error": 9.0697909040996159}, "yello": {"sample_sd": 0.51207638319124049, "sample_mean": 0.26666666666676664, "daily_article_count": 0, "30_day_error_count": 1, "threshold_warn": 1.2908194330492475, "30_day_warn_count": 0, "daily_sd": -0.52075564392349072, "threshold_error": 1.802895816240488}, "menin": {"sample_sd": 3.5822091259755093, "sample_mean": 4.0333333333334336, "daily_article_count": 2, "30_day_error_count": 0, "threshold_warn": 11.197751585284452, "30_day_warn_count": 0, "daily_sd": -0.56761994116681147, "threshold_error": 14.77996071125996}, "plagu": {"sample_sd": 0.54160256030906384, "sample_mean": 0.20000000000010001, "daily_article_count": 0, "30_day_error_count": 7, "threshold_warn": 1.2832051206182278, "30_day_warn_count": 2, "daily_sd": -0.369274472938183, "threshold_error": 1.8248076809272917}, "westn": {"sample_sd": 1.7387735140993301, "sample_mean": 1.1000000000001, "daily_article_count": 0, "30_day_error_count": 0, "threshold_warn": 4.5775470281987598, "30_day_warn_count": 0, "daily_sd": -0.63262983423685903, "threshold_error": 6.3163205422980901}, "swine": {"sample_sd": 1.3888444437333107, "sample_mean": 1.0666666666667666, "daily_article_count": 2, "30_day_error_count": 2, "threshold_warn": 3.8443555541333883, "30_day_warn_count": 0, "daily_sd": 0.67202150503217506, "threshold_error": 5.2331999978666994}, "measl": {"sample_sd": 1.7950549357115013, "sample_mean": 1.6666666666667667, "daily_article_count": 1, "30_day_error_count": 2, "threshold_warn": 5.2567765380897695, "30_day_warn_count": 3, "daily_sd": -0.37139067635415945, "threshold_error": 7.0518314738012702}, "dengu": {"sample_sd": 2.504440500834912, "sample_mean": 7.8333333333334334, "daily_article_count": 2, "30_day_error_count": 0, "threshold_warn": 12.842214335003257, "30_day_warn_count": 0, "daily_sd": -2.3291962142397713, "threshold_error": 15.346654835838169}, "ebola": {"sample_sd": 513.08547695941127, "sample_mean": 912.40000000000009, "daily_article_count": 165, "30_day_error_count": 0, "threshold_warn": 1938.5709539188226, "30_day_warn_count": 0, "daily_sd": -1.4566773638364447, "threshold_error": 2451.656430878234}, "unkno": {"sample_sd": 18.287943812492667, "sample_mean": 46.533333333333431, "daily_article_count": 65, "30_day_error_count": 2, "threshold_warn": 83.109220958318758, "30_day_warn_count": 0, "daily_sd": 1.00977271452747, "threshold_error": 101.39716477081143}, "mumps": {"sample_sd": 0.45338235029118146, "sample_mean": 0.16666666666676666, "daily_article_count": 0, "30_day_error_count": 3, "threshold_warn": 1.0734313672491296, "30_day_warn_count": 0, "daily_sd": -0.36760731104712441, "threshold_error": 1.5268137175403111}}