{"hemmo": {"sample_sd": 0.9285592184789413, "sample_mean": 0.26666666666666666, "daily_article_count": 0, "30_day_error_count": 0, "threshold_warn": 2.1237851036245492, "30_day_warn_count": 0, "daily_sd": -0.28718326344709522, "threshold_error": 3.0523443221034903}, "mersc": {"sample_sd": 4.8698619647332464, "sample_mean": 5.5333333333333332, "daily_article_count": 1, "30_day_error_count": 0, "threshold_warn": 15.273057262799826, "30_day_warn_count": 0, "daily_sd": -0.93089565292876897, "threshold_error": 20.142919227533071}, "influ": {"sample_sd": 7.7103105572271788, "sample_mean": 4.5333333333333332, "daily_article_count": 3, "30_day_error_count": 0, "threshold_warn": 19.953954447787691, "30_day_warn_count": 0, "daily_sd": -0.19886790836149645, "threshold_error": 27.664265005014869}, "pertu": {"sample_sd": 2.5130769099961014, "sample_mean": 1.8666666666666667, "daily_article_count": 3, "30_day_error_count": 1, "threshold_warn": 6.89282048665887, "30_day_warn_count": 0, "daily_sd": 0.45097439271569745, "threshold_error": 9.4058973966549715}, "moldf": {"sample_sd": 0.42687494916218993, "sample_mean": 0.13333333333333333, "daily_article_count": 0, "30_day_error_count": 2, "threshold_warn": 0.98708323165771317, "30_day_warn_count": 0, "daily_sd": -0.31234752377721209, "threshold_error": 1.4139581808199031}, "chole": {"sample_sd": 5.0354300268751189, "sample_mean": 4.333333333333333, "daily_article_count": 6, "30_day_error_count": 0, "threshold_warn": 14.40419338708357, "30_day_warn_count": 3, "daily_sd": 0.33098795093394734, "threshold_error": 19.439623413958689}, "hepat": {"sample_sd": 2.2561028345356955, "sample_mean": 1.8999999999999999, "daily_article_count": 1, "30_day_error_count": 3, "threshold_warn": 6.4122056690713904, "30_day_warn_count": 2, "daily_sd": -0.39891798646014259, "threshold_error": 8.6683085036070864}, "chiku": {"sample_sd": 6.8358531939245797, "sample_mean": 9.7333333333333325, "daily_article_count": 13, "30_day_error_count": 1, "threshold_warn": 23.40503972118249, "30_day_warn_count": 0, "daily_sd": 0.47787256016117258, "threshold_error": 30.240892915107075}, "yello": {"sample_sd": 0.80346471954626342, "sample_mean": 0.23333333333333334, "daily_article_count": 0, "30_day_error_count": 0, "threshold_warn": 1.8402627724258602, "30_day_warn_count": 0, "daily_sd": -0.2904089347757578, "threshold_error": 2.6437274919721236}, "menin": {"sample_sd": 1.5380362660079101, "sample_mean": 1.3666666666666667, "daily_article_count": 5, "30_day_error_count": 1, "threshold_warn": 4.4427391986824869, "30_day_warn_count": 0, "daily_sd": 2.3623196758317837, "threshold_error": 5.9807754646903977}, "plagu": {"sample_sd": 0.55876848714134031, "sample_mean": 0.23333333333333334, "daily_article_count": 0, "30_day_error_count": 3, "threshold_warn": 1.350870307616014, "30_day_warn_count": 0, "daily_sd": -0.41758499039032554, "threshold_error": 1.9096387947573543}, "westn": {"sample_sd": 2.3228335186912461, "sample_mean": 3.9333333333333331, "daily_article_count": 8, "30_day_error_count": 0, "threshold_warn": 8.5790003707158249, "30_day_warn_count": 0, "daily_sd": 1.7507353126873888, "threshold_error": 10.901833889407072}, "swine": {"sample_sd": 1.948218559493661, "sample_mean": 1.7333333333333334, "daily_article_count": 1, "30_day_error_count": 0, "threshold_warn": 5.6297704523206553, "30_day_warn_count": 0, "daily_sd": -0.37641225095603525, "threshold_error": 7.5779890118143163}, "measl": {"sample_sd": 5.8238017365520491, "sample_mean": 6.5, "daily_article_count": 4, "30_day_error_count": 0, "threshold_warn": 18.147603473104098, "30_day_warn_count": 0, "daily_sd": -0.42927285527410686, "threshold_error": 23.971405209656147}, "dengu": {"sample_sd": 4.2562372532032988, "sample_mean": 6.5333333333333332, "daily_article_count": 0, "30_day_error_count": 0, "threshold_warn": 15.045807839739931, "30_day_warn_count": 0, "daily_sd": -1.5350021497077642, "threshold_error": 19.302045092943231}, "ebola": {"sample_sd": 16.227000818252137, "sample_mean": 31.866666666666667, "daily_article_count": 401, "30_day_error_count": 22, "threshold_warn": 64.320668303170947, "30_day_warn_count": 0, "daily_sd": 22.748093592140084, "threshold_error": 80.54766912142307}, "unkno": {"sample_sd": 70.140501851640607, "sample_mean": 74.900000000000006, "daily_article_count": 70, "30_day_error_count": 0, "threshold_warn": 215.18100370328122, "30_day_warn_count": 0, "daily_sd": -0.069859779594453997, "threshold_error": 285.32150555492183}, "mumps": {"sample_sd": 0.42687494916218999, "sample_mean": 0.13333333333333333, "daily_article_count": 0, "30_day_error_count": 1, "threshold_warn": 0.98708323165771328, "30_day_warn_count": 0, "daily_sd": -0.31234752377721209, "threshold_error": 1.4139581808199033}}