{"hemmo": {"sample_sd": 0.24944382578492943, "sample_mean": 0.066666666666666666, "daily_article_count": 1, "30_day_error_count": 6, "threshold_warn": 0.56555431823652558, "30_day_warn_count": 0, "daily_sd": 3.7416573867739413, "threshold_error": 0.81499814402145498}, "mersc": {"sample_sd": 1.8571184369578826, "sample_mean": 1.1333333333333333, "daily_article_count": 4, "30_day_error_count": 0, "threshold_warn": 4.8475702072490989, "30_day_warn_count": 0, "daily_sd": 1.543610041028137, "threshold_error": 6.7046886442069802}, "influ": {"sample_sd": 11.292278581205634, "sample_mean": 19.466666666666665, "daily_article_count": 19, "30_day_error_count": 1, "threshold_warn": 42.051223829077934, "30_day_warn_count": 0, "daily_sd": -0.04132617374879187, "threshold_error": 53.343502410283563}, "pertu": {"sample_sd": 2.3591429705627323, "sample_mean": 2.0333333333333332, "daily_article_count": 1, "30_day_error_count": 0, "threshold_warn": 6.7516192744587977, "30_day_warn_count": 0, "daily_sd": -0.43801217061755676, "threshold_error": 9.1107622450215295}, "moldf": {"sample_sd": 0.78102496759066542, "sample_mean": 0.69999999999999996, "daily_article_count": 1, "30_day_error_count": 0, "threshold_warn": 2.2620499351813308, "30_day_warn_count": 0, "daily_sd": 0.38411063979868798, "threshold_error": 3.0430749027719965}, "chole": {"sample_sd": 2.1860669909426127, "sample_mean": 2.4333333333333331, "daily_article_count": 4, "30_day_error_count": 4, "threshold_warn": 6.805467315218559, "30_day_warn_count": 3, "daily_sd": 0.716659952854937, "threshold_error": 8.9915343061611708}, "hepat": {"sample_sd": 1.2671051872498809, "sample_mean": 1.1666666666666667, "daily_article_count": 0, "30_day_error_count": 1, "threshold_warn": 3.7008770411664287, "30_day_warn_count": 0, "daily_sd": -0.92073387308814869, "threshold_error": 4.9679822284163091}, "chiku": {"sample_sd": 1.004987562112089, "sample_mean": 1.3, "daily_article_count": 3, "30_day_error_count": 3, "threshold_warn": 3.3099751242241782, "30_day_warn_count": 0, "daily_sd": 1.6915632233569817, "threshold_error": 4.3149626863362665}, "yello": {"sample_sd": 0.24944382578492943, "sample_mean": 0.066666666666666666, "daily_article_count": 0, "30_day_error_count": 3, "threshold_warn": 0.56555431823652558, "30_day_warn_count": 0, "daily_sd": -0.2672612419124244, "threshold_error": 0.81499814402145498}, "menin": {"sample_sd": 5.0181891377490162, "sample_mean": 2.1333333333333333, "daily_article_count": 0, "30_day_error_count": 0, "threshold_warn": 12.169711608831365, "30_day_warn_count": 0, "daily_sd": -0.42512015286260652, "threshold_error": 17.187900746580382}, "plagu": {"sample_sd": 3.0697448319580785, "sample_mean": 1.1000000000000001, "daily_article_count": 0, "30_day_error_count": 0, "threshold_warn": 7.2394896639161566, "30_day_warn_count": 0, "daily_sd": -0.35833597260211042, "threshold_error": 10.309234495874234}, "westn": {"sample_sd": 0.30000000000000004, "sample_mean": 0.10000000000000001, "daily_article_count": 1, "30_day_error_count": 0, "threshold_warn": 0.70000000000000007, "30_day_warn_count": 0, "daily_sd": 2.9999999999999996, "threshold_error": 1.0000000000000002}, "swine": {"sample_sd": 3.3796778281697533, "sample_mean": 2.3333333333333335, "daily_article_count": 37, "30_day_error_count": 5, "threshold_warn": 9.0926889896728404, "30_day_warn_count": 3, "daily_sd": 10.257387960982131, "threshold_error": 12.472366817842593}, "measl": {"sample_sd": 2.1071307505705477, "sample_mean": 2.3999999999999999, "daily_article_count": 63, "30_day_error_count": 13, "threshold_warn": 6.6142615011410957, "30_day_warn_count": 3, "daily_sd": 28.759487271300721, "threshold_error": 8.7213922517116433}, "dengu": {"sample_sd": 1.9576062480034697, "sample_mean": 3.0333333333333332, "daily_article_count": 3, "30_day_error_count": 0, "threshold_warn": 6.9485458293402722, "30_day_warn_count": 0, "daily_sd": -0.01702759856193212, "threshold_error": 8.9061520773437426}, "ebola": {"sample_sd": 51.120609020889674, "sample_mean": 141.5, "daily_article_count": 119, "30_day_error_count": 1, "threshold_warn": 243.74121804177935, "30_day_warn_count": 0, "daily_sd": -0.44013560149108771, "threshold_error": 294.86182706266902}, "unkno": {"sample_sd": 21.762250700595182, "sample_mean": 55.06666666666667, "daily_article_count": 73, "30_day_error_count": 0, "threshold_warn": 98.591168067857041, "30_day_warn_count": 0, "daily_sd": 0.82405692223933746, "threshold_error": 120.3534187684522}, "mumps": {"sample_sd": 0.71802197428460057, "sample_mean": 0.53333333333333333, "daily_article_count": 0, "30_day_error_count": 0, "threshold_warn": 1.9693772819025344, "30_day_warn_count": 0, "daily_sd": -0.74278135270820744, "threshold_error": 2.6873992561871347}}