{"hemmo": {"sample_sd": 2.3307128141884452, "sample_mean": 1.0333333333333334, "daily_article_count": 0, "30_day_error_count": 0, "threshold_warn": 5.6947589617102237, "30_day_warn_count": 0, "daily_sd": -0.44335506590207696, "threshold_error": 8.0254717758986693}, "mersc": {"sample_sd": 1.4161763857498666, "sample_mean": 1.1666666666666667, "daily_article_count": 24, "30_day_error_count": 23, "threshold_warn": 3.9990194381663997, "30_day_warn_count": 0, "daily_sd": 16.123226995656381, "threshold_error": 5.4151958239162665}, "influ": {"sample_sd": 2.2997584414213792, "sample_mean": 3.3333333333333335, "daily_article_count": 2, "30_day_error_count": 3, "threshold_warn": 7.9328502161760923, "30_day_warn_count": 5, "daily_sd": -0.57977103565244836, "threshold_error": 10.232608657597471}, "pertu": {"sample_sd": 0.61101009266077866, "sample_mean": 0.40000000000000002, "daily_article_count": 7, "30_day_error_count": 7, "threshold_warn": 1.6220201853215572, "30_day_warn_count": 1, "daily_sd": 10.801785566681623, "threshold_error": 2.2330302779823361}, "moldf": {"sample_sd": 0.47609522856952335, "sample_mean": 0.20000000000000001, "daily_article_count": 0, "30_day_error_count": 6, "threshold_warn": 1.1521904571390467, "30_day_warn_count": 1, "daily_sd": -0.42008402520840293, "threshold_error": 1.6282856857085701}, "chole": {"sample_sd": 2.4000000000000004, "sample_mean": 2.7999999999999998, "daily_article_count": 3, "30_day_error_count": 0, "threshold_warn": 7.6000000000000005, "30_day_warn_count": 0, "daily_sd": 0.083333333333333398, "threshold_error": 10.0}, "hepat": {"sample_sd": 1.642829537380214, "sample_mean": 1.3666666666666667, "daily_article_count": 1, "30_day_error_count": 2, "threshold_warn": 4.6523257414270951, "30_day_warn_count": 0, "daily_sd": -0.22319215616939928, "threshold_error": 6.2951552788073091}, "chiku": {"sample_sd": 0.58594652770823152, "sample_mean": 0.29999999999999999, "daily_article_count": 4, "30_day_error_count": 8, "threshold_warn": 1.4718930554164631, "30_day_warn_count": 0, "daily_sd": 6.3145693762731749, "threshold_error": 2.0578395831246943}, "yello": {"sample_sd": 0.42295258468165065, "sample_mean": 0.23333333333333334, "daily_article_count": 0, "30_day_error_count": 2, "threshold_warn": 1.0792385026966347, "30_day_warn_count": 0, "daily_sd": -0.55167728436737051, "threshold_error": 1.5021910873782853}, "menin": {"sample_sd": 3.625373543972171, "sample_mean": 2.7000000000000002, "daily_article_count": 3, "30_day_error_count": 1, "threshold_warn": 9.9507470879443431, "30_day_warn_count": 0, "daily_sd": 0.082750093572785968, "threshold_error": 13.576120631916513}, "plagu": {"sample_sd": 0.0, "sample_mean": 0.0, "daily_article_count": 0, "30_day_error_count": 3, "threshold_warn": 0.0, "30_day_warn_count": 0, "daily_sd": 0, "threshold_error": 0.0}, "westn": {"sample_sd": 0.24944382578492943, "sample_mean": 0.066666666666666666, "daily_article_count": 0, "30_day_error_count": 8, "threshold_warn": 0.56555431823652558, "30_day_warn_count": 0, "daily_sd": -0.2672612419124244, "threshold_error": 0.81499814402145498}, "swine": {"sample_sd": 1.1527744310527057, "sample_mean": 1.2666666666666666, "daily_article_count": 1, "30_day_error_count": 4, "threshold_warn": 3.572215528772078, "30_day_warn_count": 0, "daily_sd": -0.231325972786496, "threshold_error": 4.724989959824784}, "measl": {"sample_sd": 3.8637920348912269, "sample_mean": 6.9333333333333336, "daily_article_count": 16, "30_day_error_count": 5, "threshold_warn": 14.660917403115787, "30_day_warn_count": 4, "daily_sd": 2.3465721200292062, "threshold_error": 18.524709438007015}, "dengu": {"sample_sd": 2.2568414506414345, "sample_mean": 3.2000000000000002, "daily_article_count": 5, "30_day_error_count": 5, "threshold_warn": 7.7136829012828692, "30_day_warn_count": 2, "daily_sd": 0.79757485821097795, "threshold_error": 9.9705243519243041}, "ebola": {"sample_sd": 27.192748216308619, "sample_mean": 19.233333333333334, "daily_article_count": 6, "30_day_error_count": 0, "threshold_warn": 73.618829765950579, "30_day_warn_count": 4, "daily_sd": -0.48664935327856107, "threshold_error": 100.81157798225919}, "unkno": {"sample_sd": 15.978596795574871, "sample_mean": 38.866666666666667, "daily_article_count": 66, "30_day_error_count": 0, "threshold_warn": 70.823860257816406, "30_day_warn_count": 0, "daily_sd": 1.69810488871261, "threshold_error": 86.802457053391279}, "mumps": {"sample_sd": 2.2647050335284038, "sample_mean": 1.9333333333333333, "daily_article_count": 2, "30_day_error_count": 1, "threshold_warn": 6.4627434003901412, "30_day_warn_count": 1, "daily_sd": 0.029437240470473181, "threshold_error": 8.7274484339185445}}