{"hemmo": {"sample_sd": 0.49553562491061676, "sample_mean": 0.23333333333333334, "daily_article_count": 0, "30_day_error_count": 2, "threshold_warn": 1.2244045831545669, "30_day_warn_count": 0, "daily_sd": -0.47087095579741883, "threshold_error": 1.7199402080651836}, "mersc": {"sample_sd": 21.62775993948518, "sample_mean": 39.200000000000003, "daily_article_count": 38, "30_day_error_count": 0, "threshold_warn": 82.455519878970364, "30_day_warn_count": 0, "daily_sd": -0.055484248177232506, "threshold_error": 104.08327981845555}, "influ": {"sample_sd": 4.7870194856043309, "sample_mean": 10.466666666666667, "daily_article_count": 7, "30_day_error_count": 1, "threshold_warn": 20.040705637875327, "30_day_warn_count": 0, "daily_sd": -0.72418060488195868, "threshold_error": 24.827725123479659}, "pertu": {"sample_sd": 1.5205992970609392, "sample_mean": 1.2333333333333334, "daily_article_count": 0, "30_day_error_count": 0, "threshold_warn": 4.2745319274552118, "30_day_warn_count": 0, "daily_sd": -0.81108371923961675, "threshold_error": 5.795131224516151}, "moldf": {"sample_sd": 0.65743609744386733, "sample_mean": 0.36666666666666664, "daily_article_count": 1, "30_day_error_count": 2, "threshold_warn": 1.6815388615544014, "30_day_warn_count": 1, "daily_sd": 0.96333824047044825, "threshold_error": 2.3389749589982687}, "chole": {"sample_sd": 4.6432747064975599, "sample_mean": 5.7999999999999998, "daily_article_count": 1, "30_day_error_count": 0, "threshold_warn": 15.086549412995119, "30_day_warn_count": 0, "daily_sd": -1.0337531814094751, "threshold_error": 19.72982411949268}, "hepat": {"sample_sd": 2.2757172251597715, "sample_mean": 2.5666666666666669, "daily_article_count": 37, "30_day_error_count": 3, "threshold_warn": 7.1181011169862103, "30_day_warn_count": 1, "daily_sd": 15.130760954237566, "threshold_error": 9.3938183421459804}, "chiku": {"sample_sd": 1.1527744310527057, "sample_mean": 1.0666666666666667, "daily_article_count": 0, "30_day_error_count": 2, "threshold_warn": 3.3722155287720783, "30_day_warn_count": 0, "daily_sd": -0.92530389114598421, "threshold_error": 4.5249899598247838}, "yello": {"sample_sd": 1.52206000757745, "sample_mean": 0.5, "daily_article_count": 0, "30_day_error_count": 0, "threshold_warn": 3.5441200151548999, "30_day_warn_count": 0, "daily_sd": -0.3285021599088021, "threshold_error": 5.0661800227323504}, "menin": {"sample_sd": 3.4698703145794942, "sample_mean": 4.5999999999999996, "daily_article_count": 6, "30_day_error_count": 0, "threshold_warn": 11.539740629158988, "30_day_warn_count": 0, "daily_sd": 0.40347329239296459, "threshold_error": 15.009610943738481}, "plagu": {"sample_sd": 1.7259457954666158, "sample_mean": 0.76666666666666672, "daily_article_count": 0, "30_day_error_count": 0, "threshold_warn": 4.2185582575998986, "30_day_warn_count": 0, "daily_sd": -0.44420089476761093, "threshold_error": 5.9445040530665141}, "westn": {"sample_sd": 2.3853720883753127, "sample_mean": 3.1000000000000001, "daily_article_count": 10, "30_day_error_count": 8, "threshold_warn": 7.870744176750625, "30_day_warn_count": 3, "daily_sd": 2.8926304762371982, "threshold_error": 10.256116265125938}, "swine": {"sample_sd": 1.9232495649002208, "sample_mean": 2.3666666666666667, "daily_article_count": 1, "30_day_error_count": 1, "threshold_warn": 6.2131657964671083, "30_day_warn_count": 0, "daily_sd": -0.71060287318331983, "threshold_error": 8.1364153613673285}, "measl": {"sample_sd": 2.5603819159562029, "sample_mean": 3.6666666666666665, "daily_article_count": 1, "30_day_error_count": 5, "threshold_warn": 8.7874304985790719, "30_day_warn_count": 1, "daily_sd": -1.0415112878465909, "threshold_error": 11.347812414535275}, "dengu": {"sample_sd": 3.9085376634576092, "sample_mean": 7.2999999999999998, "daily_article_count": 9, "30_day_error_count": 0, "threshold_warn": 15.117075326915218, "30_day_warn_count": 0, "daily_sd": 0.43494527784494452, "threshold_error": 19.025612990372828}, "ebola": {"sample_sd": 13.82433442239525, "sample_mean": 36.43333333333333, "daily_article_count": 26, "30_day_error_count": 3, "threshold_warn": 64.08200217812383, "30_day_warn_count": 0, "daily_sd": -0.75470782278179405, "threshold_error": 77.906336600519069}, "unkno": {"sample_sd": 54.100729097572149, "sample_mean": 128.66666666666666, "daily_article_count": 65, "30_day_error_count": 0, "threshold_warn": 236.86812486181094, "30_day_warn_count": 0, "daily_sd": -1.1768171654737236, "threshold_error": 290.96885395938307}, "mumps": {"sample_sd": 0.54160256030906395, "sample_mean": 0.20000000000000001, "daily_article_count": 4, "30_day_error_count": 3, "threshold_warn": 1.2832051206181279, "30_day_warn_count": 0, "daily_sd": 7.016214985821966, "threshold_error": 1.8248076809271918}}