{"hemmo": {"sample_sd": 0.33993463423951903, "sample_mean": 0.13333333333343333, "daily_article_count": 0, "30_day_error_count": 0, "threshold_warn": 0.81320260181247139, "30_day_warn_count": 0, "daily_sd": -0.39223227027666219, "threshold_error": 1.1531372360519905}, "mersc": {"sample_sd": 22.119875426613255, "sample_mean": 49.333333333333435, "daily_article_count": 8, "30_day_error_count": 0, "threshold_warn": 93.573084186559953, "30_day_warn_count": 0, "daily_sd": -1.8686060629258221, "threshold_error": 115.6929596131732}, "influ": {"sample_sd": 3.1770006819850281, "sample_mean": 4.8000000000001002, "daily_article_count": 3, "30_day_error_count": 0, "threshold_warn": 11.154001363970156, "30_day_warn_count": 0, "daily_sd": -0.5665721163381805, "threshold_error": 14.331002045955184}, "pertu": {"sample_sd": 1.9321835661585918, "sample_mean": 2.0000000000000999, "daily_article_count": 7, "30_day_error_count": 0, "threshold_warn": 5.8643671323172839, "30_day_warn_count": 0, "daily_sd": 2.5877458475337769, "threshold_error": 7.7965506984758743}, "moldf": {"sample_sd": 0.87496031656044559, "sample_mean": 0.63333333333343333, "daily_article_count": 1, "30_day_error_count": 0, "threshold_warn": 2.3832539664543244, "30_day_warn_count": 0, "daily_sd": 0.41906662476758844, "threshold_error": 3.25821428301477}, "chole": {"sample_sd": 1.9618585292749551, "sample_mean": 1.5333333333334334, "daily_article_count": 3, "30_day_error_count": 12, "threshold_warn": 5.4570503918833433, "30_day_warn_count": 17, "daily_sd": 0.74759043263359226, "threshold_error": 7.418908921158299}, "hepat": {"sample_sd": 1.7413277182145301, "sample_mean": 2.0333333333334331, "daily_article_count": 0, "30_day_error_count": 3, "threshold_warn": 5.5159887697624939, "30_day_warn_count": 0, "daily_sd": -1.1676913610600024, "threshold_error": 7.2573164879770236}, "chiku": {"sample_sd": 2.0550750189064471, "sample_mean": 1.9000000000000998, "daily_article_count": 14, "30_day_error_count": 8, "threshold_warn": 6.010150037812994, "30_day_warn_count": 9, "daily_sd": 5.8878629192031102, "threshold_error": 8.0652250567194415}, "yello": {"sample_sd": 0.70632067001390297, "sample_mean": 0.36666666666676662, "daily_article_count": 0, "30_day_error_count": 0, "threshold_warn": 1.7793080066945726, "30_day_warn_count": 0, "daily_sd": -0.51912209600145109, "threshold_error": 2.4856286767084756}, "menin": {"sample_sd": 1.6802777548171413, "sample_mean": 1.9000000000000998, "daily_article_count": 0, "30_day_error_count": 0, "threshold_warn": 5.2605555096343828, "30_day_warn_count": 0, "daily_sd": -1.1307654312229292, "threshold_error": 6.9408332644515234}, "plagu": {"sample_sd": 0.17950549357115009, "sample_mean": 0.033333333333433336, "daily_article_count": 0, "30_day_error_count": 0, "threshold_warn": 0.39234432047573353, "30_day_warn_count": 0, "daily_sd": -0.18569533817760903, "threshold_error": 0.57184981404688362}, "westn": {"sample_sd": 0.61553951042064625, "sample_mean": 0.43333333333343332, "daily_article_count": 2, "30_day_error_count": 9, "threshold_warn": 1.6644123541747258, "30_day_warn_count": 5, "daily_sd": 2.5451926970470846, "threshold_error": 2.2799518645953722}, "swine": {"sample_sd": 2.7194770739161518, "sample_mean": 1.9333333333334333, "daily_article_count": 0, "30_day_error_count": 0, "threshold_warn": 7.3722874811657366, "30_day_warn_count": 0, "daily_sd": -0.71092098987595387, "threshold_error": 10.091764555081888}, "measl": {"sample_sd": 10.486446278675896, "sample_mean": 11.633333333333432, "daily_article_count": 12, "30_day_error_count": 0, "threshold_warn": 32.606225890685224, "30_day_warn_count": 0, "daily_sd": 0.034965769806324321, "threshold_error": 43.092672169361123}, "dengu": {"sample_sd": 2.2201101073795617, "sample_mean": 3.0666666666667668, "daily_article_count": 1, "30_day_error_count": 1, "threshold_warn": 7.5068868814258902, "30_day_warn_count": 0, "daily_sd": -0.93088476098426165, "threshold_error": 9.7269969888054533}, "ebola": {"sample_sd": 7.0398863627192174, "sample_mean": 7.8000000000001002, "daily_article_count": 11, "30_day_error_count": 0, "threshold_warn": 21.879772725438535, "30_day_warn_count": 0, "daily_sd": 0.45455279178169461, "threshold_error": 28.919659088157754}, "unkno": {"sample_sd": 27.044900936528993, "sample_mean": 57.200000000000102, "daily_article_count": 64, "30_day_error_count": 0, "threshold_warn": 111.28980187305808, "30_day_warn_count": 0, "daily_sd": 0.25143371816959686, "threshold_error": 138.3347028095871}, "mumps": {"sample_sd": 2.5914388967435746, "sample_mean": 2.4666666666667667, "daily_article_count": 0, "30_day_error_count": 0, "threshold_warn": 7.6495444601539155, "30_day_warn_count": 0, "daily_sd": -0.9518521427483404, "threshold_error": 10.240983356897491}}