{"hemmo": {"sample_sd": 0.33993463423951903, "sample_mean": 0.13333333333333333, "daily_article_count": 0, "30_day_error_count": 0, "threshold_warn": 0.81320260181237136, "30_day_warn_count": 0, "daily_sd": -0.39223227027636803, "threshold_error": 1.1531372360518903}, "mersc": {"sample_sd": 22.362766674392802, "sample_mean": 48.200000000000003, "daily_article_count": 4, "30_day_error_count": 0, "threshold_warn": 92.925533348785606, "30_day_warn_count": 0, "daily_sd": -1.9764996274192057, "threshold_error": 115.28830002317841}, "influ": {"sample_sd": 3.0868898407440604, "sample_mean": 4.7333333333333334, "daily_article_count": 8, "30_day_error_count": 0, "threshold_warn": 10.907113014821455, "30_day_warn_count": 0, "daily_sd": 1.0582388213371661, "threshold_error": 13.994002855565515}, "pertu": {"sample_sd": 1.9652537297311565, "sample_mean": 1.9333333333333333, "daily_article_count": 0, "30_day_error_count": 0, "threshold_warn": 5.8638407927956466, "30_day_warn_count": 0, "daily_sd": -0.98375762075149964, "threshold_error": 7.8290945225268036}, "moldf": {"sample_sd": 0.8999999999999998, "sample_mean": 0.69999999999999996, "daily_article_count": 0, "30_day_error_count": 0, "threshold_warn": 2.4999999999999996, "30_day_warn_count": 0, "daily_sd": -0.7777777777777779, "threshold_error": 3.3999999999999995}, "chole": {"sample_sd": 1.7792008193443356, "sample_mean": 1.3666666666666667, "daily_article_count": 8, "30_day_error_count": 12, "threshold_warn": 4.9250683053553379, "30_day_warn_count": 8, "daily_sd": 3.7282656691771443, "threshold_error": 6.7042691246996728}, "hepat": {"sample_sd": 1.7320508075688772, "sample_mean": 2.0, "daily_article_count": 1, "30_day_error_count": 3, "threshold_warn": 5.4641016151377544, "30_day_warn_count": 0, "daily_sd": -0.57735026918962584, "threshold_error": 7.196152422706632}, "chiku": {"sample_sd": 2.0829999733290654, "sample_mean": 1.8333333333333333, "daily_article_count": 11, "30_day_error_count": 7, "threshold_warn": 5.9993332799914638, "30_day_warn_count": 6, "daily_sd": 4.4007041690050697, "threshold_error": 8.0823332533205292}, "yello": {"sample_sd": 0.70632067001390297, "sample_mean": 0.36666666666666664, "daily_article_count": 2, "30_day_error_count": 0, "threshold_warn": 1.7793080066944726, "30_day_warn_count": 0, "daily_sd": 2.3124529730967427, "threshold_error": 2.4856286767083757}, "menin": {"sample_sd": 1.6802777548171413, "sample_mean": 1.8999999999999999, "daily_article_count": 0, "30_day_error_count": 0, "threshold_warn": 5.2605555096342824, "30_day_warn_count": 0, "daily_sd": -1.1307654312228697, "threshold_error": 6.9408332644514239}, "plagu": {"sample_sd": 0.17950549357115009, "sample_mean": 0.033333333333333333, "daily_article_count": 0, "30_day_error_count": 0, "threshold_warn": 0.3923443204756335, "30_day_warn_count": 0, "daily_sd": -0.18569533817705192, "threshold_error": 0.57184981404678359}, "westn": {"sample_sd": 0.66999170807472608, "sample_mean": 0.46666666666666667, "daily_article_count": 1, "30_day_error_count": 9, "threshold_warn": 1.8066500828161187, "30_day_warn_count": 2, "daily_sd": 0.79602975216799121, "threshold_error": 2.4766417908908451}, "swine": {"sample_sd": 2.3851391759997758, "sample_mean": 1.6666666666666667, "daily_article_count": 1, "30_day_error_count": 1, "threshold_warn": 6.4369450186662185, "30_day_warn_count": 0, "daily_sd": -0.27950849718747373, "threshold_error": 8.8220841946659938}, "measl": {"sample_sd": 10.485969461883604, "sample_mean": 11.333333333333334, "daily_article_count": 4, "30_day_error_count": 1, "threshold_warn": 32.30527225710054, "30_day_warn_count": 0, "daily_sd": -0.69934719531560041, "threshold_error": 42.791241718984146}, "dengu": {"sample_sd": 2.1522597943143906, "sample_mean": 2.9666666666666668, "daily_article_count": 2, "30_day_error_count": 1, "threshold_warn": 7.271186255295448, "30_day_warn_count": 0, "daily_sd": -0.4491403264700215, "threshold_error": 9.4234460496098382}, "ebola": {"sample_sd": 7.042411203242505, "sample_mean": 8.0666666666666664, "daily_article_count": 10, "30_day_error_count": 0, "threshold_warn": 22.151489073151676, "30_day_warn_count": 0, "daily_sd": 0.27452718643341611, "threshold_error": 29.193900276394182}, "unkno": {"sample_sd": 22.867274044411637, "sample_mean": 54.43333333333333, "daily_article_count": 65, "30_day_error_count": 1, "threshold_warn": 100.1678814221566, "30_day_warn_count": 0, "daily_sd": 0.46208685154796486, "threshold_error": 123.03515546656826}, "mumps": {"sample_sd": 2.5519056060564278, "sample_mean": 2.5666666666666669, "daily_article_count": 0, "30_day_error_count": 0, "threshold_warn": 7.670477878779522, "30_day_warn_count": 0, "daily_sd": -1.0057843286112178, "threshold_error": 10.22238348483595}}