{"hemmo": {"sample_sd": 0.48189440982669857, "sample_mean": 0.36666666666676662, "daily_article_count": 0, "30_day_error_count": 0, "threshold_warn": 1.3304554863201639, "30_day_warn_count": 0, "daily_sd": -0.76088591025288965, "threshold_error": 1.8123498961468623}, "mersc": {"sample_sd": 17.484088004049092, "sample_mean": 17.200000000000099, "daily_article_count": 2, "30_day_error_count": 5, "threshold_warn": 52.168176008098285, "30_day_warn_count": 19, "daily_sd": -0.86936190188930484, "threshold_error": 69.65226401214737}, "influ": {"sample_sd": 5.8234201481794381, "sample_mean": 5.766666666666767, "daily_article_count": 3, "30_day_error_count": 0, "threshold_warn": 17.413506963025643, "30_day_warn_count": 0, "daily_sd": -0.47509308898683933, "threshold_error": 23.236927111205084}, "pertu": {"sample_sd": 1.3924399049470282, "sample_mean": 1.1666666666667667, "daily_article_count": 1, "30_day_error_count": 2, "threshold_warn": 3.9515464765608233, "30_day_warn_count": 0, "daily_sd": -0.11969397463735217, "threshold_error": 5.3439863815078512}, "moldf": {"sample_sd": 1.1756794725698931, "sample_mean": 0.86666666666676673, "daily_article_count": 0, "30_day_error_count": 0, "threshold_warn": 3.2180256118065529, "30_day_warn_count": 0, "daily_sd": -0.73716237026095066, "threshold_error": 4.393705084376446}, "chole": {"sample_sd": 2.0733762053445313, "sample_mean": 2.0333333333334331, "daily_article_count": 3, "30_day_error_count": 3, "threshold_warn": 6.1800857440224952, "30_day_warn_count": 7, "daily_sd": 0.46622830153775041, "threshold_error": 8.2534619493670274}, "hepat": {"sample_sd": 2.2171052197754522, "sample_mean": 2.1333333333334332, "daily_article_count": 1, "30_day_error_count": 3, "threshold_warn": 6.5675437728843375, "30_day_warn_count": 0, "daily_sd": -0.51117706242566918, "threshold_error": 8.7846489926597897}, "chiku": {"sample_sd": 1.8823743871327334, "sample_mean": 1.7000000000000999, "daily_article_count": 3, "30_day_error_count": 4, "threshold_warn": 5.4647487742655665, "30_day_warn_count": 7, "daily_sd": 0.69061713168552163, "threshold_error": 7.3471231613982999}, "yello": {"sample_sd": 0.69041050590693265, "sample_mean": 0.30000000000009996, "daily_article_count": 2, "30_day_error_count": 0, "threshold_warn": 1.6808210118139653, "30_day_warn_count": 0, "daily_sd": 2.46230320288472, "threshold_error": 2.371231517720898}, "menin": {"sample_sd": 3.0296681153038674, "sample_mean": 2.2333333333334333, "daily_article_count": 2, "30_day_error_count": 0, "threshold_warn": 8.2926695639411676, "30_day_warn_count": 0, "daily_sd": -0.077016136571127575, "threshold_error": 11.322337679245036}, "plagu": {"sample_sd": 0.29999999999999999, "sample_mean": 0.10000000000010001, "daily_article_count": 0, "30_day_error_count": 0, "threshold_warn": 0.70000000000009999, "30_day_warn_count": 0, "daily_sd": -0.33333333333366671, "threshold_error": 1.0000000000000999}, "westn": {"sample_sd": 0.49553562491061681, "sample_mean": 0.23333333333343334, "daily_article_count": 0, "30_day_error_count": 8, "threshold_warn": 1.224404583154667, "30_day_warn_count": 0, "daily_sd": -0.47087095579762056, "threshold_error": 1.7199402080652837}, "swine": {"sample_sd": 2.1931712199461306, "sample_mean": 1.7000000000000999, "daily_article_count": 1, "30_day_error_count": 2, "threshold_warn": 6.0863424398923609, "30_day_warn_count": 0, "daily_sd": -0.31917252681133279, "threshold_error": 8.2795136598384929}, "measl": {"sample_sd": 10.169726315557039, "sample_mean": 12.9000000000001, "daily_article_count": 0, "30_day_error_count": 0, "threshold_warn": 33.239452631114176, "30_day_warn_count": 0, "daily_sd": -1.2684707139332208, "threshold_error": 43.409178946671219}, "dengu": {"sample_sd": 6.7918251515250958, "sample_mean": 6.0666666666667668, "daily_article_count": 2, "30_day_error_count": 0, "threshold_warn": 19.650316969716958, "30_day_warn_count": 0, "daily_sd": -0.59875903397683938, "threshold_error": 26.442142121242053}, "ebola": {"sample_sd": 21.165196799358036, "sample_mean": 31.633333333333432, "daily_article_count": 3, "30_day_error_count": 0, "threshold_warn": 73.963726932049497, "30_day_warn_count": 0, "daily_sd": -1.3528498508552453, "threshold_error": 95.128923731407539}, "unkno": {"sample_sd": 13.276922334135524, "sample_mean": 41.300000000000097, "daily_article_count": 14, "30_day_error_count": 6, "threshold_warn": 67.853844668271137, "30_day_warn_count": 9, "daily_sd": -2.0561994197865157, "threshold_error": 81.130767002406671}, "mumps": {"sample_sd": 2.4011571284602673, "sample_mean": 2.6333333333334332, "daily_article_count": 1, "30_day_error_count": 0, "threshold_warn": 7.4356475902539678, "30_day_warn_count": 0, "daily_sd": -0.68022759276099598, "threshold_error": 9.8368047187142338}}