{"hemmo": {"sample_sd": 0.4760952285695233, "sample_mean": 0.20000000000010001, "daily_article_count": 0, "30_day_error_count": 0, "threshold_warn": 1.1521904571391466, "30_day_warn_count": 0, "daily_sd": -0.42008402520861304, "threshold_error": 1.62828568570867}, "mersc": {"sample_sd": 1.2775845264491199, "sample_mean": 0.96666666666676671, "daily_article_count": 5, "30_day_error_count": 18, "threshold_warn": 3.5218357195650065, "30_day_warn_count": 16, "daily_sd": 3.1569992042274957, "threshold_error": 4.799420246014126}, "influ": {"sample_sd": 14.033135390527981, "sample_mean": 24.066666666666766, "daily_article_count": 14, "30_day_error_count": 0, "threshold_warn": 52.132937447722725, "30_day_warn_count": 0, "daily_sd": -0.71734978581205144, "threshold_error": 66.166072838250713}, "pertu": {"sample_sd": 0.75718777944003635, "sample_mean": 0.60000000000010001, "daily_article_count": 1, "30_day_error_count": 13, "threshold_warn": 2.1143755588801727, "30_day_warn_count": 10, "daily_sd": 0.5282705437952423, "threshold_error": 2.8715633383202093}, "moldf": {"sample_sd": 0.52599112793531666, "sample_mean": 0.30000000000009996, "daily_article_count": 1, "30_day_error_count": 3, "threshold_warn": 1.3519822558707333, "30_day_warn_count": 2, "daily_sd": 1.3308209261012136, "threshold_error": 1.8779733838060499}, "chole": {"sample_sd": 4.7651512742689155, "sample_mean": 4.4000000000001007, "daily_article_count": 11, "30_day_error_count": 0, "threshold_warn": 13.930302548537931, "30_day_warn_count": 0, "daily_sd": 1.3850557138949366, "threshold_error": 18.695453822806847}, "hepat": {"sample_sd": 1.5737428845483836, "sample_mean": 1.3000000000001, "daily_article_count": 3, "30_day_error_count": 9, "threshold_warn": 4.4474857690968674, "30_day_warn_count": 11, "daily_sd": 1.0802272827989614, "threshold_error": 6.0212286536452506}, "chiku": {"sample_sd": 2.1982316125063397, "sample_mean": 2.0333333333334331, "daily_article_count": 4, "30_day_error_count": 1, "threshold_warn": 6.4297965583461121, "30_day_warn_count": 0, "daily_sd": 0.89465853164774056, "threshold_error": 8.6280281708524527}, "yello": {"sample_sd": 0.29999999999999993, "sample_mean": 0.10000000000010001, "daily_article_count": 0, "30_day_error_count": 3, "threshold_warn": 0.70000000000009988, "30_day_warn_count": 0, "daily_sd": -0.33333333333366677, "threshold_error": 1.0000000000000999}, "menin": {"sample_sd": 2.2997584414213788, "sample_mean": 2.6666666666667664, "daily_article_count": 6, "30_day_error_count": 1, "threshold_warn": 7.2661835495095239, "30_day_warn_count": 0, "daily_sd": 1.4494275891310775, "threshold_error": 9.5659419909309023}, "plagu": {"sample_sd": 0.17950549357115012, "sample_mean": 0.033333333333433336, "daily_article_count": 1, "30_day_error_count": 8, "threshold_warn": 0.39234432047573359, "30_day_warn_count": 0, "daily_sd": 5.3851648071339477, "threshold_error": 0.57184981404688373}, "westn": {"sample_sd": 0.33993463423951903, "sample_mean": 0.13333333333343333, "daily_article_count": 0, "30_day_error_count": 3, "threshold_warn": 0.81320260181247139, "30_day_warn_count": 0, "daily_sd": -0.39223227027666219, "threshold_error": 1.1531372360519905}, "swine": {"sample_sd": 8.177543776845356, "sample_mean": 9.8333333333334334, "daily_article_count": 83, "30_day_error_count": 12, "threshold_warn": 26.188420887024144, "30_day_warn_count": 24, "daily_sd": 8.9472668888471567, "threshold_error": 34.365964663869505}, "measl": {"sample_sd": 24.469504830843366, "sample_mean": 23.100000000000101, "daily_article_count": 65, "30_day_error_count": 11, "threshold_warn": 72.039009661686833, "30_day_warn_count": 13, "daily_sd": 1.7123354268773641, "threshold_error": 96.508514492530196}, "dengu": {"sample_sd": 2.291045370325278, "sample_mean": 2.5333333333334331, "daily_article_count": 6, "30_day_error_count": 2, "threshold_warn": 7.1154240739839896, "30_day_warn_count": 4, "daily_sd": 1.5131375011462023, "threshold_error": 9.4064694443092662}, "ebola": {"sample_sd": 60.316903840373712, "sample_mean": 115.26666666666677, "daily_article_count": 80, "30_day_error_count": 0, "threshold_warn": 235.90047434741419, "30_day_warn_count": 0, "daily_sd": -0.58468960475820508, "threshold_error": 296.21737818778792}, "unkno": {"sample_sd": 23.199042125819666, "sample_mean": 56.733333333333434, "daily_article_count": 105, "30_day_error_count": 1, "threshold_warn": 103.13141758497277, "30_day_warn_count": 0, "daily_sd": 2.0805456710192174, "threshold_error": 126.33045971079244}, "mumps": {"sample_sd": 0.37267799624996495, "sample_mean": 0.16666666666676666, "daily_article_count": 0, "30_day_error_count": 4, "threshold_warn": 0.91202265916669656, "30_day_warn_count": 0, "daily_sd": -0.44721359550022627, "threshold_error": 1.2847006554166616}}