{"hemmo": {"sample_sd": 0.30000000000000004, "sample_mean": 0.10000000000010001, "daily_article_count": 0, "30_day_error_count": 0, "threshold_warn": 0.7000000000001001, "30_day_warn_count": 0, "daily_sd": -0.33333333333366666, "threshold_error": 1.0000000000001001}, "mersc": {"sample_sd": 3.9638645564930974, "sample_mean": 5.766666666666767, "daily_article_count": 0, "30_day_error_count": 0, "threshold_warn": 13.694395779652961, "30_day_warn_count": 0, "daily_sd": -1.4548092106781372, "threshold_error": 17.658260336146057}, "influ": {"sample_sd": 6.3544385187748009, "sample_mean": 10.566666666666766, "daily_article_count": 1, "30_day_error_count": 6, "threshold_warn": 23.275543704216368, "30_day_warn_count": 10, "daily_sd": -1.5055093598594318, "threshold_error": 29.62998222299117}, "pertu": {"sample_sd": 1.2364824660660938, "sample_mean": 1.7333333333334333, "daily_article_count": 1, "30_day_error_count": 0, "threshold_warn": 4.2062982654656214, "30_day_warn_count": 0, "daily_sd": -0.59308025261899211, "threshold_error": 5.4427807315317143}, "moldf": {"sample_sd": 1.2242911781471306, "sample_mean": 1.0333333333334334, "daily_article_count": 1, "30_day_error_count": 0, "threshold_warn": 3.4819156896276944, "30_day_warn_count": 0, "daily_sd": -0.027226638505948201, "threshold_error": 4.7062068677748252}, "chole": {"sample_sd": 2.4378952670968728, "sample_mean": 3.3000000000000997, "daily_article_count": 4, "30_day_error_count": 2, "threshold_warn": 8.1757905341938457, "30_day_warn_count": 0, "daily_sd": 0.28713292545724645, "threshold_error": 10.613685801290718}, "hepat": {"sample_sd": 2.4269322199023193, "sample_mean": 2.9000000000000998, "daily_article_count": 3, "30_day_error_count": 4, "threshold_warn": 7.7538644398047385, "30_day_warn_count": 6, "daily_sd": 0.041204282171475322, "threshold_error": 10.180796659707058}, "chiku": {"sample_sd": 0.8999999999999998, "sample_mean": 0.70000000000009999, "daily_article_count": 0, "30_day_error_count": 1, "threshold_warn": 2.5000000000000995, "30_day_warn_count": 0, "daily_sd": -0.77777777777788903, "threshold_error": 3.4000000000000994}, "yello": {"sample_sd": 0.45338235029118146, "sample_mean": 0.16666666666676666, "daily_article_count": 0, "30_day_error_count": 1, "threshold_warn": 1.0734313672491296, "30_day_warn_count": 0, "daily_sd": -0.36760731104712441, "threshold_error": 1.5268137175403111}, "menin": {"sample_sd": 2.5044405008349115, "sample_mean": 4.1666666666667673, "daily_article_count": 1, "30_day_error_count": 0, "threshold_warn": 9.1755476683365913, "30_day_warn_count": 0, "daily_sd": -1.2644208020158945, "threshold_error": 11.679988169171502}, "plagu": {"sample_sd": 3.0259984578096977, "sample_mean": 2.1000000000001, "daily_article_count": 0, "30_day_error_count": 0, "threshold_warn": 8.1519969156194954, "30_day_warn_count": 0, "daily_sd": -0.69398581303975237, "threshold_error": 11.177995373429194}, "westn": {"sample_sd": 3.4615346628659118, "sample_mean": 6.4666666666667671, "daily_article_count": 1, "30_day_error_count": 0, "threshold_warn": 13.389735992398592, "30_day_warn_count": 0, "daily_sd": -1.579260992331287, "threshold_error": 16.851270655264504}, "swine": {"sample_sd": 1.8562207723101136, "sample_mean": 3.2333333333334333, "daily_article_count": 0, "30_day_error_count": 3, "threshold_warn": 6.9457748779536601, "30_day_warn_count": 0, "daily_sd": -1.7418905022323763, "threshold_error": 8.8019956502637751}, "measl": {"sample_sd": 3.5623026261113755, "sample_mean": 4.9000000000001007, "daily_article_count": 0, "30_day_error_count": 1, "threshold_warn": 12.024605252222852, "30_day_warn_count": 0, "daily_sd": -1.3755148044086758, "threshold_error": 15.586907878334227}, "dengu": {"sample_sd": 25.95217824298291, "sample_mean": 27.133333333333432, "daily_article_count": 1, "30_day_error_count": 0, "threshold_warn": 79.03768981929926, "30_day_warn_count": 0, "daily_sd": -1.0069803424072699, "threshold_error": 104.98986806228217}, "ebola": {"sample_sd": 11.974092403555639, "sample_mean": 28.566666666666766, "daily_article_count": 14, "30_day_error_count": 3, "threshold_warn": 52.514851473778045, "30_day_warn_count": 0, "daily_sd": -1.2165153045203891, "threshold_error": 64.488943877333682}, "unkno": {"sample_sd": 19.057340376406735, "sample_mean": 51.533333333333431, "daily_article_count": 5, "30_day_error_count": 0, "threshold_warn": 89.648014086146901, "30_day_warn_count": 0, "daily_sd": -2.4417538026944396, "threshold_error": 108.70535446255363}, "mumps": {"sample_sd": 0.9285592184789413, "sample_mean": 0.93333333333343338, "daily_article_count": 0, "30_day_error_count": 0, "threshold_warn": 2.7904517702913161, "30_day_warn_count": 0, "daily_sd": -1.0051414220649411, "threshold_error": 3.7190109887702572}}