{"hemmo": {"sample_sd": 0.0, "sample_mean": 0.0, "daily_article_count": 0, "30_day_error_count": 30, "threshold_warn": 0.0, "30_day_warn_count": 0, "daily_sd": 0, "threshold_error": 0.0}, "mersc": {"sample_sd": 4.2000000000000002, "sample_mean": 5.5999999999999996, "daily_article_count": 1, "30_day_error_count": 0, "threshold_warn": 14.0, "30_day_warn_count": 0, "daily_sd": -1.0952380952380951, "threshold_error": 18.200000000000003}, "influ": {"sample_sd": 7.5342919744031391, "sample_mean": 11.633333333333333, "daily_article_count": 23, "30_day_error_count": 0, "threshold_warn": 26.701917282139611, "30_day_warn_count": 0, "daily_sd": 1.5086575759585061, "threshold_error": 34.23620925654275}, "pertu": {"sample_sd": 1.1930353445448854, "sample_mean": 1.1000000000000001, "daily_article_count": 4, "30_day_error_count": 0, "threshold_warn": 3.4860706890897708, "30_day_warn_count": 0, "daily_sd": 2.4307745895879398, "threshold_error": 4.6791060336346568}, "moldf": {"sample_sd": 1.0132456102380443, "sample_mean": 0.80000000000000004, "daily_article_count": 0, "30_day_error_count": 1, "threshold_warn": 2.8264912204760888, "30_day_warn_count": 0, "daily_sd": -0.78954203395172284, "threshold_error": 3.8397368307141324}, "chole": {"sample_sd": 4.2228215948844232, "sample_mean": 5.3666666666666663, "daily_article_count": 4, "30_day_error_count": 0, "threshold_warn": 13.812309856435512, "30_day_warn_count": 0, "daily_sd": -0.32363826791126166, "threshold_error": 18.035131451319938}, "hepat": {"sample_sd": 6.5183501661761687, "sample_mean": 5.666666666666667, "daily_article_count": 8, "30_day_error_count": 0, "threshold_warn": 18.703366999019003, "30_day_warn_count": 0, "daily_sd": 0.35796379050653643, "threshold_error": 25.221717165195173}, "chiku": {"sample_sd": 1.4079141387961918, "sample_mean": 1.4666666666666666, "daily_article_count": 0, "30_day_error_count": 1, "threshold_warn": 4.2824949442590503, "30_day_warn_count": 0, "daily_sd": -1.0417301923828324, "threshold_error": 5.6904090830552416}, "yello": {"sample_sd": 0.47609522856952341, "sample_mean": 0.20000000000000001, "daily_article_count": 0, "30_day_error_count": 1, "threshold_warn": 1.1521904571390469, "30_day_warn_count": 0, "daily_sd": -0.42008402520840288, "threshold_error": 1.6282856857085701}, "menin": {"sample_sd": 2.3163668870788916, "sample_mean": 2.9666666666666668, "daily_article_count": 3, "30_day_error_count": 1, "threshold_warn": 7.59940044082445, "30_day_warn_count": 0, "daily_sd": 0.01439035133824115, "threshold_error": 9.9157673279033425}, "plagu": {"sample_sd": 0.37267799624996489, "sample_mean": 0.16666666666666666, "daily_article_count": 0, "30_day_error_count": 0, "threshold_warn": 0.91202265916659642, "30_day_warn_count": 0, "daily_sd": -0.44721359549995798, "threshold_error": 1.2847006554165614}, "westn": {"sample_sd": 0.66999170807472597, "sample_mean": 0.46666666666666667, "daily_article_count": 0, "30_day_error_count": 3, "threshold_warn": 1.8066500828161187, "30_day_warn_count": 0, "daily_sd": -0.69652603314699246, "threshold_error": 2.4766417908908447}, "swine": {"sample_sd": 22.681465757064487, "sample_mean": 47.133333333333333, "daily_article_count": 9, "30_day_error_count": 0, "threshold_warn": 92.496264847462299, "30_day_warn_count": 0, "daily_sd": -1.6812552478649281, "threshold_error": 115.1777306045268}, "measl": {"sample_sd": 19.486319987793145, "sample_mean": 31.5, "daily_article_count": 6, "30_day_error_count": 0, "threshold_warn": 70.47263997558629, "30_day_warn_count": 0, "daily_sd": -1.3086103490024805, "threshold_error": 89.958959963379442}, "dengu": {"sample_sd": 3.1164438423020271, "sample_mean": 4.4333333333333336, "daily_article_count": 4, "30_day_error_count": 1, "threshold_warn": 10.666221017937389, "30_day_warn_count": 0, "daily_sd": -0.13904737427042574, "threshold_error": 13.782664860239414}, "ebola": {"sample_sd": 38.146559477887386, "sample_mean": 81.799999999999997, "daily_article_count": 83, "30_day_error_count": 0, "threshold_warn": 158.09311895577477, "30_day_warn_count": 0, "daily_sd": 0.031457620724501069, "threshold_error": 196.23967843366216}, "unkno": {"sample_sd": 31.943161326887413, "sample_mean": 55.633333333333333, "daily_article_count": 56, "30_day_error_count": 0, "threshold_warn": 119.51965598710817, "30_day_warn_count": 0, "daily_sd": 0.011478721937206447, "threshold_error": 151.46281731399557}, "mumps": {"sample_sd": 0.29999999999999999, "sample_mean": 0.10000000000000001, "daily_article_count": 0, "30_day_error_count": 2, "threshold_warn": 0.69999999999999996, "30_day_warn_count": 0, "daily_sd": -0.33333333333333337, "threshold_error": 0.99999999999999989}}