{"hemmo": {"sample_sd": 0.0, "sample_mean": 0.0, "daily_article_count": 0, "30_day_error_count": 30, "threshold_warn": 0.0, "30_day_warn_count": 0, "daily_sd": 0, "threshold_error": 0.0}, "mersc": {"sample_sd": 2.4046251729161909, "sample_mean": 1.4666666666666666, "daily_article_count": 36, "30_day_error_count": 7, "threshold_warn": 6.2759170124990487, "30_day_warn_count": 0, "daily_sd": 14.361212600736977, "threshold_error": 8.6805421854152396}, "influ": {"sample_sd": 3.413046862978721, "sample_mean": 5.1333333333333337, "daily_article_count": 6, "30_day_error_count": 1, "threshold_warn": 11.959427059290775, "30_day_warn_count": 0, "daily_sd": 0.25392756134332328, "threshold_error": 15.372473922269496}, "pertu": {"sample_sd": 0.60461190490723515, "sample_mean": 0.36666666666666664, "daily_article_count": 2, "30_day_error_count": 1, "threshold_warn": 1.575890476481137, "30_day_warn_count": 0, "daily_sd": 2.7014574474578592, "threshold_error": 2.1805023813883722}, "moldf": {"sample_sd": 0.33993463423951903, "sample_mean": 0.13333333333333333, "daily_article_count": 1, "30_day_error_count": 5, "threshold_warn": 0.81320260181237136, "30_day_warn_count": 0, "daily_sd": 2.5495097567963922, "threshold_error": 1.1531372360518903}, "chole": {"sample_sd": 2.3626726862225804, "sample_mean": 2.5333333333333332, "daily_article_count": 0, "30_day_error_count": 0, "threshold_warn": 7.2586787057784941, "30_day_warn_count": 0, "daily_sd": -1.0722320311678903, "threshold_error": 9.621351392001074}, "hepat": {"sample_sd": 1.5405626677721789, "sample_mean": 1.3999999999999999, "daily_article_count": 4, "30_day_error_count": 2, "threshold_warn": 4.4811253355443572, "30_day_warn_count": 0, "daily_sd": 1.6876950573908707, "threshold_error": 6.0216880033165374}, "chiku": {"sample_sd": 0.69920589878010098, "sample_mean": 0.33333333333333331, "daily_article_count": 1, "30_day_error_count": 6, "threshold_warn": 1.7317451308935352, "30_day_warn_count": 0, "daily_sd": 0.95346258924559246, "threshold_error": 2.4309510296736363}, "yello": {"sample_sd": 0.44221663871405331, "sample_mean": 0.26666666666666666, "daily_article_count": 0, "30_day_error_count": 0, "threshold_warn": 1.1510999440947733, "30_day_warn_count": 0, "daily_sd": -0.60302268915552726, "threshold_error": 1.5933165828088265}, "menin": {"sample_sd": 3.0615900008546761, "sample_mean": 2.6000000000000001, "daily_article_count": 0, "30_day_error_count": 2, "threshold_warn": 8.7231800017093519, "30_day_warn_count": 0, "daily_sd": -0.84923193480321724, "threshold_error": 11.784770002564029}, "plagu": {"sample_sd": 0.17950549357115009, "sample_mean": 0.033333333333333333, "daily_article_count": 0, "30_day_error_count": 3, "threshold_warn": 0.3923443204756335, "30_day_warn_count": 0, "daily_sd": -0.18569533817705192, "threshold_error": 0.57184981404678359}, "westn": {"sample_sd": 1.14697670227235, "sample_mean": 0.46666666666666667, "daily_article_count": 0, "30_day_error_count": 0, "threshold_warn": 2.7606200712113669, "30_day_warn_count": 0, "daily_sd": -0.40686673560336756, "threshold_error": 3.9075967734837169}, "swine": {"sample_sd": 2.3295206946208196, "sample_mean": 2.7999999999999998, "daily_article_count": 0, "30_day_error_count": 0, "threshold_warn": 7.459041389241639, "30_day_warn_count": 0, "daily_sd": -1.2019639947674992, "threshold_error": 9.788562083862459}, "measl": {"sample_sd": 3.7245432232989621, "sample_mean": 7.166666666666667, "daily_article_count": 20, "30_day_error_count": 3, "threshold_warn": 14.615753113264592, "30_day_warn_count": 4, "daily_sd": 3.4456126735364845, "threshold_error": 18.340296336563554}, "dengu": {"sample_sd": 2.3664319132398464, "sample_mean": 4.0, "daily_article_count": 1, "30_day_error_count": 5, "threshold_warn": 8.7328638264796936, "30_day_warn_count": 2, "daily_sd": -1.2677313820927749, "threshold_error": 11.099295739719539}, "ebola": {"sample_sd": 0.64031242374328479, "sample_mean": 0.29999999999999999, "daily_article_count": 24, "30_day_error_count": 28, "threshold_warn": 1.5806248474865696, "30_day_warn_count": 0, "daily_sd": 37.013181567599638, "threshold_error": 2.2209372712298543}, "unkno": {"sample_sd": 17.828317051502335, "sample_mean": 43.466666666666669, "daily_article_count": 48, "30_day_error_count": 0, "threshold_warn": 79.123300769671346, "30_day_warn_count": 0, "daily_sd": 0.25427713228553572, "threshold_error": 96.95161782117367}, "mumps": {"sample_sd": 1.7, "sample_mean": 0.90000000000000002, "daily_article_count": 4, "30_day_error_count": 3, "threshold_warn": 4.2999999999999998, "30_day_warn_count": 9, "daily_sd": 1.8235294117647061, "threshold_error": 6.0}}