{"hemmo": {"sample_sd": 0.30000000000000004, "sample_mean": 0.10000000000000001, "daily_article_count": 0, "30_day_error_count": 5, "threshold_warn": 0.70000000000000007, "30_day_warn_count": 0, "daily_sd": -0.33333333333333331, "threshold_error": 1.0000000000000002}, "mersc": {"sample_sd": 0.72724747430904757, "sample_mean": 0.73333333333333328, "daily_article_count": 75, "30_day_error_count": 25, "threshold_warn": 2.1878282819514285, "30_day_warn_count": 2, "daily_sd": 102.12021256894275, "threshold_error": 2.9150757562604763}, "influ": {"sample_sd": 9.0027156396772252, "sample_mean": 17.866666666666667, "daily_article_count": 7, "30_day_error_count": 0, "threshold_warn": 35.872097946021114, "30_day_warn_count": 0, "daily_sd": -1.2070431969187767, "threshold_error": 44.874813585698341}, "pertu": {"sample_sd": 1.8162843634433703, "sample_mean": 2.0333333333333332, "daily_article_count": 1, "30_day_error_count": 0, "threshold_warn": 5.6659020602200734, "30_day_warn_count": 0, "daily_sd": -0.56892706567946594, "threshold_error": 7.4821864236634443}, "moldf": {"sample_sd": 0.93630479367920916, "sample_mean": 0.69999999999999996, "daily_article_count": 1, "30_day_error_count": 0, "threshold_warn": 2.5726095873584183, "30_day_warn_count": 0, "daily_sd": 0.32040848452900705, "threshold_error": 3.5089143810376271}, "chole": {"sample_sd": 3.8501082235871418, "sample_mean": 4.9000000000000004, "daily_article_count": 3, "30_day_error_count": 5, "threshold_warn": 12.600216447174283, "30_day_warn_count": 0, "daily_sd": -0.4934926214177357, "threshold_error": 16.450324670761425}, "hepat": {"sample_sd": 2.777088803445475, "sample_mean": 3.2333333333333334, "daily_article_count": 1, "30_day_error_count": 0, "threshold_warn": 8.7875109402242835, "30_day_warn_count": 0, "daily_sd": -0.80419946620449589, "threshold_error": 11.56459974366976}, "chiku": {"sample_sd": 0.93392838174145998, "sample_mean": 0.83333333333333337, "daily_article_count": 2, "30_day_error_count": 3, "threshold_warn": 2.7011900968162532, "30_day_warn_count": 0, "daily_sd": 1.2492035679344369, "threshold_error": 3.6351184785577133}, "yello": {"sample_sd": 0.47609522856952335, "sample_mean": 0.20000000000000001, "daily_article_count": 0, "30_day_error_count": 2, "threshold_warn": 1.1521904571390467, "30_day_warn_count": 0, "daily_sd": -0.42008402520840293, "threshold_error": 1.6282856857085701}, "menin": {"sample_sd": 4.5569239137334252, "sample_mean": 4.3666666666666663, "daily_article_count": 6, "30_day_error_count": 0, "threshold_warn": 13.480514494133516, "30_day_warn_count": 0, "daily_sd": 0.3584289236014841, "threshold_error": 18.037438407866944}, "plagu": {"sample_sd": 1.3840359661351131, "sample_mean": 0.53333333333333333, "daily_article_count": 0, "30_day_error_count": 0, "threshold_warn": 3.3014052656035595, "30_day_warn_count": 0, "daily_sd": -0.38534644068727036, "threshold_error": 4.6854412317386727}, "westn": {"sample_sd": 1.0873004286866728, "sample_mean": 1.1333333333333333, "daily_article_count": 2, "30_day_error_count": 7, "threshold_warn": 3.3079341907066788, "30_day_warn_count": 3, "daily_sd": 0.79708114133045549, "threshold_error": 4.3952346193933511}, "swine": {"sample_sd": 2.1398338460938708, "sample_mean": 2.4333333333333331, "daily_article_count": 3, "30_day_error_count": 0, "threshold_warn": 6.7130010255210752, "30_day_warn_count": 0, "daily_sd": 0.26481806879589292, "threshold_error": 8.8528348716149452}, "measl": {"sample_sd": 7.4123770366417103, "sample_mean": 10.699999999999999, "daily_article_count": 0, "30_day_error_count": 0, "threshold_warn": 25.524754073283418, "30_day_warn_count": 0, "daily_sd": -1.4435315347703626, "threshold_error": 32.937131109925133}, "dengu": {"sample_sd": 2.0066555924389884, "sample_mean": 3.2000000000000002, "daily_article_count": 10, "30_day_error_count": 2, "threshold_warn": 7.213311184877977, "30_day_warn_count": 2, "daily_sd": 3.3887230203439862, "threshold_error": 9.2199667773169658}, "ebola": {"sample_sd": 22.990843588021924, "sample_mean": 49.43333333333333, "daily_article_count": 29, "30_day_error_count": 0, "threshold_warn": 95.415020509377172, "30_day_warn_count": 0, "daily_sd": -0.88875961663185599, "threshold_error": 118.4058640973991}, "unkno": {"sample_sd": 23.788629403328155, "sample_mean": 64.033333333333331, "daily_article_count": 193, "30_day_error_count": 9, "threshold_warn": 111.61059213998965, "30_day_warn_count": 3, "daily_sd": 5.4213575940034424, "threshold_error": 135.39922154331779}, "mumps": {"sample_sd": 0.73711147958319934, "sample_mean": 0.29999999999999999, "daily_article_count": 0, "30_day_error_count": 0, "threshold_warn": 1.7742229591663987, "30_day_warn_count": 0, "daily_sd": -0.40699406848152114, "threshold_error": 2.5113344387495977}}