{"hemmo": {"sample_sd": 0.0, "sample_mean": 0.0, "daily_article_count": 0, "30_day_error_count": 16, "threshold_warn": 0.0, "30_day_warn_count": 0, "daily_sd": 0, "threshold_error": 0.0}, "mersc": {"sample_sd": 2.3888630489558556, "sample_mean": 1.3999999999999999, "daily_article_count": 33, "30_day_error_count": 6, "threshold_warn": 6.1777260979117106, "30_day_warn_count": 0, "daily_sd": 13.228050060806959, "threshold_error": 8.5665891468675675}, "influ": {"sample_sd": 4.120544732057752, "sample_mean": 5.5666666666666664, "daily_article_count": 5, "30_day_error_count": 1, "threshold_warn": 13.80775613078217, "30_day_warn_count": 0, "daily_sd": -0.13752227035857945, "threshold_error": 17.928300862839922}, "pertu": {"sample_sd": 0.60461190490723515, "sample_mean": 0.36666666666666664, "daily_article_count": 1, "30_day_error_count": 1, "threshold_warn": 1.575890476481137, "30_day_warn_count": 0, "daily_sd": 1.0475039081979454, "threshold_error": 2.1805023813883722}, "moldf": {"sample_sd": 0.33993463423951903, "sample_mean": 0.13333333333333333, "daily_article_count": 1, "30_day_error_count": 5, "threshold_warn": 0.81320260181237136, "30_day_warn_count": 0, "daily_sd": 2.5495097567963922, "threshold_error": 1.1531372360518903}, "chole": {"sample_sd": 2.3626726862225804, "sample_mean": 2.5333333333333332, "daily_article_count": 0, "30_day_error_count": 0, "threshold_warn": 7.2586787057784941, "30_day_warn_count": 0, "daily_sd": -1.0722320311678903, "threshold_error": 9.621351392001074}, "hepat": {"sample_sd": 1.5205992970609392, "sample_mean": 1.4333333333333333, "daily_article_count": 4, "30_day_error_count": 2, "threshold_warn": 4.474531927455212, "30_day_warn_count": 0, "daily_sd": 1.6879309832824454, "threshold_error": 5.9951312245161512}, "chiku": {"sample_sd": 0.84393259341147753, "sample_mean": 0.43333333333333335, "daily_article_count": 1, "30_day_error_count": 6, "threshold_warn": 2.1211985201562884, "30_day_warn_count": 0, "daily_sd": 0.6714596297033596, "threshold_error": 2.9651311135677663}, "yello": {"sample_sd": 0.44221663871405326, "sample_mean": 0.26666666666666666, "daily_article_count": 1, "30_day_error_count": 0, "threshold_warn": 1.1510999440947731, "30_day_warn_count": 0, "daily_sd": 1.6583123951777003, "threshold_error": 1.5933165828088263}, "menin": {"sample_sd": 2.2120880030716075, "sample_mean": 2.2000000000000002, "daily_article_count": 1, "30_day_error_count": 3, "threshold_warn": 6.6241760061432151, "30_day_warn_count": 0, "daily_sd": -0.54247389721102113, "threshold_error": 8.8362640092148226}, "plagu": {"sample_sd": 0.17950549357115009, "sample_mean": 0.033333333333333333, "daily_article_count": 0, "30_day_error_count": 3, "threshold_warn": 0.3923443204756335, "30_day_warn_count": 0, "daily_sd": -0.18569533817705192, "threshold_error": 0.57184981404678359}, "westn": {"sample_sd": 1.14697670227235, "sample_mean": 0.46666666666666667, "daily_article_count": 0, "30_day_error_count": 0, "threshold_warn": 2.7606200712113669, "30_day_warn_count": 0, "daily_sd": -0.40686673560336756, "threshold_error": 3.9075967734837169}, "swine": {"sample_sd": 2.347812220392044, "sample_mean": 2.7666666666666666, "daily_article_count": 1, "30_day_error_count": 0, "threshold_warn": 7.4622911074507545, "30_day_warn_count": 0, "daily_sd": -0.75247358000873843, "threshold_error": 9.8101033278427998}, "measl": {"sample_sd": 3.7588414290694532, "sample_mean": 6.9333333333333336, "daily_article_count": 20, "30_day_error_count": 2, "threshold_warn": 14.45101619147224, "30_day_warn_count": 6, "daily_sd": 3.4762484433671568, "threshold_error": 18.209857620541694}, "dengu": {"sample_sd": 2.3732303348436754, "sample_mean": 3.9666666666666668, "daily_article_count": 4, "30_day_error_count": 5, "threshold_warn": 8.7131273363540167, "30_day_warn_count": 2, "daily_sd": 0.014045553372521205, "threshold_error": 11.086357671197693}, "ebola": {"sample_sd": 0.62893207547044039, "sample_mean": 0.26666666666666666, "daily_article_count": 23, "30_day_error_count": 27, "threshold_warn": 1.5245308176075474, "30_day_warn_count": 0, "daily_sd": 36.145927708216867, "threshold_error": 2.1534628930779878}, "unkno": {"sample_sd": 18.319267331297823, "sample_mean": 42.733333333333334, "daily_article_count": 46, "30_day_error_count": 0, "threshold_warn": 79.37186799592898, "30_day_warn_count": 0, "daily_sd": 0.1783186307394336, "threshold_error": 97.691135327226803}, "mumps": {"sample_sd": 1.2736648783028535, "sample_mean": 0.66666666666666663, "daily_article_count": 7, "30_day_error_count": 5, "threshold_warn": 3.2139964232723734, "30_day_warn_count": 7, "daily_sd": 4.9725272646070291, "threshold_error": 4.4876613015752271}}