{"hemmo": {"sample_sd": 2.275717225159771, "sample_mean": 1.2333333333334333, "daily_article_count": 0, "30_day_error_count": 0, "threshold_warn": 5.7847677836529758, "30_day_warn_count": 0, "daily_sd": -0.54195368374330644, "threshold_error": 8.060485008812746}, "mersc": {"sample_sd": 2.8859814429217812, "sample_mean": 2.2666666666667665, "daily_article_count": 101, "30_day_error_count": 30, "threshold_warn": 8.0386295525103293, "30_day_warn_count": 24, "daily_sd": 34.211354191305936, "threshold_error": 10.92461099543211}, "influ": {"sample_sd": 5.9926807208645974, "sample_mean": 4.766666666666767, "daily_article_count": 1, "30_day_error_count": 0, "threshold_warn": 16.752028108395962, "30_day_warn_count": 0, "daily_sd": -0.62854452658431115, "threshold_error": 22.74470882926056}, "pertu": {"sample_sd": 1.024152766382481, "sample_mean": 0.53333333333343336, "daily_article_count": 2, "30_day_error_count": 6, "threshold_warn": 2.5816388660983955, "30_day_warn_count": 5, "daily_sd": 1.432078020788965, "threshold_error": 3.6057916324808765}, "moldf": {"sample_sd": 1.0225241100118645, "sample_mean": 0.43333333333343332, "daily_article_count": 0, "30_day_error_count": 0, "threshold_warn": 2.4783815533571625, "30_day_warn_count": 1, "daily_sd": -0.42378788831532321, "threshold_error": 3.5009056633690272}, "chole": {"sample_sd": 2.2000000000000002, "sample_mean": 2.4000000000000998, "daily_article_count": 1, "30_day_error_count": 0, "threshold_warn": 6.8000000000001002, "30_day_warn_count": 0, "daily_sd": -0.63636363636368165, "threshold_error": 9.0000000000000995}, "hepat": {"sample_sd": 2.2939534045447001, "sample_mean": 1.9333333333334333, "daily_article_count": 4, "30_day_error_count": 0, "threshold_warn": 6.5212401424228332, "30_day_warn_count": 0, "daily_sd": 0.90091920026455607, "threshold_error": 8.8151935469675333}, "chiku": {"sample_sd": 1.9857828011475307, "sample_mean": 1.3000000000001, "daily_article_count": 1, "30_day_error_count": 1, "threshold_warn": 5.2715656022951611, "30_day_warn_count": 1, "daily_sd": -0.15107392400958353, "threshold_error": 7.2573484034426921}, "yello": {"sample_sd": 0.29999999999999999, "sample_mean": 0.10000000000010001, "daily_article_count": 0, "30_day_error_count": 2, "threshold_warn": 0.70000000000009999, "30_day_warn_count": 0, "daily_sd": -0.33333333333366671, "threshold_error": 1.0000000000000999}, "menin": {"sample_sd": 4.2921116274186319, "sample_mean": 3.3333333333334334, "daily_article_count": 0, "30_day_error_count": 0, "threshold_warn": 11.917556588170697, "30_day_warn_count": 0, "daily_sd": -0.77661850918312947, "threshold_error": 16.209668215589332}, "plagu": {"sample_sd": 0.24944382578492943, "sample_mean": 0.066666666666766669, "daily_article_count": 0, "30_day_error_count": 1, "threshold_warn": 0.5655543182366255, "30_day_warn_count": 0, "daily_sd": -0.2672612419128253, "threshold_error": 0.81499814402155502}, "westn": {"sample_sd": 0.24944382578492943, "sample_mean": 0.066666666666766669, "daily_article_count": 1, "30_day_error_count": 11, "threshold_warn": 0.5655543182366255, "30_day_warn_count": 0, "daily_sd": 3.7416573867735403, "threshold_error": 0.81499814402155502}, "swine": {"sample_sd": 2.0221001184137468, "sample_mean": 1.6666666666667667, "daily_article_count": 3, "30_day_error_count": 0, "threshold_warn": 5.7108669034942601, "30_day_warn_count": 0, "daily_sd": 0.65938047339573758, "threshold_error": 7.7329670219080073}, "measl": {"sample_sd": 5.277204647243547, "sample_mean": 8.5333333333334327, "daily_article_count": 1, "30_day_error_count": 2, "threshold_warn": 19.087742627820525, "30_day_warn_count": 0, "daily_sd": -1.4275234403252361, "threshold_error": 24.364947275064075}, "dengu": {"sample_sd": 6.910861017268398, "sample_mean": 5.8000000000001002, "daily_article_count": 0, "30_day_error_count": 0, "threshold_warn": 19.621722034536894, "30_day_warn_count": 0, "daily_sd": -0.83925866625120193, "threshold_error": 26.532583051805293}, "ebola": {"sample_sd": 26.164033837821467, "sample_mean": 34.900000000000098, "daily_article_count": 4, "30_day_error_count": 0, "threshold_warn": 87.228067675643032, "30_day_warn_count": 0, "daily_sd": -1.1810105502666239, "threshold_error": 113.3921015134645}, "unkno": {"sample_sd": 15.388632167934873, "sample_mean": 36.700000000000102, "daily_article_count": 87, "30_day_error_count": 3, "threshold_warn": 67.477264335869847, "30_day_warn_count": 3, "daily_sd": 3.2686465860695186, "threshold_error": 82.86589650380472}, "mumps": {"sample_sd": 2.0121851030382096, "sample_mean": 2.1333333333334332, "daily_article_count": 1, "30_day_error_count": 1, "threshold_warn": 6.1577035394098525, "30_day_warn_count": 0, "daily_sd": -0.56323512763423544, "threshold_error": 8.1698886424480612}}