{"hemmo": {"sample_sd": 0.42295258468165059, "sample_mean": 0.23333333333333334, "daily_article_count": 0, "30_day_error_count": 12, "threshold_warn": 1.0792385026966345, "30_day_warn_count": 1, "daily_sd": -0.55167728436737062, "threshold_error": 1.5021910873782851}, "mersc": {"sample_sd": 4.9697976708200997, "sample_mean": 3.3666666666666667, "daily_article_count": 9, "30_day_error_count": 0, "threshold_warn": 13.306262008306867, "30_day_warn_count": 0, "daily_sd": 1.1335136169444375, "threshold_error": 18.276059679126966}, "influ": {"sample_sd": 5.5897724064183105, "sample_mean": 8.2333333333333325, "daily_article_count": 11, "30_day_error_count": 0, "threshold_warn": 19.412878146169952, "30_day_warn_count": 0, "daily_sd": 0.49495157682805019, "threshold_error": 25.002650552588264}, "pertu": {"sample_sd": 1.2892719737209144, "sample_mean": 1.2666666666666666, "daily_article_count": 4, "30_day_error_count": 0, "threshold_warn": 3.8452106141084954, "30_day_warn_count": 0, "daily_sd": 2.1200595289795787, "threshold_error": 5.1344825878294102}, "moldf": {"sample_sd": 0.30000000000000004, "sample_mean": 0.10000000000000001, "daily_article_count": 0, "30_day_error_count": 1, "threshold_warn": 0.70000000000000007, "30_day_warn_count": 0, "daily_sd": -0.33333333333333331, "threshold_error": 1.0000000000000002}, "chole": {"sample_sd": 3.9355925715054512, "sample_mean": 5.333333333333333, "daily_article_count": 5, "30_day_error_count": 0, "threshold_warn": 13.204518476344235, "30_day_warn_count": 0, "daily_sd": -0.084697114164392698, "threshold_error": 17.140111047849686}, "hepat": {"sample_sd": 1.6278820596099706, "sample_mean": 1.5, "daily_article_count": 0, "30_day_error_count": 0, "threshold_warn": 4.7557641192199416, "30_day_warn_count": 0, "daily_sd": -0.92144267525092682, "threshold_error": 6.3836461788299115}, "chiku": {"sample_sd": 2.8134597128012255, "sample_mean": 4.4666666666666668, "daily_article_count": 0, "30_day_error_count": 0, "threshold_warn": 10.093586092269117, "30_day_warn_count": 0, "daily_sd": -1.5876064072797484, "threshold_error": 12.907045805070343}, "yello": {"sample_sd": 0.39581140290126388, "sample_mean": 0.10000000000000001, "daily_article_count": 0, "30_day_error_count": 0, "threshold_warn": 0.89162280580252773, "30_day_warn_count": 0, "daily_sd": -0.25264557631995571, "threshold_error": 1.2874342087037918}, "menin": {"sample_sd": 3.0384572108591925, "sample_mean": 3.6333333333333333, "daily_article_count": 2, "30_day_error_count": 1, "threshold_warn": 9.7102477550517179, "30_day_warn_count": 4, "daily_sd": -0.53755350823962122, "threshold_error": 12.74870496591091}, "plagu": {"sample_sd": 0.17950549357115012, "sample_mean": 0.033333333333333333, "daily_article_count": 0, "30_day_error_count": 1, "threshold_warn": 0.39234432047563356, "30_day_warn_count": 0, "daily_sd": -0.18569533817705189, "threshold_error": 0.5718498140467837}, "westn": {"sample_sd": 2.8604583937233246, "sample_mean": 3.5333333333333332, "daily_article_count": 0, "30_day_error_count": 0, "threshold_warn": 9.2542501207799823, "30_day_warn_count": 0, "daily_sd": -1.23523325530149, "threshold_error": 12.114708514503308}, "swine": {"sample_sd": 0.98262686486557826, "sample_mean": 0.96666666666666667, "daily_article_count": 2, "30_day_error_count": 1, "threshold_warn": 2.9319203963978233, "30_day_warn_count": 0, "daily_sd": 1.0516029739067754, "threshold_error": 3.9145472612634018}, "measl": {"sample_sd": 2.8089143810376278, "sample_mean": 2.8999999999999999, "daily_article_count": 1, "30_day_error_count": 0, "threshold_warn": 8.517828762075256, "30_day_warn_count": 0, "daily_sd": -0.67641791178345911, "threshold_error": 11.326743143112884}, "dengu": {"sample_sd": 3.9693268390944523, "sample_mean": 8.3333333333333339, "daily_article_count": 7, "30_day_error_count": 1, "threshold_warn": 16.271987011522238, "30_day_warn_count": 0, "daily_sd": -0.33590918243394535, "threshold_error": 20.241313850616692}, "ebola": {"sample_sd": 108.54330421029611, "sample_mean": 288.13333333333333, "daily_article_count": 1154, "30_day_error_count": 25, "threshold_warn": 505.21994175392558, "30_day_warn_count": 1, "daily_sd": 7.9771541226449321, "threshold_error": 613.7632459642216}, "unkno": {"sample_sd": 52.08565594821242, "sample_mean": 83.86666666666666, "daily_article_count": 58, "30_day_error_count": 0, "threshold_warn": 188.03797856309149, "30_day_warn_count": 0, "daily_sd": -0.49661785372128742, "threshold_error": 240.12363451130392}, "mumps": {"sample_sd": 0.29999999999999999, "sample_mean": 0.10000000000000001, "daily_article_count": 0, "30_day_error_count": 3, "threshold_warn": 0.69999999999999996, "30_day_warn_count": 0, "daily_sd": -0.33333333333333337, "threshold_error": 0.99999999999999989}}