{"hemmo": {"sample_sd": 0.29999999999999999, "sample_mean": 0.10000000000010001, "daily_article_count": 0, "30_day_error_count": 0, "threshold_warn": 0.70000000000009999, "30_day_warn_count": 0, "daily_sd": -0.33333333333366671, "threshold_error": 1.0000000000000999}, "mersc": {"sample_sd": 6.8673138853557578, "sample_mean": 3.8000000000000997, "daily_article_count": 5, "30_day_error_count": 0, "threshold_warn": 17.534627770711616, "30_day_warn_count": 12, "daily_sd": 0.17474081133219307, "threshold_error": 24.401941656067375}, "influ": {"sample_sd": 3.2550814975289879, "sample_mean": 6.9333333333334339, "daily_article_count": 8, "30_day_error_count": 3, "threshold_warn": 13.44349632839141, "30_day_warn_count": 0, "daily_sd": 0.32769276820758525, "threshold_error": 16.698577825920399}, "pertu": {"sample_sd": 1.5216949614017772, "sample_mean": 2.1333333333334332, "daily_article_count": 3, "30_day_error_count": 0, "threshold_warn": 5.176723256136988, "30_day_warn_count": 0, "daily_sd": 0.56954034063975489, "threshold_error": 6.698418217538765}, "moldf": {"sample_sd": 0.88443327742810651, "sample_mean": 0.86666666666676673, "daily_article_count": 1, "30_day_error_count": 0, "threshold_warn": 2.6355332215229796, "30_day_warn_count": 0, "daily_sd": 0.15075567228876868, "threshold_error": 3.5199664989510859}, "chole": {"sample_sd": 2.0223748416156688, "sample_mean": 3.1000000000001, "daily_article_count": 3, "30_day_error_count": 2, "threshold_warn": 7.1447496832314377, "30_day_warn_count": 0, "daily_sd": -0.049446817643464321, "threshold_error": 9.1671245248471074}, "hepat": {"sample_sd": 7.6329694236399392, "sample_mean": 6.266666666666767, "daily_article_count": 5, "30_day_error_count": 0, "threshold_warn": 21.532605513946645, "30_day_warn_count": 0, "daily_sd": -0.16594677593543022, "threshold_error": 29.165574937586584}, "chiku": {"sample_sd": 1.7950549357115011, "sample_mean": 1.3333333333334332, "daily_article_count": 1, "30_day_error_count": 0, "threshold_warn": 4.9234432047564356, "30_day_warn_count": 0, "daily_sd": -0.18569533817710751, "threshold_error": 6.7184981404679363}, "yello": {"sample_sd": 0.24944382578492943, "sample_mean": 0.066666666666766669, "daily_article_count": 0, "30_day_error_count": 4, "threshold_warn": 0.5655543182366255, "30_day_warn_count": 0, "daily_sd": -0.2672612419128253, "threshold_error": 0.81499814402155502}, "menin": {"sample_sd": 3.5970667062050561, "sample_mean": 4.8333333333334334, "daily_article_count": 3, "30_day_error_count": 1, "threshold_warn": 12.027466745743546, "30_day_warn_count": 0, "daily_sd": -0.50967454403079993, "threshold_error": 15.624533451948603}, "plagu": {"sample_sd": 0.86216781042517077, "sample_mean": 0.70000000000009999, "daily_article_count": 15, "30_day_error_count": 6, "threshold_warn": 2.4243356208504414, "30_day_warn_count": 5, "daily_sd": 16.586098236430303, "threshold_error": 3.2865034312756123}, "westn": {"sample_sd": 3.7853518844209035, "sample_mean": 7.266666666666767, "daily_article_count": 8, "30_day_error_count": 1, "threshold_warn": 14.837370435508575, "30_day_warn_count": 0, "daily_sd": 0.19372923726096891, "threshold_error": 18.62272231992948}, "swine": {"sample_sd": 1.7336538165261122, "sample_mean": 1.8333333333334332, "daily_article_count": 1, "30_day_error_count": 1, "threshold_warn": 5.3006409663856573, "30_day_warn_count": 5, "daily_sd": -0.48068035578363782, "threshold_error": 7.0342947829117701}, "measl": {"sample_sd": 2.3192431715731936, "sample_mean": 3.7666666666667665, "daily_article_count": 2, "30_day_error_count": 4, "threshold_warn": 8.4051530098131533, "30_day_warn_count": 4, "daily_sd": -0.76174274794496766, "threshold_error": 10.724396181386348}, "dengu": {"sample_sd": 3.2242139438249988, "sample_mean": 7.7333333333334338, "daily_article_count": 87, "30_day_error_count": 7, "threshold_warn": 14.181761220983432, "30_day_warn_count": 9, "daily_sd": 24.584803628952031, "threshold_error": 17.405975164808432}, "ebola": {"sample_sd": 20.430913396669819, "sample_mean": 35.666666666666764, "daily_article_count": 40, "30_day_error_count": 0, "threshold_warn": 76.528493460006402, "30_day_warn_count": 0, "daily_sd": 0.21209689695222131, "threshold_error": 96.959406856676225}, "unkno": {"sample_sd": 23.809078567265516, "sample_mean": 65.166666666666771, "daily_article_count": 46, "30_day_error_count": 0, "threshold_warn": 112.7848238011978, "30_day_warn_count": 0, "daily_sd": -0.80501505392226824, "threshold_error": 136.59390236846332}, "mumps": {"sample_sd": 1.8024674446127702, "sample_mean": 1.5333333333334334, "daily_article_count": 3, "30_day_error_count": 0, "threshold_warn": 5.138268222558974, "30_day_warn_count": 0, "daily_sd": 0.81369939360078447, "threshold_error": 6.9407356671717446}}