{"hemmo": {"sample_sd": 0.49553562491061681, "sample_mean": 0.23333333333333334, "daily_article_count": 0, "30_day_error_count": 0, "threshold_warn": 1.2244045831545669, "30_day_warn_count": 0, "daily_sd": -0.47087095579741878, "threshold_error": 1.7199402080651838}, "mersc": {"sample_sd": 1.2909944487358056, "sample_mean": 1.0, "daily_article_count": 12, "30_day_error_count": 19, "threshold_warn": 3.5819888974716112, "30_day_warn_count": 3, "daily_sd": 8.5205633616563166, "threshold_error": 4.872983346207417}, "influ": {"sample_sd": 11.158504479643419, "sample_mean": 19.766666666666666, "daily_article_count": 16, "30_day_error_count": 0, "threshold_warn": 42.083675625953504, "30_day_warn_count": 0, "daily_sd": -0.3375601697824504, "threshold_error": 53.242180105596923}, "pertu": {"sample_sd": 1.4177446878757827, "sample_mean": 1.3, "daily_article_count": 1, "30_day_error_count": 0, "threshold_warn": 4.1354893757515656, "30_day_warn_count": 0, "daily_sd": -0.21160368475757949, "threshold_error": 5.5532340636273476}, "moldf": {"sample_sd": 0.44221663871405326, "sample_mean": 0.26666666666666666, "daily_article_count": 0, "30_day_error_count": 5, "threshold_warn": 1.1510999440947731, "30_day_warn_count": 2, "daily_sd": -0.60302268915552737, "threshold_error": 1.5933165828088263}, "chole": {"sample_sd": 4.5275698657103991, "sample_mean": 5.0333333333333332, "daily_article_count": 5, "30_day_error_count": 0, "threshold_warn": 14.088473064754131, "30_day_warn_count": 0, "daily_sd": -0.0073623012613860664, "threshold_error": 18.616042930464531}, "hepat": {"sample_sd": 1.7540429489230489, "sample_mean": 1.7, "daily_article_count": 2, "30_day_error_count": 9, "threshold_warn": 5.2080858978460975, "30_day_warn_count": 5, "daily_sd": 0.17103344030668957, "threshold_error": 6.9621288467691471}, "chiku": {"sample_sd": 2.4303634844744244, "sample_mean": 2.3999999999999999, "daily_article_count": 1, "30_day_error_count": 0, "threshold_warn": 7.2607269689488483, "30_day_warn_count": 0, "daily_sd": -0.57604552115082297, "threshold_error": 9.6910904534232731}, "yello": {"sample_sd": 0.49553562491061681, "sample_mean": 0.23333333333333334, "daily_article_count": 0, "30_day_error_count": 2, "threshold_warn": 1.2244045831545669, "30_day_warn_count": 0, "daily_sd": -0.47087095579741878, "threshold_error": 1.7199402080651838}, "menin": {"sample_sd": 2.4241837114102274, "sample_mean": 3.2999999999999998, "daily_article_count": 1, "30_day_error_count": 1, "threshold_warn": 8.1483674228204546, "30_day_warn_count": 0, "daily_sd": -0.94877297837382724, "threshold_error": 10.572551134230682}, "plagu": {"sample_sd": 0.73711147958319934, "sample_mean": 0.29999999999999999, "daily_article_count": 0, "30_day_error_count": 0, "threshold_warn": 1.7742229591663987, "30_day_warn_count": 0, "daily_sd": -0.40699406848152114, "threshold_error": 2.5113344387495977}, "westn": {"sample_sd": 0.47609522856952335, "sample_mean": 0.20000000000000001, "daily_article_count": 0, "30_day_error_count": 3, "threshold_warn": 1.1521904571390467, "30_day_warn_count": 0, "daily_sd": -0.42008402520840293, "threshold_error": 1.6282856857085701}, "swine": {"sample_sd": 10.47091209016674, "sample_mean": 14.6, "daily_article_count": 24, "30_day_error_count": 13, "threshold_warn": 35.541824180333478, "30_day_warn_count": 6, "daily_sd": 0.89772504238934103, "threshold_error": 46.01273627050022}, "measl": {"sample_sd": 51.141426999601364, "sample_mean": 55.43333333333333, "daily_article_count": 23, "30_day_error_count": 0, "threshold_warn": 157.71618733253607, "30_day_warn_count": 3, "daily_sd": -0.63418905642946066, "threshold_error": 208.85761433213742}, "dengu": {"sample_sd": 2.7626476833324629, "sample_mean": 3.6333333333333333, "daily_article_count": 1, "30_day_error_count": 0, "threshold_warn": 9.1586286999982587, "30_day_warn_count": 0, "daily_sd": -0.95319187792952909, "threshold_error": 11.921276383330721}, "ebola": {"sample_sd": 35.540962282977084, "sample_mean": 91.799999999999997, "daily_article_count": 87, "30_day_error_count": 0, "threshold_warn": 162.88192456595417, "30_day_warn_count": 0, "daily_sd": -0.1350554315829269, "threshold_error": 198.42288684893123}, "unkno": {"sample_sd": 23.00280176171783, "sample_mean": 60.06666666666667, "daily_article_count": 55, "30_day_error_count": 1, "threshold_warn": 106.07227019010233, "30_day_warn_count": 0, "daily_sd": -0.22026302357214661, "threshold_error": 129.07507195182015}, "mumps": {"sample_sd": 0.53748384988656994, "sample_mean": 0.33333333333333331, "daily_article_count": 0, "30_day_error_count": 3, "threshold_warn": 1.4083010331064731, "30_day_warn_count": 0, "daily_sd": -0.62017367294604231, "threshold_error": 1.9457848829930431}}