{"hemmo": {"sample_sd": 2.3228335186912457, "sample_mean": 1.0666666666666667, "daily_article_count": 0, "30_day_error_count": 0, "threshold_warn": 5.7123337040491577, "30_day_warn_count": 0, "daily_sd": -0.45920926234423326, "threshold_error": 8.0351672227404034}, "mersc": {"sample_sd": 1.4533486237727762, "sample_mean": 1.2333333333333334, "daily_article_count": 93, "30_day_error_count": 24, "threshold_warn": 4.1400305808788858, "30_day_warn_count": 0, "daily_sd": 63.141537526245955, "threshold_error": 5.5933792046516624}, "influ": {"sample_sd": 2.2997584414213792, "sample_mean": 3.3333333333333335, "daily_article_count": 3, "30_day_error_count": 3, "threshold_warn": 7.9328502161760923, "30_day_warn_count": 5, "daily_sd": -0.14494275891311215, "threshold_error": 10.232608657597471}, "pertu": {"sample_sd": 0.61553951042064614, "sample_mean": 0.43333333333333335, "daily_article_count": 1, "30_day_error_count": 7, "threshold_warn": 1.6644123541746256, "30_day_warn_count": 2, "daily_sd": 0.92060161382560013, "threshold_error": 2.2799518645952714}, "moldf": {"sample_sd": 0.47609522856952341, "sample_mean": 0.20000000000000001, "daily_article_count": 0, "30_day_error_count": 6, "threshold_warn": 1.1521904571390469, "30_day_warn_count": 1, "daily_sd": -0.42008402520840288, "threshold_error": 1.6282856857085701}, "chole": {"sample_sd": 2.2891046284519194, "sample_mean": 2.6000000000000001, "daily_article_count": 1, "30_day_error_count": 0, "threshold_warn": 7.1782092569038394, "30_day_warn_count": 0, "daily_sd": -0.69896324532883036, "threshold_error": 9.4673138853557575}, "hepat": {"sample_sd": 1.656301099840646, "sample_mean": 1.3, "daily_article_count": 2, "30_day_error_count": 2, "threshold_warn": 4.6126021996812918, "30_day_warn_count": 0, "daily_sd": 0.42262847019020122, "threshold_error": 6.2689032995219378}, "chiku": {"sample_sd": 0.75718777944003657, "sample_mean": 0.40000000000000002, "daily_article_count": 11, "30_day_error_count": 8, "threshold_warn": 1.914375558880073, "30_day_warn_count": 0, "daily_sd": 13.999169410577416, "threshold_error": 2.6715633383201096}, "yello": {"sample_sd": 0.42295258468165065, "sample_mean": 0.23333333333333334, "daily_article_count": 0, "30_day_error_count": 2, "threshold_warn": 1.0792385026966347, "30_day_warn_count": 0, "daily_sd": -0.55167728436737051, "threshold_error": 1.5021910873782853}, "menin": {"sample_sd": 3.5970667062050552, "sample_mean": 2.8333333333333335, "daily_article_count": 2, "30_day_error_count": 1, "threshold_warn": 10.027466745743444, "30_day_warn_count": 0, "daily_sd": -0.2316702472867147, "threshold_error": 13.6245334519485}, "plagu": {"sample_sd": 0.0, "sample_mean": 0.0, "daily_article_count": 0, "30_day_error_count": 3, "threshold_warn": 0.0, "30_day_warn_count": 0, "daily_sd": 0, "threshold_error": 0.0}, "westn": {"sample_sd": 0.24944382578492943, "sample_mean": 0.066666666666666666, "daily_article_count": 0, "30_day_error_count": 8, "threshold_warn": 0.56555431823652558, "30_day_warn_count": 0, "daily_sd": -0.2672612419124244, "threshold_error": 0.81499814402145498}, "swine": {"sample_sd": 1.1527744310527055, "sample_mean": 1.2666666666666666, "daily_article_count": 1, "30_day_error_count": 4, "threshold_warn": 3.5722155287720776, "30_day_warn_count": 0, "daily_sd": -0.23132597278649605, "threshold_error": 4.7249899598247831}, "measl": {"sample_sd": 4.2228215948844232, "sample_mean": 7.3666666666666663, "daily_article_count": 7, "30_day_error_count": 3, "threshold_warn": 15.812309856435512, "30_day_warn_count": 1, "daily_sd": -0.086829779195704282, "threshold_error": 20.035131451319938}, "dengu": {"sample_sd": 2.2020192753218328, "sample_mean": 3.1333333333333333, "daily_article_count": 6, "30_day_error_count": 5, "threshold_warn": 7.5373718839769985, "30_day_warn_count": 2, "daily_sd": 1.3018354102498459, "threshold_error": 9.7393911592988314}, "ebola": {"sample_sd": 28.677904773923462, "sample_mean": 21.666666666666668, "daily_article_count": 3, "30_day_error_count": 0, "threshold_warn": 79.022476214513588, "30_day_warn_count": 3, "daily_sd": -0.65090761733890978, "threshold_error": 107.70038098843706}, "unkno": {"sample_sd": 16.144624148269568, "sample_mean": 39.133333333333333, "daily_article_count": 102, "30_day_error_count": 1, "threshold_warn": 71.422581629872468, "30_day_warn_count": 0, "daily_sd": 3.89396904438961, "threshold_error": 87.567205778142039}, "mumps": {"sample_sd": 2.2360679774997898, "sample_mean": 2.0, "daily_article_count": 0, "30_day_error_count": 1, "threshold_warn": 6.4721359549995796, "30_day_warn_count": 0, "daily_sd": -0.89442719099991586, "threshold_error": 8.7082039324993694}}