{"hemmo": {"sample_sd": 2.0550750189064471, "sample_mean": 1.1000000000000001, "daily_article_count": 0, "30_day_error_count": 0, "threshold_warn": 5.2101500378128947, "30_day_warn_count": 0, "daily_sd": -0.53526026538210536, "threshold_error": 7.2652250567193413}, "mersc": {"sample_sd": 2.3437861108329261, "sample_mean": 2.2000000000000002, "daily_article_count": 2, "30_day_error_count": 0, "threshold_warn": 6.8875722216658524, "30_day_warn_count": 0, "daily_sd": -0.085332018598286222, "threshold_error": 9.2313583324987789}, "influ": {"sample_sd": 4.7422451316743297, "sample_mean": 10.333333333333334, "daily_article_count": 21, "30_day_error_count": 0, "threshold_warn": 19.817823596681993, "30_day_warn_count": 0, "daily_sd": 2.2492862284621333, "threshold_error": 24.56006872835632}, "pertu": {"sample_sd": 1.2036980056845192, "sample_mean": 1.1333333333333333, "daily_article_count": 3, "30_day_error_count": 0, "threshold_warn": 3.5407293447023718, "30_day_warn_count": 0, "daily_sd": 1.5507765717407918, "threshold_error": 4.744427350386891}, "moldf": {"sample_sd": 0.33993463423951903, "sample_mean": 0.13333333333333333, "daily_article_count": 1, "30_day_error_count": 3, "threshold_warn": 0.81320260181237136, "30_day_warn_count": 0, "daily_sd": 2.5495097567963922, "threshold_error": 1.1531372360518903}, "chole": {"sample_sd": 2.4083189157584592, "sample_mean": 4.0, "daily_article_count": 2, "30_day_error_count": 3, "threshold_warn": 8.8166378315169176, "30_day_warn_count": 0, "daily_sd": -0.83045479853739967, "threshold_error": 11.224956747275378}, "hepat": {"sample_sd": 1.6852299546352718, "sample_mean": 1.6000000000000001, "daily_article_count": 1, "30_day_error_count": 0, "threshold_warn": 4.9704599092705433, "30_day_warn_count": 0, "daily_sd": -0.35603449745815602, "threshold_error": 6.6556898639058151}, "chiku": {"sample_sd": 2.5967928938083089, "sample_mean": 4.7000000000000002, "daily_article_count": 6, "30_day_error_count": 0, "threshold_warn": 9.8935857876166189, "30_day_warn_count": 0, "daily_sd": 0.50061751289433543, "threshold_error": 12.490378681424927}, "yello": {"sample_sd": 0.17950549357115014, "sample_mean": 0.033333333333333333, "daily_article_count": 0, "30_day_error_count": 7, "threshold_warn": 0.39234432047563361, "30_day_warn_count": 0, "daily_sd": -0.18569533817705186, "threshold_error": 0.5718498140467837}, "menin": {"sample_sd": 3.0155154341063044, "sample_mean": 3.7999999999999998, "daily_article_count": 3, "30_day_error_count": 2, "threshold_warn": 9.8310308682126077, "30_day_warn_count": 4, "daily_sd": -0.26529461297122908, "threshold_error": 12.846546302318913}, "plagu": {"sample_sd": 0.17950549357115012, "sample_mean": 0.033333333333333333, "daily_article_count": 0, "30_day_error_count": 4, "threshold_warn": 0.39234432047563356, "30_day_warn_count": 0, "daily_sd": -0.18569533817705189, "threshold_error": 0.5718498140467837}, "westn": {"sample_sd": 2.256841450641434, "sample_mean": 3.2000000000000002, "daily_article_count": 1, "30_day_error_count": 0, "threshold_warn": 7.7136829012828683, "30_day_warn_count": 0, "daily_sd": -0.97481371559119556, "threshold_error": 9.9705243519243023}, "swine": {"sample_sd": 0.99777530313971774, "sample_mean": 1.0666666666666667, "daily_article_count": 4, "30_day_error_count": 1, "threshold_warn": 3.0622172729461021, "30_day_warn_count": 0, "daily_sd": 2.9398736610366685, "threshold_error": 4.0599925760858202}, "measl": {"sample_sd": 2.6668749918626147, "sample_mean": 3.2333333333333334, "daily_article_count": 0, "30_day_error_count": 0, "threshold_warn": 8.5670833170585627, "30_day_warn_count": 0, "daily_sd": -1.2124052845368241, "threshold_error": 11.233958308921178}, "dengu": {"sample_sd": 4.2300512211240813, "sample_mean": 8.8000000000000007, "daily_article_count": 9, "30_day_error_count": 0, "threshold_warn": 17.260102442248161, "30_day_warn_count": 0, "daily_sd": 0.047280751353845754, "threshold_error": 21.490153663372244}, "ebola": {"sample_sd": 243.3807830449141, "sample_mean": 416.83333333333331, "daily_article_count": 439, "30_day_error_count": 11, "threshold_warn": 903.59489942316145, "30_day_warn_count": 9, "daily_sd": 0.091078130283507197, "threshold_error": 1146.9756824680755}, "unkno": {"sample_sd": 48.595198665437444, "sample_mean": 94.200000000000003, "daily_article_count": 40, "30_day_error_count": 0, "threshold_warn": 191.39039733087489, "30_day_warn_count": 0, "daily_sd": -1.1153365247696556, "threshold_error": 239.98559599631233}, "mumps": {"sample_sd": 0.24944382578492943, "sample_mean": 0.066666666666666666, "daily_article_count": 0, "30_day_error_count": 5, "threshold_warn": 0.56555431823652558, "30_day_warn_count": 0, "daily_sd": -0.2672612419124244, "threshold_error": 0.81499814402145498}}