{"hemmo": {"sample_sd": 0.33993463423951903, "sample_mean": 0.13333333333343333, "daily_article_count": 0, "30_day_error_count": 0, "threshold_warn": 0.81320260181247139, "30_day_warn_count": 0, "daily_sd": -0.39223227027666219, "threshold_error": 1.1531372360519905}, "mersc": {"sample_sd": 20.828959540878547, "sample_mean": 41.766666666666765, "daily_article_count": 2, "30_day_error_count": 0, "threshold_warn": 83.424585748423851, "30_day_warn_count": 0, "daily_sd": -1.9092008215110989, "threshold_error": 104.25354528930241}, "influ": {"sample_sd": 3.2223180062391936, "sample_mean": 5.5000000000001004, "daily_article_count": 2, "30_day_error_count": 0, "threshold_warn": 11.944636012478487, "30_day_warn_count": 0, "daily_sd": -1.0861746088447033, "threshold_error": 15.166954018717682}, "pertu": {"sample_sd": 1.9652537297311565, "sample_mean": 1.9333333333334333, "daily_article_count": 1, "30_day_error_count": 0, "threshold_warn": 5.8638407927957461, "30_day_warn_count": 0, "daily_sd": -0.47491747208698171, "threshold_error": 7.8290945225269031}, "moldf": {"sample_sd": 0.91954094827558153, "sample_mean": 0.76666666666676675, "daily_article_count": 3, "30_day_error_count": 0, "threshold_warn": 2.6057485632179298, "30_day_warn_count": 0, "daily_sd": 2.428748102541177, "threshold_error": 3.5252895114935114}, "chole": {"sample_sd": 1.7813852287849847, "sample_mean": 1.4000000000000998, "daily_article_count": 6, "30_day_error_count": 10, "threshold_warn": 4.9627704575700697, "30_day_warn_count": 15, "daily_sd": 2.5822601005496075, "threshold_error": 6.7441556863550538}, "hepat": {"sample_sd": 1.8089284734953515, "sample_mean": 2.1666666666667664, "daily_article_count": 1, "30_day_error_count": 3, "threshold_warn": 5.7845236136574698, "30_day_warn_count": 0, "daily_sd": -0.64494903129720926, "threshold_error": 7.5934520871528211}, "chiku": {"sample_sd": 2.0872629605937694, "sample_mean": 1.9000000000000998, "daily_article_count": 20, "30_day_error_count": 5, "threshold_warn": 6.0745259211876386, "30_day_warn_count": 7, "daily_sd": 8.6716433634461403, "threshold_error": 8.1617888817814084}, "yello": {"sample_sd": 0.69920589878010098, "sample_mean": 0.33333333333343329, "daily_article_count": 0, "30_day_error_count": 0, "threshold_warn": 1.7317451308936351, "30_day_warn_count": 0, "daily_sd": -0.47673129462293917, "threshold_error": 2.4309510296737362}, "menin": {"sample_sd": 1.6224124698183942, "sample_mean": 1.9666666666667665, "daily_article_count": 1, "30_day_error_count": 0, "threshold_warn": 5.2114916063035546, "30_day_warn_count": 0, "daily_sd": -0.59582053556021486, "threshold_error": 6.8339040761219483}, "plagu": {"sample_sd": 0.24944382578492943, "sample_mean": 0.066666666666766669, "daily_article_count": 0, "30_day_error_count": 0, "threshold_warn": 0.5655543182366255, "30_day_warn_count": 0, "daily_sd": -0.2672612419128253, "threshold_error": 0.81499814402155502}, "westn": {"sample_sd": 0.66999170807472608, "sample_mean": 0.46666666666676665, "daily_article_count": 4, "30_day_error_count": 8, "threshold_warn": 1.8066500828162189, "30_day_warn_count": 1, "daily_sd": 5.2736971081127928, "threshold_error": 2.476641790890945}, "swine": {"sample_sd": 1.6248076809271919, "sample_mean": 1.4000000000000998, "daily_article_count": 0, "30_day_error_count": 2, "threshold_warn": 4.6496153618544831, "30_day_warn_count": 0, "daily_sd": -0.86164043685539071, "threshold_error": 6.2744230427816756}, "measl": {"sample_sd": 10.349235076403795, "sample_mean": 11.4000000000001, "daily_article_count": 18, "30_day_error_count": 1, "threshold_warn": 32.098470152807693, "30_day_warn_count": 0, "daily_sd": 0.63772829115147522, "threshold_error": 42.447705229211486}, "dengu": {"sample_sd": 2.0712315177207978, "sample_mean": 3.1000000000001, "daily_article_count": 0, "30_day_error_count": 1, "threshold_warn": 7.2424630354416957, "30_day_warn_count": 0, "daily_sd": -1.4966941037143779, "threshold_error": 9.3136945531624935}, "ebola": {"sample_sd": 8.2548975362104482, "sample_mean": 9.3000000000001002, "daily_article_count": 9, "30_day_error_count": 0, "threshold_warn": 25.809795072420997, "30_day_warn_count": 0, "daily_sd": -0.036342062234466004, "threshold_error": 34.064692608631447}, "unkno": {"sample_sd": 19.485293599704026, "sample_mean": 50.700000000000102, "daily_article_count": 54, "30_day_error_count": 3, "threshold_warn": 89.670587199408146, "30_day_warn_count": 0, "daily_sd": 0.16935849506778916, "threshold_error": 109.15588079911218}, "mumps": {"sample_sd": 2.5394662606321212, "sample_mean": 2.5333333333334331, "daily_article_count": 1, "30_day_error_count": 0, "threshold_warn": 7.6122658545976751, "30_day_warn_count": 0, "daily_sd": -0.60380141965412737, "threshold_error": 10.151732115229796}}