{"hemmo": {"sample_sd": 1.5438048235879214, "sample_mean": 0.5, "daily_article_count": 0, "30_day_error_count": 0, "threshold_warn": 3.5876096471758427, "30_day_warn_count": 0, "daily_sd": -0.32387513781564786, "threshold_error": 5.1314144707637643}, "mersc": {"sample_sd": 5.8962323186553256, "sample_mean": 3.3666666666666667, "daily_article_count": 5, "30_day_error_count": 22, "threshold_warn": 15.159131303977318, "30_day_warn_count": 6, "daily_sd": 0.27701305597568882, "threshold_error": 21.055363622632644}, "influ": {"sample_sd": 5.9044239534625413, "sample_mean": 14.733333333333333, "daily_article_count": 12, "30_day_error_count": 0, "threshold_warn": 26.542181240258415, "30_day_warn_count": 0, "daily_sd": -0.46292972098157337, "threshold_error": 32.446605193720956}, "pertu": {"sample_sd": 1.4313940369055929, "sample_mean": 1.1333333333333333, "daily_article_count": 2, "30_day_error_count": 0, "threshold_warn": 3.996121407144519, "30_day_warn_count": 0, "daily_sd": 0.60547036268240895, "threshold_error": 5.4275154440501119}, "moldf": {"sample_sd": 0.76376261582597338, "sample_mean": 0.5, "daily_article_count": 0, "30_day_error_count": 1, "threshold_warn": 2.0275252316519468, "30_day_warn_count": 0, "daily_sd": -0.65465367070797709, "threshold_error": 2.7912878474779204}, "chole": {"sample_sd": 7.7732447107583917, "sample_mean": 9.0999999999999996, "daily_article_count": 3, "30_day_error_count": 0, "threshold_warn": 24.646489421516783, "30_day_warn_count": 0, "daily_sd": -0.78474308052561703, "threshold_error": 32.419734132275174}, "hepat": {"sample_sd": 2.1186998109427608, "sample_mean": 2.6666666666666665, "daily_article_count": 1, "30_day_error_count": 1, "threshold_warn": 6.9040662885521886, "30_day_warn_count": 0, "daily_sd": -0.78664596940944054, "threshold_error": 9.0227660994949481}, "chiku": {"sample_sd": 1.2931443160847218, "sample_mean": 1.1666666666666667, "daily_article_count": 0, "30_day_error_count": 0, "threshold_warn": 3.7529552988361106, "30_day_warn_count": 0, "daily_sd": -0.90219370889631723, "threshold_error": 5.0460996149208324}, "yello": {"sample_sd": 0.67986926847903806, "sample_mean": 0.26666666666666666, "daily_article_count": 3, "30_day_error_count": 2, "threshold_warn": 1.6264052036247427, "30_day_warn_count": 0, "daily_sd": 4.0203807703327721, "threshold_error": 2.3062744721037807}, "menin": {"sample_sd": 2.0591260281974, "sample_mean": 2.6000000000000001, "daily_article_count": 3, "30_day_error_count": 5, "threshold_warn": 6.7182520563947996, "30_day_warn_count": 1, "daily_sd": 0.1942571724714528, "threshold_error": 8.7773780845922005}, "plagu": {"sample_sd": 1.3840359661351129, "sample_mean": 0.46666666666666667, "daily_article_count": 0, "30_day_error_count": 1, "threshold_warn": 3.2347385989368926, "30_day_warn_count": 0, "daily_sd": -0.33717813560136162, "threshold_error": 4.6187745650720053}, "westn": {"sample_sd": 1.6719914938645934, "sample_mean": 1.7333333333333334, "daily_article_count": 1, "30_day_error_count": 1, "threshold_warn": 5.0773163210625203, "30_day_warn_count": 2, "daily_sd": -0.4385987225558951, "threshold_error": 6.7493078149271133}, "swine": {"sample_sd": 2.0612833111653743, "sample_mean": 1.5333333333333334, "daily_article_count": 1, "30_day_error_count": 1, "threshold_warn": 5.6558999556640819, "30_day_warn_count": 0, "daily_sd": -0.25873849094126039, "threshold_error": 7.7171832668294567}, "measl": {"sample_sd": 5.3566158470935115, "sample_mean": 6.2000000000000002, "daily_article_count": 1, "30_day_error_count": 0, "threshold_warn": 16.913231694187022, "30_day_warn_count": 0, "daily_sd": -0.97076216559780171, "threshold_error": 22.269847541280534}, "dengu": {"sample_sd": 2.8252826800556119, "sample_mean": 4.5333333333333332, "daily_article_count": 6, "30_day_error_count": 3, "threshold_warn": 10.183898693444558, "30_day_warn_count": 1, "daily_sd": 0.51912209600130965, "threshold_error": 13.009181373500169}, "ebola": {"sample_sd": 22.812861869275999, "sample_mean": 46.200000000000003, "daily_article_count": 18, "30_day_error_count": 0, "threshold_warn": 91.825723738552, "30_day_warn_count": 0, "daily_sd": -1.2361447748903138, "threshold_error": 114.63858560782801}, "unkno": {"sample_sd": 21.743862480147257, "sample_mean": 62.93333333333333, "daily_article_count": 42, "30_day_error_count": 15, "threshold_warn": 106.42105829362785, "30_day_warn_count": 4, "daily_sd": -0.96272377331516135, "threshold_error": 128.16492077377509}, "mumps": {"sample_sd": 0.75718777944003657, "sample_mean": 0.40000000000000002, "daily_article_count": 0, "30_day_error_count": 0, "threshold_warn": 1.914375558880073, "30_day_warn_count": 0, "daily_sd": -0.5282705437953743, "threshold_error": 2.6715633383201096}}