{"hemmo": {"sample_sd": 0.69920589878010098, "sample_mean": 0.33333333333333331, "daily_article_count": 0, "30_day_error_count": 0, "threshold_warn": 1.7317451308935352, "30_day_warn_count": 0, "daily_sd": -0.47673129462279618, "threshold_error": 2.4309510296736363}, "mersc": {"sample_sd": 6.8006535633635155, "sample_mean": 9.4666666666666668, "daily_article_count": 12, "30_day_error_count": 1, "threshold_warn": 23.067973793393698, "30_day_warn_count": 0, "daily_sd": 0.37251321652096908, "threshold_error": 29.868627356757216}, "influ": {"sample_sd": 5.618323197854993, "sample_mean": 10.366666666666667, "daily_article_count": 16, "30_day_error_count": 0, "threshold_warn": 21.603313062376653, "30_day_warn_count": 0, "daily_sd": 1.0026716397312405, "threshold_error": 27.221636260231648}, "pertu": {"sample_sd": 1.564892612574067, "sample_mean": 1.5333333333333334, "daily_article_count": 1, "30_day_error_count": 0, "threshold_warn": 4.6631185584814672, "30_day_warn_count": 0, "daily_sd": -0.34081145827384407, "threshold_error": 6.2280111710555346}, "moldf": {"sample_sd": 0.95684667296048809, "sample_mean": 0.46666666666666667, "daily_article_count": 0, "30_day_error_count": 0, "threshold_warn": 2.380360012587643, "30_day_warn_count": 1, "daily_sd": -0.48771311000413248, "threshold_error": 3.3372066855481313}, "chole": {"sample_sd": 5.4226889598754928, "sample_mean": 7.166666666666667, "daily_article_count": 10, "30_day_error_count": 0, "threshold_warn": 18.012044586417652, "30_day_warn_count": 0, "daily_sd": 0.52249600784744021, "threshold_error": 23.434733546293145}, "hepat": {"sample_sd": 2.1707653540219916, "sample_mean": 2.7666666666666666, "daily_article_count": 5, "30_day_error_count": 4, "threshold_warn": 7.1081973747106497, "30_day_warn_count": 6, "daily_sd": 1.0288230043820332, "threshold_error": 9.2789627287326404}, "chiku": {"sample_sd": 1.4255603186895398, "sample_mean": 1.0333333333333334, "daily_article_count": 0, "30_day_error_count": 1, "threshold_warn": 3.8844539707124133, "30_day_warn_count": 0, "daily_sd": -0.72486117899468128, "threshold_error": 5.3100142894019529}, "yello": {"sample_sd": 1.5849991237291652, "sample_mean": 0.56666666666666665, "daily_article_count": 0, "30_day_error_count": 0, "threshold_warn": 3.7366649141249972, "30_day_warn_count": 0, "daily_sd": -0.35751859933740576, "threshold_error": 5.3216640378541618}, "menin": {"sample_sd": 3.6999999999999997, "sample_mean": 4.9000000000000004, "daily_article_count": 3, "30_day_error_count": 2, "threshold_warn": 12.300000000000001, "30_day_warn_count": 0, "daily_sd": -0.5135135135135136, "threshold_error": 16.0}, "plagu": {"sample_sd": 1.5986105077709065, "sample_mean": 0.66666666666666663, "daily_article_count": 1, "30_day_error_count": 0, "threshold_warn": 3.8638876822084796, "30_day_warn_count": 0, "daily_sd": 0.2085144140570748, "threshold_error": 5.4624981899793861}, "westn": {"sample_sd": 4.906345098158325, "sample_mean": 6.833333333333333, "daily_article_count": 11, "30_day_error_count": 0, "threshold_warn": 16.646023529649984, "30_day_warn_count": 0, "daily_sd": 0.84924043933042781, "threshold_error": 21.552368627808306}, "swine": {"sample_sd": 2.4711670657134186, "sample_mean": 2.6000000000000001, "daily_article_count": 1, "30_day_error_count": 0, "threshold_warn": 7.5423341314268377, "30_day_warn_count": 0, "daily_sd": -0.64746735346203099, "threshold_error": 10.013501197140256}, "measl": {"sample_sd": 5.3438438100927561, "sample_mean": 6.0999999999999996, "daily_article_count": 2, "30_day_error_count": 0, "threshold_warn": 16.787687620185512, "30_day_warn_count": 0, "daily_sd": -0.76723799304471696, "threshold_error": 22.131531430278265}, "dengu": {"sample_sd": 3.9385558549070017, "sample_mean": 9.7666666666666675, "daily_article_count": 10, "30_day_error_count": 0, "threshold_warn": 17.643778376480672, "30_day_warn_count": 0, "daily_sd": 0.059243372933920735, "threshold_error": 21.582334231387673}, "ebola": {"sample_sd": 21.776363332751409, "sample_mean": 44.700000000000003, "daily_article_count": 31, "30_day_error_count": 1, "threshold_warn": 88.25272666550282, "30_day_warn_count": 0, "daily_sd": -0.6291224935338654, "threshold_error": 110.02908999825424}, "unkno": {"sample_sd": 36.43211342879917, "sample_mean": 68.033333333333331, "daily_article_count": 72, "30_day_error_count": 0, "threshold_warn": 140.89756019093167, "30_day_warn_count": 0, "daily_sd": 0.10887830250141524, "threshold_error": 177.32967361973084}, "mumps": {"sample_sd": 0.37267799624996495, "sample_mean": 0.16666666666666666, "daily_article_count": 3, "30_day_error_count": 13, "threshold_warn": 0.91202265916659653, "30_day_warn_count": 0, "daily_sd": 7.6026311234992852, "threshold_error": 1.2847006554165616}}