{"hemmo": {"sample_sd": 0.49553562491061681, "sample_mean": 0.23333333333333334, "daily_article_count": 0, "30_day_error_count": 0, "threshold_warn": 1.2244045831545669, "30_day_warn_count": 0, "daily_sd": -0.47087095579741878, "threshold_error": 1.7199402080651838}, "mersc": {"sample_sd": 1.2775845264491199, "sample_mean": 1.0333333333333334, "daily_article_count": 4, "30_day_error_count": 18, "threshold_warn": 3.588502386231573, "30_day_warn_count": 3, "daily_sd": 2.3220903237706949, "threshold_error": 4.8660869126806929}, "influ": {"sample_sd": 11.327694675734628, "sample_mean": 20.5, "daily_article_count": 10, "30_day_error_count": 0, "threshold_warn": 43.155389351469253, "30_day_warn_count": 0, "daily_sd": -0.92693176330858773, "threshold_error": 54.483084027203887}, "pertu": {"sample_sd": 1.3253930234714029, "sample_mean": 1.1000000000000001, "daily_article_count": 0, "30_day_error_count": 0, "threshold_warn": 3.7507860469428058, "30_day_warn_count": 0, "daily_sd": -0.82994250046596396, "threshold_error": 5.0761790704142093}, "moldf": {"sample_sd": 0.44221663871405331, "sample_mean": 0.26666666666666666, "daily_article_count": 0, "30_day_error_count": 5, "threshold_warn": 1.1510999440947733, "30_day_warn_count": 2, "daily_sd": -0.60302268915552726, "threshold_error": 1.5933165828088265}, "chole": {"sample_sd": 4.6110977242108211, "sample_mean": 4.9333333333333336, "daily_article_count": 8, "30_day_error_count": 0, "threshold_warn": 14.155528781754976, "30_day_warn_count": 0, "daily_sd": 0.66506217176117632, "threshold_error": 18.766626505965796}, "hepat": {"sample_sd": 1.7625738755203049, "sample_mean": 1.6000000000000001, "daily_article_count": 2, "30_day_error_count": 9, "threshold_warn": 5.1251477510406094, "30_day_warn_count": 5, "daily_sd": 0.22694084234167006, "threshold_error": 6.8877216265609142}, "chiku": {"sample_sd": 2.2432615144521648, "sample_mean": 2.0333333333333332, "daily_article_count": 3, "30_day_error_count": 1, "threshold_warn": 6.5198563622376629, "30_day_warn_count": 0, "daily_sd": 0.43092018493561152, "threshold_error": 8.7631178766898277}, "yello": {"sample_sd": 0.30000000000000004, "sample_mean": 0.10000000000000001, "daily_article_count": 0, "30_day_error_count": 3, "threshold_warn": 0.70000000000000007, "30_day_warn_count": 0, "daily_sd": -0.33333333333333331, "threshold_error": 1.0000000000000002}, "menin": {"sample_sd": 2.3935097428021654, "sample_mean": 2.9333333333333331, "daily_article_count": 2, "30_day_error_count": 1, "threshold_warn": 7.7203528189376645, "30_day_warn_count": 0, "daily_sd": -0.38994340262874683, "threshold_error": 10.113862561739829}, "plagu": {"sample_sd": 0.72724747430904768, "sample_mean": 0.26666666666666666, "daily_article_count": 0, "30_day_error_count": 0, "threshold_warn": 1.721161615284762, "30_day_warn_count": 0, "daily_sd": -0.36667939881128447, "threshold_error": 2.4484090895938095}, "westn": {"sample_sd": 0.47609522856952335, "sample_mean": 0.20000000000000001, "daily_article_count": 2, "30_day_error_count": 3, "threshold_warn": 1.1521904571390467, "30_day_warn_count": 0, "daily_sd": 3.7807562268756265, "threshold_error": 1.6282856857085701}, "swine": {"sample_sd": 9.1313866538561506, "sample_mean": 12.533333333333333, "daily_article_count": 47, "30_day_error_count": 17, "threshold_warn": 30.796106641045633, "30_day_warn_count": 8, "daily_sd": 3.7745271307848434, "threshold_error": 39.927493294901787}, "measl": {"sample_sd": 34.677498307820436, "sample_mean": 39.06666666666667, "daily_article_count": 20, "30_day_error_count": 5, "threshold_warn": 108.42166328230755, "30_day_warn_count": 5, "daily_sd": -0.54982820552446754, "threshold_error": 143.09916159012798}, "dengu": {"sample_sd": 2.8905977851571731, "sample_mean": 3.3333333333333335, "daily_article_count": 3, "30_day_error_count": 0, "threshold_warn": 9.1145289036476793, "30_day_warn_count": 0, "daily_sd": -0.11531640100361069, "threshold_error": 12.005126688804854}, "ebola": {"sample_sd": 39.144121170646073, "sample_mean": 97.266666666666666, "daily_article_count": 164, "30_day_error_count": 0, "threshold_warn": 175.55490900795883, "30_day_warn_count": 0, "daily_sd": 1.7048111271272131, "threshold_error": 214.69903017860489}, "unkno": {"sample_sd": 23.430654185394729, "sample_mean": 57.93333333333333, "daily_article_count": 48, "30_day_error_count": 1, "threshold_warn": 104.7946417041228, "30_day_warn_count": 0, "daily_sd": -0.42394605181468542, "threshold_error": 128.22529588951753}, "mumps": {"sample_sd": 0.44221663871405331, "sample_mean": 0.26666666666666666, "daily_article_count": 0, "30_day_error_count": 4, "threshold_warn": 1.1510999440947733, "30_day_warn_count": 0, "daily_sd": -0.60302268915552726, "threshold_error": 1.5933165828088265}}