{"hemmo": {"sample_sd": 0.47609522856952335, "sample_mean": 0.20000000000000001, "daily_article_count": 0, "30_day_error_count": 0, "threshold_warn": 1.1521904571390467, "30_day_warn_count": 0, "daily_sd": -0.42008402520840293, "threshold_error": 1.6282856857085701}, "mersc": {"sample_sd": 1.9035055380358981, "sample_mean": 1.1000000000000001, "daily_article_count": 10, "30_day_error_count": 4, "threshold_warn": 4.9070110760717967, "30_day_warn_count": 0, "daily_sd": 4.6755839802721688, "threshold_error": 6.8105166141076943}, "influ": {"sample_sd": 14.023630850183634, "sample_mean": 24.733333333333334, "daily_article_count": 3, "30_day_error_count": 0, "threshold_warn": 52.780595033700607, "30_day_warn_count": 0, "daily_sd": -1.5497650762141064, "threshold_error": 66.804225883884243}, "pertu": {"sample_sd": 0.90000000000000002, "sample_mean": 0.69999999999999996, "daily_article_count": 1, "30_day_error_count": 7, "threshold_warn": 2.5, "30_day_warn_count": 6, "daily_sd": 0.33333333333333337, "threshold_error": 3.4000000000000004}, "moldf": {"sample_sd": 0.71802197428460057, "sample_mean": 0.46666666666666667, "daily_article_count": 0, "30_day_error_count": 0, "threshold_warn": 1.9027106152358679, "30_day_warn_count": 0, "daily_sd": -0.64993368361968151, "threshold_error": 2.6207325895204683}, "chole": {"sample_sd": 4.9084960357866585, "sample_mean": 3.2000000000000002, "daily_article_count": 1, "30_day_error_count": 0, "threshold_warn": 13.016992071573316, "30_day_warn_count": 0, "daily_sd": -0.44820246037896982, "threshold_error": 17.925488107359975}, "hepat": {"sample_sd": 1.4302291968616625, "sample_mean": 1.2333333333333334, "daily_article_count": 9, "30_day_error_count": 4, "threshold_warn": 4.0937917270566579, "30_day_warn_count": 0, "daily_sd": 5.4303650657593794, "threshold_error": 5.5240209239183207}, "chiku": {"sample_sd": 1.42828568570857, "sample_mean": 1.6000000000000001, "daily_article_count": 0, "30_day_error_count": 3, "threshold_warn": 4.45657137141714, "30_day_warn_count": 0, "daily_sd": -1.120224067222408, "threshold_error": 5.8848570571257106}, "yello": {"sample_sd": 0.30000000000000004, "sample_mean": 0.10000000000000001, "daily_article_count": 0, "30_day_error_count": 2, "threshold_warn": 0.70000000000000007, "30_day_warn_count": 0, "daily_sd": -0.33333333333333331, "threshold_error": 1.0000000000000002}, "menin": {"sample_sd": 5.0226155204899641, "sample_mean": 3.2000000000000002, "daily_article_count": 3, "30_day_error_count": 0, "threshold_warn": 13.245231040979927, "30_day_warn_count": 0, "daily_sd": -0.039819890490142444, "threshold_error": 18.267846561469891}, "plagu": {"sample_sd": 0.17950549357115009, "sample_mean": 0.033333333333333333, "daily_article_count": 0, "30_day_error_count": 6, "threshold_warn": 0.3923443204756335, "30_day_warn_count": 0, "daily_sd": -0.18569533817705192, "threshold_error": 0.57184981404678359}, "westn": {"sample_sd": 0.40000000000000008, "sample_mean": 0.20000000000000001, "daily_article_count": 0, "30_day_error_count": 1, "threshold_warn": 1.0000000000000002, "30_day_warn_count": 0, "daily_sd": -0.49999999999999994, "threshold_error": 1.4000000000000001}, "swine": {"sample_sd": 3.938978999125986, "sample_mean": 5.4666666666666668, "daily_article_count": 32, "30_day_error_count": 20, "threshold_warn": 13.344624664918639, "30_day_warn_count": 6, "daily_sd": 6.7360941348559544, "threshold_error": 17.283603664044627}, "measl": {"sample_sd": 9.6634477399229635, "sample_mean": 7.4666666666666668, "daily_article_count": 28, "30_day_error_count": 24, "threshold_warn": 26.793562146512592, "30_day_warn_count": 2, "daily_sd": 2.1248454884795622, "threshold_error": 36.457009886435557}, "dengu": {"sample_sd": 1.8511257835886428, "sample_mean": 2.2000000000000002, "daily_article_count": 0, "30_day_error_count": 2, "threshold_warn": 5.9022515671772862, "30_day_warn_count": 0, "daily_sd": -1.1884659700082727, "threshold_error": 7.7533773507659287}, "ebola": {"sample_sd": 60.634506127561828, "sample_mean": 117.3, "daily_article_count": 37, "30_day_error_count": 0, "threshold_warn": 238.56901225512365, "30_day_warn_count": 0, "daily_sd": -1.3243284249906522, "threshold_error": 299.2035183826855}, "unkno": {"sample_sd": 22.741567423748279, "sample_mean": 53.56666666666667, "daily_article_count": 17, "30_day_error_count": 0, "threshold_warn": 99.049801514163221, "30_day_warn_count": 0, "daily_sd": -1.6079220040251618, "threshold_error": 121.7913689379115}, "mumps": {"sample_sd": 0.6403124237432849, "sample_mean": 0.29999999999999999, "daily_article_count": 0, "30_day_error_count": 0, "threshold_warn": 1.5806248474865698, "30_day_warn_count": 0, "daily_sd": -0.46852128566581813, "threshold_error": 2.2209372712298547}}