{"hemmo": {"sample_sd": 0.42295258468165059, "sample_mean": 0.23333333333333334, "daily_article_count": 0, "30_day_error_count": 12, "threshold_warn": 1.0792385026966345, "30_day_warn_count": 1, "daily_sd": -0.55167728436737062, "threshold_error": 1.5021910873782851}, "mersc": {"sample_sd": 4.9912145037277478, "sample_mean": 3.4333333333333331, "daily_article_count": 5, "30_day_error_count": 0, "threshold_warn": 13.415762340788829, "30_day_warn_count": 0, "daily_sd": 0.3138848601871515, "threshold_error": 18.406976844516578}, "influ": {"sample_sd": 5.4217668296926567, "sample_mean": 8.9333333333333336, "daily_article_count": 8, "30_day_error_count": 0, "threshold_warn": 19.776866992718645, "30_day_warn_count": 0, "daily_sd": -0.17214560541812185, "threshold_error": 25.198633822411303}, "pertu": {"sample_sd": 1.2565384549980507, "sample_mean": 1.2333333333333334, "daily_article_count": 1, "30_day_error_count": 0, "threshold_warn": 3.7464102433294348, "30_day_warn_count": 0, "daily_sd": -0.18569533817705194, "threshold_error": 5.0029486983274856}, "moldf": {"sample_sd": 0.30000000000000004, "sample_mean": 0.10000000000000001, "daily_article_count": 1, "30_day_error_count": 1, "threshold_warn": 0.70000000000000007, "30_day_warn_count": 0, "daily_sd": 2.9999999999999996, "threshold_error": 1.0000000000000002}, "chole": {"sample_sd": 3.901566636906542, "sample_mean": 5.333333333333333, "daily_article_count": 3, "30_day_error_count": 0, "threshold_warn": 13.136466607146417, "30_day_warn_count": 0, "daily_sd": -0.59805036040173254, "threshold_error": 17.038033244052958}, "hepat": {"sample_sd": 1.6360521589077368, "sample_mean": 1.7, "daily_article_count": 5, "30_day_error_count": 0, "threshold_warn": 4.9721043178154734, "30_day_warn_count": 0, "daily_sd": 2.0170506068725524, "threshold_error": 6.6081564767232104}, "chiku": {"sample_sd": 2.8095076674273969, "sample_mean": 4.7999999999999998, "daily_article_count": 1, "30_day_error_count": 0, "threshold_warn": 10.419015334854794, "30_day_warn_count": 0, "daily_sd": -1.3525501439473111, "threshold_error": 13.228523002282191}, "yello": {"sample_sd": 0.39581140290126388, "sample_mean": 0.10000000000000001, "daily_article_count": 1, "30_day_error_count": 1, "threshold_warn": 0.89162280580252773, "30_day_warn_count": 0, "daily_sd": 2.2738101868796012, "threshold_error": 1.2874342087037918}, "menin": {"sample_sd": 3.0406505151949896, "sample_mean": 3.7666666666666666, "daily_article_count": 9, "30_day_error_count": 2, "threshold_warn": 9.8479676970566459, "30_day_warn_count": 4, "daily_sd": 1.7211229331292395, "threshold_error": 12.888618212251636}, "plagu": {"sample_sd": 0.17950549357115012, "sample_mean": 0.033333333333333333, "daily_article_count": 2, "30_day_error_count": 2, "threshold_warn": 0.39234432047563356, "30_day_warn_count": 0, "daily_sd": 10.956024952446061, "threshold_error": 0.5718498140467837}, "westn": {"sample_sd": 2.8790430508918914, "sample_mean": 3.6666666666666665, "daily_article_count": 0, "30_day_error_count": 0, "threshold_warn": 9.4247527684504497, "30_day_warn_count": 0, "daily_sd": -1.2735713227805951, "threshold_error": 12.303795819342341}, "swine": {"sample_sd": 0.98262686486557838, "sample_mean": 0.96666666666666667, "daily_article_count": 0, "30_day_error_count": 1, "threshold_warn": 2.9319203963978233, "30_day_warn_count": 0, "daily_sd": -0.98375762075149953, "threshold_error": 3.9145472612634018}, "measl": {"sample_sd": 2.7438820836342237, "sample_mean": 3.0666666666666669, "daily_article_count": 3, "30_day_error_count": 0, "threshold_warn": 8.5544308339351147, "30_day_warn_count": 0, "daily_sd": -0.0242964765374932, "threshold_error": 11.298312917569337}, "dengu": {"sample_sd": 3.3737549143679986, "sample_mean": 8.8666666666666671, "daily_article_count": 12, "30_day_error_count": 1, "threshold_warn": 15.614176495402663, "30_day_warn_count": 0, "daily_sd": 0.92873768630591125, "threshold_error": 18.987931409770663}, "ebola": {"sample_sd": 109.15002926655076, "sample_mean": 298.93333333333334, "daily_article_count": 926, "30_day_error_count": 27, "threshold_warn": 517.23339186643489, "30_day_warn_count": 1, "daily_sd": 5.74499769610994, "threshold_error": 626.38342113298563}, "unkno": {"sample_sd": 49.733076406843054, "sample_mean": 88.566666666666663, "daily_article_count": 63, "30_day_error_count": 0, "threshold_warn": 188.03281948035277, "30_day_warn_count": 0, "daily_sd": -0.51407772279192443, "threshold_error": 237.76589588719582}, "mumps": {"sample_sd": 0.29999999999999999, "sample_mean": 0.10000000000000001, "daily_article_count": 0, "30_day_error_count": 3, "threshold_warn": 0.69999999999999996, "30_day_warn_count": 0, "daily_sd": -0.33333333333333337, "threshold_error": 0.99999999999999989}}