{"hemmo": {"sample_sd": 0.17950549357115012, "sample_mean": 0.033333333333433336, "daily_article_count": 0, "30_day_error_count": 0, "threshold_warn": 0.39234432047573359, "30_day_warn_count": 0, "daily_sd": -0.185695338177609, "threshold_error": 0.57184981404688373}, "mersc": {"sample_sd": 27.654535492995233, "sample_mean": 38.600000000000101, "daily_article_count": 5, "30_day_error_count": 0, "threshold_warn": 93.909070985990567, "30_day_warn_count": 0, "daily_sd": -1.2149905757234949, "threshold_error": 121.5636064789858}, "influ": {"sample_sd": 3.2550814975289875, "sample_mean": 3.2666666666667665, "daily_article_count": 3, "30_day_error_count": 0, "threshold_warn": 9.7768296617247419, "30_day_warn_count": 0, "daily_sd": -0.081923192051934726, "threshold_error": 13.031911159253729}, "pertu": {"sample_sd": 1.6683325008322931, "sample_mean": 1.5000000000000999, "daily_article_count": 3, "30_day_error_count": 5, "threshold_warn": 4.8366650016646862, "30_day_warn_count": 0, "daily_sd": 0.89910134775387052, "threshold_error": 6.5049975024969786}, "moldf": {"sample_sd": 0.61553951042064614, "sample_mean": 0.43333333333343332, "daily_article_count": 0, "30_day_error_count": 1, "threshold_warn": 1.6644123541747256, "30_day_warn_count": 0, "daily_sd": -0.70398946939620966, "threshold_error": 2.2799518645953718}, "chole": {"sample_sd": 5.2573757712379665, "sample_mean": 5.6000000000001, "daily_article_count": 3, "30_day_error_count": 0, "threshold_warn": 16.114751542476032, "30_day_warn_count": 0, "daily_sd": -0.49454330699056576, "threshold_error": 21.372127313714}, "hepat": {"sample_sd": 3.9322032274823004, "sample_mean": 3.7333333333334333, "daily_article_count": 0, "30_day_error_count": 0, "threshold_warn": 11.597739788298034, "30_day_warn_count": 0, "daily_sd": -0.94942532655510814, "threshold_error": 15.529943015780335}, "chiku": {"sample_sd": 3.184860017855311, "sample_mean": 3.7000000000001001, "daily_article_count": 5, "30_day_error_count": 9, "threshold_warn": 10.069720035710722, "30_day_warn_count": 13, "daily_sd": 0.40818120504879257, "threshold_error": 13.254580053566034}, "yello": {"sample_sd": 0.49553562491061681, "sample_mean": 0.23333333333343334, "daily_article_count": 0, "30_day_error_count": 3, "threshold_warn": 1.224404583154667, "30_day_warn_count": 0, "daily_sd": -0.47087095579762056, "threshold_error": 1.7199402080652837}, "menin": {"sample_sd": 1.2892719737209144, "sample_mean": 1.2666666666667665, "daily_article_count": 0, "30_day_error_count": 1, "threshold_warn": 3.8452106141085953, "30_day_warn_count": 0, "daily_sd": -0.98246661099061383, "threshold_error": 5.1344825878295097}, "plagu": {"sample_sd": 0.0, "sample_mean": 1e-13, "daily_article_count": 0, "30_day_error_count": 1, "threshold_warn": 1e-13, "30_day_warn_count": 0, "daily_sd": -Infinity, "threshold_error": 1e-13}, "westn": {"sample_sd": 1.2133516482134197, "sample_mean": 1.1666666666667667, "daily_article_count": 7, "30_day_error_count": 3, "threshold_warn": 3.5933699630936058, "30_day_warn_count": 3, "daily_sd": 4.8076197382040338, "threshold_error": 4.8067216113070259}, "swine": {"sample_sd": 2.6658332030842944, "sample_mean": 1.6000000000001, "daily_article_count": 3, "30_day_error_count": 0, "threshold_warn": 6.9316664061686888, "30_day_warn_count": 0, "daily_sd": 0.52516413944433549, "threshold_error": 9.5974996092529832}, "measl": {"sample_sd": 9.8691438331802619, "sample_mean": 9.0000000000000995, "daily_article_count": 13, "30_day_error_count": 0, "threshold_warn": 28.738287666360623, "30_day_warn_count": 0, "daily_sd": 0.40530364817987752, "threshold_error": 38.607431499540887}, "dengu": {"sample_sd": 1.8917951498216947, "sample_mean": 2.2333333333334333, "daily_article_count": 6, "30_day_error_count": 2, "threshold_warn": 6.0169236329768232, "30_day_warn_count": 0, "daily_sd": 1.9910541936961739, "threshold_error": 7.9087187827985179}, "ebola": {"sample_sd": 5.6603886792339626, "sample_mean": 5.4000000000001007, "daily_article_count": 34, "30_day_error_count": 5, "threshold_warn": 16.720777358468027, "30_day_warn_count": 9, "daily_sd": 5.0526565613636309, "threshold_error": 22.381166037701991}, "unkno": {"sample_sd": 27.141112725899795, "sample_mean": 60.600000000000101, "daily_article_count": 61, "30_day_error_count": 0, "threshold_warn": 114.88222545179968, "30_day_warn_count": 0, "daily_sd": 0.014737789273399738, "threshold_error": 142.02333817769949}, "mumps": {"sample_sd": 1.3416407864998738, "sample_mean": 1.0000000000000999, "daily_article_count": 0, "30_day_error_count": 0, "threshold_warn": 3.6832815729998476, "30_day_warn_count": 0, "daily_sd": -0.74535599250000439, "threshold_error": 5.0249223594997208}}