{"hemmo": {"sample_sd": 0.57348835113617525, "sample_mean": 0.26666666666666666, "daily_article_count": 0, "30_day_error_count": 4, "threshold_warn": 1.4136433689390171, "30_day_warn_count": 0, "daily_sd": -0.46499055497527703, "threshold_error": 1.9871317200751923}, "mersc": {"sample_sd": 2.2223611067711047, "sample_mean": 1.1666666666666667, "daily_article_count": 0, "30_day_error_count": 3, "threshold_warn": 5.6113888802088763, "30_day_warn_count": 1, "daily_sd": -0.52496719057585151, "threshold_error": 7.8337499869799805}, "influ": {"sample_sd": 2.1860669909426127, "sample_mean": 3.5666666666666669, "daily_article_count": 7, "30_day_error_count": 4, "threshold_warn": 7.9388006485518918, "30_day_warn_count": 0, "daily_sd": 1.5705526626395425, "threshold_error": 10.124867639494505}, "pertu": {"sample_sd": 2.1343747458109497, "sample_mean": 2.3333333333333335, "daily_article_count": 1, "30_day_error_count": 0, "threshold_warn": 6.6020828249552324, "30_day_warn_count": 0, "daily_sd": -0.62469504755442429, "threshold_error": 8.7364575707661825}, "moldf": {"sample_sd": 0.57348835113617525, "sample_mean": 0.26666666666666666, "daily_article_count": 0, "30_day_error_count": 0, "threshold_warn": 1.4136433689390171, "30_day_warn_count": 0, "daily_sd": -0.46499055497527703, "threshold_error": 1.9871317200751923}, "chole": {"sample_sd": 4.1958974672357714, "sample_mean": 5.833333333333333, "daily_article_count": 12, "30_day_error_count": 1, "threshold_warn": 14.225128267804877, "30_day_warn_count": 0, "daily_sd": 1.4696895514773445, "threshold_error": 18.421025735040647}, "hepat": {"sample_sd": 4.5690991088689099, "sample_mean": 3.7000000000000002, "daily_article_count": 0, "30_day_error_count": 0, "threshold_warn": 12.838198217737819, "30_day_warn_count": 0, "daily_sd": -0.80978764343677001, "threshold_error": 17.407297326606731}, "chiku": {"sample_sd": 5.7835014384790195, "sample_mean": 5.8666666666666663, "daily_article_count": 3, "30_day_error_count": 0, "threshold_warn": 17.433669543624706, "30_day_warn_count": 0, "daily_sd": -0.49566282591269828, "threshold_error": 23.217170982103724}, "yello": {"sample_sd": 0.59628479399994383, "sample_mean": 0.33333333333333331, "daily_article_count": 0, "30_day_error_count": 0, "threshold_warn": 1.5259029213332209, "30_day_warn_count": 0, "daily_sd": -0.55901699437494745, "threshold_error": 2.122187715333165}, "menin": {"sample_sd": 1.6193277068654823, "sample_mean": 1.6666666666666667, "daily_article_count": 3, "30_day_error_count": 2, "threshold_warn": 4.9053220803976316, "30_day_warn_count": 1, "daily_sd": 0.82338696959261837, "threshold_error": 6.5246497872631144}, "plagu": {"sample_sd": 5.6564613987505954, "sample_mean": 1.9333333333333333, "daily_article_count": 0, "30_day_error_count": 0, "threshold_warn": 13.246256130834524, "30_day_warn_count": 0, "daily_sd": -0.34179201395423114, "threshold_error": 18.902717529585122}, "westn": {"sample_sd": 2.5508168626278653, "sample_mean": 4.5999999999999996, "daily_article_count": 4, "30_day_error_count": 0, "threshold_warn": 9.7016337252557303, "30_day_warn_count": 0, "daily_sd": -0.23521876807019237, "threshold_error": 12.252450587883596}, "swine": {"sample_sd": 0.76303487615063981, "sample_mean": 0.53333333333333333, "daily_article_count": 2, "30_day_error_count": 1, "threshold_warn": 2.0594030856346128, "30_day_warn_count": 0, "daily_sd": 1.9221489246542836, "threshold_error": 2.8224379617852526}, "measl": {"sample_sd": 1.8321208111548395, "sample_mean": 2.1000000000000001, "daily_article_count": 2, "30_day_error_count": 1, "threshold_warn": 5.7642416223096795, "30_day_warn_count": 0, "daily_sd": -0.054581553460422275, "threshold_error": 7.5963624334645186}, "dengu": {"sample_sd": 2.3907228102721478, "sample_mean": 3.4666666666666668, "daily_article_count": 6, "30_day_error_count": 6, "threshold_warn": 8.2481122872109616, "30_day_warn_count": 7, "daily_sd": 1.0596516344130047, "threshold_error": 10.63883509748311}, "ebola": {"sample_sd": 222.24577236324055, "sample_mean": 348.5, "daily_article_count": 544, "30_day_error_count": 0, "threshold_warn": 792.99154472648115, "30_day_warn_count": 0, "daily_sd": 0.87965677781475626, "threshold_error": 1015.2373170897216}, "unkno": {"sample_sd": 40.54659870650886, "sample_mean": 64.799999999999997, "daily_article_count": 142, "30_day_error_count": 3, "threshold_warn": 145.89319741301773, "30_day_warn_count": 0, "daily_sd": 1.9039821455506514, "threshold_error": 186.43979611952659}, "mumps": {"sample_sd": 0.42687494916218993, "sample_mean": 0.13333333333333333, "daily_article_count": 0, "30_day_error_count": 2, "threshold_warn": 0.98708323165771317, "30_day_warn_count": 0, "daily_sd": -0.31234752377721209, "threshold_error": 1.4139581808199031}}