{"hemmo": {"sample_sd": 0.9285592184789413, "sample_mean": 0.26666666666666666, "daily_article_count": 0, "30_day_error_count": 0, "threshold_warn": 2.1237851036245492, "30_day_warn_count": 0, "daily_sd": -0.28718326344709522, "threshold_error": 3.0523443221034903}, "mersc": {"sample_sd": 4.7634021455258218, "sample_mean": 5.0999999999999996, "daily_article_count": 2, "30_day_error_count": 0, "threshold_warn": 14.626804291051643, "30_day_warn_count": 0, "daily_sd": -0.65079535703525981, "threshold_error": 19.390206436577465}, "influ": {"sample_sd": 7.7190241179396075, "sample_mean": 4.5, "daily_article_count": 3, "30_day_error_count": 0, "threshold_warn": 19.938048235879215, "30_day_warn_count": 0, "daily_sd": -0.19432508268938872, "threshold_error": 27.657072353818823}, "pertu": {"sample_sd": 1.6683325008322931, "sample_mean": 1.5, "daily_article_count": 1, "30_day_error_count": 1, "threshold_warn": 4.8366650016645867, "30_day_warn_count": 0, "daily_sd": -0.29970044925131012, "threshold_error": 6.5049975024968791}, "moldf": {"sample_sd": 0.42687494916218993, "sample_mean": 0.13333333333333333, "daily_article_count": 0, "30_day_error_count": 2, "threshold_warn": 0.98708323165771317, "30_day_warn_count": 0, "daily_sd": -0.31234752377721209, "threshold_error": 1.4139581808199031}, "chole": {"sample_sd": 5.035430026875118, "sample_mean": 4.333333333333333, "daily_article_count": 2, "30_day_error_count": 0, "threshold_warn": 14.40419338708357, "30_day_warn_count": 3, "daily_sd": -0.46338313130752623, "threshold_error": 19.439623413958685}, "hepat": {"sample_sd": 2.2499382707581606, "sample_mean": 1.9333333333333333, "daily_article_count": 0, "30_day_error_count": 3, "threshold_warn": 6.4332098748496547, "30_day_warn_count": 2, "daily_sd": -0.85928283387164173, "threshold_error": 8.6831481456078148}, "chiku": {"sample_sd": 7.5052574165639978, "sample_mean": 10.266666666666667, "daily_article_count": 6, "30_day_error_count": 1, "threshold_warn": 25.277181499794665, "30_day_warn_count": 0, "daily_sd": -0.56849038345442948, "threshold_error": 32.782438916358657}, "yello": {"sample_sd": 0.39581140290126388, "sample_mean": 0.10000000000000001, "daily_article_count": 0, "30_day_error_count": 2, "threshold_warn": 0.89162280580252773, "30_day_warn_count": 0, "daily_sd": -0.25264557631995571, "threshold_error": 1.2874342087037918}, "menin": {"sample_sd": 1.2827920936595905, "sample_mean": 1.2333333333333334, "daily_article_count": 0, "30_day_error_count": 1, "threshold_warn": 3.7989175206525143, "30_day_warn_count": 0, "daily_sd": -0.96144444561927445, "threshold_error": 5.0817096143121052}, "plagu": {"sample_sd": 0.55876848714134031, "sample_mean": 0.23333333333333334, "daily_article_count": 0, "30_day_error_count": 3, "threshold_warn": 1.350870307616014, "30_day_warn_count": 0, "daily_sd": -0.41758499039032554, "threshold_error": 1.9096387947573543}, "westn": {"sample_sd": 2.4276188608044165, "sample_mean": 3.7999999999999998, "daily_article_count": 6, "30_day_error_count": 0, "threshold_warn": 8.6552377216088328, "30_day_warn_count": 0, "daily_sd": 0.90623781002879811, "threshold_error": 11.08285658241325}, "swine": {"sample_sd": 1.9561867668161614, "sample_mean": 1.8, "daily_article_count": 0, "30_day_error_count": 0, "threshold_warn": 5.7123735336323227, "30_day_warn_count": 0, "daily_sd": -0.92015753839784586, "threshold_error": 7.6685603004484841}, "measl": {"sample_sd": 5.738369880801419, "sample_mean": 6.2666666666666666, "daily_article_count": 3, "30_day_error_count": 0, "threshold_warn": 17.743406428269505, "30_day_warn_count": 0, "daily_sd": -0.56926735894034852, "threshold_error": 23.481776309070924}, "dengu": {"sample_sd": 4.2630192743328452, "sample_mean": 6.5999999999999996, "daily_article_count": 2, "30_day_error_count": 0, "threshold_warn": 15.12603854866569, "30_day_warn_count": 0, "daily_sd": -1.0790474318744174, "threshold_error": 19.389057822998538}, "ebola": {"sample_sd": 15.823189733215401, "sample_mean": 32.399999999999999, "daily_article_count": 228, "30_day_error_count": 23, "threshold_warn": 64.046379466430807, "30_day_warn_count": 0, "daily_sd": 12.36160365248003, "threshold_error": 79.869569199646207}, "unkno": {"sample_sd": 70.140501851640607, "sample_mean": 74.900000000000006, "daily_article_count": 32, "30_day_error_count": 0, "threshold_warn": 215.18100370328122, "30_day_warn_count": 0, "daily_sd": -0.61162949889838236, "threshold_error": 285.32150555492183}, "mumps": {"sample_sd": 0.39581140290126382, "sample_mean": 0.10000000000000001, "daily_article_count": 0, "30_day_error_count": 1, "threshold_warn": 0.89162280580252762, "30_day_warn_count": 0, "daily_sd": -0.25264557631995577, "threshold_error": 1.2874342087037915}}