{"hemmo": {"sample_sd": 0.42295258468165059, "sample_mean": 0.23333333333343334, "daily_article_count": 0, "30_day_error_count": 12, "threshold_warn": 1.0792385026967346, "30_day_warn_count": 4, "daily_sd": -0.55167728436760699, "threshold_error": 1.502191087378385}, "mersc": {"sample_sd": 4.9697976708200997, "sample_mean": 3.3666666666667666, "daily_article_count": 9, "30_day_error_count": 0, "threshold_warn": 13.306262008306966, "30_day_warn_count": 0, "daily_sd": 1.1335136169444175, "threshold_error": 18.276059679127066}, "influ": {"sample_sd": 5.5897724064183105, "sample_mean": 8.233333333333432, "daily_article_count": 11, "30_day_error_count": 0, "threshold_warn": 19.412878146170051, "30_day_warn_count": 0, "daily_sd": 0.49495157682803242, "threshold_error": 25.002650552588364}, "pertu": {"sample_sd": 1.2892719737209144, "sample_mean": 1.2666666666667665, "daily_article_count": 4, "30_day_error_count": 0, "threshold_warn": 3.8452106141085953, "30_day_warn_count": 0, "daily_sd": 2.120059528979501, "threshold_error": 5.1344825878295097}, "moldf": {"sample_sd": 0.30000000000000004, "sample_mean": 0.10000000000010001, "daily_article_count": 0, "30_day_error_count": 1, "threshold_warn": 0.7000000000001001, "30_day_warn_count": 0, "daily_sd": -0.33333333333366666, "threshold_error": 1.0000000000001001}, "chole": {"sample_sd": 3.9355925715054512, "sample_mean": 5.3333333333334334, "daily_article_count": 5, "30_day_error_count": 0, "threshold_warn": 13.204518476344337, "30_day_warn_count": 0, "daily_sd": -0.084697114164418205, "threshold_error": 17.140111047849786}, "hepat": {"sample_sd": 1.6278820596099706, "sample_mean": 1.5000000000000999, "daily_article_count": 0, "30_day_error_count": 0, "threshold_warn": 4.7557641192200411, "30_day_warn_count": 0, "daily_sd": -0.92144267525098822, "threshold_error": 6.383646178830011}, "chiku": {"sample_sd": 2.8134597128012255, "sample_mean": 4.4666666666667671, "daily_article_count": 0, "30_day_error_count": 0, "threshold_warn": 10.093586092269218, "30_day_warn_count": 0, "daily_sd": -1.5876064072797842, "threshold_error": 12.907045805070442}, "yello": {"sample_sd": 0.39581140290126388, "sample_mean": 0.10000000000010001, "daily_article_count": 0, "30_day_error_count": 0, "threshold_warn": 0.89162280580262776, "30_day_warn_count": 0, "daily_sd": -0.2526455763202084, "threshold_error": 1.2874342087038917}, "menin": {"sample_sd": 3.0384572108591925, "sample_mean": 3.6333333333334332, "daily_article_count": 2, "30_day_error_count": 1, "threshold_warn": 9.7102477550518174, "30_day_warn_count": 4, "daily_sd": -0.53755350823965409, "threshold_error": 12.74870496591101}, "plagu": {"sample_sd": 0.17950549357115012, "sample_mean": 0.033333333333433336, "daily_article_count": 0, "30_day_error_count": 1, "threshold_warn": 0.39234432047573359, "30_day_warn_count": 0, "daily_sd": -0.185695338177609, "threshold_error": 0.57184981404688373}, "westn": {"sample_sd": 2.8604583937233246, "sample_mean": 3.5333333333334331, "daily_article_count": 0, "30_day_error_count": 0, "threshold_warn": 9.2542501207800818, "30_day_warn_count": 0, "daily_sd": -1.2352332553015248, "threshold_error": 12.114708514503407}, "swine": {"sample_sd": 0.98262686486557826, "sample_mean": 0.96666666666676671, "daily_article_count": 2, "30_day_error_count": 1, "threshold_warn": 2.9319203963979232, "30_day_warn_count": 0, "daily_sd": 1.0516029739066737, "threshold_error": 3.9145472612635017}, "measl": {"sample_sd": 2.8089143810376278, "sample_mean": 2.9000000000000998, "daily_article_count": 1, "30_day_error_count": 0, "threshold_warn": 8.5178287620753554, "30_day_warn_count": 0, "daily_sd": -0.67641791178349475, "threshold_error": 11.326743143112983}, "dengu": {"sample_sd": 3.9693268390944523, "sample_mean": 8.3333333333334334, "daily_article_count": 7, "30_day_error_count": 1, "threshold_warn": 16.271987011522338, "30_day_warn_count": 0, "daily_sd": -0.33590918243397039, "threshold_error": 20.241313850616791}, "ebola": {"sample_sd": 108.54330421029611, "sample_mean": 288.13333333333344, "daily_article_count": 1154, "30_day_error_count": 25, "threshold_warn": 505.2199417539257, "30_day_warn_count": 23, "daily_sd": 7.9771541226449312, "threshold_error": 613.76324596422182}, "unkno": {"sample_sd": 52.08565594821242, "sample_mean": 83.86666666666676, "daily_article_count": 58, "30_day_error_count": 0, "threshold_warn": 188.0379785630916, "30_day_warn_count": 0, "daily_sd": -0.49661785372128936, "threshold_error": 240.123634511304}, "mumps": {"sample_sd": 0.29999999999999999, "sample_mean": 0.10000000000010001, "daily_article_count": 0, "30_day_error_count": 0, "threshold_warn": 0.70000000000009999, "30_day_warn_count": 0, "daily_sd": -0.33333333333366671, "threshold_error": 1.0000000000000999}}