{"hemmo": {"sample_sd": 0.47609522856952341, "sample_mean": 0.20000000000000001, "daily_article_count": 0, "30_day_error_count": 0, "threshold_warn": 1.1521904571390469, "30_day_warn_count": 0, "daily_sd": -0.42008402520840288, "threshold_error": 1.6282856857085701}, "mersc": {"sample_sd": 1.8988300491501486, "sample_mean": 1.1666666666666667, "daily_article_count": 22, "30_day_error_count": 3, "threshold_warn": 4.9643267649669642, "30_day_warn_count": 0, "daily_sd": 10.971668234688838, "threshold_error": 6.8631568141171124}, "influ": {"sample_sd": 13.80901476894311, "sample_mean": 24.333333333333332, "daily_article_count": 7, "30_day_error_count": 0, "threshold_warn": 51.951362871219551, "30_day_warn_count": 0, "daily_sd": -1.2552186831110155, "threshold_error": 65.760377640162659}, "pertu": {"sample_sd": 1.0671873729054746, "sample_mean": 0.83333333333333337, "daily_article_count": 1, "30_day_error_count": 2, "threshold_warn": 2.9677080791442827, "30_day_warn_count": 10, "daily_sd": 0.15617376188860604, "threshold_error": 4.0348954520497573}, "moldf": {"sample_sd": 0.71802197428460057, "sample_mean": 0.46666666666666667, "daily_article_count": 0, "30_day_error_count": 0, "threshold_warn": 1.9027106152358679, "30_day_warn_count": 0, "daily_sd": -0.64993368361968151, "threshold_error": 2.6207325895204683}, "chole": {"sample_sd": 4.6312945154555756, "sample_mean": 2.8666666666666667, "daily_article_count": 6, "30_day_error_count": 0, "threshold_warn": 12.129255697577818, "30_day_warn_count": 1, "daily_sd": 0.67655669983343969, "threshold_error": 16.760550213033394}, "hepat": {"sample_sd": 1.4079141387961915, "sample_mean": 1.1333333333333333, "daily_article_count": 7, "30_day_error_count": 3, "threshold_warn": 3.9491616109257164, "30_day_warn_count": 0, "daily_sd": 4.1669207695313304, "threshold_error": 5.3570757497219077}, "chiku": {"sample_sd": 1.453348623772776, "sample_mean": 1.5666666666666667, "daily_article_count": 0, "30_day_error_count": 3, "threshold_warn": 4.4733639142122188, "30_day_warn_count": 0, "daily_sd": -1.0779703101102653, "threshold_error": 5.9267125379849945}, "yello": {"sample_sd": 0.24944382578492943, "sample_mean": 0.066666666666666666, "daily_article_count": 0, "30_day_error_count": 9, "threshold_warn": 0.56555431823652558, "30_day_warn_count": 0, "daily_sd": -0.2672612419124244, "threshold_error": 0.81499814402145498}, "menin": {"sample_sd": 5.0156421988282478, "sample_mean": 3.1000000000000001, "daily_article_count": 12, "30_day_error_count": 0, "threshold_warn": 13.131284397656495, "30_day_warn_count": 0, "daily_sd": 1.7744487439872036, "threshold_error": 18.146926596484743}, "plagu": {"sample_sd": 0.17950549357115009, "sample_mean": 0.033333333333333333, "daily_article_count": 0, "30_day_error_count": 6, "threshold_warn": 0.3923443204756335, "30_day_warn_count": 0, "daily_sd": -0.18569533817705192, "threshold_error": 0.57184981404678359}, "westn": {"sample_sd": 0.40000000000000008, "sample_mean": 0.20000000000000001, "daily_article_count": 0, "30_day_error_count": 1, "threshold_warn": 1.0000000000000002, "30_day_warn_count": 0, "daily_sd": -0.49999999999999994, "threshold_error": 1.4000000000000001}, "swine": {"sample_sd": 3.9966652766191637, "sample_mean": 5.4000000000000004, "daily_article_count": 34, "30_day_error_count": 19, "threshold_warn": 13.393330553238329, "30_day_warn_count": 6, "daily_sd": 7.1559657916094368, "threshold_error": 17.38999582985749}, "measl": {"sample_sd": 9.4798030921885008, "sample_mean": 7.0, "daily_article_count": 74, "30_day_error_count": 24, "threshold_warn": 25.959606184377002, "30_day_warn_count": 1, "daily_sd": 7.0676573498883117, "threshold_error": 35.439409276565499}, "dengu": {"sample_sd": 1.8917951498216947, "sample_mean": 2.2333333333333334, "daily_article_count": 3, "30_day_error_count": 2, "threshold_warn": 6.0169236329767228, "30_day_warn_count": 0, "daily_sd": 0.4052588181859576, "threshold_error": 7.9087187827984176}, "ebola": {"sample_sd": 60.708639326613877, "sample_mean": 117.83333333333333, "daily_article_count": 91, "30_day_error_count": 0, "threshold_warn": 239.25061198656107, "30_day_warn_count": 0, "daily_sd": -0.44200189019176295, "threshold_error": 299.95925131317495}, "unkno": {"sample_sd": 23.374630121850771, "sample_mean": 54.399999999999999, "daily_article_count": 60, "30_day_error_count": 0, "threshold_warn": 101.14926024370155, "30_day_warn_count": 0, "daily_sd": 0.23957598348326725, "threshold_error": 124.52389036555232}, "mumps": {"sample_sd": 0.64978628965393093, "sample_mean": 0.33333333333333331, "daily_article_count": 0, "30_day_error_count": 0, "threshold_warn": 1.6329059126411951, "30_day_warn_count": 0, "daily_sd": -0.51298917604257699, "threshold_error": 2.2826922022951264}}