{"hemmo": {"sample_sd": 0.30000000000000004, "sample_mean": 0.10000000000010001, "daily_article_count": 0, "30_day_error_count": 5, "threshold_warn": 0.7000000000001001, "30_day_warn_count": 0, "daily_sd": -0.33333333333366666, "threshold_error": 1.0000000000001001}, "mersc": {"sample_sd": 0.71569701845279621, "sample_mean": 0.76666666666676675, "daily_article_count": 47, "30_day_error_count": 26, "threshold_warn": 2.1980607035723594, "30_day_warn_count": 24, "daily_sd": 64.599030233884577, "threshold_error": 2.9137577220251556}, "influ": {"sample_sd": 8.7420440020245458, "sample_mean": 17.100000000000101, "daily_article_count": 12, "30_day_error_count": 0, "threshold_warn": 34.584088004049192, "30_day_warn_count": 0, "daily_sd": -0.58338759205730439, "threshold_error": 43.326132006073735}, "pertu": {"sample_sd": 1.7876116903722561, "sample_mean": 1.9333333333334333, "daily_article_count": 0, "30_day_error_count": 0, "threshold_warn": 5.5085567140779457, "30_day_warn_count": 0, "daily_sd": -1.0815175039109481, "threshold_error": 7.2961684044502011}, "moldf": {"sample_sd": 0.90676470058236291, "sample_mean": 0.66666666666676666, "daily_article_count": 0, "30_day_error_count": 0, "threshold_warn": 2.4801960678314927, "30_day_warn_count": 0, "daily_sd": -0.73521462209391797, "threshold_error": 3.3869607684138554}, "chole": {"sample_sd": 3.9066894197289628, "sample_mean": 4.7333333333334338, "daily_article_count": 10, "30_day_error_count": 5, "threshold_warn": 12.546712172791359, "30_day_warn_count": 0, "daily_sd": 1.3481150152529799, "threshold_error": 16.453401592520322}, "hepat": {"sample_sd": 2.8370563774604287, "sample_mean": 3.1333333333334332, "daily_article_count": 6, "30_day_error_count": 0, "threshold_warn": 8.8074460882542915, "30_day_warn_count": 0, "daily_sd": 1.0104369759590903, "threshold_error": 11.644502465714719}, "chiku": {"sample_sd": 0.93392838174145987, "sample_mean": 0.8333333333334334, "daily_article_count": 3, "30_day_error_count": 3, "threshold_warn": 2.7011900968163531, "30_day_warn_count": 0, "daily_sd": 2.3199494833067047, "threshold_error": 3.6351184785578132}, "yello": {"sample_sd": 0.47609522856952335, "sample_mean": 0.20000000000010001, "daily_article_count": 0, "30_day_error_count": 2, "threshold_warn": 1.1521904571391468, "30_day_warn_count": 0, "daily_sd": -0.42008402520861299, "threshold_error": 1.6282856857086703}, "menin": {"sample_sd": 4.5504578524217392, "sample_mean": 4.4000000000001007, "daily_article_count": 2, "30_day_error_count": 0, "threshold_warn": 13.500915704843578, "30_day_warn_count": 0, "daily_sd": -0.52741945488470532, "threshold_error": 18.051373557265318}, "plagu": {"sample_sd": 1.3844373104863459, "sample_mean": 0.50000000000010003, "daily_article_count": 0, "30_day_error_count": 0, "threshold_warn": 3.2688746209727917, "30_day_warn_count": 0, "daily_sd": -0.36115755925737986, "threshold_error": 4.6533119314591378}, "westn": {"sample_sd": 1.087300428686673, "sample_mean": 1.1333333333334332, "daily_article_count": 3, "30_day_error_count": 7, "threshold_warn": 3.3079341907067792, "30_day_warn_count": 3, "daily_sd": 1.716790150557812, "threshold_error": 4.3952346193934524}, "swine": {"sample_sd": 2.1807236311728171, "sample_mean": 2.3333333333334334, "daily_article_count": 1, "30_day_error_count": 0, "threshold_warn": 6.6947805956790676, "30_day_warn_count": 0, "daily_sd": -0.61141784051578885, "threshold_error": 8.8755042268518842}, "measl": {"sample_sd": 7.1830046328507651, "sample_mean": 9.933333333333433, "daily_article_count": 4, "30_day_error_count": 0, "threshold_warn": 24.299342599034965, "30_day_warn_count": 0, "daily_sd": -0.82602387672115885, "threshold_error": 31.482347231885729}, "dengu": {"sample_sd": 1.9576062480034697, "sample_mean": 2.9666666666667667, "daily_article_count": 9, "30_day_error_count": 7, "threshold_warn": 6.8818791626737061, "30_day_warn_count": 4, "daily_sd": 3.0819953397096738, "threshold_error": 8.8394854106771756}, "ebola": {"sample_sd": 22.91067194319907, "sample_mean": 47.033333333333431, "daily_article_count": 46, "30_day_error_count": 0, "threshold_warn": 92.85467721973157, "30_day_warn_count": 0, "daily_sd": -0.045102707414924656, "threshold_error": 115.76534916293063}, "unkno": {"sample_sd": 24.626995125042939, "sample_mean": 62.666666666666764, "daily_article_count": 153, "30_day_error_count": 10, "threshold_warn": 111.92065691675265, "30_day_warn_count": 10, "daily_sd": 3.6680615265755336, "threshold_error": 136.54765204179557}, "mumps": {"sample_sd": 0.73711147958319934, "sample_mean": 0.30000000000009996, "daily_article_count": 0, "30_day_error_count": 0, "threshold_warn": 1.7742229591664986, "30_day_warn_count": 0, "daily_sd": -0.40699406848165676, "threshold_error": 2.5113344387496976}}