{"hemmo": {"sample_sd": 0.17950549357115012, "sample_mean": 0.033333333333433336, "daily_article_count": 0, "30_day_error_count": 3, "threshold_warn": 0.39234432047573359, "30_day_warn_count": 0, "daily_sd": -0.185695338177609, "threshold_error": 0.57184981404688373}, "mersc": {"sample_sd": 1.7603661235347858, "sample_mean": 1.0333333333334334, "daily_article_count": 0, "30_day_error_count": 2, "threshold_warn": 4.5540655804030052, "30_day_warn_count": 0, "daily_sd": -0.58699910178827874, "threshold_error": 6.3144317039377915}, "influ": {"sample_sd": 14.943188712215639, "sample_mean": 15.966666666666766, "daily_article_count": 3, "30_day_error_count": 0, "threshold_warn": 45.853044091098042, "30_day_warn_count": 0, "daily_sd": -0.86773090512247086, "threshold_error": 60.796232803313686}, "pertu": {"sample_sd": 0.54670731556189078, "sample_mean": 0.36666666666676662, "daily_article_count": 0, "30_day_error_count": 2, "threshold_warn": 1.4600812977905482, "30_day_warn_count": 2, "daily_sd": -0.67068183693484451, "threshold_error": 2.0067886133524389}, "moldf": {"sample_sd": 0.56174331821175716, "sample_mean": 0.13333333333343333, "daily_article_count": 0, "30_day_error_count": 0, "threshold_warn": 1.2568199697569478, "30_day_warn_count": 0, "daily_sd": -0.23735633163894873, "threshold_error": 1.8185632879687046}, "chole": {"sample_sd": 2.5166114784235831, "sample_mean": 2.0000000000000999, "daily_article_count": 4, "30_day_error_count": 0, "threshold_warn": 7.0332229568472666, "30_day_warn_count": 0, "daily_sd": 0.79471941423898662, "threshold_error": 9.5498344352708493}, "hepat": {"sample_sd": 1.3682917167849196, "sample_mean": 0.8333333333334334, "daily_article_count": 1, "30_day_error_count": 0, "threshold_warn": 3.5699167669032725, "30_day_warn_count": 1, "daily_sd": 0.12180638428345085, "threshold_error": 4.9382084836881921}, "chiku": {"sample_sd": 0.66999170807472608, "sample_mean": 0.46666666666676665, "daily_article_count": 1, "30_day_error_count": 2, "threshold_warn": 1.8066500828162189, "30_day_warn_count": 0, "daily_sd": 0.79602975216784189, "threshold_error": 2.476641790890945}, "yello": {"sample_sd": 0.30000000000000004, "sample_mean": 0.10000000000010001, "daily_article_count": 0, "30_day_error_count": 0, "threshold_warn": 0.7000000000001001, "30_day_warn_count": 0, "daily_sd": -0.33333333333366666, "threshold_error": 1.0000000000001001}, "menin": {"sample_sd": 1.7688665548562132, "sample_mean": 0.93333333333343338, "daily_article_count": 0, "30_day_error_count": 2, "threshold_warn": 4.47106644304586, "30_day_warn_count": 5, "daily_sd": -0.52764485301114294, "threshold_error": 6.2399329979020726}, "plagu": {"sample_sd": 0.33993463423951903, "sample_mean": 0.13333333333343333, "daily_article_count": 0, "30_day_error_count": 0, "threshold_warn": 0.81320260181247139, "30_day_warn_count": 0, "daily_sd": -0.39223227027666219, "threshold_error": 1.1531372360519905}, "westn": {"sample_sd": 0.45338235029118146, "sample_mean": 0.16666666666676666, "daily_article_count": 0, "30_day_error_count": 6, "threshold_warn": 1.0734313672491296, "30_day_warn_count": 0, "daily_sd": -0.36760731104712441, "threshold_error": 1.5268137175403111}, "swine": {"sample_sd": 9.7183103241024131, "sample_mean": 9.5666666666667659, "daily_article_count": 1, "30_day_error_count": 0, "threshold_warn": 29.003287314871592, "30_day_warn_count": 0, "daily_sd": -0.88149754236809541, "threshold_error": 38.721597638974004}, "measl": {"sample_sd": 3.3605555096342825, "sample_mean": 3.8000000000000997, "daily_article_count": 11, "30_day_error_count": 2, "threshold_warn": 10.521111019268664, "30_day_warn_count": 4, "daily_sd": 2.1425029223169862, "threshold_error": 13.881666528902947}, "dengu": {"sample_sd": 1.7888543819998317, "sample_mean": 2.0000000000000999, "daily_article_count": 3, "30_day_error_count": 2, "threshold_warn": 5.5777087639997633, "30_day_warn_count": 0, "daily_sd": 0.55901699437489161, "threshold_error": 7.3665631459995957}, "ebola": {"sample_sd": 1.0832051206181279, "sample_mean": 0.60000000000010001, "daily_article_count": 0, "30_day_error_count": 0, "threshold_warn": 2.7664102412363558, "30_day_warn_count": 0, "daily_sd": -0.55391170940708967, "threshold_error": 3.8496153618544837}, "unkno": {"sample_sd": 26.026055320688833, "sample_mean": 39.333333333333435, "daily_article_count": 72, "30_day_error_count": 0, "threshold_warn": 91.385443974711109, "30_day_warn_count": 0, "daily_sd": 1.255152433365456, "threshold_error": 117.41149929539992}, "mumps": {"sample_sd": 0.0, "sample_mean": 1e-13, "daily_article_count": 0, "30_day_error_count": 6, "threshold_warn": 1e-13, "30_day_warn_count": 0, "daily_sd": -Infinity, "threshold_error": 1e-13}}