{"hemmo": {"sample_sd": 2.0999999999999996, "sample_mean": 1.3, "daily_article_count": 4, "30_day_error_count": 0, "threshold_warn": 5.4999999999999991, "30_day_warn_count": 0, "daily_sd": 1.285714285714286, "threshold_error": 7.5999999999999988}, "mersc": {"sample_sd": 2.3485219938411381, "sample_mean": 2.1333333333333333, "daily_article_count": 2, "30_day_error_count": 0, "threshold_warn": 6.8303773210156091, "30_day_warn_count": 0, "daily_sd": -0.056773295580365944, "threshold_error": 9.1788993148567481}, "influ": {"sample_sd": 5.239168721170266, "sample_mean": 10.533333333333333, "daily_article_count": 3, "30_day_error_count": 0, "threshold_warn": 21.011670775673863, "30_day_warn_count": 0, "daily_sd": -1.4378871409299876, "threshold_error": 26.250839496844129}, "pertu": {"sample_sd": 1.0754843869934452, "sample_mean": 1.1000000000000001, "daily_article_count": 1, "30_day_error_count": 0, "threshold_warn": 3.2509687739868904, "30_day_warn_count": 0, "daily_sd": -0.092981359106061631, "threshold_error": 4.3264531609803356}, "moldf": {"sample_sd": 0.33993463423951903, "sample_mean": 0.13333333333333333, "daily_article_count": 0, "30_day_error_count": 4, "threshold_warn": 0.81320260181237136, "30_day_warn_count": 0, "daily_sd": -0.39223227027636803, "threshold_error": 1.1531372360518903}, "chole": {"sample_sd": 2.8176033945338883, "sample_mean": 4.166666666666667, "daily_article_count": 2, "30_day_error_count": 2, "threshold_warn": 9.8018734557344445, "30_day_warn_count": 0, "daily_sd": -0.76897503419749225, "threshold_error": 12.619476850268331}, "hepat": {"sample_sd": 1.6069294390925264, "sample_mean": 1.4666666666666666, "daily_article_count": 7, "30_day_error_count": 1, "threshold_warn": 4.6805255448517196, "30_day_warn_count": 0, "daily_sd": 3.4434202266268432, "threshold_error": 6.2874549839442455}, "chiku": {"sample_sd": 2.4675674031095665, "sample_mean": 4.333333333333333, "daily_article_count": 2, "30_day_error_count": 0, "threshold_warn": 9.268468139552466, "30_day_warn_count": 0, "daily_sd": -0.94560064717702341, "threshold_error": 11.736035542662034}, "yello": {"sample_sd": 0.24944382578492943, "sample_mean": 0.066666666666666666, "daily_article_count": 0, "30_day_error_count": 6, "threshold_warn": 0.56555431823652558, "30_day_warn_count": 0, "daily_sd": -0.2672612419124244, "threshold_error": 0.81499814402145498}, "menin": {"sample_sd": 2.5344295873693814, "sample_mean": 3.1000000000000001, "daily_article_count": 1, "30_day_error_count": 3, "threshold_warn": 8.1688591747387633, "30_day_warn_count": 3, "daily_sd": -0.82858881164645071, "threshold_error": 10.703288762108144}, "plagu": {"sample_sd": 0.17950549357115009, "sample_mean": 0.033333333333333333, "daily_article_count": 0, "30_day_error_count": 4, "threshold_warn": 0.3923443204756335, "30_day_warn_count": 0, "daily_sd": -0.18569533817705192, "threshold_error": 0.57184981404678359}, "westn": {"sample_sd": 2.1563858652847827, "sample_mean": 2.5, "daily_article_count": 0, "30_day_error_count": 0, "threshold_warn": 6.8127717305695654, "30_day_warn_count": 0, "daily_sd": -1.1593472394004205, "threshold_error": 8.9691575958543481}, "swine": {"sample_sd": 1.3585122581543223, "sample_mean": 1.2333333333333334, "daily_article_count": 2, "30_day_error_count": 1, "threshold_warn": 3.950357849641978, "30_day_warn_count": 0, "daily_sd": 0.56434284053370387, "threshold_error": 5.3088701077963005}, "measl": {"sample_sd": 2.6874192494328502, "sample_mean": 2.6666666666666665, "daily_article_count": 2, "30_day_error_count": 0, "threshold_warn": 8.0415051655323673, "30_day_warn_count": 0, "daily_sd": -0.24806946917841682, "threshold_error": 10.728924414965217}, "dengu": {"sample_sd": 4.0140032663442389, "sample_mean": 8.5666666666666664, "daily_article_count": 7, "30_day_error_count": 0, "threshold_warn": 16.594673199355142, "30_day_warn_count": 0, "daily_sd": -0.39030029691368712, "threshold_error": 20.608676465699382}, "ebola": {"sample_sd": 358.21127223407632, "sample_mean": 540.5333333333333, "daily_article_count": 444, "30_day_error_count": 3, "threshold_warn": 1256.9558778014859, "30_day_warn_count": 13, "daily_sd": -0.26948714575975918, "threshold_error": 1615.1671500355624}, "unkno": {"sample_sd": 34.45086678477368, "sample_mean": 79.733333333333334, "daily_article_count": 60, "30_day_error_count": 0, "threshold_warn": 148.63506690288068, "30_day_warn_count": 0, "daily_sd": -0.57279642502507122, "threshold_error": 183.08593368765438}, "mumps": {"sample_sd": 0.17950549357115014, "sample_mean": 0.033333333333333333, "daily_article_count": 0, "30_day_error_count": 4, "threshold_warn": 0.39234432047563361, "30_day_warn_count": 0, "daily_sd": -0.18569533817705186, "threshold_error": 0.5718498140467837}}