{"hemmo": {"sample_sd": 0.24944382578492943, "sample_mean": 0.066666666666666666, "daily_article_count": 0, "30_day_error_count": 0, "threshold_warn": 0.56555431823652558, "30_day_warn_count": 0, "daily_sd": -0.2672612419124244, "threshold_error": 0.81499814402145498}, "mersc": {"sample_sd": 6.141299174894149, "sample_mean": 5.8666666666666663, "daily_article_count": 3, "30_day_error_count": 0, "threshold_warn": 18.149265016454965, "30_day_warn_count": 0, "daily_sd": -0.46678505394847108, "threshold_error": 24.290564191349112}, "influ": {"sample_sd": 7.3760121715975746, "sample_mean": 11.166666666666666, "daily_article_count": 9, "30_day_error_count": 0, "threshold_warn": 25.918691009861817, "30_day_warn_count": 0, "daily_sd": -0.29374499611181992, "threshold_error": 33.29470318145939}, "pertu": {"sample_sd": 1.5577761927397231, "sample_mean": 2.2000000000000002, "daily_article_count": 0, "30_day_error_count": 0, "threshold_warn": 5.315552385479446, "30_day_warn_count": 0, "daily_sd": -1.4122696252860127, "threshold_error": 6.8733285782191693}, "moldf": {"sample_sd": 0.88254681965824855, "sample_mean": 0.56666666666666665, "daily_article_count": 0, "30_day_error_count": 0, "threshold_warn": 2.3317603059831638, "30_day_warn_count": 0, "daily_sd": -0.64208113841042314, "threshold_error": 3.2143071256414126}, "chole": {"sample_sd": 3.2401988965014001, "sample_mean": 4.0333333333333332, "daily_article_count": 4, "30_day_error_count": 0, "threshold_warn": 10.513731126336133, "30_day_warn_count": 0, "daily_sd": -0.010287434320567428, "threshold_error": 13.753930022837533}, "hepat": {"sample_sd": 6.5033324790705063, "sample_mean": 5.7999999999999998, "daily_article_count": 3, "30_day_error_count": 0, "threshold_warn": 18.806664958141013, "30_day_warn_count": 0, "daily_sd": -0.43054849325498301, "threshold_error": 25.309997437211518}, "chiku": {"sample_sd": 2.1615323782497966, "sample_mean": 1.8333333333333333, "daily_article_count": 0, "30_day_error_count": 0, "threshold_warn": 6.1563980898329262, "30_day_warn_count": 0, "daily_sd": -0.84816371560336856, "threshold_error": 8.3179304680827233}, "yello": {"sample_sd": 0.66749947981669266, "sample_mean": 0.43333333333333335, "daily_article_count": 0, "30_day_error_count": 0, "threshold_warn": 1.7683322929667187, "30_day_warn_count": 0, "daily_sd": -0.64918902027059922, "threshold_error": 2.4358317727834118}, "menin": {"sample_sd": 2.9522119767312707, "sample_mean": 4.4666666666666668, "daily_article_count": 3, "30_day_error_count": 0, "threshold_warn": 10.371090620129209, "30_day_warn_count": 0, "daily_sd": -0.49680262739485942, "threshold_error": 13.323302596860479}, "plagu": {"sample_sd": 0.74535599249992979, "sample_mean": 0.33333333333333331, "daily_article_count": 0, "30_day_error_count": 0, "threshold_warn": 1.8240453183331928, "30_day_warn_count": 0, "daily_sd": -0.44721359549995798, "threshold_error": 2.5694013108331228}, "westn": {"sample_sd": 0.64031242374328479, "sample_mean": 0.29999999999999999, "daily_article_count": 0, "30_day_error_count": 1, "threshold_warn": 1.5806248474865696, "30_day_warn_count": 0, "daily_sd": -0.46852128566581824, "threshold_error": 2.2209372712298543}, "swine": {"sample_sd": 24.861147734299529, "sample_mean": 35.299999999999997, "daily_article_count": 15, "30_day_error_count": 0, "threshold_warn": 85.022295468599054, "30_day_warn_count": 2, "daily_sd": -0.81653511000190981, "threshold_error": 109.88344320289859}, "measl": {"sample_sd": 55.043820926805402, "sample_mean": 87.666666666666671, "daily_article_count": 11, "30_day_error_count": 0, "threshold_warn": 197.75430852027748, "30_day_warn_count": 0, "daily_sd": -1.3928296650883716, "threshold_error": 252.79812944708289}, "dengu": {"sample_sd": 2.793842435706702, "sample_mean": 4.833333333333333, "daily_article_count": 6, "30_day_error_count": 1, "threshold_warn": 10.421018204746737, "30_day_warn_count": 0, "daily_sd": 0.41758499039032559, "threshold_error": 13.214860640453438}, "ebola": {"sample_sd": 32.598721856334592, "sample_mean": 81.700000000000003, "daily_article_count": 69, "30_day_error_count": 0, "threshold_warn": 146.8974437126692, "30_day_warn_count": 0, "daily_sd": -0.38958582658455165, "threshold_error": 179.49616556900378}, "unkno": {"sample_sd": 28.988215996619502, "sample_mean": 59.5, "daily_article_count": 71, "30_day_error_count": 0, "threshold_warn": 117.476431993239, "30_day_warn_count": 0, "daily_sd": 0.39671292642986677, "threshold_error": 146.46464798985852}, "mumps": {"sample_sd": 0.7187952884282609, "sample_mean": 0.5, "daily_article_count": 0, "30_day_error_count": 0, "threshold_warn": 1.9375905768565218, "30_day_warn_count": 0, "daily_sd": -0.69560834364025237, "threshold_error": 2.6563858652847827}}