{"hemmo": {"sample_sd": 0.17950549357115009, "sample_mean": 0.033333333333333333, "daily_article_count": 0, "30_day_error_count": 6, "threshold_warn": 0.3923443204756335, "30_day_warn_count": 0, "daily_sd": -0.18569533817705192, "threshold_error": 0.57184981404678359}, "mersc": {"sample_sd": 4.5656933269280753, "sample_mean": 4.7666666666666666, "daily_article_count": 2, "30_day_error_count": 0, "threshold_warn": 13.898053320522816, "30_day_warn_count": 0, "daily_sd": -0.60596857225365952, "threshold_error": 18.463746647450893}, "influ": {"sample_sd": 3.6668181786878327, "sample_mean": 7.2333333333333334, "daily_article_count": 15, "30_day_error_count": 4, "threshold_warn": 14.566969690708998, "30_day_warn_count": 3, "daily_sd": 2.1180942954324395, "threshold_error": 18.233787869396831}, "pertu": {"sample_sd": 1.5205992970609392, "sample_mean": 2.2333333333333334, "daily_article_count": 0, "30_day_error_count": 0, "threshold_warn": 5.2745319274552118, "30_day_warn_count": 0, "daily_sd": -1.4687191672717383, "threshold_error": 6.795131224516151}, "moldf": {"sample_sd": 0.79512402945843741, "sample_mean": 0.6333333333333333, "daily_article_count": 3, "30_day_error_count": 1, "threshold_warn": 2.2235813922502081, "30_day_warn_count": 0, "daily_sd": 2.9764748378672623, "threshold_error": 3.0187054217086455}, "chole": {"sample_sd": 5.9225557546271084, "sample_mean": 4.2999999999999998, "daily_article_count": 2, "30_day_error_count": 0, "threshold_warn": 16.145111509254217, "30_day_warn_count": 0, "daily_sd": -0.38834585866128513, "threshold_error": 22.067667263881326}, "hepat": {"sample_sd": 1.7603661235347858, "sample_mean": 2.9666666666666668, "daily_article_count": 3, "30_day_error_count": 2, "threshold_warn": 6.4873989137362384, "30_day_warn_count": 0, "daily_sd": 0.018935454896394185, "threshold_error": 8.2477650372710247}, "chiku": {"sample_sd": 1.7792008193443356, "sample_mean": 1.6333333333333333, "daily_article_count": 0, "30_day_error_count": 0, "threshold_warn": 5.1917349720220045, "30_day_warn_count": 0, "daily_sd": -0.91801516477226175, "threshold_error": 6.9709357913663403}, "yello": {"sample_sd": 0.30000000000000004, "sample_mean": 0.10000000000000001, "daily_article_count": 0, "30_day_error_count": 1, "threshold_warn": 0.70000000000000007, "30_day_warn_count": 0, "daily_sd": -0.33333333333333331, "threshold_error": 1.0000000000000002}, "menin": {"sample_sd": 5.2937069557478651, "sample_mean": 6.0999999999999996, "daily_article_count": 5, "30_day_error_count": 0, "threshold_warn": 16.687413911495732, "30_day_warn_count": 0, "daily_sd": -0.20779389739464674, "threshold_error": 21.981120867243597}, "plagu": {"sample_sd": 1.5563490039905004, "sample_mean": 1.3333333333333333, "daily_article_count": 0, "30_day_error_count": 2, "threshold_warn": 4.4460313413143338, "30_day_warn_count": 0, "daily_sd": -0.85670587375623863, "threshold_error": 6.0023803453048341}, "westn": {"sample_sd": 4.3568592153318688, "sample_mean": 8.1333333333333329, "daily_article_count": 1, "30_day_error_count": 0, "threshold_warn": 16.847051763997072, "30_day_warn_count": 0, "daily_sd": -1.6372650528231438, "threshold_error": 21.203910979328938}, "swine": {"sample_sd": 1.2364824660660938, "sample_mean": 1.7333333333333334, "daily_article_count": 1, "30_day_error_count": 3, "threshold_warn": 4.206298265465521, "30_day_warn_count": 0, "daily_sd": -0.5930802526189114, "threshold_error": 5.4427807315316148}, "measl": {"sample_sd": 3.3406586176980131, "sample_mean": 4.7999999999999998, "daily_article_count": 2, "30_day_error_count": 0, "threshold_warn": 11.481317235396027, "30_day_warn_count": 0, "daily_sd": -0.83815807612494952, "threshold_error": 14.821975853094038}, "dengu": {"sample_sd": 3.9929103838344946, "sample_mean": 8.6999999999999993, "daily_article_count": 20, "30_day_error_count": 15, "threshold_warn": 16.685820767668989, "30_day_warn_count": 4, "daily_sd": 2.8300159316744593, "threshold_error": 20.678731151503484}, "ebola": {"sample_sd": 19.757108425408141, "sample_mean": 34.299999999999997, "daily_article_count": 39, "30_day_error_count": 0, "threshold_warn": 73.81421685081628, "30_day_warn_count": 0, "daily_sd": 0.23788906244780658, "threshold_error": 93.571325276224428}, "unkno": {"sample_sd": 20.781000938357131, "sample_mean": 63.5, "daily_article_count": 62, "30_day_error_count": 0, "threshold_warn": 105.06200187671426, "30_day_warn_count": 0, "daily_sd": -0.072181316215203656, "threshold_error": 125.8430028150714}, "mumps": {"sample_sd": 1.7243356208503413, "sample_mean": 1.3999999999999999, "daily_article_count": 0, "30_day_error_count": 0, "threshold_warn": 4.8486712417006821, "30_day_warn_count": 0, "daily_sd": -0.81190690667841214, "threshold_error": 6.5730068625510238}}