{"hemmo": {"sample_sd": 1.6224124698183942, "sample_mean": 0.6333333333333333, "daily_article_count": 0, "30_day_error_count": 0, "threshold_warn": 3.8781582729701216, "30_day_warn_count": 0, "daily_sd": -0.39036517847044527, "threshold_error": 5.5005707427885149}, "mersc": {"sample_sd": 16.588114888544617, "sample_mean": 9.6333333333333329, "daily_article_count": 6, "30_day_error_count": 6, "threshold_warn": 42.809563110422566, "30_day_warn_count": 15, "daily_sd": -0.21903232270488024, "threshold_error": 59.397677998967183}, "influ": {"sample_sd": 5.4923178673084427, "sample_mean": 13.633333333333333, "daily_article_count": 14, "30_day_error_count": 0, "threshold_warn": 24.61796906795022, "30_day_warn_count": 0, "daily_sd": 0.066759913669445947, "threshold_error": 30.11028693525866}, "pertu": {"sample_sd": 1.5807874268505833, "sample_mean": 1.3666666666666667, "daily_article_count": 0, "30_day_error_count": 0, "threshold_warn": 4.5282415203678337, "30_day_warn_count": 0, "daily_sd": -0.86454803691694893, "threshold_error": 6.1090289472184161}, "moldf": {"sample_sd": 0.76084748070088859, "sample_mean": 0.56666666666666665, "daily_article_count": 0, "30_day_error_count": 1, "threshold_warn": 2.0883616280684438, "30_day_warn_count": 0, "daily_sd": -0.74478352237514989, "threshold_error": 2.8492091087693323}, "chole": {"sample_sd": 8.0316042399178684, "sample_mean": 8.5999999999999996, "daily_article_count": 3, "30_day_error_count": 0, "threshold_warn": 24.663208479835738, "30_day_warn_count": 0, "daily_sd": -0.69724551069977336, "threshold_error": 32.694812719753607}, "hepat": {"sample_sd": 2.1540659228538019, "sample_mean": 2.6000000000000001, "daily_article_count": 5, "30_day_error_count": 1, "threshold_warn": 6.9081318457076044, "30_day_warn_count": 0, "daily_sd": 1.1141720290623109, "threshold_error": 9.0621977685614059}, "chiku": {"sample_sd": 1.2754084313139327, "sample_mean": 1.2, "daily_article_count": 1, "30_day_error_count": 0, "threshold_warn": 3.7508168626278655, "30_day_warn_count": 0, "daily_sd": -0.15681251204679497, "threshold_error": 5.0262252939417982}, "yello": {"sample_sd": 0.69041050590693265, "sample_mean": 0.29999999999999999, "daily_article_count": 0, "30_day_error_count": 3, "threshold_warn": 1.6808210118138653, "30_day_warn_count": 0, "daily_sd": -0.4345240946267408, "threshold_error": 2.3712315177207977}, "menin": {"sample_sd": 2.8301943396169813, "sample_mean": 3.2999999999999998, "daily_article_count": 2, "30_day_error_count": 2, "threshold_warn": 8.9603886792339615, "30_day_warn_count": 0, "daily_sd": -0.4593324146694226, "threshold_error": 11.790583018850946}, "plagu": {"sample_sd": 0.17950549357115009, "sample_mean": 0.033333333333333333, "daily_article_count": 0, "30_day_error_count": 9, "threshold_warn": 0.3923443204756335, "30_day_warn_count": 0, "daily_sd": -0.18569533817705192, "threshold_error": 0.57184981404678359}, "westn": {"sample_sd": 1.8999999999999999, "sample_mean": 2.2999999999999998, "daily_article_count": 2, "30_day_error_count": 1, "threshold_warn": 6.0999999999999996, "30_day_warn_count": 0, "daily_sd": -0.15789473684210517, "threshold_error": 7.9999999999999991}, "swine": {"sample_sd": 2.0121851030382092, "sample_mean": 1.4666666666666666, "daily_article_count": 5, "30_day_error_count": 1, "threshold_warn": 5.4910368727430852, "30_day_warn_count": 0, "daily_sd": 1.7559683390948149, "threshold_error": 7.5032219757812939}, "measl": {"sample_sd": 4.0409019895177964, "sample_mean": 5.2666666666666666, "daily_article_count": 19, "30_day_error_count": 1, "threshold_warn": 13.34847064570226, "30_day_warn_count": 0, "daily_sd": 3.3985811506831776, "threshold_error": 17.389372635220056}, "dengu": {"sample_sd": 2.7164110309172447, "sample_mean": 4.5666666666666664, "daily_article_count": 15, "30_day_error_count": 4, "threshold_warn": 9.9994887285011558, "30_day_warn_count": 5, "daily_sd": 3.8408522180865732, "threshold_error": 12.7158997594184}, "ebola": {"sample_sd": 22.230209675624344, "sample_mean": 47.133333333333333, "daily_article_count": 83, "30_day_error_count": 0, "threshold_warn": 91.593752684582029, "30_day_warn_count": 0, "daily_sd": 1.6134200797032896, "threshold_error": 113.82396236020637}, "unkno": {"sample_sd": 26.841944787961996, "sample_mean": 67.099999999999994, "daily_article_count": 74, "30_day_error_count": 14, "threshold_warn": 120.78388957592398, "30_day_warn_count": 4, "daily_sd": 0.25706036036161206, "threshold_error": 147.62583436388599}, "mumps": {"sample_sd": 0.80622577482985502, "sample_mean": 0.5, "daily_article_count": 0, "30_day_error_count": 0, "threshold_warn": 2.1124515496597098, "30_day_warn_count": 0, "daily_sd": -0.6201736729460422, "threshold_error": 2.9186773244895652}}