{"hemmo": {"sample_sd": 0.29999999999999999, "sample_mean": 0.10000000000000001, "daily_article_count": 0, "30_day_error_count": 2, "threshold_warn": 0.69999999999999996, "30_day_warn_count": 0, "daily_sd": -0.33333333333333337, "threshold_error": 0.99999999999999989}, "mersc": {"sample_sd": 0.97752521990767871, "sample_mean": 0.66666666666666663, "daily_article_count": 5, "30_day_error_count": 4, "threshold_warn": 2.6217171064820239, "30_day_warn_count": 1, "daily_sd": 4.4329632065580773, "threshold_error": 3.5992423263897027}, "influ": {"sample_sd": 9.0298886421089861, "sample_mean": 19.833333333333332, "daily_article_count": 9, "30_day_error_count": 0, "threshold_warn": 37.893110617551301, "30_day_warn_count": 0, "daily_sd": -1.19971948300828, "threshold_error": 46.922999259660287}, "pertu": {"sample_sd": 1.42828568570857, "sample_mean": 2.3999999999999999, "daily_article_count": 1, "30_day_error_count": 0, "threshold_warn": 5.2565713714171398, "30_day_warn_count": 0, "daily_sd": -0.98019605881960681, "threshold_error": 6.6848570571257095}, "moldf": {"sample_sd": 1.0376254944182253, "sample_mean": 0.69999999999999996, "daily_article_count": 0, "30_day_error_count": 0, "threshold_warn": 2.7752509888364507, "30_day_warn_count": 0, "daily_sd": -0.6746171945133973, "threshold_error": 3.8128764832546755}, "chole": {"sample_sd": 2.9769484749021471, "sample_mean": 3.7333333333333334, "daily_article_count": 2, "30_day_error_count": 7, "threshold_warn": 9.6872302831376267, "30_day_warn_count": 1, "daily_sd": -0.58225170772910617, "threshold_error": 12.664178758039775}, "hepat": {"sample_sd": 2.7030846576951055, "sample_mean": 3.3999999999999999, "daily_article_count": 0, "30_day_error_count": 0, "threshold_warn": 8.8061693153902105, "30_day_warn_count": 0, "daily_sd": -1.2578222403508248, "threshold_error": 11.509253973085317}, "chiku": {"sample_sd": 0.96896279024990872, "sample_mean": 0.83333333333333337, "daily_article_count": 0, "30_day_error_count": 2, "threshold_warn": 2.7712589138331509, "30_day_warn_count": 0, "daily_sd": -0.86002614519222698, "threshold_error": 3.7402217040830599}, "yello": {"sample_sd": 0.58594652770823152, "sample_mean": 0.29999999999999999, "daily_article_count": 0, "30_day_error_count": 1, "threshold_warn": 1.4718930554164631, "30_day_warn_count": 0, "daily_sd": -0.5119921115897168, "threshold_error": 2.0578395831246943}, "menin": {"sample_sd": 4.6115796281390029, "sample_mean": 4.0, "daily_article_count": 0, "30_day_error_count": 0, "threshold_warn": 13.223159256278006, "30_day_warn_count": 0, "daily_sd": -0.86738174823931102, "threshold_error": 17.834738884417007}, "plagu": {"sample_sd": 0.37267799624996495, "sample_mean": 0.16666666666666666, "daily_article_count": 0, "30_day_error_count": 3, "threshold_warn": 0.91202265916659653, "30_day_warn_count": 0, "daily_sd": -0.44721359549995793, "threshold_error": 1.2847006554165616}, "westn": {"sample_sd": 1.303414319734477, "sample_mean": 1.3666666666666667, "daily_article_count": 2, "30_day_error_count": 0, "threshold_warn": 3.9734953061356206, "30_day_warn_count": 0, "daily_sd": 0.48590331082318616, "threshold_error": 5.2769096258700969}, "swine": {"sample_sd": 2.8982753492378879, "sample_mean": 4.0, "daily_article_count": 0, "30_day_error_count": 0, "threshold_warn": 9.7965506984757766, "30_day_warn_count": 0, "daily_sd": -1.3801311186847083, "threshold_error": 12.694826047713663}, "measl": {"sample_sd": 7.0793125843309577, "sample_mean": 10.5, "daily_article_count": 3, "30_day_error_count": 0, "threshold_warn": 24.658625168661914, "30_day_warn_count": 0, "daily_sd": -1.0594248962251185, "threshold_error": 31.737937752992874}, "dengu": {"sample_sd": 2.1707653540219916, "sample_mean": 3.7666666666666666, "daily_article_count": 5, "30_day_error_count": 0, "threshold_warn": 8.1081973747106488, "30_day_warn_count": 0, "daily_sd": 0.56815598749455565, "threshold_error": 10.27896272873264}, "ebola": {"sample_sd": 19.640349623500423, "sample_mean": 55.700000000000003, "daily_article_count": 9, "30_day_error_count": 0, "threshold_warn": 94.980699247000842, "30_day_warn_count": 1, "daily_sd": -2.3777580794244968, "threshold_error": 114.62104887050127}, "unkno": {"sample_sd": 24.794802322709135, "sample_mean": 59.466666666666669, "daily_article_count": 33, "30_day_error_count": 0, "threshold_warn": 109.05627131208493, "30_day_warn_count": 0, "daily_sd": -1.0674280166543737, "threshold_error": 133.85107363479409}, "mumps": {"sample_sd": 0.29999999999999999, "sample_mean": 0.10000000000000001, "daily_article_count": 0, "30_day_error_count": 8, "threshold_warn": 0.69999999999999996, "30_day_warn_count": 0, "daily_sd": -0.33333333333333337, "threshold_error": 0.99999999999999989}}