{"hemmo": {"sample_sd": 0.47140452079103162, "sample_mean": 0.33333333333343329, "daily_article_count": 0, "30_day_error_count": 0, "threshold_warn": 1.2761423749154965, "30_day_warn_count": 0, "daily_sd": -0.70710678118675963, "threshold_error": 1.7475468957065283}, "mersc": {"sample_sd": 17.861939673195877, "sample_mean": 19.866666666666767, "daily_article_count": 9, "30_day_error_count": 5, "threshold_warn": 55.590546013058521, "30_day_warn_count": 14, "daily_sd": -0.60836991197398282, "threshold_error": 73.452485686254391}, "influ": {"sample_sd": 5.8783973628494657, "sample_mean": 5.6666666666667673, "daily_article_count": 3, "30_day_error_count": 0, "threshold_warn": 17.423461392365699, "30_day_warn_count": 0, "daily_sd": -0.45363838169901127, "threshold_error": 23.301858755215164}, "pertu": {"sample_sd": 1.375984496036686, "sample_mean": 1.2000000000000999, "daily_article_count": 1, "30_day_error_count": 2, "threshold_warn": 3.9519689920734722, "30_day_warn_count": 0, "daily_sd": -0.14535047493352538, "threshold_error": 5.3279534881101576}, "moldf": {"sample_sd": 1.1756794725698931, "sample_mean": 0.86666666666676673, "daily_article_count": 0, "30_day_error_count": 0, "threshold_warn": 3.2180256118065529, "30_day_warn_count": 0, "daily_sd": -0.73716237026095066, "threshold_error": 4.393705084376446}, "chole": {"sample_sd": 2.0483055327649624, "sample_mean": 2.0666666666667668, "daily_article_count": 9, "30_day_error_count": 4, "threshold_warn": 6.1632777321966916, "30_day_warn_count": 9, "daily_sd": 3.3849116855013714, "threshold_error": 8.2115832649616536}, "hepat": {"sample_sd": 2.2171052197754522, "sample_mean": 2.1333333333334332, "daily_article_count": 3, "30_day_error_count": 3, "threshold_warn": 6.5675437728843375, "30_day_warn_count": 0, "daily_sd": 0.39090010656072632, "threshold_error": 8.7846489926597897}, "chiku": {"sample_sd": 1.9058389811897076, "sample_mean": 1.6333333333334332, "daily_article_count": 1, "30_day_error_count": 4, "threshold_warn": 5.4450112957128489, "30_day_warn_count": 8, "daily_sd": -0.33231208910318277, "threshold_error": 7.3508502769025563}, "yello": {"sample_sd": 0.69041050590693265, "sample_mean": 0.30000000000009996, "daily_article_count": 1, "30_day_error_count": 0, "threshold_warn": 1.6808210118139653, "30_day_warn_count": 0, "daily_sd": 1.013889554128917, "threshold_error": 2.371231517720898}, "menin": {"sample_sd": 3.0016662039607267, "sample_mean": 2.3000000000000997, "daily_article_count": 0, "30_day_error_count": 0, "threshold_warn": 8.3033324079215536, "30_day_warn_count": 0, "daily_sd": -0.76624109535071827, "threshold_error": 11.304998611882279}, "plagu": {"sample_sd": 0.29999999999999999, "sample_mean": 0.10000000000010001, "daily_article_count": 0, "30_day_error_count": 0, "threshold_warn": 0.70000000000009999, "30_day_warn_count": 0, "daily_sd": -0.33333333333366671, "threshold_error": 1.0000000000000999}, "westn": {"sample_sd": 0.49553562491061681, "sample_mean": 0.23333333333343334, "daily_article_count": 4, "30_day_error_count": 10, "threshold_warn": 1.224404583154667, "30_day_warn_count": 0, "daily_sd": 7.6012025721581296, "threshold_error": 1.7199402080652837}, "swine": {"sample_sd": 2.1509687739868903, "sample_mean": 1.8000000000001, "daily_article_count": 0, "30_day_error_count": 2, "threshold_warn": 6.1019375479738809, "30_day_warn_count": 0, "daily_sd": -0.83683223195460044, "threshold_error": 8.2529063219607703}, "measl": {"sample_sd": 10.24348031134384, "sample_mean": 12.933333333333433, "daily_article_count": 9, "30_day_error_count": 0, "threshold_warn": 33.420293956021112, "30_day_warn_count": 0, "daily_sd": -0.38398407706974153, "threshold_error": 43.663774267364957}, "dengu": {"sample_sd": 6.7869155160663537, "sample_mean": 6.0666666666667668, "daily_article_count": 3, "30_day_error_count": 0, "threshold_warn": 19.640497698799475, "30_day_warn_count": 0, "daily_sd": -0.45184983655788663, "threshold_error": 26.427413214865826}, "ebola": {"sample_sd": 21.380572697869646, "sample_mean": 28.733333333333434, "daily_article_count": 17, "30_day_error_count": 0, "threshold_warn": 71.494478729072725, "30_day_warn_count": 0, "daily_sd": -0.54878480100313398, "threshold_error": 92.875051426942377}, "unkno": {"sample_sd": 13.33937363180479, "sample_mean": 41.166666666666764, "daily_article_count": 54, "30_day_error_count": 6, "threshold_warn": 67.845413930276351, "30_day_warn_count": 9, "daily_sd": 0.96206416339782164, "threshold_error": 81.184787562081141}, "mumps": {"sample_sd": 2.4267032964268394, "sample_mean": 2.3333333333334334, "daily_article_count": 0, "30_day_error_count": 0, "threshold_warn": 7.1867399261871121, "30_day_warn_count": 0, "daily_sd": -0.96152394764086446, "threshold_error": 9.6134432226139523}}