{"hemmo": {"sample_sd": 0.0, "sample_mean": 1e-13, "daily_article_count": 0, "30_day_error_count": 3, "threshold_warn": 1e-13, "30_day_warn_count": 0, "daily_sd": -Infinity, "threshold_error": 1e-13}, "mersc": {"sample_sd": 3.3459760243545609, "sample_mean": 3.7333333333334333, "daily_article_count": 1, "30_day_error_count": 0, "threshold_warn": 10.425285382042555, "30_day_warn_count": 0, "daily_sd": -0.81690164945539134, "threshold_error": 13.771261406397116}, "influ": {"sample_sd": 7.7774603109812706, "sample_mean": 11.666666666666766, "daily_article_count": 38, "30_day_error_count": 1, "threshold_warn": 27.221587288629308, "30_day_warn_count": 0, "daily_sd": 3.3858524865954345, "threshold_error": 34.999047599610577}, "pertu": {"sample_sd": 1.1234866364235145, "sample_mean": 1.0666666666667666, "daily_article_count": 4, "30_day_error_count": 1, "threshold_warn": 3.3136399395137959, "30_day_warn_count": 0, "daily_sd": 2.6109196480263881, "threshold_error": 4.4371265759373104}, "moldf": {"sample_sd": 0.83599574693229672, "sample_mean": 0.63333333333343333, "daily_article_count": 0, "30_day_error_count": 1, "threshold_warn": 2.3053248271980267, "30_day_warn_count": 0, "daily_sd": -0.75757961168757471, "threshold_error": 3.1413205741303232}, "chole": {"sample_sd": 3.8895872388839523, "sample_mean": 4.9333333333334339, "daily_article_count": 5, "30_day_error_count": 0, "threshold_warn": 12.712507811101339, "30_day_warn_count": 0, "daily_sd": 0.017139779254750659, "threshold_error": 16.602095049985291}, "hepat": {"sample_sd": 2.1241991955139756, "sample_mean": 2.433333333333433, "daily_article_count": 5, "30_day_error_count": 0, "threshold_warn": 6.6817317243613843, "30_day_warn_count": 0, "daily_sd": 1.2082984835353594, "threshold_error": 8.8059309198753599}, "chiku": {"sample_sd": 1.398411797560202, "sample_mean": 1.6666666666667667, "daily_article_count": 0, "30_day_error_count": 1, "threshold_warn": 4.4634902617871708, "30_day_warn_count": 0, "daily_sd": -1.191828236557062, "threshold_error": 5.8619020593473721}, "yello": {"sample_sd": 0.30000000000000004, "sample_mean": 0.10000000000010001, "daily_article_count": 1, "30_day_error_count": 2, "threshold_warn": 0.7000000000001001, "30_day_warn_count": 0, "daily_sd": 2.999999999999666, "threshold_error": 1.0000000000001001}, "menin": {"sample_sd": 1.9955506062794355, "sample_mean": 2.5333333333334331, "daily_article_count": 2, "30_day_error_count": 1, "threshold_warn": 6.5244345458923041, "30_day_warn_count": 0, "daily_sd": -0.26726124191247441, "threshold_error": 8.5199851521717402}, "plagu": {"sample_sd": 0.33993463423951903, "sample_mean": 0.13333333333343333, "daily_article_count": 0, "30_day_error_count": 0, "threshold_warn": 0.81320260181247139, "30_day_warn_count": 0, "daily_sd": -0.39223227027666219, "threshold_error": 1.1531372360519905}, "westn": {"sample_sd": 0.54670731556189078, "sample_mean": 0.36666666666676662, "daily_article_count": 3, "30_day_error_count": 5, "threshold_warn": 1.4600812977905482, "30_day_warn_count": 1, "daily_sd": 4.8167150107123877, "threshold_error": 2.0067886133524389}, "swine": {"sample_sd": 20.149993107249994, "sample_mean": 36.666666666666764, "daily_article_count": 3, "30_day_error_count": 0, "threshold_warn": 76.966652881166752, "30_day_warn_count": 0, "daily_sd": -1.6708028874984306, "threshold_error": 97.116645988416735}, "measl": {"sample_sd": 14.650900616989007, "sample_mean": 21.866666666666767, "daily_article_count": 22, "30_day_error_count": 0, "threshold_warn": 51.168467900644785, "30_day_warn_count": 0, "daily_sd": 0.0091006919519078348, "threshold_error": 65.819368517633791}, "dengu": {"sample_sd": 2.8511206373790792, "sample_mean": 3.7333333333334333, "daily_article_count": 2, "30_day_error_count": 1, "threshold_warn": 9.4355746080915921, "30_day_warn_count": 0, "daily_sd": -0.60794808560847746, "threshold_error": 12.286695245470671}, "ebola": {"sample_sd": 39.908562155674481, "sample_mean": 78.200000000000102, "daily_article_count": 75, "30_day_error_count": 0, "threshold_warn": 158.01712431134905, "30_day_warn_count": 0, "daily_sd": -0.080183294690437848, "threshold_error": 197.92568646702355}, "unkno": {"sample_sd": 27.100717497676861, "sample_mean": 50.866666666666767, "daily_article_count": 89, "30_day_error_count": 0, "threshold_warn": 105.0681016620205, "30_day_warn_count": 0, "daily_sd": 1.4070968171452329, "threshold_error": 132.16881915969734}, "mumps": {"sample_sd": 0.29999999999999999, "sample_mean": 0.10000000000010001, "daily_article_count": 0, "30_day_error_count": 0, "threshold_warn": 0.70000000000009999, "30_day_warn_count": 0, "daily_sd": -0.33333333333366671, "threshold_error": 1.0000000000000999}}