{"hemmo": {"sample_sd": 0.9480975102218594, "sample_mean": 0.6333333333333333, "daily_article_count": 0, "30_day_error_count": 1, "threshold_warn": 2.5295283537770521, "30_day_warn_count": 0, "daily_sd": -0.66800442623789846, "threshold_error": 3.4776258639989117}, "mersc": {"sample_sd": 2.0645150089602695, "sample_mean": 3.0666666666666669, "daily_article_count": 3, "30_day_error_count": 0, "threshold_warn": 7.1956966845872063, "30_day_warn_count": 0, "daily_sd": -0.032291684186031434, "threshold_error": 9.2602116935474754}, "influ": {"sample_sd": 4.8876260995383936, "sample_mean": 8.6666666666666661, "daily_article_count": 15, "30_day_error_count": 7, "threshold_warn": 18.441918865743453, "30_day_warn_count": 0, "daily_sd": 1.2957892449938997, "threshold_error": 23.329544965281848}, "pertu": {"sample_sd": 1.1352924243950935, "sample_mean": 1.3333333333333333, "daily_article_count": 3, "30_day_error_count": 0, "threshold_warn": 3.60391818212352, "30_day_warn_count": 0, "daily_sd": 1.4680505487867588, "threshold_error": 4.7392106065186139}, "moldf": {"sample_sd": 0.66749947981669278, "sample_mean": 0.43333333333333335, "daily_article_count": 0, "30_day_error_count": 0, "threshold_warn": 1.7683322929667189, "30_day_warn_count": 0, "daily_sd": -0.6491890202705991, "threshold_error": 2.4358317727834118}, "chole": {"sample_sd": 3.7119925766209296, "sample_mean": 4.2333333333333334, "daily_article_count": 1, "30_day_error_count": 0, "threshold_warn": 11.657318486575193, "30_day_warn_count": 0, "daily_sd": -0.87105059253019157, "threshold_error": 15.369311063196122}, "hepat": {"sample_sd": 1.390443574307614, "sample_mean": 2.0, "daily_article_count": 3, "30_day_error_count": 2, "threshold_warn": 4.7808871486152285, "30_day_warn_count": 0, "daily_sd": 0.71919495222807617, "threshold_error": 6.1713307229228418}, "chiku": {"sample_sd": 2.1343747458109497, "sample_mean": 2.6666666666666665, "daily_article_count": 1, "30_day_error_count": 0, "threshold_warn": 6.9354161582885663, "30_day_warn_count": 0, "daily_sd": -0.78086880944303028, "threshold_error": 9.0697909040995146}, "yello": {"sample_sd": 0.51207638319124049, "sample_mean": 0.26666666666666666, "daily_article_count": 0, "30_day_error_count": 1, "threshold_warn": 1.2908194330491476, "30_day_warn_count": 0, "daily_sd": -0.52075564392329554, "threshold_error": 1.8028958162403881}, "menin": {"sample_sd": 3.5377331097124265, "sample_mean": 4.1333333333333337, "daily_article_count": 1, "30_day_error_count": 0, "threshold_warn": 11.208799552758187, "30_day_warn_count": 0, "daily_sd": -0.88568957469718079, "threshold_error": 14.746532662470614}, "plagu": {"sample_sd": 0.54160256030906384, "sample_mean": 0.20000000000000001, "daily_article_count": 0, "30_day_error_count": 7, "threshold_warn": 1.2832051206181276, "30_day_warn_count": 0, "daily_sd": -0.36927447293799837, "threshold_error": 1.8248076809271916}, "westn": {"sample_sd": 1.7387735140993301, "sample_mean": 1.1000000000000001, "daily_article_count": 0, "30_day_error_count": 0, "threshold_warn": 4.5775470281986603, "30_day_warn_count": 0, "daily_sd": -0.63262983423680152, "threshold_error": 6.3163205422979907}, "swine": {"sample_sd": 1.3888444437333107, "sample_mean": 1.0666666666666667, "daily_article_count": 2, "30_day_error_count": 2, "threshold_warn": 3.8443555541332879, "30_day_warn_count": 0, "daily_sd": 0.672021505032247, "threshold_error": 5.2331999978665991}, "measl": {"sample_sd": 1.7950549357115013, "sample_mean": 1.6666666666666667, "daily_article_count": 2, "30_day_error_count": 2, "threshold_warn": 5.2567765380896692, "30_day_warn_count": 3, "daily_sd": 0.18569533817705183, "threshold_error": 7.0518314738011707}, "dengu": {"sample_sd": 2.5394662606321208, "sample_mean": 7.8666666666666663, "daily_article_count": 2, "30_day_error_count": 0, "threshold_warn": 12.945599187930908, "30_day_warn_count": 0, "daily_sd": -2.3101967360678155, "threshold_error": 15.485065448563027}, "ebola": {"sample_sd": 495.52556162343654, "sample_mean": 941.5333333333333, "daily_article_count": 125, "30_day_error_count": 0, "threshold_warn": 1932.5844565802063, "30_day_warn_count": 0, "daily_sd": -1.6478127397872551, "threshold_error": 2428.110018203643}, "unkno": {"sample_sd": 18.200244198605933, "sample_mean": 47.866666666666667, "daily_article_count": 46, "30_day_error_count": 2, "threshold_warn": 84.267155063878533, "30_day_warn_count": 0, "daily_sd": -0.10256272642812378, "threshold_error": 102.46739926248446}, "mumps": {"sample_sd": 0.47609522856952335, "sample_mean": 0.20000000000000001, "daily_article_count": 0, "30_day_error_count": 3, "threshold_warn": 1.1521904571390467, "30_day_warn_count": 0, "daily_sd": -0.42008402520840293, "threshold_error": 1.6282856857085701}}