{"hemmo": {"sample_sd": 0.42687494916218993, "sample_mean": 0.13333333333333333, "daily_article_count": 0, "30_day_error_count": 0, "threshold_warn": 0.98708323165771317, "30_day_warn_count": 0, "daily_sd": -0.31234752377721209, "threshold_error": 1.4139581808199031}, "mersc": {"sample_sd": 1.9102065042525873, "sample_mean": 1.1333333333333333, "daily_article_count": 1, "30_day_error_count": 0, "threshold_warn": 4.9537463418385084, "30_day_warn_count": 0, "daily_sd": -0.069800481275977572, "threshold_error": 6.8639528460910952}, "influ": {"sample_sd": 14.240630447966675, "sample_mean": 23.933333333333334, "daily_article_count": 6, "30_day_error_count": 0, "threshold_warn": 52.414594229266683, "30_day_warn_count": 0, "daily_sd": -1.2593075425178184, "threshold_error": 66.655224677233363}, "pertu": {"sample_sd": 2.1398338460938708, "sample_mean": 1.4333333333333333, "daily_article_count": 4, "30_day_error_count": 0, "threshold_warn": 5.7130010255210752, "30_day_warn_count": 1, "daily_sd": 1.1994700763108086, "threshold_error": 7.8528348716149461}, "moldf": {"sample_sd": 0.7187952884282609, "sample_mean": 0.5, "daily_article_count": 0, "30_day_error_count": 0, "threshold_warn": 1.9375905768565218, "30_day_warn_count": 0, "daily_sd": -0.69560834364025237, "threshold_error": 2.6563858652847827}, "chole": {"sample_sd": 2.9591665493288253, "sample_mean": 1.8999999999999999, "daily_article_count": 0, "30_day_error_count": 2, "threshold_warn": 7.81833309865765, "30_day_warn_count": 8, "daily_sd": -0.64207268104964987, "threshold_error": 10.777499647986476}, "hepat": {"sample_sd": 1.3034143197344767, "sample_mean": 0.96666666666666667, "daily_article_count": 2, "30_day_error_count": 3, "threshold_warn": 3.5734953061356203, "30_day_warn_count": 3, "daily_sd": 0.79278961239572487, "threshold_error": 4.8769096258700966}, "chiku": {"sample_sd": 1.4940623220676645, "sample_mean": 1.6333333333333333, "daily_article_count": 3, "30_day_error_count": 3, "threshold_warn": 4.6214579774686619, "30_day_warn_count": 0, "daily_sd": 0.9147320339189785, "threshold_error": 6.1155202995363265}, "yello": {"sample_sd": 0.24944382578492943, "sample_mean": 0.066666666666666666, "daily_article_count": 0, "30_day_error_count": 8, "threshold_warn": 0.56555431823652558, "30_day_warn_count": 0, "daily_sd": -0.2672612419124244, "threshold_error": 0.81499814402145498}, "menin": {"sample_sd": 5.0380772346424196, "sample_mean": 2.8666666666666667, "daily_article_count": 9, "30_day_error_count": 0, "threshold_warn": 12.942821135951506, "30_day_warn_count": 0, "daily_sd": 1.2173956546675786, "threshold_error": 17.980898370593927}, "plagu": {"sample_sd": 0.24944382578492943, "sample_mean": 0.066666666666666666, "daily_article_count": 0, "30_day_error_count": 5, "threshold_warn": 0.56555431823652558, "30_day_warn_count": 0, "daily_sd": -0.2672612419124244, "threshold_error": 0.81499814402145498}, "westn": {"sample_sd": 0.40000000000000013, "sample_mean": 0.20000000000000001, "daily_article_count": 0, "30_day_error_count": 1, "threshold_warn": 1.0000000000000002, "30_day_warn_count": 0, "daily_sd": -0.49999999999999989, "threshold_error": 1.4000000000000004}, "swine": {"sample_sd": 4.0639335077675112, "sample_mean": 4.5333333333333332, "daily_article_count": 31, "30_day_error_count": 16, "threshold_warn": 12.661200348868356, "30_day_warn_count": 5, "daily_sd": 6.5125737456285098, "threshold_error": 16.725133856635864}, "measl": {"sample_sd": 8.002846715735318, "sample_mean": 5.4333333333333336, "daily_article_count": 116, "30_day_error_count": 21, "threshold_warn": 21.43902676480397, "30_day_warn_count": 4, "daily_sd": 13.815917084762953, "threshold_error": 29.441873480539289}, "dengu": {"sample_sd": 1.8917951498216949, "sample_mean": 2.2333333333333334, "daily_article_count": 4, "30_day_error_count": 2, "threshold_warn": 6.0169236329767237, "30_day_warn_count": 0, "daily_sd": 0.93385727668938046, "threshold_error": 7.9087187827984184}, "ebola": {"sample_sd": 60.554621807275971, "sample_mean": 117.26666666666667, "daily_article_count": 62, "30_day_error_count": 0, "threshold_warn": 238.37591028121861, "30_day_warn_count": 0, "daily_sd": -0.91267462362428742, "threshold_error": 298.9305320884946}, "unkno": {"sample_sd": 24.945384788016842, "sample_mean": 52.833333333333336, "daily_article_count": 64, "30_day_error_count": 0, "threshold_warn": 102.72410290936702, "30_day_warn_count": 0, "daily_sd": 0.44764459484428798, "threshold_error": 127.66948769738386}, "mumps": {"sample_sd": 0.65743609744386722, "sample_mean": 0.36666666666666664, "daily_article_count": 2, "30_day_error_count": 0, "threshold_warn": 1.6815388615544011, "30_day_warn_count": 0, "daily_sd": 2.4843986201606301, "threshold_error": 2.3389749589982682}}