{"hemmo": {"sample_sd": 0.24944382578492943, "sample_mean": 0.066666666666666666, "daily_article_count": 1, "30_day_error_count": 1, "threshold_warn": 0.56555431823652558, "30_day_warn_count": 0, "daily_sd": 3.7416573867739413, "threshold_error": 0.81499814402145498}, "mersc": {"sample_sd": 5.7778311963342555, "sample_mean": 6.5, "daily_article_count": 0, "30_day_error_count": 0, "threshold_warn": 18.055662392668509, "30_day_warn_count": 0, "daily_sd": -1.1249895988868495, "threshold_error": 23.833493589002767}, "influ": {"sample_sd": 6.0648348882902186, "sample_mean": 10.866666666666667, "daily_article_count": 5, "30_day_error_count": 1, "threshold_warn": 22.996336443247102, "30_day_warn_count": 0, "daily_sd": -0.96732504259824648, "threshold_error": 29.061171331537324}, "pertu": {"sample_sd": 1.5162087220725546, "sample_mean": 2.0333333333333332, "daily_article_count": 1, "30_day_error_count": 0, "threshold_warn": 5.065750777478442, "30_day_warn_count": 0, "daily_sd": -0.68152446183058257, "threshold_error": 6.5819594995509974}, "moldf": {"sample_sd": 0.91651513899116799, "sample_mean": 0.59999999999999998, "daily_article_count": 0, "30_day_error_count": 0, "threshold_warn": 2.4330302779823358, "30_day_warn_count": 0, "daily_sd": -0.65465367070797709, "threshold_error": 3.3495454169735042}, "chole": {"sample_sd": 4.0012498047485119, "sample_mean": 4.7000000000000002, "daily_article_count": 4, "30_day_error_count": 0, "threshold_warn": 12.702499609497025, "30_day_warn_count": 0, "daily_sd": -0.17494533812142149, "threshold_error": 16.703749414245536}, "hepat": {"sample_sd": 6.5111869544312393, "sample_mean": 5.7333333333333334, "daily_article_count": 0, "30_day_error_count": 0, "threshold_warn": 18.755707242195811, "30_day_warn_count": 0, "daily_sd": -0.88053581834744721, "threshold_error": 25.266894196627053}, "chiku": {"sample_sd": 2.2201101073795617, "sample_mean": 2.0666666666666669, "daily_article_count": 3, "30_day_error_count": 0, "threshold_warn": 6.5068868814257907, "30_day_warn_count": 0, "daily_sd": 0.4203995694767429, "threshold_error": 8.726996988805352}, "yello": {"sample_sd": 0.66999170807472597, "sample_mean": 0.46666666666666667, "daily_article_count": 0, "30_day_error_count": 0, "threshold_warn": 1.8066500828161187, "30_day_warn_count": 0, "daily_sd": -0.69652603314699246, "threshold_error": 2.4766417908908447}, "menin": {"sample_sd": 2.960668092771555, "sample_mean": 4.3666666666666663, "daily_article_count": 10, "30_day_error_count": 0, "threshold_warn": 10.288002852209775, "30_day_warn_count": 0, "daily_sd": 1.9027236950629716, "threshold_error": 13.248670944981331}, "plagu": {"sample_sd": 0.59628479399994383, "sample_mean": 0.33333333333333331, "daily_article_count": 0, "30_day_error_count": 0, "threshold_warn": 1.5259029213332209, "30_day_warn_count": 0, "daily_sd": -0.55901699437494745, "threshold_error": 2.122187715333165}, "westn": {"sample_sd": 0.65743609744386733, "sample_mean": 0.36666666666666664, "daily_article_count": 0, "30_day_error_count": 1, "threshold_warn": 1.6815388615544014, "30_day_warn_count": 0, "daily_sd": -0.55772213921973313, "threshold_error": 2.3389749589982687}, "swine": {"sample_sd": 25.11000243373589, "sample_mean": 42.233333333333334, "daily_article_count": 1, "30_day_error_count": 0, "threshold_warn": 92.453338200805121, "30_day_warn_count": 0, "daily_sd": -1.6421078987206852, "threshold_error": 117.56334063454101}, "measl": {"sample_sd": 54.859416288870186, "sample_mean": 87.333333333333329, "daily_article_count": 3, "30_day_error_count": 0, "threshold_warn": 197.0521659110737, "30_day_warn_count": 0, "daily_sd": -1.5372626804715523, "threshold_error": 251.91158219994389}, "dengu": {"sample_sd": 2.6551836094703507, "sample_mean": 4.5, "daily_article_count": 1, "30_day_error_count": 1, "threshold_warn": 9.8103672189407014, "30_day_warn_count": 0, "daily_sd": -1.3181762600207416, "threshold_error": 12.465550828411052}, "ebola": {"sample_sd": 33.162914360606024, "sample_mean": 82.766666666666666, "daily_article_count": 61, "30_day_error_count": 0, "threshold_warn": 149.09249538787873, "30_day_warn_count": 0, "daily_sd": -0.65635566373874321, "threshold_error": 182.25540974848474}, "unkno": {"sample_sd": 30.119318274710889, "sample_mean": 63.399999999999999, "daily_article_count": 19, "30_day_error_count": 0, "threshold_warn": 123.63863654942178, "30_day_warn_count": 0, "daily_sd": -1.4741369507449846, "threshold_error": 153.75795482413267}, "mumps": {"sample_sd": 0.71802197428460057, "sample_mean": 0.46666666666666667, "daily_article_count": 0, "30_day_error_count": 0, "threshold_warn": 1.9027106152358679, "30_day_warn_count": 0, "daily_sd": -0.64993368361968151, "threshold_error": 2.6207325895204683}}