{"hemmo": {"sample_sd": 0.17950549357115012, "sample_mean": 0.033333333333433336, "daily_article_count": 0, "30_day_error_count": 3, "threshold_warn": 0.39234432047573359, "30_day_warn_count": 0, "daily_sd": -0.185695338177609, "threshold_error": 0.57184981404688373}, "mersc": {"sample_sd": 1.5989579940281942, "sample_mean": 0.90000000000010005, "daily_article_count": 0, "30_day_error_count": 2, "threshold_warn": 4.0979159880564886, "30_day_warn_count": 2, "daily_sd": -0.56286656895392495, "threshold_error": 5.6968739820846821}, "influ": {"sample_sd": 14.718997550407055, "sample_mean": 15.466666666666766, "daily_article_count": 0, "30_day_error_count": 0, "threshold_warn": 44.904661767480874, "30_day_warn_count": 0, "daily_sd": -1.050796198158144, "threshold_error": 59.623659317887935}, "pertu": {"sample_sd": 0.61553951042064614, "sample_mean": 0.43333333333343332, "daily_article_count": 0, "30_day_error_count": 2, "threshold_warn": 1.6644123541747256, "30_day_warn_count": 1, "daily_sd": -0.70398946939620966, "threshold_error": 2.2799518645953718}, "moldf": {"sample_sd": 0.60000000000000009, "sample_mean": 0.20000000000010001, "daily_article_count": 0, "30_day_error_count": 0, "threshold_warn": 1.4000000000001003, "30_day_warn_count": 0, "daily_sd": -0.33333333333349996, "threshold_error": 2.0000000000001004}, "chole": {"sample_sd": 2.5166114784235831, "sample_mean": 2.0000000000000999, "daily_article_count": 2, "30_day_error_count": 0, "threshold_warn": 7.0332229568472666, "30_day_warn_count": 0, "daily_sd": -3.9704210631215305e-14, "threshold_error": 9.5498344352708493}, "hepat": {"sample_sd": 1.3682917167849196, "sample_mean": 0.8333333333334334, "daily_article_count": 0, "30_day_error_count": 0, "threshold_warn": 3.5699167669032725, "30_day_warn_count": 1, "daily_sd": -0.60903192141769302, "threshold_error": 4.9382084836881921}, "chiku": {"sample_sd": 0.66332495807108005, "sample_mean": 0.4000000000001, "daily_article_count": 0, "30_day_error_count": 2, "threshold_warn": 1.7266499161422602, "30_day_warn_count": 0, "daily_sd": -0.60302268915567792, "threshold_error": 2.38997487421334}, "yello": {"sample_sd": 0.29999999999999999, "sample_mean": 0.10000000000010001, "daily_article_count": 0, "30_day_error_count": 0, "threshold_warn": 0.70000000000009999, "30_day_warn_count": 0, "daily_sd": -0.33333333333366671, "threshold_error": 1.0000000000000999}, "menin": {"sample_sd": 1.7838784213679537, "sample_mean": 0.86666666666676673, "daily_article_count": 2, "30_day_error_count": 2, "threshold_warn": 4.4344235094026745, "30_day_warn_count": 5, "daily_sd": 0.63531982883908944, "threshold_error": 6.218301930770628}, "plagu": {"sample_sd": 0.33993463423951903, "sample_mean": 0.13333333333343333, "daily_article_count": 0, "30_day_error_count": 0, "threshold_warn": 0.81320260181247139, "30_day_warn_count": 0, "daily_sd": -0.39223227027666219, "threshold_error": 1.1531372360519905}, "westn": {"sample_sd": 0.45338235029118146, "sample_mean": 0.16666666666676666, "daily_article_count": 0, "30_day_error_count": 6, "threshold_warn": 1.0734313672491296, "30_day_warn_count": 0, "daily_sd": -0.36760731104712441, "threshold_error": 1.5268137175403111}, "swine": {"sample_sd": 9.3870478142314084, "sample_mean": 8.5000000000000995, "daily_article_count": 1, "30_day_error_count": 0, "threshold_warn": 27.274095628462916, "30_day_warn_count": 0, "daily_sd": -0.79897323934257425, "threshold_error": 36.661143442694325}, "measl": {"sample_sd": 3.1589379368529684, "sample_mean": 3.433333333333433, "daily_article_count": 6, "30_day_error_count": 3, "threshold_warn": 9.7512092070393699, "30_day_warn_count": 4, "daily_sd": 0.81250936801359241, "threshold_error": 12.910147143892338}, "dengu": {"sample_sd": 1.682920741515245, "sample_mean": 1.9666666666667665, "daily_article_count": 3, "30_day_error_count": 2, "threshold_warn": 5.3325081496972562, "30_day_warn_count": 5, "daily_sd": 0.61401188293802544, "threshold_error": 7.0154288912125011}, "ebola": {"sample_sd": 1.0832051206181279, "sample_mean": 0.60000000000010001, "daily_article_count": 0, "30_day_error_count": 0, "threshold_warn": 2.7664102412363558, "30_day_warn_count": 0, "daily_sd": -0.55391170940708967, "threshold_error": 3.8496153618544837}, "unkno": {"sample_sd": 26.555518363525792, "sample_mean": 40.733333333333434, "daily_article_count": 18, "30_day_error_count": 0, "threshold_warn": 93.844370060385017, "30_day_warn_count": 0, "daily_sd": -0.85606814456154023, "threshold_error": 120.39988842391081}, "mumps": {"sample_sd": 0.0, "sample_mean": 1e-13, "daily_article_count": 1, "30_day_error_count": 8, "threshold_warn": 1e-13, "30_day_warn_count": 0, "daily_sd": Infinity, "threshold_error": 1e-13}}