{"hemmo": {"sample_sd": 2.3572582944316194, "sample_mean": 0.90000000000010005, "daily_article_count": 0, "30_day_error_count": 0, "threshold_warn": 5.6145165888633386, "30_day_warn_count": 0, "daily_sd": -0.38179948380120454, "threshold_error": 7.971774883294958}, "mersc": {"sample_sd": 1.4624940645653539, "sample_mean": 1.1666666666667667, "daily_article_count": 43, "30_day_error_count": 18, "threshold_warn": 4.0916547957974743, "30_day_warn_count": 12, "daily_sd": 28.604104691369056, "threshold_error": 5.5541488603628286}, "influ": {"sample_sd": 2.6882460204874601, "sample_mean": 3.8000000000000997, "daily_article_count": 3, "30_day_error_count": 3, "threshold_warn": 9.1764920409750204, "30_day_warn_count": 5, "daily_sd": -0.29759181038610283, "threshold_error": 11.86473806146248}, "pertu": {"sample_sd": 0.54670731556189078, "sample_mean": 0.36666666666676662, "daily_article_count": 2, "30_day_error_count": 4, "threshold_warn": 1.4600812977905482, "30_day_warn_count": 0, "daily_sd": 2.9875827281633103, "threshold_error": 2.0067886133524389}, "moldf": {"sample_sd": 0.42687494916218993, "sample_mean": 0.13333333333343333, "daily_article_count": 0, "30_day_error_count": 6, "threshold_warn": 0.9870832316578132, "30_day_warn_count": 1, "daily_sd": -0.3123475237774464, "threshold_error": 1.413958180820003}, "chole": {"sample_sd": 2.4287628309262494, "sample_mean": 2.6333333333334332, "daily_article_count": 0, "30_day_error_count": 0, "threshold_warn": 7.4908589951859321, "30_day_warn_count": 0, "daily_sd": -1.0842282744952776, "threshold_error": 9.9196218261121807}, "hepat": {"sample_sd": 1.5362291495737217, "sample_mean": 1.2000000000000999, "daily_article_count": 1, "30_day_error_count": 2, "threshold_warn": 4.2724582991475435, "30_day_warn_count": 0, "daily_sd": -0.13018891098088889, "threshold_error": 5.8086874487212645}, "chiku": {"sample_sd": 0.49553562491061681, "sample_mean": 0.23333333333343334, "daily_article_count": 2, "30_day_error_count": 13, "threshold_warn": 1.224404583154667, "30_day_warn_count": 2, "daily_sd": 3.5651658081802546, "threshold_error": 1.7199402080652837}, "yello": {"sample_sd": 0.37267799624996495, "sample_mean": 0.16666666666676666, "daily_article_count": 0, "30_day_error_count": 2, "threshold_warn": 0.91202265916669656, "30_day_warn_count": 0, "daily_sd": -0.44721359550022627, "threshold_error": 1.2847006554166616}, "menin": {"sample_sd": 3.6253735439721702, "sample_mean": 2.7000000000001001, "daily_article_count": 1, "30_day_error_count": 1, "threshold_warn": 9.9507470879444408, "30_day_warn_count": 0, "daily_sd": -0.46891719691248179, "threshold_error": 13.576120631916611}, "plagu": {"sample_sd": 0.0, "sample_mean": 1e-13, "daily_article_count": 0, "30_day_error_count": 3, "threshold_warn": 1e-13, "30_day_warn_count": 0, "daily_sd": -Infinity, "threshold_error": 1e-13}, "westn": {"sample_sd": 0.29999999999999999, "sample_mean": 0.10000000000010001, "daily_article_count": 0, "30_day_error_count": 1, "threshold_warn": 0.70000000000009999, "30_day_warn_count": 0, "daily_sd": -0.33333333333366671, "threshold_error": 1.0000000000000999}, "swine": {"sample_sd": 1.8245242911205346, "sample_mean": 1.9333333333334333, "daily_article_count": 2, "30_day_error_count": 1, "threshold_warn": 5.5823819155745023, "30_day_warn_count": 1, "daily_sd": 0.036539204762038709, "threshold_error": 7.4069062066950373}, "measl": {"sample_sd": 3.7101961613310364, "sample_mean": 6.3666666666667666, "daily_article_count": 16, "30_day_error_count": 6, "threshold_warn": 13.787058989328839, "30_day_warn_count": 7, "daily_sd": 2.5964485203599765, "threshold_error": 17.497255150659875}, "dengu": {"sample_sd": 2.3228335186912465, "sample_mean": 3.2666666666667665, "daily_article_count": 2, "30_day_error_count": 5, "threshold_warn": 7.9123337040492601, "30_day_warn_count": 3, "daily_sd": -0.54531099903381974, "threshold_error": 10.235167222740506}, "ebola": {"sample_sd": 22.058533244277346, "sample_mean": 10.233333333333432, "daily_article_count": 0, "30_day_error_count": 0, "threshold_warn": 54.350399821888125, "30_day_warn_count": 9, "daily_sd": -0.4639172160727536, "threshold_error": 76.408933066165474}, "unkno": {"sample_sd": 17.796535243318196, "sample_mean": 38.500000000000099, "daily_article_count": 40, "30_day_error_count": 0, "threshold_warn": 74.093070486636492, "30_day_warn_count": 0, "daily_sd": 0.084286069141637193, "threshold_error": 91.889605729954695}, "mumps": {"sample_sd": 2.2757172251597715, "sample_mean": 1.5666666666667666, "daily_article_count": 0, "30_day_error_count": 1, "threshold_warn": 6.1181011169863098, "30_day_warn_count": 1, "daily_sd": -0.68842765232256631, "threshold_error": 8.3938183421460799}}