{"hemmo": {"sample_sd": 0.69041050590693265, "sample_mean": 0.29999999999999999, "daily_article_count": 0, "30_day_error_count": 0, "threshold_warn": 1.6808210118138653, "30_day_warn_count": 0, "daily_sd": -0.4345240946267408, "threshold_error": 2.3712315177207977}, "mersc": {"sample_sd": 7.5795045279285169, "sample_mean": 7.5333333333333332, "daily_article_count": 8, "30_day_error_count": 0, "threshold_warn": 22.692342389190365, "30_day_warn_count": 0, "daily_sd": 0.061569547844073529, "threshold_error": 30.271846917118886}, "influ": {"sample_sd": 5.4829027186538903, "sample_mean": 10.066666666666666, "daily_article_count": 5, "30_day_error_count": 0, "threshold_warn": 21.032472103974449, "30_day_warn_count": 0, "daily_sd": -0.92408472786301521, "threshold_error": 26.515374822628338}, "pertu": {"sample_sd": 1.2, "sample_mean": 1.3999999999999999, "daily_article_count": 1, "30_day_error_count": 3, "threshold_warn": 3.7999999999999998, "30_day_warn_count": 0, "daily_sd": -0.33333333333333326, "threshold_error": 5.0}, "moldf": {"sample_sd": 1.0225241100118647, "sample_mean": 0.76666666666666672, "daily_article_count": 1, "30_day_error_count": 0, "threshold_warn": 2.811714886690396, "30_day_warn_count": 0, "daily_sd": 0.22819347832358283, "threshold_error": 3.8342389967022608}, "chole": {"sample_sd": 4.7356801693808119, "sample_mean": 5.7999999999999998, "daily_article_count": 2, "30_day_error_count": 1, "threshold_warn": 15.271360338761625, "30_day_warn_count": 0, "daily_sd": -0.80241905367035127, "threshold_error": 20.007040508142435}, "hepat": {"sample_sd": 7.7746739838758225, "sample_mean": 6.2333333333333334, "daily_article_count": 2, "30_day_error_count": 0, "threshold_warn": 21.782681301084978, "30_day_warn_count": 0, "daily_sd": -0.54450300322727307, "threshold_error": 29.557355284960803}, "chiku": {"sample_sd": 1.4375905768565218, "sample_mean": 1.0, "daily_article_count": 3, "30_day_error_count": 1, "threshold_warn": 3.8751811537130436, "30_day_warn_count": 0, "daily_sd": 1.3912166872805047, "threshold_error": 5.3127717305695654}, "yello": {"sample_sd": 0.24944382578492943, "sample_mean": 0.066666666666666666, "daily_article_count": 0, "30_day_error_count": 3, "threshold_warn": 0.56555431823652558, "30_day_warn_count": 0, "daily_sd": -0.2672612419124244, "threshold_error": 0.81499814402145498}, "menin": {"sample_sd": 2.745703714694812, "sample_mean": 4.166666666666667, "daily_article_count": 4, "30_day_error_count": 2, "threshold_warn": 9.658074096056291, "30_day_warn_count": 0, "daily_sd": -0.060700892734594322, "threshold_error": 12.403777810751102}, "plagu": {"sample_sd": 0.5120763831912406, "sample_mean": 0.26666666666666666, "daily_article_count": 2, "30_day_error_count": 9, "threshold_warn": 1.2908194330491478, "30_day_warn_count": 0, "daily_sd": 3.3849116855014203, "threshold_error": 1.8028958162403885}, "westn": {"sample_sd": 4.7376740659901406, "sample_mean": 8.5666666666666664, "daily_article_count": 7, "30_day_error_count": 1, "threshold_warn": 18.042014798646946, "30_day_warn_count": 0, "daily_sd": -0.33068266091015786, "threshold_error": 22.779688864637087}, "swine": {"sample_sd": 2.5263060428661888, "sample_mean": 2.8666666666666667, "daily_article_count": 3, "30_day_error_count": 0, "threshold_warn": 7.9192787523990447, "30_day_warn_count": 0, "daily_sd": 0.052777981396925945, "threshold_error": 10.445584795265233}, "measl": {"sample_sd": 5.3024103533728457, "sample_mean": 5.8666666666666663, "daily_article_count": 5, "30_day_error_count": 0, "threshold_warn": 16.471487373412359, "30_day_warn_count": 0, "daily_sd": -0.16344767924560619, "threshold_error": 21.773897726785204}, "dengu": {"sample_sd": 4.0611985094714749, "sample_mean": 9.1999999999999993, "daily_article_count": 5, "30_day_error_count": 0, "threshold_warn": 17.322397018942951, "30_day_warn_count": 0, "daily_sd": -1.0341774700755979, "threshold_error": 21.383595528414425}, "ebola": {"sample_sd": 21.640907764899534, "sample_mean": 41.93333333333333, "daily_article_count": 16, "30_day_error_count": 1, "threshold_warn": 85.215148863132399, "30_day_warn_count": 0, "daily_sd": -1.1983477594870533, "threshold_error": 106.85605662803192}, "unkno": {"sample_sd": 23.199353439266361, "sample_mean": 60.299999999999997, "daily_article_count": 46, "30_day_error_count": 0, "threshold_warn": 106.69870687853272, "30_day_warn_count": 6, "daily_sd": -0.61639648869680785, "threshold_error": 129.89806031779909}, "mumps": {"sample_sd": 1.015983376941878, "sample_mean": 0.6333333333333333, "daily_article_count": 1, "30_day_error_count": 3, "threshold_warn": 2.6653000872170893, "30_day_warn_count": 0, "daily_sd": 0.3608982932086327, "threshold_error": 3.6812834641589673}}