{"hemmo": {"sample_sd": 0.80553639823963796, "sample_mean": 0.46666666666676665, "daily_article_count": 3, "30_day_error_count": 1, "threshold_warn": 2.0777394631460426, "30_day_warn_count": 0, "daily_sd": 3.1449023766888748, "threshold_error": 2.8832758613856808}, "mersc": {"sample_sd": 1.2036980056845192, "sample_mean": 0.86666666666676673, "daily_article_count": 6, "30_day_error_count": 7, "threshold_warn": 3.2740626780358051, "30_day_warn_count": 2, "daily_sd": 4.2646355722870943, "threshold_error": 4.4777606837203248}, "influ": {"sample_sd": 1.8633899812498247, "sample_mean": 2.8333333333334334, "daily_article_count": 12, "30_day_error_count": 14, "threshold_warn": 6.5601132958330828, "30_day_warn_count": 20, "daily_sd": 4.9193495504994837, "threshold_error": 8.4235032770829079}, "pertu": {"sample_sd": 2.1746008573733455, "sample_mean": 2.0666666666667668, "daily_article_count": 1, "30_day_error_count": 0, "threshold_warn": 6.4158683814134578, "30_day_warn_count": 0, "daily_sd": -0.49051147158801867, "threshold_error": 8.5904692387868025}, "moldf": {"sample_sd": 0.37267799624996495, "sample_mean": 0.16666666666676666, "daily_article_count": 0, "30_day_error_count": 0, "threshold_warn": 0.91202265916669656, "30_day_warn_count": 0, "daily_sd": -0.44721359550022627, "threshold_error": 1.2847006554166616}, "chole": {"sample_sd": 5.9963878015574235, "sample_mean": 6.9000000000001007, "daily_article_count": 3, "30_day_error_count": 0, "threshold_warn": 18.892775603114949, "30_day_warn_count": 0, "daily_sd": -0.65039155722836428, "threshold_error": 24.88916340467237}, "hepat": {"sample_sd": 1.2775845264491201, "sample_mean": 1.6333333333334332, "daily_article_count": 1, "30_day_error_count": 1, "threshold_warn": 4.1885023862316739, "30_day_warn_count": 0, "daily_sd": -0.49572714777135002, "threshold_error": 5.4660869126807938}, "chiku": {"sample_sd": 3.2463654891106897, "sample_mean": 3.8333333333334334, "daily_article_count": 2, "30_day_error_count": 0, "threshold_warn": 10.326064311554813, "30_day_warn_count": 2, "daily_sd": -0.56473411249688255, "threshold_error": 13.572429800665502}, "yello": {"sample_sd": 0.65743609744386722, "sample_mean": 0.36666666666676662, "daily_article_count": 0, "30_day_error_count": 0, "threshold_warn": 1.6815388615545011, "30_day_warn_count": 0, "daily_sd": -0.55772213921988534, "threshold_error": 2.3389749589983682}, "menin": {"sample_sd": 1.4624940645653537, "sample_mean": 1.8333333333334332, "daily_article_count": 2, "30_day_error_count": 5, "threshold_warn": 4.7583214624641403, "30_day_warn_count": 7, "daily_sd": 0.11396057645956968, "threshold_error": 6.2208155270294947}, "plagu": {"sample_sd": 0.45338235029118146, "sample_mean": 0.16666666666676666, "daily_article_count": 0, "30_day_error_count": 0, "threshold_warn": 1.0734313672491296, "30_day_warn_count": 0, "daily_sd": -0.36760731104712441, "threshold_error": 1.5268137175403111}, "westn": {"sample_sd": 2.511307760244982, "sample_mean": 5.4000000000001007, "daily_article_count": 3, "30_day_error_count": 0, "threshold_warn": 10.422615520490066, "30_day_warn_count": 0, "daily_sd": -0.95567737176345802, "threshold_error": 12.933923280735048}, "swine": {"sample_sd": 0.9775252199076786, "sample_mean": 0.66666666666676666, "daily_article_count": 3, "30_day_error_count": 1, "threshold_warn": 2.6217171064821239, "30_day_warn_count": 0, "daily_sd": 2.3869801881465555, "threshold_error": 3.5992423263898026}, "measl": {"sample_sd": 1.6110727964792761, "sample_mean": 1.9333333333334333, "daily_article_count": 4, "30_day_error_count": 4, "threshold_warn": 5.1554789262919858, "30_day_warn_count": 0, "daily_sd": 1.2827891273336085, "threshold_error": 6.7665517227712613}, "dengu": {"sample_sd": 3.1979159880563883, "sample_mean": 3.8000000000000997, "daily_article_count": 5, "30_day_error_count": 2, "threshold_warn": 10.195831976112876, "30_day_warn_count": 19, "daily_sd": 0.37524437930254373, "threshold_error": 13.393747964169265}, "ebola": {"sample_sd": 150.93885811443286, "sample_mean": 409.1666666666668, "daily_article_count": 875, "30_day_error_count": 1, "threshold_warn": 711.04438289553252, "30_day_warn_count": 0, "daily_sd": 3.0862386210724218, "threshold_error": 861.98324100996547}, "unkno": {"sample_sd": 69.956216465888303, "sample_mean": 59.833333333333435, "daily_article_count": 109, "30_day_error_count": 0, "threshold_warn": 199.74576626511003, "30_day_warn_count": 0, "daily_sd": 0.70282055191822679, "threshold_error": 269.70198273099834}, "mumps": {"sample_sd": 0.82259751195020436, "sample_mean": 0.30000000000009996, "daily_article_count": 0, "30_day_error_count": 0, "threshold_warn": 1.9451950239005087, "30_day_warn_count": 0, "daily_sd": -0.36469840431302003, "threshold_error": 2.7677925358507132}}