{"hemmo": {"sample_sd": 0.0, "sample_mean": 0.0, "daily_article_count": 0, "30_day_error_count": 1, "threshold_warn": 0.0, "30_day_warn_count": 0, "daily_sd": 0, "threshold_error": 0.0}, "mersc": {"sample_sd": 1.5423647068345698, "sample_mean": 0.76666666666666672, "daily_article_count": 1, "30_day_error_count": 1, "threshold_warn": 3.8513960803358063, "30_day_warn_count": 2, "daily_sd": 0.15128285307578684, "threshold_error": 5.3937607871703763}, "influ": {"sample_sd": 15.92133439410431, "sample_mean": 9.3333333333333339, "daily_article_count": 5, "30_day_error_count": 0, "threshold_warn": 41.176002121541956, "30_day_warn_count": 0, "daily_sd": -0.27217149179015881, "threshold_error": 57.097336515646269}, "pertu": {"sample_sd": 0.30000000000000004, "sample_mean": 0.10000000000000001, "daily_article_count": 1, "30_day_error_count": 4, "threshold_warn": 0.70000000000000007, "30_day_warn_count": 0, "daily_sd": 2.9999999999999996, "threshold_error": 1.0000000000000002}, "moldf": {"sample_sd": 0.17950549357115012, "sample_mean": 0.033333333333333333, "daily_article_count": 1, "30_day_error_count": 5, "threshold_warn": 0.39234432047563356, "30_day_warn_count": 0, "daily_sd": 5.3851648071345046, "threshold_error": 0.5718498140467837}, "chole": {"sample_sd": 2.1031722072463142, "sample_mean": 0.90000000000000002, "daily_article_count": 1, "30_day_error_count": 0, "threshold_warn": 5.1063444144926287, "30_day_warn_count": 0, "daily_sd": 0.047547223976932493, "threshold_error": 7.2095166217389428}, "hepat": {"sample_sd": 3.4247465437443529, "sample_mean": 0.93333333333333335, "daily_article_count": 0, "30_day_error_count": 0, "threshold_warn": 7.7828264208220395, "30_day_warn_count": 0, "daily_sd": -0.27252625016533305, "threshold_error": 11.207572964566392}, "chiku": {"sample_sd": 0.40000000000000008, "sample_mean": 0.20000000000000001, "daily_article_count": 0, "30_day_error_count": 3, "threshold_warn": 1.0000000000000002, "30_day_warn_count": 0, "daily_sd": -0.49999999999999994, "threshold_error": 1.4000000000000001}, "yello": {"sample_sd": 0.17950549357115014, "sample_mean": 0.033333333333333333, "daily_article_count": 0, "30_day_error_count": 2, "threshold_warn": 0.39234432047563361, "30_day_warn_count": 0, "daily_sd": -0.18569533817705186, "threshold_error": 0.5718498140467837}, "menin": {"sample_sd": 0.37267799624996495, "sample_mean": 0.16666666666666666, "daily_article_count": 0, "30_day_error_count": 6, "threshold_warn": 0.91202265916659653, "30_day_warn_count": 0, "daily_sd": -0.44721359549995793, "threshold_error": 1.2847006554165616}, "plagu": {"sample_sd": 0.0, "sample_mean": 0.0, "daily_article_count": 0, "30_day_error_count": 4, "threshold_warn": 0.0, "30_day_warn_count": 0, "daily_sd": 0, "threshold_error": 0.0}, "westn": {"sample_sd": 1.7413277182145301, "sample_mean": 0.6333333333333333, "daily_article_count": 0, "30_day_error_count": 0, "threshold_warn": 4.115988769762394, "30_day_warn_count": 0, "daily_sd": -0.3637071452481796, "threshold_error": 5.8573164879769237}, "swine": {"sample_sd": 9.6882517629457912, "sample_mean": 6.2666666666666666, "daily_article_count": 5, "30_day_error_count": 0, "threshold_warn": 25.643170192558248, "30_day_warn_count": 0, "daily_sd": -0.13074254237603816, "threshold_error": 35.331421955504041}, "measl": {"sample_sd": 3.5510561809129411, "sample_mean": 2.2999999999999998, "daily_article_count": 2, "30_day_error_count": 0, "threshold_warn": 9.4021123618258819, "30_day_warn_count": 0, "daily_sd": -0.0844819075554228, "threshold_error": 12.953168542738823}, "dengu": {"sample_sd": 1.7307673314329557, "sample_mean": 0.93333333333333335, "daily_article_count": 8, "30_day_error_count": 1, "threshold_warn": 4.3948679961992445, "30_day_warn_count": 7, "daily_sd": 4.0829674435881307, "threshold_error": 6.1256353276322004}, "ebola": {"sample_sd": 0.97125348562223113, "sample_mean": 0.29999999999999999, "daily_article_count": 0, "30_day_error_count": 0, "threshold_warn": 2.2425069712444623, "30_day_warn_count": 0, "daily_sd": -0.30887920037456107, "threshold_error": 3.2137604568666931}, "unkno": {"sample_sd": 22.446875555903592, "sample_mean": 13.933333333333334, "daily_article_count": 22, "30_day_error_count": 1, "threshold_warn": 58.827084445140514, "30_day_warn_count": 9, "daily_sd": 0.35936701509200064, "threshold_error": 81.273960001044117}, "mumps": {"sample_sd": 0.0, "sample_mean": 0.0, "daily_article_count": 0, "30_day_error_count": 0, "threshold_warn": 0.0, "30_day_warn_count": 0, "daily_sd": 0, "threshold_error": 0.0}}