{"hemmo": {"sample_sd": 0.37267799624996495, "sample_mean": 0.16666666666666666, "daily_article_count": 0, "30_day_error_count": 0, "threshold_warn": 0.91202265916659653, "30_day_warn_count": 0, "daily_sd": -0.44721359549995793, "threshold_error": 1.2847006554165616}, "mersc": {"sample_sd": 4.1447423187562444, "sample_mean": 2.4333333333333331, "daily_article_count": 0, "30_day_error_count": 2, "threshold_warn": 10.722817970845822, "30_day_warn_count": 9, "daily_sd": -0.58708917133925198, "threshold_error": 14.867560289602068}, "influ": {"sample_sd": 9.6832616176346029, "sample_mean": 16.033333333333335, "daily_article_count": 9, "30_day_error_count": 0, "threshold_warn": 35.399856568602544, "30_day_warn_count": 0, "daily_sd": -0.72633928639546719, "threshold_error": 45.083118186237144}, "pertu": {"sample_sd": 1.6316317667360554, "sample_mean": 1.9333333333333333, "daily_article_count": 1, "30_day_error_count": 0, "threshold_warn": 5.1965968668054439, "30_day_warn_count": 0, "daily_sd": -0.57202449251180587, "threshold_error": 6.8282286335414994}, "moldf": {"sample_sd": 0.53748384988656994, "sample_mean": 0.33333333333333331, "daily_article_count": 0, "30_day_error_count": 6, "threshold_warn": 1.4083010331064731, "30_day_warn_count": 2, "daily_sd": -0.62017367294604231, "threshold_error": 1.9457848829930431}, "chole": {"sample_sd": 2.8057480682025289, "sample_mean": 3.8333333333333335, "daily_article_count": 1, "30_day_error_count": 2, "threshold_warn": 9.4448294697383908, "30_day_warn_count": 0, "daily_sd": -1.0098316970947705, "threshold_error": 12.25057753794092}, "hepat": {"sample_sd": 1.7792008193443358, "sample_mean": 2.0333333333333332, "daily_article_count": 3, "30_day_error_count": 7, "threshold_warn": 5.5917349720220049, "30_day_warn_count": 3, "daily_sd": 0.54331509751827733, "threshold_error": 7.3709357913663407}, "chiku": {"sample_sd": 2.6551836094703507, "sample_mean": 2.5, "daily_article_count": 0, "30_day_error_count": 0, "threshold_warn": 7.8103672189407014, "30_day_warn_count": 0, "daily_sd": -0.94155447144338678, "threshold_error": 10.465550828411052}, "yello": {"sample_sd": 0.60461190490723515, "sample_mean": 0.36666666666666664, "daily_article_count": 0, "30_day_error_count": 0, "threshold_warn": 1.575890476481137, "30_day_warn_count": 0, "daily_sd": -0.60644963106196836, "threshold_error": 2.1805023813883722}, "menin": {"sample_sd": 2.5993588953175872, "sample_mean": 4.0999999999999996, "daily_article_count": 1, "30_day_error_count": 1, "threshold_warn": 9.2987177906351732, "30_day_warn_count": 0, "daily_sd": -1.1926017625285426, "threshold_error": 11.898076685952761}, "plagu": {"sample_sd": 0.74535599249992979, "sample_mean": 0.33333333333333331, "daily_article_count": 0, "30_day_error_count": 0, "threshold_warn": 1.8240453183331928, "30_day_warn_count": 0, "daily_sd": -0.44721359549995798, "threshold_error": 2.5694013108331228}, "westn": {"sample_sd": 0.45338235029118146, "sample_mean": 0.16666666666666666, "daily_article_count": 1, "30_day_error_count": 3, "threshold_warn": 1.0734313672490297, "30_day_warn_count": 0, "daily_sd": 1.8380365552345195, "threshold_error": 1.5268137175402112}, "swine": {"sample_sd": 12.37668058173201, "sample_mean": 20.133333333333333, "daily_article_count": 15, "30_day_error_count": 7, "threshold_warn": 44.886694496797354, "30_day_warn_count": 16, "daily_sd": -0.41475848871062704, "threshold_error": 57.263375078529364}, "measl": {"sample_sd": 57.842736987648003, "sample_mean": 85.466666666666669, "daily_article_count": 8, "30_day_error_count": 0, "threshold_warn": 201.15214064196266, "30_day_warn_count": 0, "daily_sd": -1.3392635048235917, "threshold_error": 258.99487762961064}, "dengu": {"sample_sd": 2.4695928589321943, "sample_mean": 3.9666666666666668, "daily_article_count": 6, "30_day_error_count": 0, "threshold_warn": 8.9058523845310553, "30_day_warn_count": 0, "daily_sd": 0.82334759188302342, "threshold_error": 11.37544524346325}, "ebola": {"sample_sd": 34.523116249196789, "sample_mean": 88.766666666666666, "daily_article_count": 75, "30_day_error_count": 0, "threshold_warn": 157.81289916506023, "30_day_warn_count": 0, "daily_sd": -0.39876662834534699, "threshold_error": 192.33601541425702}, "unkno": {"sample_sd": 22.859692814111821, "sample_mean": 59.966666666666669, "daily_article_count": 25, "30_day_error_count": 1, "threshold_warn": 105.68605229489032, "30_day_warn_count": 0, "daily_sd": -1.5296210212011656, "threshold_error": 128.54574510900213}, "mumps": {"sample_sd": 0.71180521680208741, "sample_mean": 0.59999999999999998, "daily_article_count": 0, "30_day_error_count": 0, "threshold_warn": 2.0236104336041749, "30_day_warn_count": 0, "daily_sd": -0.84292723042352458, "threshold_error": 2.7354156504062623}}