{"hemmo": {"sample_sd": 0.33993463423951903, "sample_mean": 0.13333333333343333, "daily_article_count": 0, "30_day_error_count": 0, "threshold_warn": 0.81320260181247139, "30_day_warn_count": 0, "daily_sd": -0.39223227027666219, "threshold_error": 1.1531372360519905}, "mersc": {"sample_sd": 5.4042164608345917, "sample_mean": 3.1666666666667664, "daily_article_count": 0, "30_day_error_count": 0, "threshold_warn": 13.975099588335951, "30_day_warn_count": 8, "daily_sd": -0.58596221850405439, "threshold_error": 19.379316049170544}, "influ": {"sample_sd": 9.6318914722568039, "sample_mean": 15.4000000000001, "daily_article_count": 6, "30_day_error_count": 0, "threshold_warn": 34.663782944513706, "30_day_warn_count": 0, "daily_sd": -0.97592461741033609, "threshold_error": 44.29567441677051}, "pertu": {"sample_sd": 1.601735170231195, "sample_mean": 1.9666666666667665, "daily_article_count": 0, "30_day_error_count": 0, "threshold_warn": 5.1701370071291564, "30_day_warn_count": 0, "daily_sd": -1.2278351023427281, "threshold_error": 6.7718721773603514}, "moldf": {"sample_sd": 0.53748384988656994, "sample_mean": 0.33333333333343329, "daily_article_count": 0, "30_day_error_count": 6, "threshold_warn": 1.4083010331065733, "30_day_warn_count": 2, "daily_sd": -0.62017367294622827, "threshold_error": 1.9457848829931432}, "chole": {"sample_sd": 2.8252826800556123, "sample_mean": 3.8666666666667666, "daily_article_count": 0, "30_day_error_count": 2, "threshold_warn": 9.5172320267779913, "30_day_warn_count": 0, "daily_sd": -1.3685946167307605, "threshold_error": 12.342514706833605}, "hepat": {"sample_sd": 1.9846634195472259, "sample_mean": 2.1666666666667664, "daily_article_count": 0, "30_day_error_count": 6, "threshold_warn": 6.1359935057612187, "30_day_warn_count": 4, "daily_sd": -1.0917048429103722, "threshold_error": 8.1206569253084453}, "chiku": {"sample_sd": 2.691756964429656, "sample_mean": 2.433333333333433, "daily_article_count": 1, "30_day_error_count": 0, "threshold_warn": 7.8168472621927449, "30_day_warn_count": 0, "daily_sd": -0.5324898764168835, "threshold_error": 10.508604226622401}, "yello": {"sample_sd": 0.60461190490723515, "sample_mean": 0.36666666666676662, "daily_article_count": 1, "30_day_error_count": 0, "threshold_warn": 1.5758904764812369, "30_day_warn_count": 0, "daily_sd": 1.0475039081977802, "threshold_error": 2.1805023813884721}, "menin": {"sample_sd": 2.960668092771555, "sample_mean": 4.3666666666667666, "daily_article_count": 3, "30_day_error_count": 0, "threshold_warn": 10.288002852209877, "30_day_warn_count": 0, "daily_sd": -0.46160752365436408, "threshold_error": 13.248670944981431}, "plagu": {"sample_sd": 0.74535599249992979, "sample_mean": 0.33333333333343329, "daily_article_count": 0, "30_day_error_count": 0, "threshold_warn": 1.824045318333293, "30_day_warn_count": 0, "daily_sd": -0.4472135955000921, "threshold_error": 2.5694013108332228}, "westn": {"sample_sd": 0.45338235029118146, "sample_mean": 0.16666666666676666, "daily_article_count": 0, "30_day_error_count": 3, "threshold_warn": 1.0734313672491296, "30_day_warn_count": 0, "daily_sd": -0.36760731104712441, "threshold_error": 1.5268137175403111}, "swine": {"sample_sd": 12.37061931441681, "sample_mean": 21.033333333333434, "daily_article_count": 19, "30_day_error_count": 6, "threshold_warn": 45.774571962167059, "30_day_warn_count": 21, "daily_sd": -0.16436794970836852, "threshold_error": 58.145191276583859}, "measl": {"sample_sd": 56.440883527221061, "sample_mean": 87.400000000000105, "daily_article_count": 8, "30_day_error_count": 0, "threshold_warn": 200.28176705444224, "30_day_warn_count": 0, "daily_sd": -1.4067816631840289, "threshold_error": 256.72265058166329}, "dengu": {"sample_sd": 2.4756592836836182, "sample_mean": 3.933333333333433, "daily_article_count": 0, "30_day_error_count": 0, "threshold_warn": 8.8846519007006695, "30_day_warn_count": 0, "daily_sd": -1.5888023684264385, "threshold_error": 11.360311184384287}, "ebola": {"sample_sd": 34.523116249196789, "sample_mean": 88.766666666666765, "daily_article_count": 96, "30_day_error_count": 0, "threshold_warn": 157.81289916506034, "30_day_warn_count": 0, "daily_sd": 0.20952144879162016, "threshold_error": 192.33601541425713}, "unkno": {"sample_sd": 22.841093571796328, "sample_mean": 60.133333333333432, "daily_article_count": 22, "30_day_error_count": 1, "threshold_warn": 105.81552047692608, "30_day_warn_count": 0, "daily_sd": -1.6695055870888607, "threshold_error": 128.65661404872242}, "mumps": {"sample_sd": 0.71180521680208741, "sample_mean": 0.60000000000010001, "daily_article_count": 0, "30_day_error_count": 0, "threshold_warn": 2.0236104336042748, "30_day_warn_count": 0, "daily_sd": -0.84292723042366502, "threshold_error": 2.7354156504063623}}