{"hemmo": {"sample_sd": 0.83599574693229672, "sample_mean": 0.36666666666666664, "daily_article_count": 0, "30_day_error_count": 0, "threshold_warn": 2.0386581605312601, "30_day_warn_count": 0, "daily_sd": -0.43859872255589505, "threshold_error": 2.8746539074635566}, "mersc": {"sample_sd": 2.2610223842815493, "sample_mean": 2.4333333333333331, "daily_article_count": 0, "30_day_error_count": 1, "threshold_warn": 6.9553781018964322, "30_day_warn_count": 0, "daily_sd": -1.0762093070151255, "threshold_error": 9.2164004861779816}, "influ": {"sample_sd": 12.037718499228443, "sample_mean": 11.6, "daily_article_count": 33, "30_day_error_count": 1, "threshold_warn": 35.675436998456888, "30_day_warn_count": 0, "daily_sd": 1.7777455089493603, "threshold_error": 47.713155497685328}, "pertu": {"sample_sd": 1.2840906856172147, "sample_mean": 1.5333333333333334, "daily_article_count": 2, "30_day_error_count": 4, "threshold_warn": 4.1015147045677631, "30_day_warn_count": 0, "daily_sd": 0.3634218921558155, "threshold_error": 5.3856053901849776}, "moldf": {"sample_sd": 0.78881063774661553, "sample_mean": 0.66666666666666663, "daily_article_count": 2, "30_day_error_count": 0, "threshold_warn": 2.2442879421598976, "30_day_warn_count": 0, "daily_sd": 1.6903085094570331, "threshold_error": 3.0330985799065133}, "chole": {"sample_sd": 1.7065234314893605, "sample_mean": 2.2333333333333334, "daily_article_count": 0, "30_day_error_count": 1, "threshold_warn": 5.6463801963120543, "30_day_warn_count": 0, "daily_sd": -1.3087035853848206, "threshold_error": 7.3529036278014148}, "hepat": {"sample_sd": 2.9606680927715541, "sample_mean": 2.3666666666666667, "daily_article_count": 1, "30_day_error_count": 0, "threshold_warn": 8.2880028522097753, "30_day_warn_count": 0, "daily_sd": -0.4616075236543305, "threshold_error": 11.248670944981329}, "chiku": {"sample_sd": 1.374772708486752, "sample_mean": 2.1000000000000001, "daily_article_count": 5, "30_day_error_count": 0, "threshold_warn": 4.8495454169735037, "30_day_warn_count": 0, "daily_sd": 2.1094396056145928, "threshold_error": 6.2243181254602558}, "yello": {"sample_sd": 0.66749947981669278, "sample_mean": 0.23333333333333334, "daily_article_count": 0, "30_day_error_count": 0, "threshold_warn": 1.5683322929667189, "30_day_warn_count": 0, "daily_sd": -0.34956331860724571, "threshold_error": 2.2358317727834116}, "menin": {"sample_sd": 2.9318177903061367, "sample_mean": 2.2666666666666666, "daily_article_count": 3, "30_day_error_count": 1, "threshold_warn": 8.1303022472789408, "30_day_warn_count": 0, "daily_sd": 0.25012923236841389, "threshold_error": 11.062120037585075}, "plagu": {"sample_sd": 2.0231987873991359, "sample_mean": 0.80000000000000004, "daily_article_count": 0, "30_day_error_count": 1, "threshold_warn": 4.8463975747982717, "30_day_warn_count": 0, "daily_sd": -0.39541344379136201, "threshold_error": 6.8695963621974077}, "westn": {"sample_sd": 1.2840906856172147, "sample_mean": 0.53333333333333333, "daily_article_count": 1, "30_day_error_count": 0, "threshold_warn": 3.1015147045677627, "30_day_warn_count": 0, "daily_sd": 0.36342189215581555, "threshold_error": 4.3856053901849776}, "swine": {"sample_sd": 1.4313940369055926, "sample_mean": 1.1333333333333333, "daily_article_count": 1, "30_day_error_count": 4, "threshold_warn": 3.9961214071445186, "30_day_warn_count": 0, "daily_sd": -0.093149286566524436, "threshold_error": 5.4275154440501119}, "measl": {"sample_sd": 2.5263060428661888, "sample_mean": 2.4666666666666668, "daily_article_count": 7, "30_day_error_count": 0, "threshold_warn": 7.5192787523990443, "30_day_warn_count": 0, "daily_sd": 1.7944513674954825, "threshold_error": 10.045584795265233}, "dengu": {"sample_sd": 3.2550814975289875, "sample_mean": 6.9333333333333336, "daily_article_count": 7, "30_day_error_count": 0, "threshold_warn": 13.443496328391308, "30_day_warn_count": 0, "daily_sd": 0.020480798012975938, "threshold_error": 16.698577825920296}, "ebola": {"sample_sd": 291.0574666434257, "sample_mean": 481.46666666666664, "daily_article_count": 101, "30_day_error_count": 0, "threshold_warn": 1063.581599953518, "30_day_warn_count": 0, "daily_sd": -1.3071874467071347, "threshold_error": 1354.6390665969438}, "unkno": {"sample_sd": 49.403834758942438, "sample_mean": 56.833333333333336, "daily_article_count": 84, "30_day_error_count": 0, "threshold_warn": 155.64100285121822, "30_day_warn_count": 0, "daily_sd": 0.54988983748370479, "threshold_error": 205.04483761016067}, "mumps": {"sample_sd": 0.62893207547044028, "sample_mean": 0.26666666666666666, "daily_article_count": 0, "30_day_error_count": 1, "threshold_warn": 1.5245308176075472, "30_day_warn_count": 0, "daily_sd": -0.42399915200254396, "threshold_error": 2.1534628930779873}}