{"hemmo": {"sample_sd": 0.0, "sample_mean": 0.0, "daily_article_count": 0, "30_day_error_count": 4, "threshold_warn": 0.0, "30_day_warn_count": 0, "daily_sd": 0, "threshold_error": 0.0}, "mersc": {"sample_sd": 7.7189521453512215, "sample_mean": 10.133333333333333, "daily_article_count": 8, "30_day_error_count": 0, "threshold_warn": 25.571237624035774, "30_day_warn_count": 0, "daily_sd": -0.2763760278806941, "threshold_error": 33.290189769386998}, "influ": {"sample_sd": 1.8427033281447003, "sample_mean": 1.9333333333333333, "daily_article_count": 8, "30_day_error_count": 6, "threshold_warn": 5.6187399896227337, "30_day_warn_count": 7, "daily_sd": 3.2922644540805188, "threshold_error": 7.4614433177674346}, "pertu": {"sample_sd": 3.5621466686380123, "sample_mean": 2.3333333333333335, "daily_article_count": 3, "30_day_error_count": 0, "threshold_warn": 9.4576266706093577, "30_day_warn_count": 0, "daily_sd": 0.18715306490217223, "threshold_error": 13.01977333924737}, "moldf": {"sample_sd": 0.67986926847903806, "sample_mean": 0.26666666666666666, "daily_article_count": 0, "30_day_error_count": 0, "threshold_warn": 1.6264052036247427, "30_day_warn_count": 0, "daily_sd": -0.39223227027636803, "threshold_error": 2.3062744721037807}, "chole": {"sample_sd": 4.1117717186958069, "sample_mean": 5.4000000000000004, "daily_article_count": 9, "30_day_error_count": 1, "threshold_warn": 13.623543437391614, "30_day_warn_count": 0, "daily_sd": 0.8755349874194539, "threshold_error": 17.735315156087424}, "hepat": {"sample_sd": 1.3097921802925665, "sample_mean": 1.4666666666666666, "daily_article_count": 7, "30_day_error_count": 2, "threshold_warn": 4.0862510272517998, "30_day_warn_count": 0, "daily_sd": 4.2245887680420875, "threshold_error": 5.3960432075443663}, "chiku": {"sample_sd": 7.0348339631357959, "sample_mean": 8.6666666666666661, "daily_article_count": 19, "30_day_error_count": 1, "threshold_warn": 22.736334592938256, "30_day_warn_count": 0, "daily_sd": 1.4688809128235947, "threshold_error": 29.771168556074052}, "yello": {"sample_sd": 0.91954094827558153, "sample_mean": 0.43333333333333335, "daily_article_count": 0, "30_day_error_count": 0, "threshold_warn": 2.2724152298844964, "30_day_warn_count": 0, "daily_sd": -0.47124963183636892, "threshold_error": 3.191956178160078}, "menin": {"sample_sd": 1.7074997966487597, "sample_mean": 1.4666666666666666, "daily_article_count": 1, "30_day_error_count": 0, "threshold_warn": 4.8816662599641862, "30_day_warn_count": 0, "daily_sd": -0.27330408330506056, "threshold_error": 6.589166056612946}, "plagu": {"sample_sd": 0.0, "sample_mean": 0.0, "daily_article_count": 21, "30_day_error_count": 9, "threshold_warn": 0.0, "30_day_warn_count": 0, "daily_sd": 0, "threshold_error": 0.0}, "westn": {"sample_sd": 1.6519348924485155, "sample_mean": 2.0666666666666669, "daily_article_count": 5, "30_day_error_count": 2, "threshold_warn": 5.370536451563698, "30_day_warn_count": 3, "daily_sd": 1.7756954869967758, "threshold_error": 7.0224713440122137}, "swine": {"sample_sd": 0.70632067001390297, "sample_mean": 0.36666666666666664, "daily_article_count": 0, "30_day_error_count": 6, "threshold_warn": 1.7793080066944726, "30_day_warn_count": 2, "daily_sd": -0.51912209600130954, "threshold_error": 2.4856286767083757}, "measl": {"sample_sd": 9.8034007704809589, "sample_mean": 8.5999999999999996, "daily_article_count": 7, "30_day_error_count": 0, "threshold_warn": 28.206801540961919, "30_day_warn_count": 0, "daily_sd": -0.16320866987482172, "threshold_error": 38.010202311442875}, "dengu": {"sample_sd": 2.5256462319352821, "sample_mean": 2.7666666666666666, "daily_article_count": 2, "30_day_error_count": 5, "threshold_warn": 7.8179591305372309, "30_day_warn_count": 9, "daily_sd": -0.30355267375637424, "threshold_error": 10.343605362472513}, "ebola": {"sample_sd": 8.4944426277158147, "sample_mean": 12.666666666666666, "daily_article_count": 79, "30_day_error_count": 10, "threshold_warn": 29.655551922098297, "30_day_warn_count": 15, "daily_sd": 7.8090271770039132, "threshold_error": 38.14999454981411}, "unkno": {"sample_sd": 26.586316447041362, "sample_mean": 55.033333333333331, "daily_article_count": 149, "30_day_error_count": 4, "threshold_warn": 108.20596622741606, "30_day_warn_count": 2, "daily_sd": 3.5343996169549721, "threshold_error": 134.79228267445743}, "mumps": {"sample_sd": 0.40000000000000008, "sample_mean": 0.20000000000000001, "daily_article_count": 0, "30_day_error_count": 1, "threshold_warn": 1.0000000000000002, "30_day_warn_count": 0, "daily_sd": -0.49999999999999994, "threshold_error": 1.4000000000000001}}