{"hemmo": {"sample_sd": 0.33993463423951903, "sample_mean": 0.13333333333343333, "daily_article_count": 0, "30_day_error_count": 0, "threshold_warn": 0.81320260181247139, "30_day_warn_count": 0, "daily_sd": -0.39223227027666219, "threshold_error": 1.1531372360519905}, "mersc": {"sample_sd": 27.699979943835498, "sample_mean": 43.333333333333435, "daily_article_count": 5, "30_day_error_count": 0, "threshold_warn": 98.733293221004431, "30_day_warn_count": 0, "daily_sd": -1.3838758515731107, "threshold_error": 126.43327316483993}, "influ": {"sample_sd": 3.2632635334721103, "sample_mean": 3.5333333333334331, "daily_article_count": 3, "30_day_error_count": 0, "threshold_warn": 10.059860400277653, "30_day_warn_count": 0, "daily_sd": -0.16343556928911801, "threshold_error": 13.323123933749764}, "pertu": {"sample_sd": 1.9336206683030901, "sample_mean": 1.8333333333334332, "daily_article_count": 1, "30_day_error_count": 3, "threshold_warn": 5.7005746699396136, "30_day_warn_count": 0, "daily_sd": -0.43097043127117129, "threshold_error": 7.6341953382427032}, "moldf": {"sample_sd": 0.61101009266077877, "sample_mean": 0.4000000000001, "daily_article_count": 0, "30_day_error_count": 1, "threshold_warn": 1.6220201853216576, "30_day_warn_count": 0, "daily_sd": -0.65465367070814073, "threshold_error": 2.233030277982436}, "chole": {"sample_sd": 4.212283624512164, "sample_mean": 4.3000000000001002, "daily_article_count": 0, "30_day_error_count": 1, "threshold_warn": 12.724567249024428, "30_day_warn_count": 0, "daily_sd": -1.020823948078305, "threshold_error": 16.936850873536592}, "hepat": {"sample_sd": 3.9463062898529979, "sample_mean": 3.6000000000001, "daily_article_count": 0, "30_day_error_count": 0, "threshold_warn": 11.492612579706096, "30_day_warn_count": 0, "daily_sd": -0.91224546083933133, "threshold_error": 15.438918869559092}, "chiku": {"sample_sd": 3.3414900202687359, "sample_mean": 3.6333333333334332, "daily_article_count": 9, "30_day_error_count": 9, "threshold_warn": 10.316313373870905, "30_day_warn_count": 12, "daily_sd": 1.606069937097989, "threshold_error": 13.657803394139641}, "yello": {"sample_sd": 0.49553562491061681, "sample_mean": 0.23333333333343334, "daily_article_count": 0, "30_day_error_count": 3, "threshold_warn": 1.224404583154667, "30_day_warn_count": 0, "daily_sd": -0.47087095579762056, "threshold_error": 1.7199402080652837}, "menin": {"sample_sd": 1.4640127503998499, "sample_mean": 1.7000000000000999, "daily_article_count": 1, "30_day_error_count": 0, "threshold_warn": 4.6280255007997999, "30_day_warn_count": 0, "daily_sd": -0.47813791226129448, "threshold_error": 6.0920382511996491}, "plagu": {"sample_sd": 0.0, "sample_mean": 1e-13, "daily_article_count": 0, "30_day_error_count": 1, "threshold_warn": 1e-13, "30_day_warn_count": 0, "daily_sd": -Infinity, "threshold_error": 1e-13}, "westn": {"sample_sd": 1.2206555615733703, "sample_mean": 1.1000000000001, "daily_article_count": 2, "30_day_error_count": 2, "threshold_warn": 3.5413111231468406, "30_day_warn_count": 0, "daily_sd": 0.73730872846705453, "threshold_error": 4.7619666847202105}, "swine": {"sample_sd": 2.619584360585133, "sample_mean": 1.7333333333334333, "daily_article_count": 3, "30_day_error_count": 0, "threshold_warn": 6.9725020545036998, "30_day_warn_count": 0, "daily_sd": 0.4835372686312851, "threshold_error": 9.5920864150888328}, "measl": {"sample_sd": 4.9898786447055894, "sample_mean": 7.6333333333334341, "daily_article_count": 3, "30_day_error_count": 2, "threshold_warn": 17.613090622744615, "30_day_warn_count": 0, "daily_sd": -0.92854629606063455, "threshold_error": 22.602969267450202}, "dengu": {"sample_sd": 2.1398338460938708, "sample_mean": 2.7666666666667665, "daily_article_count": 4, "30_day_error_count": 1, "threshold_warn": 7.0463343588545087, "30_day_warn_count": 0, "daily_sd": 0.57636873796748478, "threshold_error": 9.1861682049483786}, "ebola": {"sample_sd": 4.1681330752908234, "sample_mean": 4.4000000000001007, "daily_article_count": 31, "30_day_error_count": 12, "threshold_warn": 12.736266150581748, "30_day_warn_count": 4, "daily_sd": 6.3817540178090244, "threshold_error": 16.90439922587257}, "unkno": {"sample_sd": 26.534443025371129, "sample_mean": 63.700000000000102, "daily_article_count": 53, "30_day_error_count": 0, "threshold_warn": 116.76888605074237, "30_day_warn_count": 0, "daily_sd": -0.40324946673156881, "threshold_error": 143.30332907611347}, "mumps": {"sample_sd": 1.4817407180595243, "sample_mean": 1.2666666666667665, "daily_article_count": 0, "30_day_error_count": 0, "threshold_warn": 4.2301481027858152, "30_day_warn_count": 0, "daily_sd": -0.85485041426517794, "threshold_error": 5.7118888208453402}}