{"hemmo": {"sample_sd": 1.5849991237291654, "sample_mean": 0.43333333333333335, "daily_article_count": 0, "30_day_error_count": 0, "threshold_warn": 3.6033315807916644, "30_day_warn_count": 0, "daily_sd": -0.27339657596389849, "threshold_error": 5.1883307045208298}, "mersc": {"sample_sd": 1.6519348924485155, "sample_mean": 1.2666666666666666, "daily_article_count": 2, "30_day_error_count": 2, "threshold_warn": 4.5705364515636973, "30_day_warn_count": 0, "daily_sd": 0.44392387174919401, "threshold_error": 6.222471344012213}, "influ": {"sample_sd": 8.9679057384281951, "sample_mean": 9.9000000000000004, "daily_article_count": 4, "30_day_error_count": 0, "threshold_warn": 27.835811476856392, "30_day_warn_count": 0, "daily_sd": -0.65790165196741834, "threshold_error": 36.803717215284586}, "pertu": {"sample_sd": 0.96378881965339736, "sample_mean": 0.73333333333333328, "daily_article_count": 0, "30_day_error_count": 0, "threshold_warn": 2.6609109726401279, "30_day_warn_count": 0, "daily_sd": -0.76088591025268204, "threshold_error": 3.6246997922935256}, "moldf": {"sample_sd": 0.61553951042064614, "sample_mean": 0.23333333333333334, "daily_article_count": 0, "30_day_error_count": 0, "threshold_warn": 1.4644123541746257, "30_day_warn_count": 0, "daily_sd": -0.37907125275171771, "threshold_error": 2.0799518645952717}, "chole": {"sample_sd": 1.5832456116050555, "sample_mean": 1.3999999999999999, "daily_article_count": 0, "30_day_error_count": 3, "threshold_warn": 4.5664912232101109, "30_day_warn_count": 4, "daily_sd": -0.88425951711984496, "threshold_error": 6.1497368348151671}, "hepat": {"sample_sd": 1.351542328847553, "sample_mean": 0.80000000000000004, "daily_article_count": 2, "30_day_error_count": 2, "threshold_warn": 3.5030846576951058, "30_day_warn_count": 1, "daily_sd": 0.88787452260058208, "threshold_error": 4.8546269865426588}, "chiku": {"sample_sd": 0.59628479399994394, "sample_mean": 0.33333333333333331, "daily_article_count": 0, "30_day_error_count": 2, "threshold_warn": 1.5259029213332211, "30_day_warn_count": 0, "daily_sd": -0.55901699437494734, "threshold_error": 2.1221877153331654}, "yello": {"sample_sd": 0.24944382578492943, "sample_mean": 0.066666666666666666, "daily_article_count": 0, "30_day_error_count": 8, "threshold_warn": 0.56555431823652558, "30_day_warn_count": 0, "daily_sd": -0.2672612419124244, "threshold_error": 0.81499814402145498}, "menin": {"sample_sd": 1.8999999999999999, "sample_mean": 1.3, "daily_article_count": 1, "30_day_error_count": 2, "threshold_warn": 5.0999999999999996, "30_day_warn_count": 0, "daily_sd": -0.15789473684210528, "threshold_error": 6.9999999999999991}, "plagu": {"sample_sd": 0.29999999999999999, "sample_mean": 0.10000000000000001, "daily_article_count": 0, "30_day_error_count": 1, "threshold_warn": 0.69999999999999996, "30_day_warn_count": 0, "daily_sd": -0.33333333333333337, "threshold_error": 0.99999999999999989}, "westn": {"sample_sd": 1.1430952132988164, "sample_mean": 0.59999999999999998, "daily_article_count": 0, "30_day_error_count": 1, "threshold_warn": 2.8861904265976328, "30_day_warn_count": 0, "daily_sd": -0.52489065916782385, "threshold_error": 4.0292856398964485}, "swine": {"sample_sd": 2.9674156357941421, "sample_mean": 4.166666666666667, "daily_article_count": 1, "30_day_error_count": 0, "threshold_warn": 10.101497938254951, "30_day_warn_count": 0, "daily_sd": -1.0671463169732882, "threshold_error": 13.068913574049095}, "measl": {"sample_sd": 5.9692731736972995, "sample_mean": 4.3666666666666663, "daily_article_count": 5, "30_day_error_count": 0, "threshold_warn": 16.305213014061266, "30_day_warn_count": 2, "daily_sd": 0.10609890264764919, "threshold_error": 22.274486187758566}, "dengu": {"sample_sd": 2.0615528128088303, "sample_mean": 2.5, "daily_article_count": 3, "30_day_error_count": 0, "threshold_warn": 6.6231056256176606, "30_day_warn_count": 0, "daily_sd": 0.24253562503633297, "threshold_error": 8.6846584384264904}, "ebola": {"sample_sd": 0.7453559924999299, "sample_mean": 0.33333333333333331, "daily_article_count": 0, "30_day_error_count": 0, "threshold_warn": 1.8240453183331931, "30_day_warn_count": 0, "daily_sd": -0.44721359549995793, "threshold_error": 2.5694013108331233}, "unkno": {"sample_sd": 25.407785333546002, "sample_mean": 38.333333333333336, "daily_article_count": 25, "30_day_error_count": 0, "threshold_warn": 89.148904000425347, "30_day_warn_count": 0, "daily_sd": -0.52477353528838588, "threshold_error": 114.55668933397135}, "mumps": {"sample_sd": 0.58214163988576606, "sample_mean": 0.16666666666666666, "daily_article_count": 2, "30_day_error_count": 5, "threshold_warn": 1.3309499464381989, "30_day_warn_count": 0, "daily_sd": 3.1492908387262748, "threshold_error": 1.9130915863239648}}