{"hemmo": {"sample_sd": 0.51207638319124049, "sample_mean": 0.26666666666666666, "daily_article_count": 3, "30_day_error_count": 11, "threshold_warn": 1.2908194330491476, "30_day_warn_count": 1, "daily_sd": 5.3377453502137788, "threshold_error": 1.8028958162403881}, "mersc": {"sample_sd": 4.9862031870173746, "sample_mean": 3.2666666666666666, "daily_article_count": 2, "30_day_error_count": 0, "threshold_warn": 13.239073040701417, "30_day_warn_count": 0, "daily_sd": -0.25403430609580829, "threshold_error": 18.225276227718791}, "influ": {"sample_sd": 5.8362849675304771, "sample_mean": 6.9333333333333336, "daily_article_count": 6, "30_day_error_count": 0, "threshold_warn": 18.605903268394286, "30_day_warn_count": 2, "daily_sd": -0.15991908183473388, "threshold_error": 24.442188235924764}, "pertu": {"sample_sd": 1.4317821063276353, "sample_mean": 1.5, "daily_article_count": 2, "30_day_error_count": 0, "threshold_warn": 4.3635642126552705, "30_day_warn_count": 0, "daily_sd": 0.34921514788478913, "threshold_error": 5.7953463189829062}, "moldf": {"sample_sd": 0.33993463423951903, "sample_mean": 0.13333333333333333, "daily_article_count": 1, "30_day_error_count": 1, "threshold_warn": 0.81320260181237136, "30_day_warn_count": 0, "daily_sd": 2.5495097567963922, "threshold_error": 1.1531372360518903}, "chole": {"sample_sd": 3.9839957608188068, "sample_mean": 5.833333333333333, "daily_article_count": 5, "30_day_error_count": 0, "threshold_warn": 13.801324854970947, "30_day_warn_count": 0, "daily_sd": -0.20917023595478501, "threshold_error": 17.785320615789754}, "hepat": {"sample_sd": 1.5434449203720297, "sample_mean": 1.4666666666666666, "daily_article_count": 3, "30_day_error_count": 0, "threshold_warn": 4.5535565074107263, "30_day_warn_count": 0, "daily_sd": 0.99344868941856446, "threshold_error": 6.0970014277827556}, "chiku": {"sample_sd": 2.8798148088606901, "sample_mean": 3.7999999999999998, "daily_article_count": 6, "30_day_error_count": 0, "threshold_warn": 9.5596296177213809, "30_day_warn_count": 2, "daily_sd": 0.763938011996807, "threshold_error": 12.439444426582071}, "yello": {"sample_sd": 0.39581140290126388, "sample_mean": 0.10000000000000001, "daily_article_count": 1, "30_day_error_count": 0, "threshold_warn": 0.89162280580252773, "30_day_warn_count": 0, "daily_sd": 2.2738101868796012, "threshold_error": 1.2874342087037918}, "menin": {"sample_sd": 3.0603195185397807, "sample_mean": 3.6333333333333333, "daily_article_count": 5, "30_day_error_count": 1, "threshold_warn": 9.7539723704128942, "30_day_warn_count": 2, "daily_sd": 0.44657646313962873, "threshold_error": 12.814291888952674}, "plagu": {"sample_sd": 0.17950549357115009, "sample_mean": 0.033333333333333333, "daily_article_count": 1, "30_day_error_count": 2, "threshold_warn": 0.3923443204756335, "30_day_warn_count": 0, "daily_sd": 5.3851648071345055, "threshold_error": 0.57184981404678359}, "westn": {"sample_sd": 2.9634814361190496, "sample_mean": 4.1333333333333337, "daily_article_count": 4, "30_day_error_count": 0, "threshold_warn": 10.060296205571433, "30_day_warn_count": 0, "daily_sd": -0.04499212706658489, "threshold_error": 13.023777641690483}, "swine": {"sample_sd": 0.97809338340808072, "sample_mean": 0.90000000000000002, "daily_article_count": 0, "30_day_error_count": 2, "threshold_warn": 2.8561867668161613, "30_day_warn_count": 0, "daily_sd": -0.92015753839784586, "threshold_error": 3.8342801502242421}, "measl": {"sample_sd": 2.765662468358872, "sample_mean": 3.1333333333333333, "daily_article_count": 1, "30_day_error_count": 0, "threshold_warn": 8.6646582700510777, "30_day_warn_count": 0, "daily_sd": -0.77136431424303231, "threshold_error": 11.430320738409948}, "dengu": {"sample_sd": 3.7388352315779967, "sample_mean": 7.7666666666666666, "daily_article_count": 11, "30_day_error_count": 1, "threshold_warn": 15.244337129822661, "30_day_warn_count": 0, "daily_sd": 0.86479695762594133, "threshold_error": 18.983172361400655}, "ebola": {"sample_sd": 107.0038888182211, "sample_mean": 303.96666666666664, "daily_article_count": 1108, "30_day_error_count": 19, "threshold_warn": 517.97444430310884, "30_day_warn_count": 1, "daily_sd": 7.5140571264585567, "threshold_error": 624.97833312133002}, "unkno": {"sample_sd": 61.156456913577188, "sample_mean": 86.766666666666666, "daily_article_count": 62, "30_day_error_count": 0, "threshold_warn": 209.07958049382103, "30_day_warn_count": 0, "daily_sd": -0.40497222887953604, "threshold_error": 270.23603740739821}, "mumps": {"sample_sd": 0.82999330653258208, "sample_mean": 0.33333333333333331, "daily_article_count": 0, "30_day_error_count": 0, "threshold_warn": 1.9933199463984974, "30_day_warn_count": 0, "daily_sd": -0.40160966445124946, "threshold_error": 2.8233132529310798}}