{"hemmo": {"sample_sd": 2.0925794820959345, "sample_mean": 1.4333333333333333, "daily_article_count": 0, "30_day_error_count": 0, "threshold_warn": 5.6184922975252025, "30_day_warn_count": 0, "daily_sd": -0.68496004361932383, "threshold_error": 7.711071779621137}, "mersc": {"sample_sd": 2.4011571284602673, "sample_mean": 2.3666666666666667, "daily_article_count": 2, "30_day_error_count": 0, "threshold_warn": 7.1689809235872008, "30_day_warn_count": 0, "daily_sd": -0.15270415347694896, "threshold_error": 9.5701380520474686}, "influ": {"sample_sd": 5.0885492366030354, "sample_mean": 10.800000000000001, "daily_article_count": 8, "30_day_error_count": 0, "threshold_warn": 20.97709847320607, "30_day_warn_count": 0, "daily_sd": -0.55025506677993696, "threshold_error": 26.065647709809106}, "pertu": {"sample_sd": 1.0857664983268223, "sample_mean": 1.2333333333333334, "daily_article_count": 3, "30_day_error_count": 0, "threshold_warn": 3.4048663299869779, "30_day_warn_count": 0, "daily_sd": 1.6271147335906189, "threshold_error": 4.4906328283138004}, "moldf": {"sample_sd": 0.37267799624996495, "sample_mean": 0.16666666666666666, "daily_article_count": 0, "30_day_error_count": 5, "threshold_warn": 0.91202265916659653, "30_day_warn_count": 0, "daily_sd": -0.44721359549995793, "threshold_error": 1.2847006554165616}, "chole": {"sample_sd": 2.6768555350551804, "sample_mean": 4.3666666666666663, "daily_article_count": 1, "30_day_error_count": 2, "threshold_warn": 9.7203777367770279, "30_day_warn_count": 0, "daily_sd": -1.2576945683388425, "threshold_error": 12.397233271832206}, "hepat": {"sample_sd": 1.6193277068654823, "sample_mean": 1.6666666666666667, "daily_article_count": 5, "30_day_error_count": 2, "threshold_warn": 4.9053220803976316, "30_day_warn_count": 1, "daily_sd": 2.0584674239815457, "threshold_error": 6.5246497872631144}, "chiku": {"sample_sd": 2.4027761721253467, "sample_mean": 4.4000000000000004, "daily_article_count": 3, "30_day_error_count": 0, "threshold_warn": 9.2055523442506946, "30_day_warn_count": 0, "daily_sd": -0.58265934889875626, "threshold_error": 11.608328516376041}, "yello": {"sample_sd": 0.24944382578492943, "sample_mean": 0.066666666666666666, "daily_article_count": 0, "30_day_error_count": 6, "threshold_warn": 0.56555431823652558, "30_day_warn_count": 0, "daily_sd": -0.2672612419124244, "threshold_error": 0.81499814402145498}, "menin": {"sample_sd": 2.5681813712344295, "sample_mean": 3.0666666666666669, "daily_article_count": 1, "30_day_error_count": 3, "threshold_warn": 8.2030294091355263, "30_day_warn_count": 3, "daily_sd": -0.80471990405930593, "threshold_error": 10.771210780369955}, "plagu": {"sample_sd": 0.17950549357115009, "sample_mean": 0.033333333333333333, "daily_article_count": 0, "30_day_error_count": 4, "threshold_warn": 0.3923443204756335, "30_day_warn_count": 0, "daily_sd": -0.18569533817705192, "threshold_error": 0.57184981404678359}, "westn": {"sample_sd": 2.1868292622475631, "sample_mean": 2.4666666666666668, "daily_article_count": 0, "30_day_error_count": 0, "threshold_warn": 6.8403251911617931, "30_day_warn_count": 0, "daily_sd": -1.1279649075719311, "threshold_error": 9.0271544534093557}, "swine": {"sample_sd": 1.3585122581543223, "sample_mean": 1.2333333333333334, "daily_article_count": 2, "30_day_error_count": 1, "threshold_warn": 3.950357849641978, "30_day_warn_count": 0, "daily_sd": 0.56434284053370387, "threshold_error": 5.3088701077963005}, "measl": {"sample_sd": 2.4810392087904529, "sample_mean": 2.3333333333333335, "daily_article_count": 10, "30_day_error_count": 1, "threshold_warn": 7.2954117509142389, "30_day_warn_count": 0, "daily_sd": 3.090102985677639, "threshold_error": 9.7764509597046931}, "dengu": {"sample_sd": 3.9537605165490515, "sample_mean": 8.6333333333333329, "daily_article_count": 3, "30_day_error_count": 0, "threshold_warn": 16.540854366431436, "30_day_warn_count": 0, "daily_sd": -1.4248038822164824, "threshold_error": 20.494614882980486}, "ebola": {"sample_sd": 373.84464985100726, "sample_mean": 608.66666666666663, "daily_article_count": 405, "30_day_error_count": 2, "threshold_warn": 1356.355966368681, "30_day_warn_count": 11, "daily_sd": -0.54478957167860054, "threshold_error": 1730.2006162196885}, "unkno": {"sample_sd": 33.84620444829163, "sample_mean": 80.36666666666666, "daily_article_count": 295, "30_day_error_count": 1, "threshold_warn": 148.05907556324991, "30_day_warn_count": 0, "daily_sd": 6.3414299131011376, "threshold_error": 181.90528001154155}, "mumps": {"sample_sd": 0.17950549357115012, "sample_mean": 0.033333333333333333, "daily_article_count": 0, "30_day_error_count": 4, "threshold_warn": 0.39234432047563356, "30_day_warn_count": 0, "daily_sd": -0.18569533817705189, "threshold_error": 0.5718498140467837}}