{"hemmo": {"sample_sd": 0.40000000000000008, "sample_mean": 0.20000000000010001, "daily_article_count": 0, "30_day_error_count": 1, "threshold_warn": 1.0000000000001001, "30_day_warn_count": 0, "daily_sd": -0.50000000000024991, "threshold_error": 1.4000000000001003}, "mersc": {"sample_sd": 3.1883468373995254, "sample_mean": 4.0333333333334336, "daily_article_count": 2, "30_day_error_count": 0, "threshold_warn": 10.410027008132484, "30_day_warn_count": 0, "daily_sd": -0.63773906573848715, "threshold_error": 13.598373845532009}, "influ": {"sample_sd": 7.2495210569771817, "sample_mean": 12.666666666666766, "daily_article_count": 15, "30_day_error_count": 1, "threshold_warn": 27.165708780621131, "30_day_warn_count": 0, "daily_sd": 0.32186034291017834, "threshold_error": 34.415229837598311}, "pertu": {"sample_sd": 1.0624918300339483, "sample_mean": 1.2666666666667665, "daily_article_count": 1, "30_day_error_count": 0, "threshold_warn": 3.3916503267346632, "30_day_warn_count": 0, "daily_sd": -0.25098232205535748, "threshold_error": 4.4541421567686115}, "moldf": {"sample_sd": 1.2671051872498809, "sample_mean": 1.1666666666667667, "daily_article_count": 0, "30_day_error_count": 0, "threshold_warn": 3.7008770411665282, "30_day_warn_count": 0, "daily_sd": -0.92073387308822763, "threshold_error": 4.9679822284164095}, "chole": {"sample_sd": 2.4184476196289406, "sample_mean": 4.1333333333334341, "daily_article_count": 5, "30_day_error_count": 2, "threshold_warn": 8.9702285725913153, "30_day_warn_count": 0, "daily_sd": 0.35835660017293963, "threshold_error": 11.388676192220256}, "hepat": {"sample_sd": 2.0572365498945961, "sample_mean": 2.3666666666667666, "daily_article_count": 9, "30_day_error_count": 6, "threshold_warn": 6.4811397664559589, "30_day_warn_count": 6, "daily_sd": 3.2243901819035328, "threshold_error": 8.5383763163505542}, "chiku": {"sample_sd": 0.96378881965339724, "sample_mean": 0.73333333333343331, "daily_article_count": 2, "30_day_error_count": 0, "threshold_warn": 2.6609109726402278, "30_day_warn_count": 0, "daily_sd": 1.3142574813454382, "threshold_error": 3.624699792293625}, "yello": {"sample_sd": 0.45338235029118146, "sample_mean": 0.16666666666676666, "daily_article_count": 14, "30_day_error_count": 2, "threshold_warn": 1.0734313672491296, "30_day_warn_count": 0, "daily_sd": 30.511406816892798, "threshold_error": 1.5268137175403111}, "menin": {"sample_sd": 2.6633312473917572, "sample_mean": 4.2000000000001005, "daily_article_count": 7, "30_day_error_count": 0, "threshold_warn": 9.5266624947836149, "30_day_warn_count": 0, "daily_sd": 1.0513149660756558, "threshold_error": 12.189993742175371}, "plagu": {"sample_sd": 2.9657301892713632, "sample_mean": 1.2666666666667665, "daily_article_count": 1, "30_day_error_count": 1, "threshold_warn": 7.1981270452094925, "30_day_warn_count": 0, "daily_sd": -0.089916023929433264, "threshold_error": 10.163857234480856}, "westn": {"sample_sd": 2.4485823562942612, "sample_mean": 4.0666666666667668, "daily_article_count": 3, "30_day_error_count": 0, "threshold_warn": 8.9638313792552893, "30_day_warn_count": 0, "daily_sd": -0.43562621609390495, "threshold_error": 11.412413735549549}, "swine": {"sample_sd": 2.0572365498945961, "sample_mean": 2.6333333333334332, "daily_article_count": 1, "30_day_error_count": 3, "threshold_warn": 6.7478064331226255, "30_day_warn_count": 2, "daily_sd": -0.79394532117228722, "threshold_error": 8.8050429830172217}, "measl": {"sample_sd": 2.2201101073795617, "sample_mean": 2.933333333333433, "daily_article_count": 3, "30_day_error_count": 4, "threshold_warn": 7.3735535480925565, "30_day_warn_count": 2, "daily_sd": 0.030028540676865299, "threshold_error": 9.5936636554721186}, "dengu": {"sample_sd": 23.199257650958479, "sample_mean": 32.166666666666764, "daily_article_count": 12, "30_day_error_count": 0, "threshold_warn": 78.565181968583715, "30_day_warn_count": 0, "daily_sd": -0.86928068863589592, "threshold_error": 101.7644396195422}, "ebola": {"sample_sd": 12.105324815505318, "sample_mean": 26.833333333333432, "daily_article_count": 27, "30_day_error_count": 4, "threshold_warn": 51.043982964344067, "30_day_warn_count": 1, "daily_sd": 0.013768045815101999, "threshold_error": 63.14930777984938}, "unkno": {"sample_sd": 19.515264680643089, "sample_mean": 48.233333333333434, "daily_article_count": 111, "30_day_error_count": 1, "threshold_warn": 87.263862694619604, "30_day_warn_count": 0, "daily_sd": 3.2162856970586682, "threshold_error": 106.7791273752627}, "mumps": {"sample_sd": 1.0671873729054748, "sample_mean": 0.8333333333334334, "daily_article_count": 1, "30_day_error_count": 0, "threshold_warn": 2.9677080791443831, "30_day_warn_count": 0, "daily_sd": 0.15617376188851229, "threshold_error": 4.0348954520498577}}