{"hemmo": {"sample_sd": 0.9574271077563381, "sample_mean": 0.50000000000010003, "daily_article_count": 0, "30_day_error_count": 0, "threshold_warn": 2.4148542155127761, "30_day_warn_count": 0, "daily_sd": -0.52223296786719797, "threshold_error": 3.3722813232691142}, "mersc": {"sample_sd": 2.2000000000000002, "sample_mean": 2.6000000000001, "daily_article_count": 10, "30_day_error_count": 1, "threshold_warn": 7.0000000000001004, "30_day_warn_count": 0, "daily_sd": 3.363636363636318, "threshold_error": 9.2000000000001005}, "influ": {"sample_sd": 11.559940407381962, "sample_mean": 10.633333333333432, "daily_article_count": 42, "30_day_error_count": 1, "threshold_warn": 33.753214148097356, "30_day_warn_count": 0, "daily_sd": 2.7133934571701079, "threshold_error": 45.313154555479322}, "pertu": {"sample_sd": 1.0246950765959599, "sample_mean": 1.5000000000000999, "daily_article_count": 4, "30_day_error_count": 5, "threshold_warn": 3.5493901531920198, "30_day_warn_count": 0, "daily_sd": 2.4397501823712351, "threshold_error": 4.574085229787979}, "moldf": {"sample_sd": 0.75203427817856516, "sample_mean": 0.63333333333343333, "daily_article_count": 0, "30_day_error_count": 0, "threshold_warn": 2.1374018896905636, "30_day_warn_count": 0, "daily_sd": -0.84216019363821193, "threshold_error": 2.8894361678691287}, "chole": {"sample_sd": 3.0164364553043206, "sample_mean": 2.9666666666667667, "daily_article_count": 1, "30_day_error_count": 0, "threshold_warn": 8.9995395772754083, "30_day_warn_count": 0, "daily_sd": -0.65198345657454093, "threshold_error": 12.015976032579728}, "hepat": {"sample_sd": 2.895206766747795, "sample_mean": 2.5333333333334331, "daily_article_count": 2, "30_day_error_count": 0, "threshold_warn": 8.3237468668290227, "30_day_warn_count": 0, "daily_sd": -0.1842125196234361, "threshold_error": 11.218953633576819}, "chiku": {"sample_sd": 1.9058389811897072, "sample_mean": 2.6333333333334332, "daily_article_count": 2, "30_day_error_count": 0, "threshold_warn": 6.4450112957128471, "30_day_warn_count": 0, "daily_sd": -0.33231208910318288, "threshold_error": 8.3508502769025554}, "yello": {"sample_sd": 0.42687494916218993, "sample_mean": 0.13333333333343333, "daily_article_count": 1, "30_day_error_count": 1, "threshold_warn": 0.9870832316578132, "30_day_warn_count": 0, "daily_sd": 2.0302589045516446, "threshold_error": 1.413958180820003}, "menin": {"sample_sd": 3.3100855980875585, "sample_mean": 3.1000000000001, "daily_article_count": 1, "30_day_error_count": 0, "threshold_warn": 9.7201711961752171, "30_day_warn_count": 0, "daily_sd": -0.63442468110595085, "threshold_error": 13.030256794262776}, "plagu": {"sample_sd": 0.54160256030906384, "sample_mean": 0.20000000000010001, "daily_article_count": 1, "30_day_error_count": 7, "threshold_warn": 1.2832051206182278, "30_day_warn_count": 2, "daily_sd": 1.4770978917518087, "threshold_error": 1.8248076809272917}, "westn": {"sample_sd": 1.7413277182145304, "sample_mean": 1.0333333333334334, "daily_article_count": 0, "30_day_error_count": 0, "threshold_warn": 4.5159887697624939, "30_day_warn_count": 0, "daily_sd": -0.59341692119445577, "threshold_error": 6.2573164879770244}, "swine": {"sample_sd": 1.4313940369055926, "sample_mean": 1.1333333333334332, "daily_article_count": 11, "30_day_error_count": 3, "threshold_warn": 3.9961214071446185, "30_day_warn_count": 0, "daily_sd": 6.8930472059227403, "threshold_error": 5.4275154440502114}, "measl": {"sample_sd": 2.7317068331397172, "sample_mean": 2.7333333333334333, "daily_article_count": 4, "30_day_error_count": 0, "threshold_warn": 8.1967469996128681, "30_day_warn_count": 0, "daily_sd": 0.46369055833517447, "threshold_error": 10.928453832752584}, "dengu": {"sample_sd": 2.997035572398536, "sample_mean": 7.5333333333334336, "daily_article_count": 2, "30_day_error_count": 0, "threshold_warn": 13.527404478130507, "30_day_warn_count": 0, "daily_sd": -1.8462688211955693, "threshold_error": 16.524440050529041}, "ebola": {"sample_sd": 379.98592956406509, "sample_mean": 641.40000000000009, "daily_article_count": 122, "30_day_error_count": 0, "threshold_warn": 1401.3718591281304, "30_day_warn_count": 0, "daily_sd": -1.3668927178326744, "threshold_error": 1781.3577886921953}, "unkno": {"sample_sd": 49.038714864437011, "sample_mean": 57.266666666666765, "daily_article_count": 84, "30_day_error_count": 0, "threshold_warn": 155.34409639554079, "30_day_warn_count": 0, "daily_sd": 0.54514751064001288, "threshold_error": 204.38281125997781}, "mumps": {"sample_sd": 0.45338235029118146, "sample_mean": 0.16666666666676666, "daily_article_count": 1, "30_day_error_count": 3, "threshold_warn": 1.0734313672491296, "30_day_warn_count": 0, "daily_sd": 1.8380365552342988, "threshold_error": 1.5268137175403111}}