{"hemmo": {"sample_sd": 0.0, "sample_mean": 0.0, "daily_article_count": 0, "30_day_error_count": 1, "threshold_warn": 0.0, "30_day_warn_count": 0, "daily_sd": 0, "threshold_error": 0.0}, "mersc": {"sample_sd": 0.95510325212629354, "sample_mean": 0.23333333333333334, "daily_article_count": 0, "30_day_error_count": 3, "threshold_warn": 2.1435398375859203, "30_day_warn_count": 0, "daily_sd": -0.2443016844659216, "threshold_error": 3.0986430897122141}, "influ": {"sample_sd": 4.4458470009161983, "sample_mean": 1.0333333333333334, "daily_article_count": 6, "30_day_error_count": 15, "threshold_warn": 9.9250273351657299, "30_day_warn_count": 2, "daily_sd": 1.1171474559612911, "threshold_error": 14.370874336081927}, "pertu": {"sample_sd": 0.17950549357115014, "sample_mean": 0.033333333333333333, "daily_article_count": 1, "30_day_error_count": 10, "threshold_warn": 0.39234432047563361, "30_day_warn_count": 0, "daily_sd": 5.3851648071345037, "threshold_error": 0.5718498140467837}, "moldf": {"sample_sd": 0.0, "sample_mean": 0.0, "daily_article_count": 0, "30_day_error_count": 2, "threshold_warn": 0.0, "30_day_warn_count": 0, "daily_sd": 0, "threshold_error": 0.0}, "chole": {"sample_sd": 0.63683243915142673, "sample_mean": 0.16666666666666666, "daily_article_count": 0, "30_day_error_count": 7, "threshold_warn": 1.4403315449695202, "30_day_warn_count": 3, "daily_sd": -0.26171196129510682, "threshold_error": 2.0771639841209466}, "hepat": {"sample_sd": 0.17950549357115014, "sample_mean": 0.033333333333333333, "daily_article_count": 0, "30_day_error_count": 13, "threshold_warn": 0.39234432047563361, "30_day_warn_count": 0, "daily_sd": -0.18569533817705186, "threshold_error": 0.5718498140467837}, "chiku": {"sample_sd": 0.0, "sample_mean": 0.0, "daily_article_count": 0, "30_day_error_count": 12, "threshold_warn": 0.0, "30_day_warn_count": 0, "daily_sd": 0, "threshold_error": 0.0}, "yello": {"sample_sd": 0.0, "sample_mean": 0.0, "daily_article_count": 0, "30_day_error_count": 2, "threshold_warn": 0.0, "30_day_warn_count": 0, "daily_sd": 0, "threshold_error": 0.0}, "menin": {"sample_sd": 0.17950549357115014, "sample_mean": 0.033333333333333333, "daily_article_count": 8, "30_day_error_count": 9, "threshold_warn": 0.39234432047563361, "30_day_warn_count": 0, "daily_sd": 44.381185824315395, "threshold_error": 0.5718498140467837}, "plagu": {"sample_sd": 0.0, "sample_mean": 0.0, "daily_article_count": 0, "30_day_error_count": 4, "threshold_warn": 0.0, "30_day_warn_count": 0, "daily_sd": 0, "threshold_error": 0.0}, "westn": {"sample_sd": 1.6265163865007801, "sample_mean": 0.43333333333333335, "daily_article_count": 1, "30_day_error_count": 0, "threshold_warn": 3.6863661063348934, "30_day_warn_count": 0, "daily_sd": 0.34839284213162452, "threshold_error": 5.3128824928356737}, "swine": {"sample_sd": 3.323485452887609, "sample_mean": 0.76666666666666672, "daily_article_count": 6, "30_day_error_count": 13, "threshold_warn": 7.4136375724418846, "30_day_warn_count": 2, "daily_sd": 1.5746520956745438, "threshold_error": 10.737123025329494}, "measl": {"sample_sd": 1.6265163865007801, "sample_mean": 0.43333333333333335, "daily_article_count": 0, "30_day_error_count": 7, "threshold_warn": 3.6863661063348934, "30_day_warn_count": 6, "daily_sd": -0.26641805574771288, "threshold_error": 5.3128824928356737}, "dengu": {"sample_sd": 0.74833147735478822, "sample_mean": 0.20000000000000001, "daily_article_count": 2, "30_day_error_count": 11, "threshold_warn": 1.6966629547095764, "30_day_warn_count": 1, "daily_sd": 2.4053511772118199, "threshold_error": 2.4449944320643651}, "ebola": {"sample_sd": 0.17950549357115014, "sample_mean": 0.033333333333333333, "daily_article_count": 0, "30_day_error_count": 9, "threshold_warn": 0.39234432047563361, "30_day_warn_count": 0, "daily_sd": -0.18569533817705186, "threshold_error": 0.5718498140467837}, "unkno": {"sample_sd": 6.7547514141281813, "sample_mean": 1.8, "daily_article_count": 36, "30_day_error_count": 20, "threshold_warn": 15.309502828256363, "30_day_warn_count": 0, "daily_sd": 5.0631026818348293, "threshold_error": 22.064254242384546}, "mumps": {"sample_sd": 0.0, "sample_mean": 0.0, "daily_article_count": 0, "30_day_error_count": 0, "threshold_warn": 0.0, "30_day_warn_count": 0, "daily_sd": 0, "threshold_error": 0.0}}