{"hemmo": {"sample_sd": 0.17950549357115014, "sample_mean": 0.033333333333433336, "daily_article_count": 0, "30_day_error_count": 2, "threshold_warn": 0.39234432047573364, "30_day_warn_count": 0, "daily_sd": -0.18569533817760894, "threshold_error": 0.57184981404688373}, "mersc": {"sample_sd": 2.7030846576951055, "sample_mean": 2.4000000000000998, "daily_article_count": 1, "30_day_error_count": 0, "threshold_warn": 7.8061693153903109, "30_day_warn_count": 0, "daily_sd": -0.51792680485037657, "threshold_error": 10.509253973085416}, "influ": {"sample_sd": 7.5008147705580779, "sample_mean": 11.266666666666767, "daily_article_count": 30, "30_day_error_count": 2, "threshold_warn": 26.268296207782925, "30_day_warn_count": 0, "daily_sd": 2.4975064584803008, "threshold_error": 33.769110978340997}, "pertu": {"sample_sd": 1.1234866364235143, "sample_mean": 1.2666666666667665, "daily_article_count": 2, "30_day_error_count": 3, "threshold_warn": 3.5136399395137952, "30_day_warn_count": 0, "daily_sd": 0.65272991200653052, "threshold_error": 4.6371265759373088}, "moldf": {"sample_sd": 0.76084748070088859, "sample_mean": 0.43333333333343332, "daily_article_count": 0, "30_day_error_count": 1, "threshold_warn": 1.9550282947352104, "30_day_warn_count": 0, "daily_sd": -0.56954034063995196, "threshold_error": 2.7158757754360994}, "chole": {"sample_sd": 3.1953090617340916, "sample_mean": 4.7000000000001005, "daily_article_count": 10, "30_day_error_count": 0, "threshold_warn": 11.090618123468284, "30_day_warn_count": 0, "daily_sd": 1.6586814913996437, "threshold_error": 14.285927185202375}, "hepat": {"sample_sd": 1.9275776393067949, "sample_mean": 2.1333333333334332, "daily_article_count": 4, "30_day_error_count": 2, "threshold_warn": 5.9884886119470231, "30_day_warn_count": 0, "daily_sd": 0.96840024941245262, "threshold_error": 7.9160662512538176}, "chiku": {"sample_sd": 1.5832456116050557, "sample_mean": 1.6000000000001, "daily_article_count": 0, "30_day_error_count": 0, "threshold_warn": 4.7664912232102115, "30_day_warn_count": 0, "daily_sd": -1.0105823052798859, "threshold_error": 6.3497368348152667}, "yello": {"sample_sd": 0.29999999999999999, "sample_mean": 0.10000000000010001, "daily_article_count": 0, "30_day_error_count": 2, "threshold_warn": 0.70000000000009999, "30_day_warn_count": 0, "daily_sd": -0.33333333333366671, "threshold_error": 1.0000000000000999}, "menin": {"sample_sd": 2.4785748593361738, "sample_mean": 2.7000000000001001, "daily_article_count": 2, "30_day_error_count": 2, "threshold_warn": 7.6571497186724482, "30_day_warn_count": 0, "daily_sd": -0.28242035836173135, "threshold_error": 10.135724578008622}, "plagu": {"sample_sd": 0.17950549357115009, "sample_mean": 0.033333333333433336, "daily_article_count": 0, "30_day_error_count": 5, "threshold_warn": 0.39234432047573353, "30_day_warn_count": 0, "daily_sd": -0.18569533817760903, "threshold_error": 0.57184981404688362}, "westn": {"sample_sd": 0.76303487615063981, "sample_mean": 0.53333333333343336, "daily_article_count": 1, "30_day_error_count": 4, "threshold_warn": 2.0594030856347132, "30_day_warn_count": 5, "daily_sd": 0.61159283966259548, "threshold_error": 2.8224379617853526}, "swine": {"sample_sd": 16.767991995333119, "sample_mean": 23.033333333333434, "daily_article_count": 4, "30_day_error_count": 0, "threshold_warn": 56.56931732399967, "30_day_warn_count": 0, "daily_sd": -1.1350991423797678, "threshold_error": 73.337309319332789}, "measl": {"sample_sd": 9.4372783270507732, "sample_mean": 14.733333333333432, "daily_article_count": 14, "30_day_error_count": 0, "threshold_warn": 33.60788998743498, "30_day_warn_count": 0, "daily_sd": -0.077706019460231882, "threshold_error": 43.04516831448575}, "dengu": {"sample_sd": 3.4480268109295338, "sample_mean": 4.3333333333334334, "daily_article_count": 4, "30_day_error_count": 0, "threshold_warn": 11.229386955192501, "30_day_warn_count": 0, "daily_sd": -0.096673648904595372, "threshold_error": 14.677413766122035}, "ebola": {"sample_sd": 39.437446953653357, "sample_mean": 78.233333333333434, "daily_article_count": 29, "30_day_error_count": 0, "threshold_warn": 157.10822724064013, "30_day_warn_count": 0, "daily_sd": -1.2483904800225061, "threshold_error": 196.5456741942935}, "unkno": {"sample_sd": 26.688824127962878, "sample_mean": 48.800000000000097, "daily_article_count": 88, "30_day_error_count": 0, "threshold_warn": 102.17764825592585, "30_day_warn_count": 0, "daily_sd": 1.4687795839955571, "threshold_error": 128.86647238388872}, "mumps": {"sample_sd": 0.29999999999999999, "sample_mean": 0.10000000000010001, "daily_article_count": 0, "30_day_error_count": 0, "threshold_warn": 0.70000000000009999, "30_day_warn_count": 0, "daily_sd": -0.33333333333366671, "threshold_error": 1.0000000000000999}}