{"hemmo": {"sample_sd": 0.42687494916218993, "sample_mean": 0.13333333333343333, "daily_article_count": 0, "30_day_error_count": 1, "threshold_warn": 0.9870832316578132, "30_day_warn_count": 0, "daily_sd": -0.3123475237774464, "threshold_error": 1.413958180820003}, "mersc": {"sample_sd": 2.1406125810669767, "sample_mean": 1.5333333333334334, "daily_article_count": 1, "30_day_error_count": 0, "threshold_warn": 5.814558495467387, "30_day_warn_count": 0, "daily_sd": -0.24914986394576652, "threshold_error": 7.9551710765343637}, "influ": {"sample_sd": 11.303342671774379, "sample_mean": 19.366666666666767, "daily_article_count": 11, "30_day_error_count": 1, "threshold_warn": 41.973352010215521, "30_day_warn_count": 0, "daily_sd": -0.74019402132779732, "threshold_error": 53.276694681989902}, "pertu": {"sample_sd": 2.423266849156779, "sample_mean": 2.1666666666667664, "daily_article_count": 0, "30_day_error_count": 0, "threshold_warn": 7.0132003649803245, "30_day_warn_count": 0, "daily_sd": -0.89410981189327066, "threshold_error": 9.4364672141371031}, "moldf": {"sample_sd": 0.78881063774661531, "sample_mean": 0.66666666666676666, "daily_article_count": 1, "30_day_error_count": 0, "threshold_warn": 2.2442879421599971, "30_day_warn_count": 0, "daily_sd": 0.42257712736413161, "threshold_error": 3.0330985799066124}, "chole": {"sample_sd": 2.3007245235649862, "sample_mean": 2.8000000000000997, "daily_article_count": 6, "30_day_error_count": 3, "threshold_warn": 7.4014490471300718, "30_day_warn_count": 2, "daily_sd": 1.3908662107193439, "threshold_error": 9.7021735706950594}, "hepat": {"sample_sd": 1.2405196043952265, "sample_mean": 1.1666666666667667, "daily_article_count": 1, "30_day_error_count": 1, "threshold_warn": 3.6477058754572198, "30_day_warn_count": 0, "daily_sd": -0.13435230372519535, "threshold_error": 4.888225479852446}, "chiku": {"sample_sd": 1.0796089827134432, "sample_mean": 1.3666666666667666, "daily_article_count": 0, "30_day_error_count": 2, "threshold_warn": 3.525884632093653, "30_day_warn_count": 0, "daily_sd": -1.2658904182436912, "threshold_error": 4.605493614807096}, "yello": {"sample_sd": 0.59999999999999998, "sample_mean": 0.20000000000010001, "daily_article_count": 0, "30_day_error_count": 0, "threshold_warn": 1.4000000000001001, "30_day_warn_count": 0, "daily_sd": -0.33333333333350001, "threshold_error": 2.0000000000000999}, "menin": {"sample_sd": 0.89193921068397697, "sample_mean": 0.93333333333343338, "daily_article_count": 4, "30_day_error_count": 10, "threshold_warn": 2.7172117547013874, "30_day_warn_count": 1, "daily_sd": 3.4382014266587921, "threshold_error": 3.6091509653853646}, "plagu": {"sample_sd": 3.4864818306647685, "sample_mean": 1.6666666666667667, "daily_article_count": 0, "30_day_error_count": 0, "threshold_warn": 8.6396303279963043, "30_day_warn_count": 0, "daily_sd": -0.47803681407655085, "threshold_error": 12.126112158661073}, "westn": {"sample_sd": 0.17950549357115009, "sample_mean": 0.033333333333433336, "daily_article_count": 0, "30_day_error_count": 6, "threshold_warn": 0.39234432047573353, "30_day_warn_count": 0, "daily_sd": -0.18569533817760903, "threshold_error": 0.57184981404688362}, "swine": {"sample_sd": 3.3459760243545613, "sample_mean": 2.0666666666667668, "daily_article_count": 12, "30_day_error_count": 2, "threshold_warn": 8.7586187153758885, "30_day_warn_count": 2, "daily_sd": 2.9687401407036003, "threshold_error": 12.104594739730452}, "measl": {"sample_sd": 2.0604745947367453, "sample_mean": 2.5666666666667668, "daily_article_count": 15, "30_day_error_count": 9, "threshold_warn": 6.6876158561402574, "30_day_warn_count": 7, "daily_sd": 6.0342085095796909, "threshold_error": 8.7480904508770028}, "dengu": {"sample_sd": 1.9439364415764442, "sample_mean": 3.2333333333334333, "daily_article_count": 3, "30_day_error_count": 0, "threshold_warn": 7.1212062164863212, "30_day_warn_count": 0, "daily_sd": -0.12003135922705918, "threshold_error": 9.0651426580627668}, "ebola": {"sample_sd": 80.058894987794247, "sample_mean": 167.80000000000013, "daily_article_count": 43, "30_day_error_count": 0, "threshold_warn": 327.91778997558862, "30_day_warn_count": 0, "daily_sd": -1.5588523925920672, "threshold_error": 407.97668496338287}, "unkno": {"sample_sd": 22.051681719693551, "sample_mean": 58.300000000000097, "daily_article_count": 78, "30_day_error_count": 0, "threshold_warn": 102.40336343938719, "30_day_warn_count": 0, "daily_sd": 0.89335590139624377, "threshold_error": 124.45504515908075}, "mumps": {"sample_sd": 0.67082039324993692, "sample_mean": 0.50000000000010003, "daily_article_count": 0, "30_day_error_count": 1, "threshold_warn": 1.841640786499974, "30_day_warn_count": 0, "daily_sd": -0.745355992500079, "threshold_error": 2.5124611797499106}}