{"hemmo": {"sample_sd": 1.4742229591663987, "sample_mean": 0.40000000000000002, "daily_article_count": 0, "30_day_error_count": 0, "threshold_warn": 3.3484459183327973, "30_day_warn_count": 0, "daily_sd": -0.27132937898768078, "threshold_error": 4.8226688774991961}, "mersc": {"sample_sd": 4.7759815745038212, "sample_mean": 2.7000000000000002, "daily_article_count": 18, "30_day_error_count": 25, "threshold_warn": 12.251963149007643, "30_day_warn_count": 3, "daily_sd": 3.2035299469490779, "threshold_error": 17.027944723511464}, "influ": {"sample_sd": 5.9855381267407086, "sample_mean": 14.800000000000001, "daily_article_count": 9, "30_day_error_count": 0, "threshold_warn": 26.771076253481418, "30_day_warn_count": 0, "daily_sd": -0.96900226465657169, "threshold_error": 32.756614380222132}, "pertu": {"sample_sd": 1.5737428845483836, "sample_mean": 1.3, "daily_article_count": 2, "30_day_error_count": 0, "threshold_warn": 4.4474857690967671, "30_day_warn_count": 0, "daily_sd": 0.44479946938783377, "threshold_error": 6.0212286536451503}, "moldf": {"sample_sd": 0.76376261582597338, "sample_mean": 0.5, "daily_article_count": 0, "30_day_error_count": 1, "threshold_warn": 2.0275252316519468, "30_day_warn_count": 0, "daily_sd": -0.65465367070797709, "threshold_error": 2.7912878474779204}, "chole": {"sample_sd": 7.8474341170998185, "sample_mean": 8.8666666666666671, "daily_article_count": 6, "30_day_error_count": 0, "threshold_warn": 24.561534900866306, "30_day_warn_count": 0, "daily_sd": -0.36529987049143942, "threshold_error": 32.408969017966122}, "hepat": {"sample_sd": 2.1553550880436281, "sample_mean": 2.7666666666666666, "daily_article_count": 2, "30_day_error_count": 1, "threshold_warn": 7.0773768427539228, "30_day_warn_count": 0, "daily_sd": -0.35570318362834324, "threshold_error": 9.2327319307975522}, "chiku": {"sample_sd": 1.3012814197295421, "sample_mean": 1.2, "daily_article_count": 0, "30_day_error_count": 0, "threshold_warn": 3.8025628394590845, "30_day_warn_count": 0, "daily_sd": -0.92216793524140805, "threshold_error": 5.1038442591886266}, "yello": {"sample_sd": 0.67986926847903806, "sample_mean": 0.26666666666666666, "daily_article_count": 0, "30_day_error_count": 1, "threshold_warn": 1.6264052036247427, "30_day_warn_count": 0, "daily_sd": -0.39223227027636803, "threshold_error": 2.3062744721037807}, "menin": {"sample_sd": 2.0518284528683193, "sample_mean": 2.7000000000000002, "daily_article_count": 2, "30_day_error_count": 5, "threshold_warn": 6.8036569057366387, "30_day_warn_count": 1, "daily_sd": -0.34115912518000563, "threshold_error": 8.8554853586049589}, "plagu": {"sample_sd": 1.3840359661351129, "sample_mean": 0.46666666666666667, "daily_article_count": 0, "30_day_error_count": 1, "threshold_warn": 3.2347385989368926, "30_day_warn_count": 0, "daily_sd": -0.33717813560136162, "threshold_error": 4.6187745650720053}, "westn": {"sample_sd": 1.6451950239004087, "sample_mean": 1.6000000000000001, "daily_article_count": 6, "30_day_error_count": 1, "threshold_warn": 4.8903900478008175, "30_day_warn_count": 3, "daily_sd": 2.6744549649612561, "threshold_error": 6.5355850717012256}, "swine": {"sample_sd": 2.0428737928059419, "sample_mean": 1.6000000000000001, "daily_article_count": 3, "30_day_error_count": 1, "threshold_warn": 5.6857475856118835, "30_day_warn_count": 0, "daily_sd": 0.6853090998230793, "threshold_error": 7.7286213784178255}, "measl": {"sample_sd": 5.631656555184767, "sample_mean": 6.4666666666666668, "daily_article_count": 4, "30_day_error_count": 0, "threshold_warn": 17.729979777036199, "30_day_warn_count": 0, "daily_sd": -0.43800019452460004, "threshold_error": 23.361636332220968}, "dengu": {"sample_sd": 2.8252826800556119, "sample_mean": 4.5333333333333332, "daily_article_count": 10, "30_day_error_count": 3, "threshold_warn": 10.183898693444558, "30_day_warn_count": 1, "daily_sd": 1.9349096305503359, "threshold_error": 13.009181373500169}, "ebola": {"sample_sd": 23.00340554497674, "sample_mean": 45.899999999999999, "daily_article_count": 25, "30_day_error_count": 0, "threshold_warn": 91.906811089953479, "30_day_warn_count": 0, "daily_sd": -0.90856112409685952, "threshold_error": 114.91021663493021}, "unkno": {"sample_sd": 22.135542058468371, "sample_mean": 63.133333333333333, "daily_article_count": 84, "30_day_error_count": 15, "threshold_warn": 107.40441745027007, "30_day_warn_count": 4, "daily_sd": 0.94267701290304429, "threshold_error": 129.53995950873843}, "mumps": {"sample_sd": 0.75718777944003657, "sample_mean": 0.40000000000000002, "daily_article_count": 0, "30_day_error_count": 0, "threshold_warn": 1.914375558880073, "30_day_warn_count": 0, "daily_sd": -0.5282705437953743, "threshold_error": 2.6715633383201096}}