{"hemmo": {"sample_sd": 0.0, "sample_mean": 0.0, "daily_article_count": 0, "30_day_error_count": 7, "threshold_warn": 0.0, "30_day_warn_count": 0, "daily_sd": 0, "threshold_error": 0.0}, "mersc": {"sample_sd": 4.8268922599213759, "sample_mean": 6.9666666666666668, "daily_article_count": 0, "30_day_error_count": 1, "threshold_warn": 16.62045118650942, "30_day_warn_count": 0, "daily_sd": -1.4433027073158964, "threshold_error": 21.447343446430793}, "influ": {"sample_sd": 2.3591429705627327, "sample_mean": 2.3666666666666667, "daily_article_count": 4, "30_day_error_count": 2, "threshold_warn": 7.0849526077921325, "30_day_warn_count": 0, "daily_sd": 0.69234181807291229, "threshold_error": 9.4440955783548652}, "pertu": {"sample_sd": 3.6581719782183861, "sample_mean": 2.5333333333333332, "daily_article_count": 3, "30_day_error_count": 0, "threshold_warn": 9.8496772897701064, "30_day_warn_count": 0, "daily_sd": 0.12756826891827655, "threshold_error": 13.507849267988492}, "moldf": {"sample_sd": 0.67986926847903806, "sample_mean": 0.26666666666666666, "daily_article_count": 1, "30_day_error_count": 0, "threshold_warn": 1.6264052036247427, "30_day_warn_count": 0, "daily_sd": 1.0786387432600122, "threshold_error": 2.3062744721037807}, "chole": {"sample_sd": 2.4991109530302085, "sample_mean": 3.5666666666666669, "daily_article_count": 12, "30_day_error_count": 5, "threshold_warn": 8.5648885727270834, "30_day_warn_count": 0, "daily_sd": 3.374533380803999, "threshold_error": 11.063999525757293}, "hepat": {"sample_sd": 1.5187714333192688, "sample_mean": 1.3999999999999999, "daily_article_count": 2, "30_day_error_count": 7, "threshold_warn": 4.4375428666385375, "30_day_warn_count": 1, "daily_sd": 0.3950561531755325, "threshold_error": 5.9563142999578069}, "chiku": {"sample_sd": 6.4391165715664931, "sample_mean": 10.266666666666667, "daily_article_count": 1, "30_day_error_count": 1, "threshold_warn": 23.144899809799654, "30_day_warn_count": 0, "daily_sd": -1.4391208116321297, "threshold_error": 29.584016381366148}, "yello": {"sample_sd": 0.86922698736035309, "sample_mean": 0.33333333333333331, "daily_article_count": 1, "30_day_error_count": 0, "threshold_warn": 2.0717873080540397, "30_day_warn_count": 0, "daily_sd": 0.76696498884737063, "threshold_error": 2.941014295414393}, "menin": {"sample_sd": 1.7451520150277897, "sample_mean": 1.4333333333333333, "daily_article_count": 2, "30_day_error_count": 1, "threshold_warn": 4.923637363388913, "30_day_warn_count": 0, "daily_sd": 0.32470905788550636, "threshold_error": 6.6687893784167027}, "plagu": {"sample_sd": 0.17950549357115012, "sample_mean": 0.033333333333333333, "daily_article_count": 0, "30_day_error_count": 12, "threshold_warn": 0.39234432047563356, "30_day_warn_count": 0, "daily_sd": -0.18569533817705189, "threshold_error": 0.5718498140467837}, "westn": {"sample_sd": 1.9846634195472261, "sample_mean": 3.1666666666666665, "daily_article_count": 4, "30_day_error_count": 1, "threshold_warn": 7.1359935057611192, "30_day_warn_count": 0, "daily_sd": 0.41988647804243157, "threshold_error": 9.120656925308344}, "swine": {"sample_sd": 1.9652537297311565, "sample_mean": 1.2666666666666666, "daily_article_count": 0, "30_day_error_count": 0, "threshold_warn": 5.1971741261289797, "30_day_warn_count": 0, "daily_sd": -0.64453085497512042, "threshold_error": 7.1624278558601366}, "measl": {"sample_sd": 4.2149205870995434, "sample_mean": 6.3666666666666663, "daily_article_count": 0, "30_day_error_count": 1, "threshold_warn": 14.796507840865754, "30_day_warn_count": 0, "daily_sd": -1.5105069087547924, "threshold_error": 19.011428427965296}, "dengu": {"sample_sd": 3.0120129850686603, "sample_mean": 4.166666666666667, "daily_article_count": 5, "30_day_error_count": 1, "threshold_warn": 10.190692636803988, "30_day_warn_count": 2, "daily_sd": 0.27666990064929509, "threshold_error": 13.202705621872649}, "ebola": {"sample_sd": 18.141082902872387, "sample_mean": 21.633333333333333, "daily_article_count": 659, "30_day_error_count": 12, "threshold_warn": 57.915499139078108, "30_day_warn_count": 6, "daily_sd": 35.133882033345898, "threshold_error": 76.056582041950492}, "unkno": {"sample_sd": 20.600134843140122, "sample_mean": 51.366666666666667, "daily_article_count": 67, "30_day_error_count": 8, "threshold_warn": 92.566936352946911, "30_day_warn_count": 3, "daily_sd": 0.75889470881494048, "threshold_error": 113.16707119608702}, "mumps": {"sample_sd": 0.49553562491061676, "sample_mean": 0.23333333333333334, "daily_article_count": 0, "30_day_error_count": 1, "threshold_warn": 1.2244045831545669, "30_day_warn_count": 0, "daily_sd": -0.47087095579741883, "threshold_error": 1.7199402080651836}}