{"hemmo": {"sample_sd": 0.17950549357115012, "sample_mean": 0.033333333333333333, "daily_article_count": 0, "30_day_error_count": 3, "threshold_warn": 0.39234432047563356, "30_day_warn_count": 0, "daily_sd": -0.18569533817705189, "threshold_error": 0.5718498140467837}, "mersc": {"sample_sd": 2.7698776547389645, "sample_mean": 2.1666666666666665, "daily_article_count": 0, "30_day_error_count": 0, "threshold_warn": 7.7064219761445951, "30_day_warn_count": 0, "daily_sd": -0.78222468164242975, "threshold_error": 10.47629963088356}, "influ": {"sample_sd": 7.4908091834075066, "sample_mean": 12.233333333333333, "daily_article_count": 12, "30_day_error_count": 1, "threshold_warn": 27.214951700148347, "30_day_warn_count": 0, "daily_sd": -0.031149282757085412, "threshold_error": 34.705760883555854}, "pertu": {"sample_sd": 1.1396880664852509, "sample_mean": 1.3666666666666667, "daily_article_count": 0, "30_day_error_count": 3, "threshold_warn": 3.6460427996371685, "30_day_warn_count": 0, "daily_sd": -1.1991585301769527, "threshold_error": 4.7857308661224192}, "moldf": {"sample_sd": 0.58594652770823141, "sample_mean": 0.29999999999999999, "daily_article_count": 0, "30_day_error_count": 1, "threshold_warn": 1.4718930554164629, "30_day_warn_count": 0, "daily_sd": -0.51199211158971691, "threshold_error": 2.0578395831246943}, "chole": {"sample_sd": 3.1804961178337496, "sample_mean": 4.4666666666666668, "daily_article_count": 7, "30_day_error_count": 0, "threshold_warn": 10.827658902334166, "30_day_warn_count": 0, "daily_sd": 0.79652143548560528, "threshold_error": 14.008155020167916}, "hepat": {"sample_sd": 1.9382122346808841, "sample_mean": 2.1000000000000001, "daily_article_count": 2, "30_day_error_count": 2, "threshold_warn": 5.9764244693617687, "30_day_warn_count": 0, "daily_sd": -0.051593937036758276, "threshold_error": 7.9146367040426515}, "chiku": {"sample_sd": 1.5405626677721789, "sample_mean": 1.6000000000000001, "daily_article_count": 0, "30_day_error_count": 0, "threshold_warn": 4.6811253355443583, "30_day_warn_count": 0, "daily_sd": -1.0385815737789974, "threshold_error": 6.2216880033165367}, "yello": {"sample_sd": 0.47609522856952335, "sample_mean": 0.20000000000000001, "daily_article_count": 0, "30_day_error_count": 1, "threshold_warn": 1.1521904571390467, "30_day_warn_count": 0, "daily_sd": -0.42008402520840293, "threshold_error": 1.6282856857085701}, "menin": {"sample_sd": 2.5130769099961019, "sample_mean": 2.8666666666666667, "daily_article_count": 2, "30_day_error_count": 2, "threshold_warn": 7.89282048665887, "30_day_warn_count": 0, "daily_sd": -0.3448627709002392, "threshold_error": 10.405897396654973}, "plagu": {"sample_sd": 0.17950549357115009, "sample_mean": 0.033333333333333333, "daily_article_count": 2, "30_day_error_count": 8, "threshold_warn": 0.3923443204756335, "30_day_warn_count": 0, "daily_sd": 10.956024952446063, "threshold_error": 0.57184981404678359}, "westn": {"sample_sd": 0.80000000000000004, "sample_mean": 0.59999999999999998, "daily_article_count": 0, "30_day_error_count": 3, "threshold_warn": 2.2000000000000002, "30_day_warn_count": 5, "daily_sd": -0.74999999999999989, "threshold_error": 3.0000000000000004}, "swine": {"sample_sd": 15.64168220563959, "sample_mean": 18.733333333333334, "daily_article_count": 1, "30_day_error_count": 0, "threshold_warn": 50.016697744612514, "30_day_warn_count": 0, "daily_sd": -1.1337229014242216, "threshold_error": 65.658379950252112}, "measl": {"sample_sd": 8.5832524268031545, "sample_mean": 13.166666666666666, "daily_article_count": 4, "30_day_error_count": 0, "threshold_warn": 30.333171520272977, "30_day_warn_count": 0, "daily_sd": -1.067971231749129, "threshold_error": 38.916423947076126}, "dengu": {"sample_sd": 3.4130468629787205, "sample_mean": 4.4666666666666668, "daily_article_count": 2, "30_day_error_count": 0, "threshold_warn": 11.292760392624107, "30_day_warn_count": 0, "daily_sd": -0.72271690536176669, "threshold_error": 14.705807255602828}, "ebola": {"sample_sd": 33.171674663785069, "sample_mean": 70.799999999999997, "daily_article_count": 18, "30_day_error_count": 0, "threshold_warn": 137.14334932757015, "30_day_warn_count": 0, "daily_sd": -1.5917194574937759, "threshold_error": 170.31502399135519}, "unkno": {"sample_sd": 27.22466202218537, "sample_mean": 51.133333333333333, "daily_article_count": 57, "30_day_error_count": 0, "threshold_warn": 105.58265737770407, "30_day_warn_count": 0, "daily_sd": 0.21549089064488375, "threshold_error": 132.80731939988945}, "mumps": {"sample_sd": 0.33993463423951903, "sample_mean": 0.13333333333333333, "daily_article_count": 0, "30_day_error_count": 0, "threshold_warn": 0.81320260181237136, "30_day_warn_count": 0, "daily_sd": -0.39223227027636803, "threshold_error": 1.1531372360518903}}