{"hemmo": {"sample_sd": 0.17950549357115009, "sample_mean": 0.033333333333433336, "daily_article_count": 0, "30_day_error_count": 1, "threshold_warn": 0.39234432047573353, "30_day_warn_count": 0, "daily_sd": -0.18569533817760903, "threshold_error": 0.57184981404688362}, "mersc": {"sample_sd": 24.162896257600316, "sample_mean": 26.766666666666765, "daily_article_count": 1, "30_day_error_count": 0, "threshold_warn": 75.092459181867397, "30_day_warn_count": 0, "daily_sd": -1.066373268832042, "threshold_error": 99.255355439467706}, "influ": {"sample_sd": 1.9553345834749951, "sample_mean": 2.1000000000001, "daily_article_count": 6, "30_day_error_count": 3, "threshold_warn": 6.0106691669500902, "30_day_warn_count": 0, "daily_sd": 1.9945435594295431, "threshold_error": 7.9660037504250854}, "pertu": {"sample_sd": 1.0671873729054748, "sample_mean": 1.1666666666667667, "daily_article_count": 4, "30_day_error_count": 7, "threshold_warn": 3.3010414124777165, "30_day_warn_count": 0, "daily_sd": 2.6549539521062093, "threshold_error": 4.3682287853831907}, "moldf": {"sample_sd": 0.70632067001390297, "sample_mean": 0.36666666666676662, "daily_article_count": 1, "30_day_error_count": 0, "threshold_warn": 1.7793080066945726, "30_day_warn_count": 0, "daily_sd": 0.89666543854757508, "threshold_error": 2.4856286767084756}, "chole": {"sample_sd": 4.6312945154555756, "sample_mean": 6.5333333333334336, "daily_article_count": 3, "30_day_error_count": 0, "threshold_warn": 15.795922364244586, "30_day_warn_count": 0, "daily_sd": -0.76292564023773024, "threshold_error": 20.427216879700161}, "hepat": {"sample_sd": 3.963864556493097, "sample_mean": 3.2333333333334333, "daily_article_count": 3, "30_day_error_count": 0, "threshold_warn": 11.161062446319628, "30_day_warn_count": 0, "daily_sd": -0.058865112570815878, "threshold_error": 15.124927002812726}, "chiku": {"sample_sd": 4.3641213956025053, "sample_mean": 4.4333333333334339, "daily_article_count": 15, "30_day_error_count": 5, "threshold_warn": 13.161576124538445, "30_day_warn_count": 5, "daily_sd": 2.4212586472305833, "threshold_error": 17.525697520140948}, "yello": {"sample_sd": 0.45338235029118146, "sample_mean": 0.16666666666676666, "daily_article_count": 0, "30_day_error_count": 3, "threshold_warn": 1.0734313672491296, "30_day_warn_count": 0, "daily_sd": -0.36760731104712441, "threshold_error": 1.5268137175403111}, "menin": {"sample_sd": 1.0645812948447542, "sample_mean": 1.0000000000000999, "daily_article_count": 1, "30_day_error_count": 3, "threshold_warn": 3.1291625896896083, "30_day_warn_count": 0, "daily_sd": -9.385856458321038e-14, "threshold_error": 4.1937438845343618}, "plagu": {"sample_sd": 0.0, "sample_mean": 1e-13, "daily_article_count": 1, "30_day_error_count": 2, "threshold_warn": 1e-13, "30_day_warn_count": 0, "daily_sd": Infinity, "threshold_error": 1e-13}, "westn": {"sample_sd": 1.3349989596333858, "sample_mean": 1.5333333333334334, "daily_article_count": 7, "30_day_error_count": 5, "threshold_warn": 4.2033312526002051, "30_day_warn_count": 11, "daily_sd": 4.0948845893990882, "threshold_error": 5.5383302122335909}, "swine": {"sample_sd": 2.6350205565295561, "sample_mean": 1.3000000000001, "daily_article_count": 1, "30_day_error_count": 0, "threshold_warn": 6.5700411130592125, "30_day_warn_count": 0, "daily_sd": -0.11385110421878979, "threshold_error": 9.205061669588769}, "measl": {"sample_sd": 10.125874447835768, "sample_mean": 9.0000000000000995, "daily_article_count": 3, "30_day_error_count": 0, "threshold_warn": 29.251748895671636, "30_day_warn_count": 0, "daily_sd": -0.59254141762368939, "threshold_error": 39.377623343507402}, "dengu": {"sample_sd": 2.5914388967435746, "sample_mean": 2.5333333333334331, "daily_article_count": 2, "30_day_error_count": 2, "threshold_warn": 7.716211126820582, "30_day_warn_count": 5, "daily_sd": -0.20580586870237402, "threshold_error": 10.307650023564157}, "ebola": {"sample_sd": 6.4677834087283887, "sample_mean": 6.9666666666667671, "daily_article_count": 28, "30_day_error_count": 11, "threshold_warn": 19.902233484123546, "30_day_warn_count": 17, "daily_sd": 3.2520157222563104, "threshold_error": 26.370016892851936}, "unkno": {"sample_sd": 29.578915163038388, "sample_mean": 62.433333333333429, "daily_article_count": 69, "30_day_error_count": 1, "threshold_warn": 121.5911636594102, "30_day_warn_count": 0, "daily_sd": 0.22200498667619267, "threshold_error": 151.1700788224486}, "mumps": {"sample_sd": 0.7630348761506397, "sample_mean": 0.53333333333343336, "daily_article_count": 0, "30_day_error_count": 0, "threshold_warn": 2.0594030856347127, "30_day_warn_count": 0, "daily_sd": -0.69896324532896159, "threshold_error": 2.8224379617853526}}