{"hemmo": {"sample_sd": 0.17950549357115012, "sample_mean": 0.033333333333333333, "daily_article_count": 0, "30_day_error_count": 0, "threshold_warn": 0.39234432047563356, "30_day_warn_count": 0, "daily_sd": -0.18569533817705189, "threshold_error": 0.5718498140467837}, "mersc": {"sample_sd": 26.456358193993537, "sample_mean": 35.166666666666664, "daily_article_count": 15, "30_day_error_count": 0, "threshold_warn": 88.079383054653732, "30_day_warn_count": 0, "daily_sd": -0.7622616279532064, "threshold_error": 114.53574124864727}, "influ": {"sample_sd": 3.1790984046843631, "sample_mean": 3.3999999999999999, "daily_article_count": 5, "30_day_error_count": 0, "threshold_warn": 9.7581968093687266, "30_day_warn_count": 0, "daily_sd": 0.50328734638802608, "threshold_error": 12.937295214053089}, "pertu": {"sample_sd": 1.6468825769380835, "sample_mean": 1.5666666666666667, "daily_article_count": 0, "30_day_error_count": 5, "threshold_warn": 4.8604318205428338, "30_day_warn_count": 0, "daily_sd": -0.95129227098840541, "threshold_error": 6.5073143974809167}, "moldf": {"sample_sd": 0.61101009266077877, "sample_mean": 0.40000000000000002, "daily_article_count": 1, "30_day_error_count": 1, "threshold_warn": 1.6220201853215577, "30_day_warn_count": 0, "daily_sd": 0.98198050606196552, "threshold_error": 2.2330302779823361}, "chole": {"sample_sd": 5.0662280511902216, "sample_mean": 6.0, "daily_article_count": 0, "30_day_error_count": 0, "threshold_warn": 16.132456102380445, "30_day_warn_count": 0, "daily_sd": -1.1843130509275841, "threshold_error": 21.198684153570664}, "hepat": {"sample_sd": 3.9340394846349307, "sample_mean": 3.7000000000000002, "daily_article_count": 2, "30_day_error_count": 0, "threshold_warn": 11.568078969269862, "30_day_warn_count": 0, "daily_sd": -0.43212581028727426, "threshold_error": 15.502118453904792}, "chiku": {"sample_sd": 3.2837986133947576, "sample_mean": 3.5, "daily_article_count": 9, "30_day_error_count": 9, "threshold_warn": 10.067597226789516, "30_day_warn_count": 7, "daily_sd": 1.6748895555181917, "threshold_error": 13.351395840184273}, "yello": {"sample_sd": 0.49553562491061676, "sample_mean": 0.23333333333333334, "daily_article_count": 0, "30_day_error_count": 3, "threshold_warn": 1.2244045831545669, "30_day_warn_count": 0, "daily_sd": -0.47087095579741883, "threshold_error": 1.7199402080651836}, "menin": {"sample_sd": 1.16476034731041, "sample_mean": 1.1000000000000001, "daily_article_count": 0, "30_day_error_count": 3, "threshold_warn": 3.4295206946208201, "30_day_warn_count": 0, "daily_sd": -0.94440028160303502, "threshold_error": 4.5942810419312305}, "plagu": {"sample_sd": 0.0, "sample_mean": 0.0, "daily_article_count": 0, "30_day_error_count": 30, "threshold_warn": 0.0, "30_day_warn_count": 0, "daily_sd": 0, "threshold_error": 0.0}, "westn": {"sample_sd": 1.2206555615733703, "sample_mean": 1.1000000000000001, "daily_article_count": 5, "30_day_error_count": 5, "threshold_warn": 3.5413111231467407, "30_day_warn_count": 2, "daily_sd": 3.1950044900242576, "threshold_error": 4.761966684720111}, "swine": {"sample_sd": 2.6793448618811446, "sample_mean": 1.5666666666666667, "daily_article_count": 6, "30_day_error_count": 0, "threshold_warn": 6.9253563904289557, "30_day_warn_count": 0, "daily_sd": 1.6546333383231335, "threshold_error": 9.6047012523101003}, "measl": {"sample_sd": 9.7513531824505719, "sample_mean": 9.3333333333333339, "daily_article_count": 6, "30_day_error_count": 0, "threshold_warn": 28.83603969823448, "30_day_warn_count": 0, "daily_sd": -0.34183289959513574, "threshold_error": 38.587392880685051}, "dengu": {"sample_sd": 1.8499249234015476, "sample_mean": 2.3333333333333335, "daily_article_count": 11, "30_day_error_count": 4, "threshold_warn": 6.0331831801364286, "30_day_warn_count": 0, "daily_sd": 4.6848748060169063, "threshold_error": 7.8831081035379764}, "ebola": {"sample_sd": 6.2125321371849305, "sample_mean": 6.2666666666666666, "daily_article_count": 66, "30_day_error_count": 7, "threshold_warn": 18.691730941036528, "30_day_warn_count": 5, "daily_sd": 9.614973736039321, "threshold_error": 24.904263078221458}, "unkno": {"sample_sd": 29.206087645481645, "sample_mean": 61.733333333333334, "daily_article_count": 65, "30_day_error_count": 0, "threshold_warn": 120.14550862429662, "30_day_warn_count": 0, "daily_sd": 0.11184882776218191, "threshold_error": 149.35159626977827}, "mumps": {"sample_sd": 1.3287420951996498, "sample_mean": 0.96666666666666667, "daily_article_count": 0, "30_day_error_count": 0, "threshold_warn": 3.6241508570659664, "30_day_warn_count": 0, "daily_sd": -0.72750511190918532, "threshold_error": 4.952892952265616}}