{"hemmo": {"sample_sd": 0.83599574693229672, "sample_mean": 0.36666666666676662, "daily_article_count": 0, "30_day_error_count": 0, "threshold_warn": 2.0386581605313601, "30_day_warn_count": 0, "daily_sd": -0.43859872255601462, "threshold_error": 2.8746539074636566}, "mersc": {"sample_sd": 2.270584848790187, "sample_mean": 2.3333333333334334, "daily_article_count": 2, "30_day_error_count": 1, "threshold_warn": 6.8745030309138073, "30_day_warn_count": 0, "daily_sd": -0.14680505487871995, "threshold_error": 9.1450878797039934}, "influ": {"sample_sd": 11.990922492545025, "sample_mean": 12.466666666666766, "daily_article_count": 14, "30_day_error_count": 1, "threshold_warn": 36.448511651756817, "30_day_warn_count": 0, "daily_sd": 0.12787450959561578, "threshold_error": 48.439434144301842}, "pertu": {"sample_sd": 1.2512216252748971, "sample_mean": 1.3666666666667666, "daily_article_count": 0, "30_day_error_count": 4, "threshold_warn": 3.8691099172165608, "30_day_warn_count": 0, "daily_sd": -1.0922658616665979, "threshold_error": 5.1203315424914582}, "moldf": {"sample_sd": 0.81377037438224664, "sample_mean": 0.73333333333343331, "daily_article_count": 0, "30_day_error_count": 0, "threshold_warn": 2.3608740820979266, "30_day_warn_count": 0, "daily_sd": -0.90115511257106762, "threshold_error": 3.174644456480173}, "chole": {"sample_sd": 1.8381754238616317, "sample_mean": 2.433333333333433, "daily_article_count": 0, "30_day_error_count": 1, "threshold_warn": 6.1096841810566964, "30_day_warn_count": 0, "daily_sd": -1.3237764479635441, "threshold_error": 7.9478596049183281}, "hepat": {"sample_sd": 2.960668092771555, "sample_mean": 2.3666666666667666, "daily_article_count": 1, "30_day_error_count": 0, "threshold_warn": 8.2880028522098765, "30_day_warn_count": 0, "daily_sd": -0.46160752365436408, "threshold_error": 11.248670944981431}, "chiku": {"sample_sd": 1.374772708486752, "sample_mean": 2.1000000000001, "daily_article_count": 0, "30_day_error_count": 0, "threshold_warn": 4.8495454169736041, "30_day_warn_count": 0, "daily_sd": -1.5275252316520194, "threshold_error": 6.2243181254603561}, "yello": {"sample_sd": 0.66749947981669278, "sample_mean": 0.23333333333343334, "daily_article_count": 0, "30_day_error_count": 0, "threshold_warn": 1.5683322929668189, "30_day_warn_count": 0, "daily_sd": -0.34956331860739548, "threshold_error": 2.2358317727835115}, "menin": {"sample_sd": 2.9371187695880918, "sample_mean": 2.2000000000001001, "daily_article_count": 0, "30_day_error_count": 1, "threshold_warn": 8.0742375391762842, "30_day_warn_count": 0, "daily_sd": -0.74903338018865107, "threshold_error": 11.011356308764375}, "plagu": {"sample_sd": 3.4960294939005054, "sample_mean": 1.6666666666667667, "daily_article_count": 0, "30_day_error_count": 0, "threshold_warn": 8.6587256544677782, "30_day_warn_count": 0, "daily_sd": -0.47673129462282471, "threshold_error": 12.154755148368285}, "westn": {"sample_sd": 1.1100550536897811, "sample_mean": 0.36666666666676662, "daily_article_count": 0, "30_day_error_count": 0, "threshold_warn": 2.5867767740463288, "30_day_warn_count": 0, "daily_sd": -0.33031394744610232, "threshold_error": 3.6968318277361099}, "swine": {"sample_sd": 1.5563490039905004, "sample_mean": 1.3333333333334332, "daily_article_count": 9, "30_day_error_count": 4, "threshold_warn": 4.4460313413144341, "30_day_warn_count": 0, "daily_sd": 4.9260587740983075, "threshold_error": 6.0023803453049345}, "measl": {"sample_sd": 2.4864074931962024, "sample_mean": 2.5333333333334331, "daily_article_count": 0, "30_day_error_count": 0, "threshold_warn": 7.5061483197258383, "30_day_warn_count": 0, "daily_sd": -1.0188729483263055, "threshold_error": 9.9925558129220402}, "dengu": {"sample_sd": 3.1377628265303219, "sample_mean": 6.5666666666667668, "daily_article_count": 1, "30_day_error_count": 0, "threshold_warn": 12.84219231972741, "30_day_warn_count": 0, "daily_sd": -1.7740877734925173, "threshold_error": 15.979955146257733}, "ebola": {"sample_sd": 252.72608140479332, "sample_mean": 408.83333333333343, "daily_article_count": 77, "30_day_error_count": 0, "threshold_warn": 914.28549614292001, "30_day_warn_count": 0, "daily_sd": -1.3130157817064927, "threshold_error": 1167.0115775477134}, "unkno": {"sample_sd": 48.407770266995584, "sample_mean": 59.433333333333429, "daily_article_count": 52, "30_day_error_count": 0, "threshold_warn": 156.24887386732459, "30_day_warn_count": 0, "daily_sd": -0.15355661482308505, "threshold_error": 204.65664413432017}, "mumps": {"sample_sd": 0.70632067001390297, "sample_mean": 0.36666666666676662, "daily_article_count": 0, "30_day_error_count": 1, "threshold_warn": 1.7793080066945726, "30_day_warn_count": 0, "daily_sd": -0.51912209600145109, "threshold_error": 2.4856286767084756}}