{"hemmo": {"sample_sd": 1.6193277068654823, "sample_mean": 0.66666666666676666, "daily_article_count": 1, "30_day_error_count": 0, "threshold_warn": 3.9053220803977311, "30_day_warn_count": 0, "daily_sd": 0.20584674239809284, "threshold_error": 5.5246497872632139}, "mersc": {"sample_sd": 25.819996557362707, "sample_mean": 24.166666666666767, "daily_article_count": 9, "30_day_error_count": 0, "threshold_warn": 75.806659781392185, "30_day_warn_count": 3, "daily_sd": -0.5874000266797833, "threshold_error": 101.62665633875488}, "influ": {"sample_sd": 5.3711161678825095, "sample_mean": 13.533333333333433, "daily_article_count": 14, "30_day_error_count": 1, "threshold_warn": 24.275565669098452, "30_day_warn_count": 0, "daily_sd": 0.086884485846178292, "threshold_error": 29.64668183698096}, "pertu": {"sample_sd": 1.1571036638473187, "sample_mean": 0.8333333333334334, "daily_article_count": 1, "30_day_error_count": 3, "threshold_warn": 3.1475406610280707, "30_day_warn_count": 0, "daily_sd": 0.14403780047883288, "threshold_error": 4.3046443248753894}, "moldf": {"sample_sd": 0.56273143387113778, "sample_mean": 0.50000000000010003, "daily_article_count": 0, "30_day_error_count": 2, "threshold_warn": 1.6254628677423755, "30_day_warn_count": 0, "daily_sd": -0.88852331663881623, "threshold_error": 2.1881943016135135}, "chole": {"sample_sd": 8.1469830816894007, "sample_mean": 8.4000000000000998, "daily_article_count": 10, "30_day_error_count": 0, "threshold_warn": 24.693966163378903, "30_day_warn_count": 0, "daily_sd": 0.19639171751761092, "threshold_error": 32.840949245068302}, "hepat": {"sample_sd": 2.2647050335284038, "sample_mean": 2.7333333333334333, "daily_article_count": 1, "30_day_error_count": 0, "threshold_warn": 7.2627434003902405, "30_day_warn_count": 0, "daily_sd": -0.76536825223234706, "threshold_error": 9.5274484339186447}, "chiku": {"sample_sd": 1.3203534880225574, "sample_mean": 1.3000000000001, "daily_article_count": 1, "30_day_error_count": 1, "threshold_warn": 3.9407069760452149, "30_day_warn_count": 0, "daily_sd": -0.22721188130414866, "threshold_error": 5.2610604640677723}, "yello": {"sample_sd": 0.69041050590693265, "sample_mean": 0.30000000000009996, "daily_article_count": 1, "30_day_error_count": 3, "threshold_warn": 1.6808210118139653, "30_day_warn_count": 0, "daily_sd": 1.013889554128917, "threshold_error": 2.371231517720898}, "menin": {"sample_sd": 2.8830924754891614, "sample_mean": 3.2333333333334333, "daily_article_count": 4, "30_day_error_count": 3, "threshold_warn": 8.9995182843117565, "30_day_warn_count": 0, "daily_sd": 0.26591816710162575, "threshold_error": 11.882610759800919}, "plagu": {"sample_sd": 0.17950549357115012, "sample_mean": 0.033333333333433336, "daily_article_count": 0, "30_day_error_count": 9, "threshold_warn": 0.39234432047573359, "30_day_warn_count": 0, "daily_sd": -0.185695338177609, "threshold_error": 0.57184981404688373}, "westn": {"sample_sd": 1.8015425489162216, "sample_mean": 2.433333333333433, "daily_article_count": 9, "30_day_error_count": 7, "threshold_warn": 6.0364184311658757, "30_day_warn_count": 0, "daily_sd": 3.6450244656263968, "threshold_error": 7.837960980082098}, "swine": {"sample_sd": 2.0278614899006842, "sample_mean": 1.5666666666667666, "daily_article_count": 2, "30_day_error_count": 1, "threshold_warn": 5.6223896464681351, "30_day_warn_count": 0, "daily_sd": 0.21368980844665886, "threshold_error": 7.6502511363688193}, "measl": {"sample_sd": 3.6758974716689559, "sample_mean": 4.766666666666767, "daily_article_count": 7, "30_day_error_count": 2, "threshold_warn": 12.11846161000468, "30_day_warn_count": 3, "daily_sd": 0.6075613780161393, "threshold_error": 15.794359081673635}, "dengu": {"sample_sd": 2.885981442921782, "sample_mean": 5.0666666666667668, "daily_article_count": 11, "30_day_error_count": 7, "threshold_warn": 10.83862955251033, "30_day_warn_count": 7, "daily_sd": 2.055915275507211, "threshold_error": 13.724610995432112}, "ebola": {"sample_sd": 17.795005541505798, "sample_mean": 39.266666666666765, "daily_article_count": 92, "30_day_error_count": 0, "threshold_warn": 74.856677749678369, "30_day_warn_count": 0, "daily_sd": 2.9633783035546606, "threshold_error": 92.651683291184156}, "unkno": {"sample_sd": 53.488898121219712, "sample_mean": 96.266666666666765, "daily_article_count": 93, "30_day_error_count": 0, "threshold_warn": 203.24446290910618, "30_day_warn_count": 0, "daily_sd": -0.06107186316053196, "threshold_error": 256.73336103032591}, "mumps": {"sample_sd": 0.75718777944003657, "sample_mean": 0.4000000000001, "daily_article_count": 1, "30_day_error_count": 0, "threshold_warn": 1.9143755588801732, "30_day_warn_count": 0, "daily_sd": 0.79240581569292923, "threshold_error": 2.6715633383202095}}