{"hemmo": {"sample_sd": 0.73409051818484161, "sample_mean": 0.16666666666676666, "daily_article_count": 0, "30_day_error_count": 3, "threshold_warn": 1.6348477030364499, "30_day_warn_count": 0, "daily_sd": -0.22703830459338603, "threshold_error": 2.3689382212212911}, "mersc": {"sample_sd": 2.4011571284602669, "sample_mean": 1.3666666666667666, "daily_article_count": 27, "30_day_error_count": 4, "threshold_warn": 6.1689809235873003, "30_day_warn_count": 0, "daily_sd": 10.675408547615755, "threshold_error": 8.5701380520475681}, "influ": {"sample_sd": 4.2280807308596495, "sample_mean": 5.7000000000001005, "daily_article_count": 8, "30_day_error_count": 1, "threshold_warn": 14.1561614617194, "30_day_warn_count": 0, "daily_sd": 0.54398204443278586, "threshold_error": 18.384242192579052}, "pertu": {"sample_sd": 0.59628479399994383, "sample_mean": 0.33333333333343329, "daily_article_count": 0, "30_day_error_count": 1, "threshold_warn": 1.5259029213333211, "30_day_warn_count": 0, "daily_sd": -0.55901699437511509, "threshold_error": 2.1221877153332649}, "moldf": {"sample_sd": 0.33993463423951903, "sample_mean": 0.13333333333343333, "daily_article_count": 2, "30_day_error_count": 4, "threshold_warn": 0.81320260181247139, "30_day_warn_count": 0, "daily_sd": 5.4912517838688588, "threshold_error": 1.1531372360519905}, "chole": {"sample_sd": 2.3478122203920444, "sample_mean": 2.5666666666667668, "daily_article_count": 1, "30_day_error_count": 0, "threshold_warn": 7.2622911074508556, "30_day_warn_count": 0, "daily_sd": -0.66728789170590497, "threshold_error": 9.6101033278429}, "hepat": {"sample_sd": 1.5187714333192688, "sample_mean": 1.4000000000000998, "daily_article_count": 2, "30_day_error_count": 2, "threshold_warn": 4.437542866638637, "30_day_warn_count": 0, "daily_sd": 0.39505615317546672, "threshold_error": 5.9563142999579064}, "chiku": {"sample_sd": 0.84656167328001963, "sample_mean": 0.50000000000010003, "daily_article_count": 0, "30_day_error_count": 3, "threshold_warn": 2.1931233465601392, "30_day_warn_count": 2, "daily_sd": -0.59062442321873643, "threshold_error": 3.0396850198401588}, "yello": {"sample_sd": 0.44221663871405331, "sample_mean": 0.26666666666676664, "daily_article_count": 0, "30_day_error_count": 0, "threshold_warn": 1.1510999440948733, "30_day_warn_count": 0, "daily_sd": -0.6030226891557533, "threshold_error": 1.5933165828089266}, "menin": {"sample_sd": 2.2610223842815489, "sample_mean": 2.2333333333334333, "daily_article_count": 1, "30_day_error_count": 3, "threshold_warn": 6.7553781018965307, "30_day_warn_count": 0, "daily_sd": -0.54547595013099848, "threshold_error": 9.01640048617808}, "plagu": {"sample_sd": 0.17950549357115009, "sample_mean": 0.033333333333433336, "daily_article_count": 0, "30_day_error_count": 2, "threshold_warn": 0.39234432047573353, "30_day_warn_count": 0, "daily_sd": -0.18569533817760903, "threshold_error": 0.57184981404688362}, "westn": {"sample_sd": 1.2297244497131143, "sample_mean": 0.56666666666676668, "daily_article_count": 2, "30_day_error_count": 0, "threshold_warn": 3.0261155660929955, "30_day_warn_count": 0, "daily_sd": 1.1655727701174188, "threshold_error": 4.2558400158061094}, "swine": {"sample_sd": 2.3288051299611428, "sample_mean": 2.9000000000000998, "daily_article_count": 1, "30_day_error_count": 0, "threshold_warn": 7.5576102599223853, "30_day_warn_count": 0, "daily_sd": -0.81586903754020945, "threshold_error": 9.8864153898835276}, "measl": {"sample_sd": 5.7101274552811478, "sample_mean": 7.8333333333334334, "daily_article_count": 7, "30_day_error_count": 0, "threshold_warn": 19.253588243895727, "30_day_warn_count": 5, "daily_sd": -0.14593953284925457, "threshold_error": 24.96371569917688}, "dengu": {"sample_sd": 2.2462314118441924, "sample_mean": 3.7666666666667665, "daily_article_count": 3, "30_day_error_count": 5, "threshold_warn": 8.2591294903551518, "30_day_warn_count": 3, "daily_sd": -0.34131241448418742, "threshold_error": 10.505360902199344}, "ebola": {"sample_sd": 0.62893207547044039, "sample_mean": 0.26666666666676664, "daily_article_count": 12, "30_day_error_count": 25, "threshold_warn": 1.5245308176076473, "30_day_warn_count": 20, "daily_sd": 18.655962688111771, "threshold_error": 2.1534628930780877}, "unkno": {"sample_sd": 18.503573228493526, "sample_mean": 42.866666666666767, "daily_article_count": 52, "30_day_error_count": 0, "threshold_warn": 79.873813123653818, "30_day_warn_count": 0, "daily_sd": 0.49359835641198618, "threshold_error": 98.37738635214734}, "mumps": {"sample_sd": 1.2565384549980507, "sample_mean": 0.56666666666676668, "daily_article_count": 3, "30_day_error_count": 4, "threshold_warn": 3.0797435766628682, "30_day_warn_count": 8, "daily_sd": 1.9365370981320329, "threshold_error": 4.336282031660919}}