{"hemmo": {"sample_sd": 0.9568466729604882, "sample_mean": 0.53333333333343336, "daily_article_count": 0, "30_day_error_count": 0, "threshold_warn": 2.4470266792544098, "30_day_warn_count": 0, "daily_sd": -0.55738641143339873, "threshold_error": 3.4038733522148981}, "mersc": {"sample_sd": 2.1158134763411129, "sample_mean": 2.7000000000001001, "daily_article_count": 0, "30_day_error_count": 0, "threshold_warn": 6.9316269526823255, "30_day_warn_count": 0, "daily_sd": -1.2761049261625954, "threshold_error": 9.0474404290234389}, "influ": {"sample_sd": 4.2797975029978543, "sample_mean": 7.5000000000001004, "daily_article_count": 21, "30_day_error_count": 12, "threshold_warn": 16.05959500599581, "30_day_warn_count": 0, "daily_sd": 3.1543548475234178, "threshold_error": 20.339392508993662}, "pertu": {"sample_sd": 1.0857664983268218, "sample_mean": 1.4333333333334333, "daily_article_count": 7, "30_day_error_count": 5, "threshold_warn": 3.6048663299870771, "30_day_warn_count": 0, "daily_sd": 5.1269464247099741, "threshold_error": 4.6906328283138983}, "moldf": {"sample_sd": 0.71802197428460057, "sample_mean": 0.53333333333343336, "daily_article_count": 1, "30_day_error_count": 0, "threshold_warn": 1.9693772819026345, "30_day_warn_count": 0, "daily_sd": 0.64993368361954218, "threshold_error": 2.6873992561872351}, "chole": {"sample_sd": 3.6672726771933508, "sample_mean": 3.5333333333334331, "daily_article_count": 2, "30_day_error_count": 0, "threshold_warn": 10.867878687720134, "30_day_warn_count": 0, "daily_sd": -0.41811271435287134, "threshold_error": 14.535151364913485}, "hepat": {"sample_sd": 2.871507540570903, "sample_mean": 2.5666666666667668, "daily_article_count": 2, "30_day_error_count": 0, "threshold_warn": 8.3096817478085718, "30_day_warn_count": 0, "daily_sd": -0.19734117311567434, "threshold_error": 11.181189288379475}, "chiku": {"sample_sd": 1.9955506062794355, "sample_mean": 2.4666666666667667, "daily_article_count": 1, "30_day_error_count": 0, "threshold_warn": 6.4577678792256377, "30_day_warn_count": 0, "daily_sd": -0.73496841525921719, "threshold_error": 8.4533184855050738}, "yello": {"sample_sd": 0.45338235029118146, "sample_mean": 0.16666666666676666, "daily_article_count": 0, "30_day_error_count": 1, "threshold_warn": 1.0734313672491296, "30_day_warn_count": 0, "daily_sd": -0.36760731104712441, "threshold_error": 1.5268137175403111}, "menin": {"sample_sd": 3.6030850978324422, "sample_mean": 3.8666666666667666, "daily_article_count": 1, "30_day_error_count": 0, "threshold_warn": 11.072836862331652, "30_day_warn_count": 0, "daily_sd": -0.7956144772687459, "threshold_error": 14.675921960164093}, "plagu": {"sample_sd": 0.54160256030906384, "sample_mean": 0.20000000000010001, "daily_article_count": 0, "30_day_error_count": 7, "threshold_warn": 1.2832051206182278, "30_day_warn_count": 2, "daily_sd": -0.369274472938183, "threshold_error": 1.8248076809272917}, "westn": {"sample_sd": 1.7307673314329557, "sample_mean": 1.0666666666667666, "daily_article_count": 0, "30_day_error_count": 0, "threshold_warn": 4.5282013295326777, "30_day_warn_count": 0, "daily_sd": -0.61629697261713412, "threshold_error": 6.2589686609656336}, "swine": {"sample_sd": 1.4079141387961918, "sample_mean": 1.1333333333334332, "daily_article_count": 1, "30_day_error_count": 2, "threshold_warn": 3.9491616109258167, "30_day_warn_count": 0, "daily_sd": -0.094702744762146629, "threshold_error": 5.3570757497220081}, "measl": {"sample_sd": 2.7728845790780561, "sample_mean": 2.6666666666667664, "daily_article_count": 6, "30_day_error_count": 0, "threshold_warn": 8.2124358248228795, "30_day_warn_count": 0, "daily_sd": 1.2021175920858267, "threshold_error": 10.985320403900936}, "dengu": {"sample_sd": 2.7928480087537881, "sample_mean": 8.0000000000000995, "daily_article_count": 1, "30_day_error_count": 0, "threshold_warn": 13.585696017507676, "30_day_warn_count": 0, "daily_sd": -2.5064020591380509, "threshold_error": 16.378544026261466}, "ebola": {"sample_sd": 441.99766213559695, "sample_mean": 735.00000000000011, "daily_article_count": 114, "30_day_error_count": 0, "threshold_warn": 1618.995324271194, "30_day_warn_count": 0, "daily_sd": -1.4049848069320521, "threshold_error": 2060.9929864067908}, "unkno": {"sample_sd": 48.560031576046839, "sample_mean": 53.300000000000097, "daily_article_count": 71, "30_day_error_count": 0, "threshold_warn": 150.42006315209377, "30_day_warn_count": 0, "daily_sd": 0.36449729181664631, "threshold_error": 198.98009472814061}, "mumps": {"sample_sd": 0.47609522856952335, "sample_mean": 0.20000000000010001, "daily_article_count": 0, "30_day_error_count": 3, "threshold_warn": 1.1521904571391468, "30_day_warn_count": 0, "daily_sd": -0.42008402520861299, "threshold_error": 1.6282856857086703}}