{"hemmo": {"sample_sd": 0.17950549357115009, "sample_mean": 0.033333333333433336, "daily_article_count": 0, "30_day_error_count": 6, "threshold_warn": 0.39234432047573353, "30_day_warn_count": 0, "daily_sd": -0.18569533817760903, "threshold_error": 0.57184981404688362}, "mersc": {"sample_sd": 4.5656933269280753, "sample_mean": 4.766666666666767, "daily_article_count": 1, "30_day_error_count": 0, "threshold_warn": 13.898053320522918, "30_day_warn_count": 0, "daily_sd": -0.82499335740560664, "threshold_error": 18.463746647450993}, "influ": {"sample_sd": 3.7245432232989621, "sample_mean": 7.1666666666667673, "daily_article_count": 16, "30_day_error_count": 4, "threshold_warn": 14.615753113264692, "30_day_warn_count": 3, "daily_sd": 2.3716554765900209, "threshold_error": 18.340296336563654}, "pertu": {"sample_sd": 1.4817407180595248, "sample_mean": 2.0666666666667668, "daily_article_count": 0, "30_day_error_count": 0, "threshold_warn": 5.0301481027858159, "30_day_warn_count": 0, "daily_sd": -1.3947559390641948, "threshold_error": 6.5118888208453409}, "moldf": {"sample_sd": 0.79512402945843741, "sample_mean": 0.63333333333343333, "daily_article_count": 1, "30_day_error_count": 1, "threshold_warn": 2.223581392250308, "30_day_warn_count": 0, "daily_sd": 0.46114398896522468, "threshold_error": 3.0187054217087455}, "chole": {"sample_sd": 5.9502567638342763, "sample_mean": 4.1666666666667673, "daily_article_count": 2, "30_day_error_count": 0, "threshold_warn": 16.067180194335322, "30_day_warn_count": 0, "daily_sd": -0.36412994475058458, "threshold_error": 22.017436958169597}, "hepat": {"sample_sd": 1.6719914938645939, "sample_mean": 2.7333333333334333, "daily_article_count": 5, "30_day_error_count": 2, "threshold_warn": 6.0773163210626215, "30_day_warn_count": 0, "daily_sd": 1.35566877880907, "threshold_error": 7.7493078149272154}, "chiku": {"sample_sd": 1.6878651868229548, "sample_mean": 1.4666666666667665, "daily_article_count": 0, "30_day_error_count": 0, "threshold_warn": 4.8423970403126759, "30_day_warn_count": 0, "daily_sd": -0.86894775608676, "threshold_error": 6.5302622271356308}, "yello": {"sample_sd": 0.30000000000000004, "sample_mean": 0.10000000000010001, "daily_article_count": 0, "30_day_error_count": 1, "threshold_warn": 0.7000000000001001, "30_day_warn_count": 0, "daily_sd": -0.33333333333366666, "threshold_error": 1.0000000000001001}, "menin": {"sample_sd": 5.360348247393385, "sample_mean": 6.0000000000001004, "daily_article_count": 6, "30_day_error_count": 0, "threshold_warn": 16.720696494786871, "30_day_warn_count": 0, "daily_sd": -1.872344049193426e-14, "threshold_error": 22.081044742180254}, "plagu": {"sample_sd": 1.559558342038611, "sample_mean": 1.3666666666667666, "daily_article_count": 0, "30_day_error_count": 2, "threshold_warn": 4.4857833507439882, "30_day_warn_count": 0, "daily_sd": -0.87631647359873577, "threshold_error": 6.0453416927825998}, "westn": {"sample_sd": 4.2661458015403086, "sample_mean": 8.0000000000000995, "daily_article_count": 5, "30_day_error_count": 0, "threshold_warn": 16.532291603080715, "30_day_warn_count": 0, "daily_sd": -0.70321084640776643, "threshold_error": 20.798437404621026}, "swine": {"sample_sd": 1.2151817422372122, "sample_mean": 1.7000000000000999, "daily_article_count": 4, "30_day_error_count": 3, "threshold_warn": 4.1303634844745245, "30_day_warn_count": 0, "daily_sd": 1.892720998066908, "threshold_error": 5.345545226711736}, "measl": {"sample_sd": 3.2957885584822066, "sample_mean": 4.7333333333334338, "daily_article_count": 6, "30_day_error_count": 0, "threshold_warn": 11.324910450297846, "30_day_warn_count": 0, "daily_sd": 0.38432886217976858, "threshold_error": 14.620699008780054}, "dengu": {"sample_sd": 3.9575525545748884, "sample_mean": 8.733333333333432, "daily_article_count": 27, "30_day_error_count": 16, "threshold_warn": 16.648438442483208, "30_day_warn_count": 20, "daily_sd": 4.6156472756250562, "threshold_error": 20.605990997058097}, "ebola": {"sample_sd": 13.862379144849401, "sample_mean": 31.033333333333434, "daily_article_count": 39, "30_day_error_count": 0, "threshold_warn": 58.758091623032236, "30_day_warn_count": 0, "daily_sd": 0.57469692492335267, "threshold_error": 72.620470767881642}, "unkno": {"sample_sd": 22.464020615691712, "sample_mean": 61.966666666666768, "daily_article_count": 57, "30_day_error_count": 0, "threshold_warn": 106.8947078980502, "30_day_warn_count": 0, "daily_sd": -0.2210942890248872, "threshold_error": 129.35872851374191}, "mumps": {"sample_sd": 1.7413277182145299, "sample_mean": 1.3666666666667666, "daily_article_count": 0, "30_day_error_count": 0, "threshold_warn": 4.849322103095826, "30_day_warn_count": 0, "daily_sd": -0.78484173448297145, "threshold_error": 6.5906498213103566}}