{"hemmo": {"sample_sd": 0.0, "sample_mean": 0.0, "daily_article_count": 0, "30_day_error_count": 6, "threshold_warn": 0.0, "30_day_warn_count": 0, "daily_sd": 0, "threshold_error": 0.0}, "mersc": {"sample_sd": 4.4452221541785741, "sample_mean": 5.2000000000000002, "daily_article_count": 3, "30_day_error_count": 0, "threshold_warn": 14.090444308357149, "30_day_warn_count": 0, "daily_sd": -0.49491339773243231, "threshold_error": 18.535666462535723}, "influ": {"sample_sd": 4.1129875597510219, "sample_mean": 7.5, "daily_article_count": 32, "30_day_error_count": 5, "threshold_warn": 15.725975119502044, "30_day_warn_count": 3, "daily_sd": 5.9567406037773427, "threshold_error": 19.838962679253065}, "pertu": {"sample_sd": 1.5040685563571303, "sample_mean": 2.0666666666666669, "daily_article_count": 2, "30_day_error_count": 0, "threshold_warn": 5.0748037793809271, "30_day_warn_count": 0, "daily_sd": -0.044324220717793766, "threshold_error": 6.5788723357380583}, "moldf": {"sample_sd": 0.82999330653258208, "sample_mean": 0.66666666666666663, "daily_article_count": 0, "30_day_error_count": 1, "threshold_warn": 2.3266532797318309, "30_day_warn_count": 0, "daily_sd": -0.80321932890249892, "threshold_error": 3.1566465862644129}, "chole": {"sample_sd": 5.9996296181977398, "sample_mean": 4.0666666666666664, "daily_article_count": 5, "30_day_error_count": 0, "threshold_warn": 16.065925903062144, "30_day_warn_count": 0, "daily_sd": 0.15556515863952655, "threshold_error": 22.065555521259885}, "hepat": {"sample_sd": 1.6868774571839995, "sample_mean": 2.7666666666666666, "daily_article_count": 3, "30_day_error_count": 2, "threshold_warn": 6.1404215810346656, "30_day_warn_count": 0, "daily_sd": 0.13832263413066767, "threshold_error": 7.8272990382186647}, "chiku": {"sample_sd": 1.6881943016134133, "sample_mean": 1.5, "daily_article_count": 1, "30_day_error_count": 0, "threshold_warn": 4.8763886032268271, "30_day_warn_count": 0, "daily_sd": -0.29617443887954614, "threshold_error": 6.5645829048402398}, "yello": {"sample_sd": 0.29999999999999999, "sample_mean": 0.10000000000000001, "daily_article_count": 0, "30_day_error_count": 4, "threshold_warn": 0.69999999999999996, "30_day_warn_count": 0, "daily_sd": -0.33333333333333337, "threshold_error": 0.99999999999999989}, "menin": {"sample_sd": 5.2303600895795563, "sample_mean": 5.9000000000000004, "daily_article_count": 5, "30_day_error_count": 0, "threshold_warn": 16.360720179159113, "30_day_warn_count": 0, "daily_sd": -0.17207228270823455, "threshold_error": 21.591080268738672}, "plagu": {"sample_sd": 1.5216949614017772, "sample_mean": 1.4666666666666666, "daily_article_count": 0, "30_day_error_count": 2, "threshold_warn": 4.5100565894702207, "30_day_warn_count": 0, "daily_sd": -0.96383749954431153, "threshold_error": 6.0317515508719985}, "westn": {"sample_sd": 4.1665333311999317, "sample_mean": 8.1999999999999993, "daily_article_count": 3, "30_day_error_count": 0, "threshold_warn": 16.533066662399861, "30_day_warn_count": 0, "daily_sd": -1.2480399379170302, "threshold_error": 20.699599993599794}, "swine": {"sample_sd": 1.2310790208412927, "sample_mean": 1.8666666666666667, "daily_article_count": 4, "30_day_error_count": 3, "threshold_warn": 4.3288247083492521, "30_day_warn_count": 0, "daily_sd": 1.7328971554364232, "threshold_error": 5.5599037291905447}, "measl": {"sample_sd": 3.5621466686380123, "sample_mean": 5.333333333333333, "daily_article_count": 3, "30_day_error_count": 0, "threshold_warn": 12.457626670609358, "30_day_warn_count": 0, "daily_sd": -0.65503572715760283, "threshold_error": 16.019773339247369}, "dengu": {"sample_sd": 4.0524341107811024, "sample_mean": 9.3333333333333339, "daily_article_count": 20, "30_day_error_count": 17, "threshold_warn": 17.438201554895539, "30_day_warn_count": 4, "daily_sd": 2.6321628865695925, "threshold_error": 21.490635665676642}, "ebola": {"sample_sd": 11.441833574893296, "sample_mean": 29.133333333333333, "daily_article_count": 23, "30_day_error_count": 0, "threshold_warn": 52.017000483119929, "30_day_warn_count": 0, "daily_sd": -0.53604462022517496, "threshold_error": 63.458834058013224}, "unkno": {"sample_sd": 21.836666412252583, "sample_mean": 63.399999999999999, "daily_article_count": 78, "30_day_error_count": 0, "threshold_warn": 107.07333282450517, "30_day_warn_count": 0, "daily_sd": 0.6686002214975415, "threshold_error": 128.90999923675776}, "mumps": {"sample_sd": 1.7384539747207064, "sample_mean": 1.3333333333333333, "daily_article_count": 3, "30_day_error_count": 0, "threshold_warn": 4.8102412827747463, "30_day_warn_count": 0, "daily_sd": 0.95870623605921301, "threshold_error": 6.548695257495452}}