{"hemmo": {"sample_sd": 0.49553562491061681, "sample_mean": 0.23333333333333334, "daily_article_count": 0, "30_day_error_count": 0, "threshold_warn": 1.2244045831545669, "30_day_warn_count": 0, "daily_sd": -0.47087095579741878, "threshold_error": 1.7199402080651838}, "mersc": {"sample_sd": 1.2775845264491199, "sample_mean": 1.0333333333333334, "daily_article_count": 3, "30_day_error_count": 18, "threshold_warn": 3.588502386231573, "30_day_warn_count": 3, "daily_sd": 1.5393632483423707, "threshold_error": 4.8660869126806929}, "influ": {"sample_sd": 11.344896062400338, "sample_mean": 20.399999999999999, "daily_article_count": 27, "30_day_error_count": 0, "threshold_warn": 43.089792124800674, "30_day_warn_count": 0, "daily_sd": 0.58175940649416424, "threshold_error": 54.434688187201012}, "pertu": {"sample_sd": 1.3349989596333856, "sample_mean": 1.1333333333333333, "daily_article_count": 3, "30_day_error_count": 0, "threshold_warn": 3.8033312526001044, "30_day_warn_count": 0, "daily_sd": 1.3982532744289828, "threshold_error": 5.1383302122334893}, "moldf": {"sample_sd": 0.44221663871405331, "sample_mean": 0.26666666666666666, "daily_article_count": 0, "30_day_error_count": 5, "threshold_warn": 1.1510999440947733, "30_day_warn_count": 2, "daily_sd": -0.60302268915552726, "threshold_error": 1.5933165828088265}, "chole": {"sample_sd": 4.5860900800379207, "sample_mean": 4.9666666666666668, "daily_article_count": 7, "30_day_error_count": 0, "threshold_warn": 14.138846826742508, "30_day_warn_count": 0, "daily_sd": 0.44336968917900549, "threshold_error": 18.724936906780428}, "hepat": {"sample_sd": 1.7413277182145301, "sample_mean": 1.6333333333333333, "daily_article_count": 5, "30_day_error_count": 9, "threshold_warn": 5.115988769762394, "30_day_warn_count": 5, "daily_sd": 1.9333906142140076, "threshold_error": 6.8573164879769237}, "chiku": {"sample_sd": 2.4756592836836191, "sample_mean": 2.2666666666666666, "daily_article_count": 3, "30_day_error_count": 0, "threshold_warn": 7.2179852340339048, "30_day_warn_count": 0, "daily_sd": 0.29621739072356573, "threshold_error": 9.693644517717523}, "yello": {"sample_sd": 0.33993463423951903, "sample_mean": 0.13333333333333333, "daily_article_count": 0, "30_day_error_count": 3, "threshold_warn": 0.81320260181237136, "30_day_warn_count": 0, "daily_sd": -0.39223227027636803, "threshold_error": 1.1531372360518903}, "menin": {"sample_sd": 2.4149994248906608, "sample_mean": 3.0333333333333332, "daily_article_count": 1, "30_day_error_count": 1, "threshold_warn": 7.8633321831146548, "30_day_warn_count": 0, "daily_sd": -0.84196017289958258, "threshold_error": 10.278331608005315}, "plagu": {"sample_sd": 0.72724747430904779, "sample_mean": 0.26666666666666666, "daily_article_count": 1, "30_day_error_count": 0, "threshold_warn": 1.7211616152847622, "30_day_warn_count": 0, "daily_sd": 1.0083683467310323, "threshold_error": 2.44840908959381}, "westn": {"sample_sd": 0.47609522856952335, "sample_mean": 0.20000000000000001, "daily_article_count": 1, "30_day_error_count": 3, "threshold_warn": 1.1521904571390467, "30_day_warn_count": 0, "daily_sd": 1.6803361008336117, "threshold_error": 1.6282856857085701}, "swine": {"sample_sd": 9.142331334086629, "sample_mean": 12.866666666666667, "daily_article_count": 28, "30_day_error_count": 17, "threshold_warn": 31.151329334839925, "30_day_warn_count": 8, "daily_sd": 1.6553035303926926, "threshold_error": 40.293660668926556}, "measl": {"sample_sd": 37.375333517649793, "sample_mean": 43.133333333333333, "daily_article_count": 28, "30_day_error_count": 4, "threshold_warn": 117.88400036863291, "30_day_warn_count": 5, "daily_sd": -0.40490162652827977, "threshold_error": 155.25933388628272}, "dengu": {"sample_sd": 2.8252826800556119, "sample_mean": 3.4666666666666668, "daily_article_count": 10, "30_day_error_count": 0, "threshold_warn": 9.1172320267778915, "30_day_warn_count": 0, "daily_sd": 2.3124529730967427, "threshold_error": 11.942514706833503}, "ebola": {"sample_sd": 38.539806261405445, "sample_mean": 96.5, "daily_article_count": 100, "30_day_error_count": 0, "threshold_warn": 173.57961252281089, "30_day_warn_count": 0, "daily_sd": 0.090815194457917456, "threshold_error": 212.11941878421635}, "unkno": {"sample_sd": 23.078994778802649, "sample_mean": 58.600000000000001, "daily_article_count": 85, "30_day_error_count": 1, "threshold_warn": 104.7579895576053, "30_day_warn_count": 0, "daily_sd": 1.1438973080511978, "threshold_error": 127.83698433640794}, "mumps": {"sample_sd": 0.44221663871405331, "sample_mean": 0.26666666666666666, "daily_article_count": 0, "30_day_error_count": 4, "threshold_warn": 1.1510999440947733, "30_day_warn_count": 0, "daily_sd": -0.60302268915552726, "threshold_error": 1.5933165828088265}}