{"hemmo": {"sample_sd": 0.0, "sample_mean": 1e-13, "daily_article_count": 0, "30_day_error_count": 8, "threshold_warn": 1e-13, "30_day_warn_count": 0, "daily_sd": -Infinity, "threshold_error": 1e-13}, "mersc": {"sample_sd": 4.2688796344396192, "sample_mean": 6.1000000000001, "daily_article_count": 2, "30_day_error_count": 0, "threshold_warn": 14.637759268879339, "30_day_warn_count": 0, "daily_sd": -0.96043935437367089, "threshold_error": 18.906638903318957}, "influ": {"sample_sd": 4.0360872141221131, "sample_mean": 7.9000000000001007, "daily_article_count": 32, "30_day_error_count": 8, "threshold_warn": 15.972174428244326, "30_day_warn_count": 8, "daily_sd": 5.9711296415188775, "threshold_error": 20.008261642366442}, "pertu": {"sample_sd": 1.1813363431112898, "sample_mean": 1.7333333333334333, "daily_article_count": 1, "30_day_error_count": 0, "threshold_warn": 4.0960060195560128, "30_day_warn_count": 0, "daily_sd": -0.62076591278149518, "threshold_error": 5.2773423626673033}, "moldf": {"sample_sd": 0.80346471954626342, "sample_mean": 0.56666666666676668, "daily_article_count": 2, "30_day_error_count": 6, "threshold_warn": 2.1735961057592936, "30_day_warn_count": 0, "daily_sd": 1.7839405993366733, "threshold_error": 2.977060825305557}, "chole": {"sample_sd": 5.9594928941610101, "sample_mean": 4.1333333333334341, "daily_article_count": 4, "30_day_error_count": 0, "threshold_warn": 16.052319121655454, "30_day_warn_count": 0, "daily_sd": -0.022373268279935597, "threshold_error": 22.011812015816467}, "hepat": {"sample_sd": 2.1898756940875783, "sample_mean": 2.7333333333334333, "daily_article_count": 16, "30_day_error_count": 3, "threshold_warn": 7.1130847215085904, "30_day_warn_count": 0, "daily_sd": 6.058182527202387, "threshold_error": 9.3029604155961678}, "chiku": {"sample_sd": 1.7336538165261126, "sample_mean": 1.1666666666667667, "daily_article_count": 0, "30_day_error_count": 0, "threshold_warn": 4.6339742997189921, "30_day_warn_count": 0, "daily_sd": -0.67295249809706981, "threshold_error": 6.3676281162451041}, "yello": {"sample_sd": 0.42687494916218993, "sample_mean": 0.13333333333343333, "daily_article_count": 0, "30_day_error_count": 0, "threshold_warn": 0.9870832316578132, "30_day_warn_count": 0, "daily_sd": -0.3123475237774464, "threshold_error": 1.413958180820003}, "menin": {"sample_sd": 5.3521542910827558, "sample_mean": 5.2333333333334338, "daily_article_count": 2, "30_day_error_count": 0, "threshold_warn": 15.937641915498945, "30_day_warn_count": 0, "daily_sd": -0.60411810973396307, "threshold_error": 21.289796206581702}, "plagu": {"sample_sd": 1.5088627063675035, "sample_mean": 1.3000000000001, "daily_article_count": 0, "30_day_error_count": 2, "threshold_warn": 4.3177254127351068, "30_day_warn_count": 0, "daily_sd": -0.86157606952177379, "threshold_error": 5.8265881191026105}, "westn": {"sample_sd": 4.5024684587703918, "sample_mean": 8.1666666666667656, "daily_article_count": 4, "30_day_error_count": 0, "threshold_warn": 17.171603584207549, "30_day_warn_count": 0, "daily_sd": -0.92541829105998163, "threshold_error": 21.67407204297794}, "swine": {"sample_sd": 1.3780017739062924, "sample_mean": 2.3666666666667666, "daily_article_count": 15, "30_day_error_count": 3, "threshold_warn": 5.122670214479351, "30_day_warn_count": 0, "daily_sd": 9.1678643471705232, "threshold_error": 6.5006719883856441}, "measl": {"sample_sd": 3.6363901514184822, "sample_mean": 4.9000000000001007, "daily_article_count": 10, "30_day_error_count": 0, "threshold_warn": 12.172780302837065, "30_day_warn_count": 0, "daily_sd": 1.402489773549324, "threshold_error": 15.809170454255547}, "dengu": {"sample_sd": 4.0966110655299239, "sample_mean": 9.8666666666667666, "daily_article_count": 16, "30_day_error_count": 19, "threshold_warn": 18.059888797726614, "30_day_warn_count": 24, "daily_sd": 1.4971724762794503, "threshold_error": 22.156499863256538}, "ebola": {"sample_sd": 10.01049449328054, "sample_mean": 28.700000000000099, "daily_article_count": 34, "30_day_error_count": 0, "threshold_warn": 48.720988986561181, "30_day_warn_count": 0, "daily_sd": 0.52944437495645014, "threshold_error": 58.731483479841714}, "unkno": {"sample_sd": 19.33623541437164, "sample_mean": 58.100000000000101, "daily_article_count": 64, "30_day_error_count": 0, "threshold_warn": 96.77247082874338, "30_day_warn_count": 0, "daily_sd": 0.30512661195750285, "threshold_error": 116.10870624311502}, "mumps": {"sample_sd": 0.81377037438224675, "sample_mean": 0.73333333333343331, "daily_article_count": 2, "30_day_error_count": 0, "threshold_warn": 2.3608740820979266, "30_day_warn_count": 2, "daily_sd": 1.5565406489860543, "threshold_error": 3.1746444564801735}}