{"hemmo": {"sample_sd": 0.29999999999999999, "sample_mean": 0.10000000000010001, "daily_article_count": 8, "30_day_error_count": 1, "threshold_warn": 0.70000000000009999, "30_day_warn_count": 0, "daily_sd": 26.333333333333002, "threshold_error": 1.0000000000000999}, "mersc": {"sample_sd": 0.76084748070088859, "sample_mean": 0.56666666666676668, "daily_article_count": 5, "30_day_error_count": 5, "threshold_warn": 2.0883616280685438, "30_day_warn_count": 4, "daily_sd": 5.82683579269957, "threshold_error": 2.8492091087694327}, "influ": {"sample_sd": 9.2212917870666153, "sample_mean": 19.633333333333432, "daily_article_count": 8, "30_day_error_count": 0, "threshold_warn": 38.075916907466663, "30_day_warn_count": 0, "daily_sd": -1.2615730639442342, "threshold_error": 47.297208694533282}, "pertu": {"sample_sd": 1.5307950004273376, "sample_mean": 2.3000000000000997, "daily_article_count": 1, "30_day_error_count": 0, "threshold_warn": 5.3615900008547754, "30_day_warn_count": 0, "daily_sd": -0.84923193480328263, "threshold_error": 6.8923850012821131}, "moldf": {"sample_sd": 1.0376254944182253, "sample_mean": 0.70000000000009999, "daily_article_count": 1, "30_day_error_count": 0, "threshold_warn": 2.7752509888365506, "30_day_warn_count": 0, "daily_sd": 0.28912165479135965, "threshold_error": 3.8128764832547759}, "chole": {"sample_sd": 2.848196310337864, "sample_mean": 3.2333333333334333, "daily_article_count": 21, "30_day_error_count": 10, "threshold_warn": 8.9297259540091609, "30_day_warn_count": 1, "daily_sd": 6.2378659090949444, "threshold_error": 11.777922264347026}, "hepat": {"sample_sd": 2.7343494046421108, "sample_mean": 3.3000000000000997, "daily_article_count": 4, "30_day_error_count": 0, "threshold_warn": 8.7686988092843219, "30_day_warn_count": 0, "daily_sd": 0.25600239633292976, "threshold_error": 11.503048213926434}, "chiku": {"sample_sd": 0.96896279024990883, "sample_mean": 0.8333333333334334, "daily_article_count": 4, "30_day_error_count": 3, "threshold_warn": 2.7712589138332513, "30_day_warn_count": 0, "daily_sd": 3.2680993517303589, "threshold_error": 3.7402217040831598}, "yello": {"sample_sd": 0.57348835113617525, "sample_mean": 0.26666666666676664, "daily_article_count": 0, "30_day_error_count": 2, "threshold_warn": 1.413643368939117, "30_day_warn_count": 0, "daily_sd": -0.46499055497545133, "threshold_error": 1.9871317200752925}, "menin": {"sample_sd": 4.6309346308877597, "sample_mean": 4.2333333333334338, "daily_article_count": 1, "30_day_error_count": 0, "threshold_warn": 13.495202595108953, "30_day_warn_count": 0, "daily_sd": -0.69820319029500033, "threshold_error": 18.126137225996715}, "plagu": {"sample_sd": 0.37267799624996495, "sample_mean": 0.16666666666676666, "daily_article_count": 0, "30_day_error_count": 3, "threshold_warn": 0.91202265916669656, "30_day_warn_count": 0, "daily_sd": -0.44721359550022627, "threshold_error": 1.2847006554166616}, "westn": {"sample_sd": 1.3063945294843615, "sample_mean": 1.4000000000000998, "daily_article_count": 5, "30_day_error_count": 0, "threshold_warn": 4.0127890589688224, "30_day_warn_count": 0, "daily_sd": 2.7556759606309993, "threshold_error": 5.3191835884531846}, "swine": {"sample_sd": 2.9881246441353295, "sample_mean": 3.7333333333334333, "daily_article_count": 1, "30_day_error_count": 0, "threshold_warn": 9.7095826216040919, "30_day_warn_count": 0, "daily_sd": -0.91473203391901181, "threshold_error": 12.697707265739423}, "measl": {"sample_sd": 6.9614813238435271, "sample_mean": 9.933333333333433, "daily_article_count": 5, "30_day_error_count": 0, "threshold_warn": 23.856295981020487, "30_day_warn_count": 0, "daily_sd": -0.70866143336999909, "threshold_error": 30.817777304864013}, "dengu": {"sample_sd": 2.1522597943143902, "sample_mean": 3.3666666666667666, "daily_article_count": 9, "30_day_error_count": 0, "threshold_warn": 7.671186255295547, "30_day_warn_count": 0, "daily_sd": 2.6174039714976653, "threshold_error": 9.8234460496099381}, "ebola": {"sample_sd": 20.227044602050327, "sample_mean": 52.000000000000099, "daily_article_count": 78, "30_day_error_count": 0, "threshold_warn": 92.454089204100754, "30_day_warn_count": 1, "daily_sd": 1.2854077553853021, "threshold_error": 112.68113380615108}, "unkno": {"sample_sd": 25.038548058721155, "sample_mean": 57.933333333333429, "daily_article_count": 80, "30_day_error_count": 0, "threshold_warn": 108.01042945077575, "30_day_warn_count": 0, "daily_sd": 0.88130775853756227, "threshold_error": 133.04897750949689}, "mumps": {"sample_sd": 0.29999999999999999, "sample_mean": 0.10000000000010001, "daily_article_count": 0, "30_day_error_count": 3, "threshold_warn": 0.70000000000009999, "30_day_warn_count": 0, "daily_sd": -0.33333333333366671, "threshold_error": 1.0000000000000999}}