{"hemmo": {"sample_sd": 0.37267799624996495, "sample_mean": 0.16666666666666666, "daily_article_count": 0, "30_day_error_count": 0, "threshold_warn": 0.91202265916659653, "30_day_warn_count": 0, "daily_sd": -0.44721359549995793, "threshold_error": 1.2847006554165616}, "mersc": {"sample_sd": 3.4253953543107007, "sample_mean": 2.0, "daily_article_count": 0, "30_day_error_count": 5, "threshold_warn": 8.8507907086214015, "30_day_warn_count": 8, "daily_sd": -0.58387420812114232, "threshold_error": 12.276186062932101}, "influ": {"sample_sd": 9.5399161421890906, "sample_mean": 16.300000000000001, "daily_article_count": 0, "30_day_error_count": 0, "threshold_warn": 35.379832284378182, "30_day_warn_count": 0, "daily_sd": -1.7086104067430197, "threshold_error": 44.919748426567267}, "pertu": {"sample_sd": 1.5916448515084429, "sample_mean": 2.0, "daily_article_count": 0, "30_day_error_count": 0, "threshold_warn": 5.1832897030168859, "30_day_warn_count": 0, "daily_sd": -1.2565617248750864, "threshold_error": 6.7749345545253288}, "moldf": {"sample_sd": 0.54670731556189078, "sample_mean": 0.36666666666666664, "daily_article_count": 0, "30_day_error_count": 2, "threshold_warn": 1.4600812977904483, "30_day_warn_count": 2, "daily_sd": -0.67068183693466166, "threshold_error": 2.0067886133523389}, "chole": {"sample_sd": 2.7856776554368237, "sample_mean": 3.7999999999999998, "daily_article_count": 0, "30_day_error_count": 2, "threshold_warn": 9.3713553108736463, "30_day_warn_count": 0, "daily_sd": -1.3641205013737026, "threshold_error": 12.157032966310471}, "hepat": {"sample_sd": 1.806162291219209, "sample_mean": 2.0666666666666669, "daily_article_count": 0, "30_day_error_count": 7, "threshold_warn": 5.6789912491050849, "30_day_warn_count": 3, "daily_sd": -1.1442308793146214, "threshold_error": 7.4851535403242941}, "chiku": {"sample_sd": 2.6164012604253877, "sample_mean": 2.5666666666666669, "daily_article_count": 0, "30_day_error_count": 0, "threshold_warn": 7.7994691875174418, "30_day_warn_count": 0, "daily_sd": -0.98099122083795565, "threshold_error": 10.415870447942829}, "yello": {"sample_sd": 0.60461190490723515, "sample_mean": 0.36666666666666664, "daily_article_count": 0, "30_day_error_count": 0, "threshold_warn": 1.575890476481137, "30_day_warn_count": 0, "daily_sd": -0.60644963106196836, "threshold_error": 2.1805023813883722}, "menin": {"sample_sd": 2.6751946969644411, "sample_mean": 3.8999999999999999, "daily_article_count": 0, "30_day_error_count": 1, "threshold_warn": 9.2503893939288826, "30_day_warn_count": 0, "daily_sd": -1.457837818094269, "threshold_error": 11.925584090893324}, "plagu": {"sample_sd": 0.74535599249992979, "sample_mean": 0.33333333333333331, "daily_article_count": 0, "30_day_error_count": 0, "threshold_warn": 1.8240453183331928, "30_day_warn_count": 0, "daily_sd": -0.44721359549995798, "threshold_error": 2.5694013108331228}, "westn": {"sample_sd": 0.45338235029118146, "sample_mean": 0.16666666666666666, "daily_article_count": 0, "30_day_error_count": 3, "threshold_warn": 1.0734313672490297, "30_day_warn_count": 0, "daily_sd": -0.36760731104690386, "threshold_error": 1.5268137175402112}, "swine": {"sample_sd": 9.5111630320493514, "sample_mean": 18.266666666666666, "daily_article_count": 0, "30_day_error_count": 15, "threshold_warn": 37.288992730765372, "30_day_warn_count": 9, "daily_sd": -1.9205502634235452, "threshold_error": 46.800155762814718}, "measl": {"sample_sd": 58.582790419485256, "sample_mean": 83.299999999999997, "daily_article_count": 0, "30_day_error_count": 0, "threshold_warn": 200.46558083897051, "30_day_warn_count": 0, "daily_sd": -1.421919294105416, "threshold_error": 259.04837125845575}, "dengu": {"sample_sd": 2.5263060428661888, "sample_mean": 3.8666666666666667, "daily_article_count": 0, "30_day_error_count": 0, "threshold_warn": 8.9192787523990447, "30_day_warn_count": 0, "daily_sd": -1.5305614605108526, "threshold_error": 11.445584795265233}, "ebola": {"sample_sd": 36.368194285055665, "sample_mean": 90.566666666666663, "daily_article_count": 0, "30_day_error_count": 0, "threshold_warn": 163.30305523677799, "30_day_warn_count": 0, "daily_sd": -2.4902711956717112, "threshold_error": 199.67124952183366}, "unkno": {"sample_sd": 21.112292364612824, "sample_mean": 58.733333333333334, "daily_article_count": 0, "30_day_error_count": 1, "threshold_warn": 100.95791806255897, "30_day_warn_count": 0, "daily_sd": -2.7819496016348597, "threshold_error": 122.0702104271718}, "mumps": {"sample_sd": 0.71180521680208741, "sample_mean": 0.59999999999999998, "daily_article_count": 0, "30_day_error_count": 0, "threshold_warn": 2.0236104336041749, "30_day_warn_count": 0, "daily_sd": -0.84292723042352458, "threshold_error": 2.7354156504062623}}