{"hemmo": {"sample_sd": 0.33993463423951903, "sample_mean": 0.13333333333333333, "daily_article_count": 0, "30_day_error_count": 0, "threshold_warn": 0.81320260181237136, "30_day_warn_count": 0, "daily_sd": -0.39223227027636803, "threshold_error": 1.1531372360518903}, "mersc": {"sample_sd": 23.442814582629698, "sample_mean": 47.966666666666669, "daily_article_count": 5, "30_day_error_count": 0, "threshold_warn": 94.852295831926057, "30_day_warn_count": 0, "daily_sd": -1.8328288403775312, "threshold_error": 118.29511041455577}, "influ": {"sample_sd": 3.3181320046074116, "sample_mean": 3.7000000000000002, "daily_article_count": 0, "30_day_error_count": 0, "threshold_warn": 10.336264009214823, "30_day_warn_count": 0, "daily_sd": -1.1150852331559875, "threshold_error": 13.654396013822236}, "pertu": {"sample_sd": 1.9913702708325127, "sample_mean": 1.9666666666666666, "daily_article_count": 0, "30_day_error_count": 3, "threshold_warn": 5.9494072083316922, "30_day_warn_count": 0, "daily_sd": -0.9875946706006018, "threshold_error": 7.940777479164205}, "moldf": {"sample_sd": 0.61101009266077866, "sample_mean": 0.40000000000000002, "daily_article_count": 0, "30_day_error_count": 1, "threshold_warn": 1.6220201853215572, "30_day_warn_count": 0, "daily_sd": -0.6546536707079772, "threshold_error": 2.2330302779823361}, "chole": {"sample_sd": 4.2244000231459564, "sample_mean": 3.7666666666666666, "daily_article_count": 1, "30_day_error_count": 1, "threshold_warn": 12.21546671295858, "30_day_warn_count": 0, "daily_sd": -0.65492535070253599, "threshold_error": 16.439866736104534}, "hepat": {"sample_sd": 4.0145568456140541, "sample_mean": 3.5, "daily_article_count": 1, "30_day_error_count": 0, "threshold_warn": 11.529113691228108, "30_day_warn_count": 0, "daily_sd": -0.62273374027105299, "threshold_error": 15.543670536842162}, "chiku": {"sample_sd": 3.3625387234449309, "sample_mean": 3.3999999999999999, "daily_article_count": 5, "30_day_error_count": 7, "threshold_warn": 10.125077446889861, "30_day_warn_count": 4, "daily_sd": 0.47583095143088655, "threshold_error": 13.487616170334793}, "yello": {"sample_sd": 0.69041050590693254, "sample_mean": 0.29999999999999999, "daily_article_count": 0, "30_day_error_count": 1, "threshold_warn": 1.6808210118138651, "30_day_warn_count": 0, "daily_sd": -0.43452409462674085, "threshold_error": 2.3712315177207977}, "menin": {"sample_sd": 1.6629959577688562, "sample_mean": 1.9666666666666666, "daily_article_count": 1, "30_day_error_count": 0, "threshold_warn": 5.2926585822043792, "30_day_warn_count": 0, "daily_sd": -0.58128022629927878, "threshold_error": 6.955654539973235}, "plagu": {"sample_sd": 0.0, "sample_mean": 0.0, "daily_article_count": 0, "30_day_error_count": 30, "threshold_warn": 0.0, "30_day_warn_count": 0, "daily_sd": 0, "threshold_error": 0.0}, "westn": {"sample_sd": 1.1060440015358037, "sample_mean": 0.90000000000000002, "daily_article_count": 0, "30_day_error_count": 2, "threshold_warn": 3.1120880030716074, "30_day_warn_count": 11, "daily_sd": -0.81371084581653164, "threshold_error": 4.2181320046074111}, "swine": {"sample_sd": 2.6574841903992996, "sample_mean": 1.9333333333333333, "daily_article_count": 0, "30_day_error_count": 0, "threshold_warn": 7.2483017141319328, "30_day_warn_count": 0, "daily_sd": -0.72750511190918532, "threshold_error": 9.905785904531232}, "measl": {"sample_sd": 10.614926597328248, "sample_mean": 10.699999999999999, "daily_article_count": 4, "30_day_error_count": 1, "threshold_warn": 31.929853194656495, "30_day_warn_count": 0, "daily_sd": -0.63118665386592254, "threshold_error": 42.544779791984737}, "dengu": {"sample_sd": 2.2499382707581606, "sample_mean": 3.0666666666666669, "daily_article_count": 6, "30_day_error_count": 1, "threshold_warn": 7.5665432081829884, "30_day_warn_count": 0, "daily_sd": 1.3037394720811115, "threshold_error": 9.8164814789411476}, "ebola": {"sample_sd": 2.6574841903992996, "sample_mean": 3.7333333333333334, "daily_article_count": 14, "30_day_error_count": 13, "threshold_warn": 9.0483017141319326, "30_day_warn_count": 4, "daily_sd": 3.8633030080694666, "threshold_error": 11.705785904531233}, "unkno": {"sample_sd": 24.373961516339524, "sample_mean": 65.099999999999994, "daily_article_count": 29, "30_day_error_count": 0, "threshold_warn": 113.84792303267903, "30_day_warn_count": 0, "daily_sd": -1.481088742008545, "threshold_error": 138.22188454901857}, "mumps": {"sample_sd": 1.4817407180595246, "sample_mean": 1.2666666666666666, "daily_article_count": 0, "30_day_error_count": 0, "threshold_warn": 4.2301481027857157, "30_day_warn_count": 0, "daily_sd": -0.85485041426511033, "threshold_error": 5.7118888208452399}}