{"hemmo": {"sample_sd": 0.0, "sample_mean": 0.0, "daily_article_count": 0, "30_day_error_count": 4, "threshold_warn": 0.0, "30_day_warn_count": 0, "daily_sd": 0, "threshold_error": 0.0}, "mersc": {"sample_sd": 6.7386942355325772, "sample_mean": 9.6999999999999993, "daily_article_count": 0, "30_day_error_count": 0, "threshold_warn": 23.177388471065154, "30_day_warn_count": 0, "daily_sd": -1.4394480089113855, "threshold_error": 29.916082706597731}, "influ": {"sample_sd": 2.005824851110718, "sample_mean": 2.1000000000000001, "daily_article_count": 3, "30_day_error_count": 4, "threshold_warn": 6.1116497022214364, "30_day_warn_count": 0, "daily_sd": 0.44869321441581916, "threshold_error": 8.1174745533321531}, "pertu": {"sample_sd": 3.6490485822410688, "sample_mean": 2.5333333333333332, "daily_article_count": 4, "30_day_error_count": 0, "threshold_warn": 9.8314304978154716, "30_day_warn_count": 0, "daily_sd": 0.40193125238302835, "threshold_error": 13.48047908005654}, "moldf": {"sample_sd": 0.67986926847903806, "sample_mean": 0.26666666666666666, "daily_article_count": 2, "30_day_error_count": 0, "threshold_warn": 1.6264052036247427, "30_day_warn_count": 0, "daily_sd": 2.5495097567963922, "threshold_error": 2.3062744721037807}, "chole": {"sample_sd": 3.8273866918419523, "sample_mean": 4.5333333333333332, "daily_article_count": 2, "30_day_error_count": 1, "threshold_warn": 12.188106717017238, "30_day_warn_count": 0, "daily_sd": -0.66189636357703685, "threshold_error": 16.015493408859193}, "hepat": {"sample_sd": 1.303414319734477, "sample_mean": 1.3666666666666667, "daily_article_count": 16, "30_day_error_count": 5, "threshold_warn": 3.9734953061356206, "30_day_warn_count": 0, "daily_sd": 11.226923865862037, "threshold_error": 5.2769096258700969}, "chiku": {"sample_sd": 6.9144775652250123, "sample_mean": 9.6999999999999993, "daily_article_count": 0, "30_day_error_count": 1, "threshold_warn": 23.528955130450022, "30_day_warn_count": 0, "daily_sd": -1.4028536369521563, "threshold_error": 30.443432695675035}, "yello": {"sample_sd": 0.86922698736035309, "sample_mean": 0.33333333333333331, "daily_article_count": 0, "30_day_error_count": 0, "threshold_warn": 2.0717873080540397, "30_day_warn_count": 0, "daily_sd": -0.38348249442368521, "threshold_error": 2.941014295414393}, "menin": {"sample_sd": 1.7272328544042153, "sample_mean": 1.5, "daily_article_count": 1, "30_day_error_count": 1, "threshold_warn": 4.9544657088084305, "30_day_warn_count": 0, "daily_sd": -0.28948036665992438, "threshold_error": 6.6816985632126453}, "plagu": {"sample_sd": 0.17950549357115012, "sample_mean": 0.033333333333333333, "daily_article_count": 0, "30_day_error_count": 10, "threshold_warn": 0.39234432047563356, "30_day_warn_count": 0, "daily_sd": -0.18569533817705189, "threshold_error": 0.5718498140467837}, "westn": {"sample_sd": 1.5933891203622825, "sample_mean": 2.1666666666666665, "daily_article_count": 3, "30_day_error_count": 6, "threshold_warn": 5.353444907391232, "30_day_warn_count": 1, "daily_sd": 0.52299424081913015, "threshold_error": 6.9468340277535141}, "swine": {"sample_sd": 0.91651513899116788, "sample_mean": 0.59999999999999998, "daily_article_count": 1, "30_day_error_count": 3, "threshold_warn": 2.4330302779823358, "30_day_warn_count": 1, "daily_sd": 0.43643578047198484, "threshold_error": 3.3495454169735037}, "measl": {"sample_sd": 9.6577545124227608, "sample_mean": 8.8333333333333339, "daily_article_count": 3, "30_day_error_count": 0, "threshold_warn": 28.148842358178854, "30_day_warn_count": 0, "daily_sd": -0.60400513658013599, "threshold_error": 37.806596870601616}, "dengu": {"sample_sd": 2.729265265394496, "sample_mean": 3.1333333333333333, "daily_article_count": 1, "30_day_error_count": 4, "threshold_warn": 8.5918638641223257, "30_day_warn_count": 2, "daily_sd": -0.78165114999365037, "threshold_error": 11.321129129516821}, "ebola": {"sample_sd": 11.437025642865175, "sample_mean": 15.166666666666666, "daily_article_count": 154, "30_day_error_count": 8, "threshold_warn": 38.040717952397017, "30_day_warn_count": 9, "daily_sd": 12.138936963907442, "threshold_error": 49.47774359526219}, "unkno": {"sample_sd": 24.267582400304228, "sample_mean": 57.133333333333333, "daily_article_count": 35, "30_day_error_count": 4, "threshold_warn": 105.6684981339418, "30_day_warn_count": 3, "daily_sd": -0.91205349458526452, "threshold_error": 129.936080534246}, "mumps": {"sample_sd": 0.5120763831912406, "sample_mean": 0.26666666666666666, "daily_article_count": 0, "30_day_error_count": 0, "threshold_warn": 1.2908194330491478, "30_day_warn_count": 0, "daily_sd": -0.52075564392329543, "threshold_error": 1.8028958162403885}}