{"hemmo": {"sample_sd": 2.0278614899006837, "sample_mean": 1.7666666666666666, "daily_article_count": 0, "30_day_error_count": 0, "threshold_warn": 5.822389646468034, "30_day_warn_count": 0, "daily_sd": -0.87119691135965638, "threshold_error": 7.8502511363687182}, "mersc": {"sample_sd": 2.2499382707581606, "sample_mean": 2.7333333333333334, "daily_article_count": 3, "30_day_error_count": 0, "threshold_warn": 7.2332098748496545, "30_day_warn_count": 0, "daily_sd": 0.11852177018919194, "threshold_error": 9.4831481456078137}, "influ": {"sample_sd": 4.4176414018744836, "sample_mean": 10.133333333333333, "daily_article_count": 7, "30_day_error_count": 3, "threshold_warn": 18.9686161370823, "30_day_warn_count": 0, "daily_sd": -0.70927742844944452, "threshold_error": 23.386257538956784}, "pertu": {"sample_sd": 0.99107124982123362, "sample_mean": 1.1333333333333333, "daily_article_count": 0, "30_day_error_count": 0, "threshold_warn": 3.1154758329758003, "30_day_warn_count": 0, "daily_sd": -1.1435437497937313, "threshold_error": 4.1065470827970341}, "moldf": {"sample_sd": 0.51207638319124049, "sample_mean": 0.26666666666666666, "daily_article_count": 0, "30_day_error_count": 6, "threshold_warn": 1.2908194330491476, "30_day_warn_count": 0, "daily_sd": -0.52075564392329554, "threshold_error": 1.8028958162403881}, "chole": {"sample_sd": 3.1559467676119, "sample_mean": 4.7999999999999998, "daily_article_count": 0, "30_day_error_count": 0, "threshold_warn": 11.1118935352238, "30_day_warn_count": 0, "daily_sd": -1.5209382012587469, "threshold_error": 14.267840302835701}, "hepat": {"sample_sd": 1.3437096247164251, "sample_mean": 1.8333333333333333, "daily_article_count": 0, "30_day_error_count": 2, "threshold_warn": 4.5207525827661836, "30_day_warn_count": 1, "daily_sd": -1.3643820804812927, "threshold_error": 5.8644622074826085}, "chiku": {"sample_sd": 2.4944382578492941, "sample_mean": 4.333333333333333, "daily_article_count": 2, "30_day_error_count": 0, "threshold_warn": 9.3222098490319212, "30_day_warn_count": 0, "daily_sd": -0.93541434669348533, "threshold_error": 11.816648106881214}, "yello": {"sample_sd": 0.40000000000000008, "sample_mean": 0.20000000000000001, "daily_article_count": 0, "30_day_error_count": 2, "threshold_warn": 1.0000000000000002, "30_day_warn_count": 0, "daily_sd": -0.49999999999999994, "threshold_error": 1.4000000000000001}, "menin": {"sample_sd": 2.8836705005176229, "sample_mean": 3.4666666666666668, "daily_article_count": 0, "30_day_error_count": 1, "threshold_warn": 9.2340076677019134, "30_day_warn_count": 0, "daily_sd": -1.2021715608785384, "threshold_error": 12.117678168219536}, "plagu": {"sample_sd": 0.24944382578492943, "sample_mean": 0.066666666666666666, "daily_article_count": 8, "30_day_error_count": 6, "threshold_warn": 0.56555431823652558, "30_day_warn_count": 0, "daily_sd": 31.804087787578503, "threshold_error": 0.81499814402145498}, "westn": {"sample_sd": 1.9275776393067947, "sample_mean": 1.8666666666666667, "daily_article_count": 0, "30_day_error_count": 0, "threshold_warn": 5.7218219452802561, "30_day_warn_count": 0, "daily_sd": -0.96840024941250458, "threshold_error": 7.6493995845870515}, "swine": {"sample_sd": 1.2382783747337807, "sample_mean": 1.0, "daily_article_count": 0, "30_day_error_count": 1, "threshold_warn": 3.4765567494675613, "30_day_warn_count": 0, "daily_sd": -0.80757285308724824, "threshold_error": 4.7148351242013415}, "measl": {"sample_sd": 1.96638416050035, "sample_mean": 2.0, "daily_article_count": 0, "30_day_error_count": 2, "threshold_warn": 5.9327683210007001, "30_day_warn_count": 0, "daily_sd": -1.0170952554312156, "threshold_error": 7.8991524815010496}, "dengu": {"sample_sd": 4.1387061853783349, "sample_mean": 8.7333333333333325, "daily_article_count": 1, "30_day_error_count": 0, "threshold_warn": 17.010745704090002, "30_day_warn_count": 0, "daily_sd": -1.8685388589928131, "threshold_error": 21.149451889468338}, "ebola": {"sample_sd": 511.88136212299116, "sample_mean": 920.26666666666665, "daily_article_count": 158, "30_day_error_count": 0, "threshold_warn": 1944.029390912649, "30_day_warn_count": 0, "daily_sd": -1.48914714047259, "threshold_error": 2455.9107530356405}, "unkno": {"sample_sd": 26.876859108823627, "sample_mean": 66.36666666666666, "daily_article_count": 43, "30_day_error_count": 1, "threshold_warn": 120.12038488431392, "30_day_warn_count": 0, "daily_sd": -0.86939722279510789, "threshold_error": 146.99724399313754}, "mumps": {"sample_sd": 0.24944382578492943, "sample_mean": 0.066666666666666666, "daily_article_count": 2, "30_day_error_count": 6, "threshold_warn": 0.56555431823652558, "30_day_warn_count": 0, "daily_sd": 7.7505760154603065, "threshold_error": 0.81499814402145498}}