{"hemmo": {"sample_sd": 0.24944382578492943, "sample_mean": 0.066666666666666666, "daily_article_count": 0, "30_day_error_count": 6, "threshold_warn": 0.56555431823652558, "30_day_warn_count": 0, "daily_sd": -0.2672612419124244, "threshold_error": 0.81499814402145498}, "mersc": {"sample_sd": 1.881193474602995, "sample_mean": 1.1666666666666667, "daily_article_count": 0, "30_day_error_count": 0, "threshold_warn": 4.9290536158726566, "30_day_warn_count": 0, "daily_sd": -0.62017367294604231, "threshold_error": 6.8102470904756522}, "influ": {"sample_sd": 11.572188883506678, "sample_mean": 19.866666666666667, "daily_article_count": 8, "30_day_error_count": 1, "threshold_warn": 43.011044433680027, "30_day_warn_count": 0, "daily_sd": -1.0254470252883354, "threshold_error": 54.583233317186703}, "pertu": {"sample_sd": 2.3288051299611423, "sample_mean": 2.1000000000000001, "daily_article_count": 0, "30_day_error_count": 0, "threshold_warn": 6.7576102599222843, "30_day_warn_count": 0, "daily_sd": -0.90174998886018431, "threshold_error": 9.0864153898834275}, "moldf": {"sample_sd": 0.80346471954626331, "sample_mean": 0.76666666666666672, "daily_article_count": 0, "30_day_error_count": 0, "threshold_warn": 2.3735961057591934, "30_day_warn_count": 0, "daily_sd": -0.9542007856917758, "threshold_error": 3.1770608253054564}, "chole": {"sample_sd": 2.161532378249797, "sample_mean": 2.1666666666666665, "daily_article_count": 2, "30_day_error_count": 5, "threshold_warn": 6.4897314231662602, "30_day_warn_count": 3, "daily_sd": -0.077105792327578873, "threshold_error": 8.6512638014160572}, "hepat": {"sample_sd": 1.521694961401777, "sample_mean": 1.4666666666666666, "daily_article_count": 1, "30_day_error_count": 0, "threshold_warn": 4.5100565894702207, "30_day_warn_count": 0, "daily_sd": -0.30667556803682638, "threshold_error": 6.0317515508719977}, "chiku": {"sample_sd": 1.2092238098144705, "sample_mean": 1.2666666666666666, "daily_article_count": 0, "30_day_error_count": 3, "threshold_warn": 3.6851142862956077, "30_day_warn_count": 0, "daily_sd": -1.0475039081979451, "threshold_error": 4.8943380961100784}, "yello": {"sample_sd": 0.24944382578492943, "sample_mean": 0.066666666666666666, "daily_article_count": 0, "30_day_error_count": 3, "threshold_warn": 0.56555431823652558, "30_day_warn_count": 0, "daily_sd": -0.2672612419124244, "threshold_error": 0.81499814402145498}, "menin": {"sample_sd": 4.9965543683177875, "sample_mean": 2.3666666666666667, "daily_article_count": 4, "30_day_error_count": 0, "threshold_warn": 12.359775403302242, "30_day_warn_count": 0, "daily_sd": 0.32689193650928589, "threshold_error": 17.356329771620029}, "plagu": {"sample_sd": 0.82259751195020436, "sample_mean": 0.29999999999999999, "daily_article_count": 0, "30_day_error_count": 0, "threshold_warn": 1.9451950239004088, "30_day_warn_count": 0, "daily_sd": -0.36469840431289852, "threshold_error": 2.7677925358506128}, "westn": {"sample_sd": 0.33993463423951903, "sample_mean": 0.13333333333333333, "daily_article_count": 0, "30_day_error_count": 0, "threshold_warn": 0.81320260181237136, "30_day_warn_count": 0, "daily_sd": -0.39223227027636803, "threshold_error": 1.1531372360518903}, "swine": {"sample_sd": 3.3836206774532052, "sample_mean": 2.1333333333333333, "daily_article_count": 20, "30_day_error_count": 8, "threshold_warn": 8.9005746882397432, "30_day_warn_count": 3, "daily_sd": 5.2803397218019752, "threshold_error": 12.284195365692948}, "measl": {"sample_sd": 2.2903177848402514, "sample_mean": 2.4333333333333331, "daily_article_count": 39, "30_day_error_count": 16, "threshold_warn": 7.0139689030138364, "30_day_warn_count": 3, "daily_sd": 15.965761130924099, "threshold_error": 9.3042866878540877}, "dengu": {"sample_sd": 2.0773915267843845, "sample_mean": 3.1333333333333333, "daily_article_count": 0, "30_day_error_count": 0, "threshold_warn": 7.288116386902102, "30_day_warn_count": 0, "daily_sd": -1.5083017779433479, "threshold_error": 9.3655079136864874}, "ebola": {"sample_sd": 48.391413379740094, "sample_mean": 137.06666666666666, "daily_article_count": 93, "30_day_error_count": 1, "threshold_warn": 233.84949342614686, "30_day_warn_count": 0, "daily_sd": -0.91062987395850559, "threshold_error": 282.24090680588694}, "unkno": {"sample_sd": 22.699021026369302, "sample_mean": 55.766666666666666, "daily_article_count": 28, "30_day_error_count": 0, "threshold_warn": 101.16470871940527, "30_day_warn_count": 0, "daily_sd": -1.2232539295157405, "threshold_error": 123.86372974577456}, "mumps": {"sample_sd": 0.66749947981669266, "sample_mean": 0.43333333333333335, "daily_article_count": 0, "30_day_error_count": 0, "threshold_warn": 1.7683322929667187, "30_day_warn_count": 0, "daily_sd": -0.64918902027059922, "threshold_error": 2.4358317727834118}}