{"hemmo": {"sample_sd": 0.40000000000000008, "sample_mean": 0.20000000000000001, "daily_article_count": 0, "30_day_error_count": 1, "threshold_warn": 1.0000000000000002, "30_day_warn_count": 0, "daily_sd": -0.49999999999999994, "threshold_error": 1.4000000000000001}, "mersc": {"sample_sd": 2.4458581770458849, "sample_mean": 3.4666666666666668, "daily_article_count": 0, "30_day_error_count": 2, "threshold_warn": 8.3583830207584366, "30_day_warn_count": 0, "daily_sd": -1.4173620936818656, "threshold_error": 10.804241197804322}, "influ": {"sample_sd": 7.2568741357572284, "sample_mean": 12.266666666666667, "daily_article_count": 10, "30_day_error_count": 1, "threshold_warn": 26.780414938181124, "30_day_warn_count": 0, "daily_sd": -0.31234752377721225, "threshold_error": 34.037289073938354}, "pertu": {"sample_sd": 1.0832051206181281, "sample_mean": 1.3999999999999999, "daily_article_count": 2, "30_day_error_count": 0, "threshold_warn": 3.5664102412362562, "30_day_warn_count": 0, "daily_sd": 0.5539117094069973, "threshold_error": 4.6496153618543836}, "moldf": {"sample_sd": 1.3085190950927015, "sample_mean": 1.2333333333333334, "daily_article_count": 0, "30_day_error_count": 0, "threshold_warn": 3.8503715235187363, "30_day_warn_count": 0, "daily_sd": -0.9425413339084352, "threshold_error": 5.1588906186114381}, "chole": {"sample_sd": 2.3955978145107935, "sample_mean": 3.8333333333333335, "daily_article_count": 7, "30_day_error_count": 2, "threshold_warn": 8.6245289623549208, "30_day_warn_count": 3, "daily_sd": 1.321869074802664, "threshold_error": 11.020126776865714}, "hepat": {"sample_sd": 2.0428737928059419, "sample_mean": 2.6000000000000001, "daily_article_count": 1, "30_day_error_count": 4, "threshold_warn": 6.6857475856118835, "30_day_warn_count": 6, "daily_sd": -0.78321039979780505, "threshold_error": 8.7286213784178255}, "chiku": {"sample_sd": 0.94280904158206347, "sample_mean": 0.66666666666666663, "daily_article_count": 0, "30_day_error_count": 0, "threshold_warn": 2.5522847498307937, "30_day_warn_count": 0, "daily_sd": -0.70710678118654746, "threshold_error": 3.4950937914128568}, "yello": {"sample_sd": 0.45338235029118146, "sample_mean": 0.16666666666666666, "daily_article_count": 1, "30_day_error_count": 1, "threshold_warn": 1.0734313672490297, "30_day_warn_count": 0, "daily_sd": 1.8380365552345195, "threshold_error": 1.5268137175402112}, "menin": {"sample_sd": 2.6381811916545836, "sample_mean": 4.2000000000000002, "daily_article_count": 1, "30_day_error_count": 0, "threshold_warn": 9.4763623833091675, "30_day_warn_count": 0, "daily_sd": -1.2129568697262456, "threshold_error": 12.114543574963751}, "plagu": {"sample_sd": 2.9589788028229527, "sample_mean": 1.3333333333333333, "daily_article_count": 4, "30_day_error_count": 1, "threshold_warn": 7.2512909389792384, "30_day_warn_count": 0, "daily_sd": 0.90121181811866602, "threshold_error": 10.210269741802191}, "westn": {"sample_sd": 2.9089898972361903, "sample_mean": 4.9333333333333336, "daily_article_count": 1, "30_day_error_count": 0, "threshold_warn": 10.751313127805714, "30_day_warn_count": 0, "daily_sd": -1.3521302831166118, "threshold_error": 13.660303025041905}, "swine": {"sample_sd": 2.0179747823553749, "sample_mean": 2.8333333333333335, "daily_article_count": 0, "30_day_error_count": 3, "threshold_warn": 6.8692828980440837, "30_day_warn_count": 2, "daily_sd": -1.4040479386101516, "threshold_error": 8.8872576803994576}, "measl": {"sample_sd": 2.3084386257574381, "sample_mean": 3.0666666666666669, "daily_article_count": 1, "30_day_error_count": 4, "threshold_warn": 7.6835439181815435, "30_day_warn_count": 0, "daily_sd": -0.89526602249975706, "threshold_error": 9.9919825439389811}, "dengu": {"sample_sd": 23.874300455138414, "sample_mean": 31.133333333333333, "daily_article_count": 10, "30_day_error_count": 0, "threshold_warn": 78.881934243610161, "30_day_warn_count": 0, "daily_sd": -0.88519173045695887, "threshold_error": 102.75623469874859}, "ebola": {"sample_sd": 11.734090884635625, "sample_mean": 29.333333333333332, "daily_article_count": 6, "30_day_error_count": 3, "threshold_warn": 52.801515102604583, "30_day_warn_count": 0, "daily_sd": -1.988507977544772, "threshold_error": 64.535605987240203}, "unkno": {"sample_sd": 19.286178124933581, "sample_mean": 50.899999999999999, "daily_article_count": 42, "30_day_error_count": 0, "threshold_warn": 89.472356249867161, "30_day_warn_count": 0, "daily_sd": -0.46147038269307949, "threshold_error": 108.75853437480075}, "mumps": {"sample_sd": 1.0934146311237816, "sample_mean": 0.93333333333333335, "daily_article_count": 0, "30_day_error_count": 0, "threshold_warn": 3.1201625955808963, "30_day_warn_count": 0, "daily_sd": -0.8535950651895694, "threshold_error": 4.213577226704678}}