{"hemmo": {"sample_sd": 0.33993463423951903, "sample_mean": 0.13333333333333333, "daily_article_count": 0, "30_day_error_count": 0, "threshold_warn": 0.81320260181237136, "30_day_warn_count": 0, "daily_sd": -0.39223227027636803, "threshold_error": 1.1531372360518903}, "mersc": {"sample_sd": 5.4042164608345917, "sample_mean": 3.1666666666666665, "daily_article_count": 0, "30_day_error_count": 0, "threshold_warn": 13.97509958833585, "30_day_warn_count": 8, "daily_sd": -0.58596221850403585, "threshold_error": 19.379316049170445}, "influ": {"sample_sd": 9.6318914722568039, "sample_mean": 15.4, "daily_article_count": 6, "30_day_error_count": 0, "threshold_warn": 34.663782944513606, "30_day_warn_count": 0, "daily_sd": -0.97592461741032577, "threshold_error": 44.29567441677041}, "pertu": {"sample_sd": 1.601735170231195, "sample_mean": 1.9666666666666666, "daily_article_count": 0, "30_day_error_count": 0, "threshold_warn": 5.1701370071290569, "30_day_warn_count": 0, "daily_sd": -1.2278351023426657, "threshold_error": 6.7718721773602519}, "moldf": {"sample_sd": 0.53748384988656994, "sample_mean": 0.33333333333333331, "daily_article_count": 0, "30_day_error_count": 6, "threshold_warn": 1.4083010331064731, "30_day_warn_count": 2, "daily_sd": -0.62017367294604231, "threshold_error": 1.9457848829930431}, "chole": {"sample_sd": 2.8252826800556123, "sample_mean": 3.8666666666666667, "daily_article_count": 0, "30_day_error_count": 2, "threshold_warn": 9.5172320267778918, "30_day_warn_count": 0, "daily_sd": -1.3685946167307252, "threshold_error": 12.342514706833505}, "hepat": {"sample_sd": 1.9846634195472259, "sample_mean": 2.1666666666666665, "daily_article_count": 0, "30_day_error_count": 6, "threshold_warn": 6.1359935057611183, "30_day_warn_count": 3, "daily_sd": -1.0917048429103218, "threshold_error": 8.120656925308344}, "chiku": {"sample_sd": 2.691756964429656, "sample_mean": 2.4333333333333331, "daily_article_count": 1, "30_day_error_count": 0, "threshold_warn": 7.8168472621926455, "30_day_warn_count": 0, "daily_sd": -0.53248987641684642, "threshold_error": 10.508604226622301}, "yello": {"sample_sd": 0.60461190490723515, "sample_mean": 0.36666666666666664, "daily_article_count": 1, "30_day_error_count": 0, "threshold_warn": 1.575890476481137, "30_day_warn_count": 0, "daily_sd": 1.0475039081979454, "threshold_error": 2.1805023813883722}, "menin": {"sample_sd": 2.960668092771555, "sample_mean": 4.3666666666666663, "daily_article_count": 3, "30_day_error_count": 0, "threshold_warn": 10.288002852209775, "30_day_warn_count": 0, "daily_sd": -0.46160752365433022, "threshold_error": 13.248670944981331}, "plagu": {"sample_sd": 0.74535599249992979, "sample_mean": 0.33333333333333331, "daily_article_count": 0, "30_day_error_count": 0, "threshold_warn": 1.8240453183331928, "30_day_warn_count": 0, "daily_sd": -0.44721359549995798, "threshold_error": 2.5694013108331228}, "westn": {"sample_sd": 0.45338235029118146, "sample_mean": 0.16666666666666666, "daily_article_count": 0, "30_day_error_count": 3, "threshold_warn": 1.0734313672490297, "30_day_warn_count": 0, "daily_sd": -0.36760731104690386, "threshold_error": 1.5268137175402112}, "swine": {"sample_sd": 12.37061931441681, "sample_mean": 21.033333333333335, "daily_article_count": 19, "30_day_error_count": 6, "threshold_warn": 45.774571962166959, "30_day_warn_count": 17, "daily_sd": -0.16436794970836047, "threshold_error": 58.145191276583759}, "measl": {"sample_sd": 56.440883527221061, "sample_mean": 87.400000000000006, "daily_article_count": 8, "30_day_error_count": 0, "threshold_warn": 200.28176705444213, "30_day_warn_count": 0, "daily_sd": -1.4067816631840271, "threshold_error": 256.72265058166317}, "dengu": {"sample_sd": 2.4756592836836182, "sample_mean": 3.9333333333333331, "daily_article_count": 0, "30_day_error_count": 0, "threshold_warn": 8.88465190070057, "30_day_warn_count": 0, "daily_sd": -1.5888023684263983, "threshold_error": 11.360311184384187}, "ebola": {"sample_sd": 34.523116249196789, "sample_mean": 88.766666666666666, "daily_article_count": 96, "30_day_error_count": 0, "threshold_warn": 157.81289916506023, "30_day_warn_count": 0, "daily_sd": 0.20952144879162304, "threshold_error": 192.33601541425702}, "unkno": {"sample_sd": 22.841093571796328, "sample_mean": 60.133333333333333, "daily_article_count": 22, "30_day_error_count": 1, "threshold_warn": 105.815520476926, "30_day_warn_count": 0, "daily_sd": -1.6695055870888564, "threshold_error": 128.6566140487223}, "mumps": {"sample_sd": 0.71180521680208741, "sample_mean": 0.59999999999999998, "daily_article_count": 0, "30_day_error_count": 0, "threshold_warn": 2.0236104336041749, "30_day_warn_count": 0, "daily_sd": -0.84292723042352458, "threshold_error": 2.7354156504062623}}