{"hemmo": {"sample_sd": 2.0330600909302543, "sample_mean": 1.0, "daily_article_count": 0, "30_day_error_count": 0, "threshold_warn": 5.0661201818605086, "30_day_warn_count": 0, "daily_sd": -0.49186937683796467, "threshold_error": 7.0991802727907629}, "mersc": {"sample_sd": 2.365492666561356, "sample_mean": 2.2666666666666666, "daily_article_count": 1, "30_day_error_count": 0, "threshold_warn": 6.9976519997893787, "30_day_warn_count": 0, "daily_sd": -0.53547689433676449, "threshold_error": 9.3631446663507347}, "influ": {"sample_sd": 4.8368952392578803, "sample_mean": 9.9333333333333336, "daily_article_count": 1, "30_day_error_count": 0, "threshold_warn": 19.607123811849092, "30_day_warn_count": 0, "daily_sd": -1.8469147855069041, "threshold_error": 24.444019051106974}, "pertu": {"sample_sd": 1.2036980056845192, "sample_mean": 1.1333333333333333, "daily_article_count": 2, "30_day_error_count": 0, "threshold_warn": 3.5407293447023718, "30_day_warn_count": 0, "daily_sd": 0.72000340830822473, "threshold_error": 4.744427350386891}, "moldf": {"sample_sd": 0.30000000000000004, "sample_mean": 0.10000000000000001, "daily_article_count": 2, "30_day_error_count": 3, "threshold_warn": 0.70000000000000007, "30_day_warn_count": 0, "daily_sd": 6.3333333333333321, "threshold_error": 1.0000000000000002}, "chole": {"sample_sd": 2.4011571284602669, "sample_mean": 4.0333333333333332, "daily_article_count": 0, "30_day_error_count": 3, "threshold_warn": 8.8356475902538669, "30_day_warn_count": 0, "daily_sd": -1.6797456882464386, "threshold_error": 11.236804718714133}, "hepat": {"sample_sd": 1.662995957768856, "sample_mean": 1.6333333333333333, "daily_article_count": 2, "30_day_error_count": 0, "threshold_warn": 4.9593252488710453, "30_day_warn_count": 0, "daily_sd": 0.22048560307903683, "threshold_error": 6.6223212066399011}, "chiku": {"sample_sd": 2.6246692913372702, "sample_mean": 4.666666666666667, "daily_article_count": 5, "30_day_error_count": 0, "threshold_warn": 9.9160052493412074, "30_day_warn_count": 0, "daily_sd": 0.12700012700019039, "threshold_error": 12.540674540678477}, "yello": {"sample_sd": 0.0, "sample_mean": 0.0, "daily_article_count": 0, "30_day_error_count": 30, "threshold_warn": 0.0, "30_day_warn_count": 0, "daily_sd": 0, "threshold_error": 0.0}, "menin": {"sample_sd": 3.0155154341063044, "sample_mean": 3.7999999999999998, "daily_article_count": 4, "30_day_error_count": 2, "threshold_warn": 9.8310308682126077, "30_day_warn_count": 4, "daily_sd": 0.06632365324280734, "threshold_error": 12.846546302318913}, "plagu": {"sample_sd": 0.17950549357115012, "sample_mean": 0.033333333333333333, "daily_article_count": 0, "30_day_error_count": 4, "threshold_warn": 0.39234432047563356, "30_day_warn_count": 0, "daily_sd": -0.18569533817705189, "threshold_error": 0.5718498140467837}, "westn": {"sample_sd": 2.2313423961572747, "sample_mean": 3.2333333333333334, "daily_article_count": 0, "30_day_error_count": 0, "threshold_warn": 7.6960181256478828, "30_day_warn_count": 0, "daily_sd": -1.4490529731795738, "threshold_error": 9.9273605218051575}, "swine": {"sample_sd": 0.99777530313971785, "sample_mean": 1.0666666666666667, "daily_article_count": 0, "30_day_error_count": 1, "threshold_warn": 3.0622172729461026, "30_day_warn_count": 0, "daily_sd": -1.0690449676496974, "threshold_error": 4.0599925760858202}, "measl": {"sample_sd": 2.7006172134038793, "sample_mean": 3.2000000000000002, "daily_article_count": 0, "30_day_error_count": 0, "threshold_warn": 8.6012344268077587, "30_day_warn_count": 0, "daily_sd": -1.1849143166671499, "threshold_error": 11.301851640211638}, "dengu": {"sample_sd": 3.5472994422987938, "sample_mean": 8.5, "daily_article_count": 10, "30_day_error_count": 1, "threshold_warn": 15.594598884597588, "30_day_warn_count": 0, "daily_sd": 0.42285688716144559, "threshold_error": 19.141898326896381}, "ebola": {"sample_sd": 226.88537487756531, "sample_mean": 389.39999999999998, "daily_article_count": 479, "30_day_error_count": 14, "threshold_warn": 843.1707497551306, "30_day_warn_count": 8, "daily_sd": 0.3949130703041176, "threshold_error": 1070.0561246326961}, "unkno": {"sample_sd": 49.458220303156438, "sample_mean": 93.13333333333334, "daily_article_count": 51, "30_day_error_count": 0, "threshold_warn": 192.04977393964623, "30_day_warn_count": 0, "daily_sd": -0.85189748185590053, "threshold_error": 241.50799424280262}, "mumps": {"sample_sd": 0.24944382578492943, "sample_mean": 0.066666666666666666, "daily_article_count": 2, "30_day_error_count": 5, "threshold_warn": 0.56555431823652558, "30_day_warn_count": 0, "daily_sd": 7.7505760154603065, "threshold_error": 0.81499814402145498}}