{"hemmo": {"sample_sd": 0.24944382578492943, "sample_mean": 0.066666666666666666, "daily_article_count": 0, "30_day_error_count": 7, "threshold_warn": 0.56555431823652558, "30_day_warn_count": 0, "daily_sd": -0.2672612419124244, "threshold_error": 0.81499814402145498}, "mersc": {"sample_sd": 3.8706875645319427, "sample_mean": 6.4666666666666668, "daily_article_count": 0, "30_day_error_count": 0, "threshold_warn": 14.208041795730551, "30_day_warn_count": 0, "daily_sd": -1.6706764777199574, "threshold_error": 18.078729360262493}, "influ": {"sample_sd": 5.9799665550904217, "sample_mean": 9.8000000000000007, "daily_article_count": 11, "30_day_error_count": 7, "threshold_warn": 21.759933110180846, "30_day_warn_count": 5, "daily_sd": 0.20067001862719522, "threshold_error": 27.739899665271267}, "pertu": {"sample_sd": 1.1855612829185829, "sample_mean": 1.8333333333333333, "daily_article_count": 1, "30_day_error_count": 0, "threshold_warn": 4.2044558991704992, "30_day_warn_count": 0, "daily_sd": -0.70290194639441639, "threshold_error": 5.3900171820890819}, "moldf": {"sample_sd": 0.89999999999999991, "sample_mean": 0.69999999999999996, "daily_article_count": 0, "30_day_error_count": 2, "threshold_warn": 2.5, "30_day_warn_count": 2, "daily_sd": -0.77777777777777779, "threshold_error": 3.3999999999999995}, "chole": {"sample_sd": 5.988507512078634, "sample_mean": 3.9333333333333331, "daily_article_count": 5, "30_day_error_count": 0, "threshold_warn": 15.910348357490602, "30_day_warn_count": 0, "daily_sd": 0.17811894942358064, "threshold_error": 21.898855869569235}, "hepat": {"sample_sd": 2.5263060428661888, "sample_mean": 2.8666666666666667, "daily_article_count": 1, "30_day_error_count": 4, "threshold_warn": 7.9192787523990447, "30_day_warn_count": 6, "daily_sd": -0.73889173955696341, "threshold_error": 10.445584795265233}, "chiku": {"sample_sd": 0.90000000000000002, "sample_mean": 0.69999999999999996, "daily_article_count": 0, "30_day_error_count": 1, "threshold_warn": 2.5, "30_day_warn_count": 0, "daily_sd": -0.77777777777777768, "threshold_error": 3.4000000000000004}, "yello": {"sample_sd": 0.42687494916218993, "sample_mean": 0.13333333333333333, "daily_article_count": 0, "30_day_error_count": 1, "threshold_warn": 0.98708323165771317, "30_day_warn_count": 0, "daily_sd": -0.31234752377721209, "threshold_error": 1.4139581808199031}, "menin": {"sample_sd": 2.4641879437701628, "sample_mean": 4.166666666666667, "daily_article_count": 3, "30_day_error_count": 0, "threshold_warn": 9.0950425542069926, "30_day_warn_count": 0, "daily_sd": -0.47344873576553909, "threshold_error": 11.559230497977154}, "plagu": {"sample_sd": 2.9629189811550516, "sample_mean": 2.2333333333333334, "daily_article_count": 0, "30_day_error_count": 0, "threshold_warn": 8.1591712956434357, "30_day_warn_count": 0, "daily_sd": -0.75376118872568709, "threshold_error": 11.122090276798488}, "westn": {"sample_sd": 4.4701478971307234, "sample_mean": 7.5333333333333332, "daily_article_count": 0, "30_day_error_count": 0, "threshold_warn": 16.47362912759478, "30_day_warn_count": 0, "daily_sd": -1.6852537112180992, "threshold_error": 20.943777024725506}, "swine": {"sample_sd": 1.8618986725025255, "sample_mean": 3.0, "daily_article_count": 4, "30_day_error_count": 3, "threshold_warn": 6.7237973450050514, "30_day_warn_count": 0, "daily_sd": 0.53708615552957462, "threshold_error": 8.5856960175075763}, "measl": {"sample_sd": 3.8269512089332358, "sample_mean": 5.2333333333333334, "daily_article_count": 1, "30_day_error_count": 1, "threshold_warn": 12.887235751199805, "30_day_warn_count": 0, "daily_sd": -1.1061895232558705, "threshold_error": 16.714186960133041}, "dengu": {"sample_sd": 26.038347788512919, "sample_mean": 22.733333333333334, "daily_article_count": 6, "30_day_error_count": 0, "threshold_warn": 74.810028910359165, "30_day_warn_count": 1, "daily_sd": -0.64264190144642797, "threshold_error": 100.84837669887209}, "ebola": {"sample_sd": 11.301130720222448, "sample_mean": 28.133333333333333, "daily_article_count": 17, "30_day_error_count": 3, "threshold_warn": 50.735594773778232, "30_day_warn_count": 0, "daily_sd": -0.98515215945703072, "threshold_error": 62.036725494000677}, "unkno": {"sample_sd": 18.597371379370315, "sample_mean": 53.266666666666666, "daily_article_count": 30, "30_day_error_count": 0, "threshold_warn": 90.461409425407297, "30_day_warn_count": 0, "daily_sd": -1.2510728635809201, "threshold_error": 109.05878080477761}, "mumps": {"sample_sd": 0.99107124982123374, "sample_mean": 0.8666666666666667, "daily_article_count": 0, "30_day_error_count": 0, "threshold_warn": 2.8488091663091342, "30_day_warn_count": 0, "daily_sd": -0.87447463219520616, "threshold_error": 3.8398804161303679}}