{"hemmo": {"sample_sd": 0.24944382578492943, "sample_mean": 0.066666666666766669, "daily_article_count": 1, "30_day_error_count": 1, "threshold_warn": 0.5655543182366255, "30_day_warn_count": 0, "daily_sd": 3.7416573867735403, "threshold_error": 0.81499814402155502}, "mersc": {"sample_sd": 5.7778311963342555, "sample_mean": 6.5000000000001004, "daily_article_count": 0, "30_day_error_count": 0, "threshold_warn": 18.055662392668612, "30_day_warn_count": 0, "daily_sd": -1.124989598886867, "threshold_error": 23.833493589002867}, "influ": {"sample_sd": 6.0648348882902186, "sample_mean": 10.866666666666767, "daily_article_count": 5, "30_day_error_count": 1, "threshold_warn": 22.996336443247202, "30_day_warn_count": 0, "daily_sd": -0.96732504259826291, "threshold_error": 29.061171331537423}, "pertu": {"sample_sd": 1.5162087220725546, "sample_mean": 2.0333333333334331, "daily_article_count": 1, "30_day_error_count": 0, "threshold_warn": 5.0657507774785424, "30_day_warn_count": 0, "daily_sd": -0.68152446183064852, "threshold_error": 6.5819594995510968}, "moldf": {"sample_sd": 0.91651513899116799, "sample_mean": 0.60000000000010001, "daily_article_count": 0, "30_day_error_count": 0, "threshold_warn": 2.4330302779824358, "30_day_warn_count": 0, "daily_sd": -0.65465367070808622, "threshold_error": 3.3495454169736041}, "chole": {"sample_sd": 4.0012498047485119, "sample_mean": 4.7000000000001005, "daily_article_count": 4, "30_day_error_count": 0, "threshold_warn": 12.702499609497124, "30_day_warn_count": 0, "daily_sd": -0.17494533812144658, "threshold_error": 16.703749414245635}, "hepat": {"sample_sd": 6.5111869544312393, "sample_mean": 5.7333333333334338, "daily_article_count": 0, "30_day_error_count": 0, "threshold_warn": 18.755707242195911, "30_day_warn_count": 0, "daily_sd": -0.88053581834746253, "threshold_error": 25.266894196627153}, "chiku": {"sample_sd": 2.2201101073795617, "sample_mean": 2.0666666666667668, "daily_article_count": 3, "30_day_error_count": 0, "threshold_warn": 6.5068868814258902, "30_day_warn_count": 0, "daily_sd": 0.42039956947669788, "threshold_error": 8.7269969888054533}, "yello": {"sample_sd": 0.66999170807472597, "sample_mean": 0.46666666666676665, "daily_article_count": 0, "30_day_error_count": 0, "threshold_warn": 1.8066500828162186, "30_day_warn_count": 0, "daily_sd": -0.69652603314714168, "threshold_error": 2.4766417908909446}, "menin": {"sample_sd": 2.960668092771555, "sample_mean": 4.3666666666667666, "daily_article_count": 10, "30_day_error_count": 0, "threshold_warn": 10.288002852209877, "30_day_warn_count": 0, "daily_sd": 1.9027236950629376, "threshold_error": 13.248670944981431}, "plagu": {"sample_sd": 0.59628479399994383, "sample_mean": 0.33333333333343329, "daily_article_count": 0, "30_day_error_count": 0, "threshold_warn": 1.5259029213333211, "30_day_warn_count": 0, "daily_sd": -0.55901699437511509, "threshold_error": 2.1221877153332649}, "westn": {"sample_sd": 0.65743609744386733, "sample_mean": 0.36666666666676662, "daily_article_count": 0, "30_day_error_count": 1, "threshold_warn": 1.6815388615545013, "30_day_warn_count": 0, "daily_sd": -0.55772213921988523, "threshold_error": 2.3389749589983686}, "swine": {"sample_sd": 25.11000243373589, "sample_mean": 42.233333333333434, "daily_article_count": 1, "30_day_error_count": 0, "threshold_warn": 92.453338200805206, "30_day_warn_count": 0, "daily_sd": -1.6421078987206892, "threshold_error": 117.56334063454111}, "measl": {"sample_sd": 54.859416288870186, "sample_mean": 87.333333333333428, "daily_article_count": 3, "30_day_error_count": 0, "threshold_warn": 197.05216591107381, "30_day_warn_count": 0, "daily_sd": -1.5372626804715543, "threshold_error": 251.91158219994398}, "dengu": {"sample_sd": 2.6551836094703507, "sample_mean": 4.5000000000001004, "daily_article_count": 1, "30_day_error_count": 1, "threshold_warn": 9.8103672189408009, "30_day_warn_count": 0, "daily_sd": -1.3181762600207794, "threshold_error": 12.465550828411153}, "ebola": {"sample_sd": 33.162914360606024, "sample_mean": 82.766666666666765, "daily_article_count": 61, "30_day_error_count": 0, "threshold_warn": 149.09249538787881, "30_day_warn_count": 0, "daily_sd": -0.65635566373874621, "threshold_error": 182.25540974848485}, "unkno": {"sample_sd": 30.119318274710889, "sample_mean": 63.400000000000098, "daily_article_count": 19, "30_day_error_count": 0, "threshold_warn": 123.63863654942188, "30_day_warn_count": 0, "daily_sd": -1.474136950744988, "threshold_error": 153.75795482413275}, "mumps": {"sample_sd": 0.71802197428460057, "sample_mean": 0.46666666666676665, "daily_article_count": 0, "30_day_error_count": 0, "threshold_warn": 1.9027106152359679, "30_day_warn_count": 0, "daily_sd": -0.64993368361982073, "threshold_error": 2.6207325895205682}}