{"hemmo": {"sample_sd": 0.29999999999999999, "sample_mean": 0.10000000000000001, "daily_article_count": 0, "30_day_error_count": 0, "threshold_warn": 0.69999999999999996, "30_day_warn_count": 0, "daily_sd": -0.33333333333333337, "threshold_error": 0.99999999999999989}, "mersc": {"sample_sd": 5.8678975981370201, "sample_mean": 4.3666666666666663, "daily_article_count": 5, "30_day_error_count": 0, "threshold_warn": 16.102461862940707, "30_day_warn_count": 2, "daily_sd": 0.10793189941392445, "threshold_error": 21.970359461077727}, "influ": {"sample_sd": 7.6111030008067093, "sample_mean": 12.733333333333333, "daily_article_count": 6, "30_day_error_count": 0, "threshold_warn": 27.955539334946749, "30_day_warn_count": 0, "daily_sd": -0.88467247554259332, "threshold_error": 35.566642335753464}, "pertu": {"sample_sd": 1.5648926125740672, "sample_mean": 2.1333333333333333, "daily_article_count": 1, "30_day_error_count": 0, "threshold_warn": 5.2631185584814677, "30_day_warn_count": 0, "daily_sd": -0.72422434883191833, "threshold_error": 6.8280111710555342}, "moldf": {"sample_sd": 0.52599112793531666, "sample_mean": 0.29999999999999999, "daily_article_count": 0, "30_day_error_count": 6, "threshold_warn": 1.3519822558706334, "30_day_warn_count": 2, "daily_sd": -0.57035182547203012, "threshold_error": 1.87797338380595}, "chole": {"sample_sd": 2.565800719723442, "sample_mean": 3.5, "daily_article_count": 6, "30_day_error_count": 3, "threshold_warn": 8.6316014394468841, "30_day_warn_count": 0, "daily_sd": 0.97435470369244637, "threshold_error": 11.197402159170327}, "hepat": {"sample_sd": 5.7658959022475909, "sample_mean": 4.2333333333333334, "daily_article_count": 2, "30_day_error_count": 0, "threshold_warn": 15.765125137828516, "30_day_warn_count": 0, "daily_sd": -0.38733500763736695, "threshold_error": 21.531021040076105}, "chiku": {"sample_sd": 2.7384099198054499, "sample_mean": 2.3666666666666667, "daily_article_count": 3, "30_day_error_count": 0, "threshold_warn": 7.8434865062775661, "30_day_warn_count": 0, "daily_sd": 0.23127776771212122, "threshold_error": 10.581896426083016}, "yello": {"sample_sd": 0.60461190490723515, "sample_mean": 0.36666666666666664, "daily_article_count": 0, "30_day_error_count": 0, "threshold_warn": 1.575890476481137, "30_day_warn_count": 0, "daily_sd": -0.60644963106196836, "threshold_error": 2.1805023813883722}, "menin": {"sample_sd": 2.9476921292578857, "sample_mean": 4.333333333333333, "daily_article_count": 7, "30_day_error_count": 0, "threshold_warn": 10.228717591849104, "30_day_warn_count": 0, "daily_sd": 0.90466254606380148, "threshold_error": 13.176409721106989}, "plagu": {"sample_sd": 0.74535599249992979, "sample_mean": 0.33333333333333331, "daily_article_count": 0, "30_day_error_count": 0, "threshold_warn": 1.8240453183331928, "30_day_warn_count": 0, "daily_sd": -0.44721359549995798, "threshold_error": 2.5694013108331228}, "westn": {"sample_sd": 0.57348835113617513, "sample_mean": 0.26666666666666666, "daily_article_count": 0, "30_day_error_count": 2, "threshold_warn": 1.4136433689390169, "30_day_warn_count": 0, "daily_sd": -0.46499055497527708, "threshold_error": 1.9871317200751921}, "swine": {"sample_sd": 11.96480951234355, "sample_mean": 24.899999999999999, "daily_article_count": 20, "30_day_error_count": 5, "threshold_warn": 48.829619024687098, "30_day_warn_count": 8, "daily_sd": -0.40953430933813795, "threshold_error": 60.794428537030647}, "measl": {"sample_sd": 53.349164317103721, "sample_mean": 91.0, "daily_article_count": 8, "30_day_error_count": 0, "threshold_warn": 197.69832863420743, "30_day_warn_count": 0, "daily_sd": -1.5557881939190983, "threshold_error": 251.04749295131117}, "dengu": {"sample_sd": 2.6892791268706602, "sample_mean": 4.0333333333333332, "daily_article_count": 6, "30_day_error_count": 0, "threshold_warn": 9.4118915870746527, "30_day_warn_count": 0, "daily_sd": 0.73129882540498847, "threshold_error": 12.101170713945313}, "ebola": {"sample_sd": 34.171072886613061, "sample_mean": 86.933333333333337, "daily_article_count": 94, "30_day_error_count": 0, "threshold_warn": 155.27547910655946, "30_day_warn_count": 0, "daily_sd": 0.20680259850533159, "threshold_error": 189.44655199317253}, "unkno": {"sample_sd": 24.040452020154142, "sample_mean": 57.700000000000003, "daily_article_count": 66, "30_day_error_count": 1, "threshold_warn": 105.78090404030829, "30_day_warn_count": 0, "daily_sd": 0.34525141178883623, "threshold_error": 129.82135606046245}, "mumps": {"sample_sd": 0.71569701845279632, "sample_mean": 0.56666666666666665, "daily_article_count": 0, "30_day_error_count": 0, "threshold_warn": 1.9980607035722593, "30_day_warn_count": 0, "daily_sd": -0.79176893581545782, "threshold_error": 2.7137577220250559}}