{"hemmo": {"sample_sd": 0.17950549357115009, "sample_mean": 0.033333333333333333, "daily_article_count": 0, "30_day_error_count": 6, "threshold_warn": 0.3923443204756335, "30_day_warn_count": 0, "daily_sd": -0.18569533817705192, "threshold_error": 0.57184981404678359}, "mersc": {"sample_sd": 4.3107101760872562, "sample_mean": 4.5333333333333332, "daily_article_count": 2, "30_day_error_count": 0, "threshold_warn": 13.154753685507846, "30_day_warn_count": 0, "daily_sd": -0.58768352077726282, "threshold_error": 17.465463861595104}, "influ": {"sample_sd": 3.664241622309679, "sample_mean": 7.2000000000000002, "daily_article_count": 4, "30_day_error_count": 4, "threshold_warn": 14.528483244619359, "30_day_warn_count": 3, "daily_sd": -0.87330485536675562, "threshold_error": 18.192724866929037}, "pertu": {"sample_sd": 1.5347819244295116, "sample_mean": 2.3333333333333335, "daily_article_count": 0, "30_day_error_count": 0, "threshold_warn": 5.4028971821923566, "30_day_warn_count": 0, "daily_sd": -1.5203028496707431, "threshold_error": 6.9376791066218679}, "moldf": {"sample_sd": 0.79999999999999993, "sample_mean": 0.59999999999999998, "daily_article_count": 0, "30_day_error_count": 1, "threshold_warn": 2.1999999999999997, "30_day_warn_count": 0, "daily_sd": -0.75, "threshold_error": 3.0}, "chole": {"sample_sd": 5.9075281538803424, "sample_mean": 4.3666666666666663, "daily_article_count": 4, "30_day_error_count": 0, "threshold_warn": 16.181722974427352, "30_day_warn_count": 0, "daily_sd": -0.0620676968633357, "threshold_error": 22.089251128307694}, "hepat": {"sample_sd": 3.7357135269658395, "sample_mean": 3.6666666666666665, "daily_article_count": 2, "30_day_error_count": 0, "threshold_warn": 11.138093720598345, "30_day_warn_count": 0, "daily_sd": -0.44614413140515607, "threshold_error": 14.873807247564185}, "chiku": {"sample_sd": 1.7838784213679537, "sample_mean": 1.5333333333333334, "daily_article_count": 0, "30_day_error_count": 0, "threshold_warn": 5.1010901760692411, "30_day_warn_count": 0, "daily_sd": -0.85955035666472623, "threshold_error": 6.8849685974371946}, "yello": {"sample_sd": 0.24944382578492943, "sample_mean": 0.066666666666666666, "daily_article_count": 0, "30_day_error_count": 5, "threshold_warn": 0.56555431823652558, "30_day_warn_count": 0, "daily_sd": -0.2672612419124244, "threshold_error": 0.81499814402145498}, "menin": {"sample_sd": 5.3071230959490237, "sample_mean": 6.0333333333333332, "daily_article_count": 1, "30_day_error_count": 0, "threshold_warn": 16.647579525231379, "30_day_warn_count": 0, "daily_sd": -0.94841088897586023, "threshold_error": 21.954702621180402}, "plagu": {"sample_sd": 1.4224392195567914, "sample_mean": 1.1000000000000001, "daily_article_count": 0, "30_day_error_count": 2, "threshold_warn": 3.9448784391135829, "30_day_warn_count": 0, "daily_sd": -0.77331950980846964, "threshold_error": 5.367317658670375}, "westn": {"sample_sd": 4.4251804734069573, "sample_mean": 8.4666666666666668, "daily_article_count": 5, "30_day_error_count": 0, "threshold_warn": 17.317027613480583, "30_day_warn_count": 0, "daily_sd": -0.78339554454321991, "threshold_error": 21.742208086887537}, "swine": {"sample_sd": 1.2202003478482084, "sample_mean": 1.6666666666666667, "daily_article_count": 4, "30_day_error_count": 3, "threshold_warn": 4.1070673623630833, "30_day_warn_count": 1, "daily_sd": 1.9122542764785355, "threshold_error": 5.3272677102112924}, "measl": {"sample_sd": 2.9858927568744922, "sample_mean": 4.4666666666666668, "daily_article_count": 1, "30_day_error_count": 1, "threshold_warn": 10.438452180415652, "30_day_warn_count": 2, "daily_sd": -1.1610151297916771, "threshold_error": 13.424344937290144}, "dengu": {"sample_sd": 4.0710359042058739, "sample_mean": 8.5999999999999996, "daily_article_count": 11, "30_day_error_count": 15, "threshold_warn": 16.742071808411747, "30_day_warn_count": 2, "daily_sd": 0.58953054123657056, "threshold_error": 20.813107712617622}, "ebola": {"sample_sd": 19.54538877132461, "sample_mean": 35.333333333333336, "daily_article_count": 29, "30_day_error_count": 0, "threshold_warn": 74.424110875982564, "30_day_warn_count": 0, "daily_sd": -0.32403209818088052, "threshold_error": 93.969499647307174}, "unkno": {"sample_sd": 21.410174113153669, "sample_mean": 66.066666666666663, "daily_article_count": 31, "30_day_error_count": 0, "threshold_warn": 108.88701489297401, "30_day_warn_count": 0, "daily_sd": -1.6378506069748828, "threshold_error": 130.29718900612767}, "mumps": {"sample_sd": 1.7464249196572981, "sample_mean": 1.5, "daily_article_count": 0, "30_day_error_count": 0, "threshold_warn": 4.9928498393145961, "30_day_warn_count": 0, "daily_sd": -0.85889750147080235, "threshold_error": 6.7392747589718942}}