{"hemmo": {"sample_sd": 0.9285592184789413, "sample_mean": 0.26666666666666666, "daily_article_count": 3, "30_day_error_count": 0, "threshold_warn": 2.1237851036245492, "30_day_warn_count": 0, "daily_sd": 2.9436284503327261, "threshold_error": 3.0523443221034903}, "mersc": {"sample_sd": 4.8944412914607076, "sample_mean": 4.666666666666667, "daily_article_count": 0, "30_day_error_count": 0, "threshold_warn": 14.455549249588081, "30_day_warn_count": 0, "daily_sd": -0.95346258924559235, "threshold_error": 19.34999054104879}, "influ": {"sample_sd": 7.7034624249965251, "sample_mean": 4.7000000000000002, "daily_article_count": 7, "30_day_error_count": 0, "threshold_warn": 20.10692484999305, "30_day_warn_count": 0, "daily_sd": 0.29856704337738588, "threshold_error": 27.810387274989576}, "pertu": {"sample_sd": 1.559558342038611, "sample_mean": 1.3666666666666667, "daily_article_count": 5, "30_day_error_count": 1, "threshold_warn": 4.4857833507438887, "30_day_warn_count": 0, "daily_sd": 2.329719405420859, "threshold_error": 6.0453416927825003}, "moldf": {"sample_sd": 0.42687494916218993, "sample_mean": 0.13333333333333333, "daily_article_count": 0, "30_day_error_count": 2, "threshold_warn": 0.98708323165771317, "30_day_warn_count": 0, "daily_sd": -0.31234752377721209, "threshold_error": 1.4139581808199031}, "chole": {"sample_sd": 5.0377464097440328, "sample_mean": 4.4333333333333336, "daily_article_count": 32, "30_day_error_count": 1, "threshold_warn": 14.508826152821399, "30_day_warn_count": 3, "daily_sd": 5.4720234852129694, "threshold_error": 19.54657256256543}, "hepat": {"sample_sd": 2.2201101073795617, "sample_mean": 2.0666666666666669, "daily_article_count": 2, "30_day_error_count": 3, "threshold_warn": 6.5068868814257907, "30_day_warn_count": 0, "daily_sd": -0.030028540676910305, "threshold_error": 8.726996988805352}, "chiku": {"sample_sd": 9.2861306377964663, "sample_mean": 10.633333333333333, "daily_article_count": 5, "30_day_error_count": 0, "threshold_warn": 29.205594608926265, "30_day_warn_count": 0, "daily_sd": -0.60663946621690901, "threshold_error": 38.49172524672273}, "yello": {"sample_sd": 0.17950549357115012, "sample_mean": 0.033333333333333333, "daily_article_count": 0, "30_day_error_count": 8, "threshold_warn": 0.39234432047563356, "30_day_warn_count": 0, "daily_sd": -0.18569533817705189, "threshold_error": 0.5718498140467837}, "menin": {"sample_sd": 1.2036980056845192, "sample_mean": 1.1333333333333333, "daily_article_count": 2, "30_day_error_count": 2, "threshold_warn": 3.5407293447023718, "30_day_warn_count": 0, "daily_sd": 0.72000340830822473, "threshold_error": 4.744427350386891}, "plagu": {"sample_sd": 0.57348835113617525, "sample_mean": 0.26666666666666666, "daily_article_count": 0, "30_day_error_count": 3, "threshold_warn": 1.4136433689390171, "30_day_warn_count": 0, "daily_sd": -0.46499055497527703, "threshold_error": 1.9871317200751923}, "westn": {"sample_sd": 2.4073960113690385, "sample_mean": 3.7333333333333334, "daily_article_count": 4, "30_day_error_count": 0, "threshold_warn": 8.5481253560714094, "30_day_warn_count": 0, "daily_sd": 0.11076975512434224, "threshold_error": 10.955521367440449}, "swine": {"sample_sd": 1.9482185594936607, "sample_mean": 1.7333333333333334, "daily_article_count": 2, "30_day_error_count": 0, "threshold_warn": 5.6297704523206544, "30_day_warn_count": 0, "daily_sd": 0.13687718216583097, "threshold_error": 7.5779890118143154}, "measl": {"sample_sd": 5.7415638597472336, "sample_mean": 6.3666666666666663, "daily_article_count": 4, "30_day_error_count": 0, "threshold_warn": 17.849794386161133, "30_day_warn_count": 0, "daily_sd": -0.41219896259602978, "threshold_error": 23.591358245908367}, "dengu": {"sample_sd": 4.2058160788233341, "sample_mean": 6.666666666666667, "daily_article_count": 5, "30_day_error_count": 0, "threshold_warn": 15.078298824313336, "30_day_warn_count": 0, "daily_sd": -0.396276640592651, "threshold_error": 19.284114903136668}, "ebola": {"sample_sd": 15.920950557886504, "sample_mean": 32.299999999999997, "daily_article_count": 386, "30_day_error_count": 25, "threshold_warn": 64.14190111577301, "30_day_warn_count": 0, "daily_sd": 22.216010200772423, "threshold_error": 80.062851673659509}, "unkno": {"sample_sd": 73.759737586903668, "sample_mean": 79.63333333333334, "daily_article_count": 34, "30_day_error_count": 0, "threshold_warn": 227.15280850714066, "30_day_warn_count": 0, "daily_sd": -0.61867537529628791, "threshold_error": 300.91254609404433}, "mumps": {"sample_sd": 0.39581140290126382, "sample_mean": 0.10000000000000001, "daily_article_count": 0, "30_day_error_count": 1, "threshold_warn": 0.89162280580252762, "30_day_warn_count": 0, "daily_sd": -0.25264557631995577, "threshold_error": 1.2874342087037915}}