{"hemmo": {"sample_sd": 0.0, "sample_mean": 1e-13, "daily_article_count": 0, "30_day_error_count": 4, "threshold_warn": 1e-13, "30_day_warn_count": 0, "daily_sd": -Infinity, "threshold_error": 1e-13}, "mersc": {"sample_sd": 1.9988885800753267, "sample_mean": 1.2666666666667665, "daily_article_count": 0, "30_day_error_count": 1, "threshold_warn": 5.2644438268174198, "30_day_warn_count": 0, "daily_sd": -0.63368547866686653, "threshold_error": 7.2633324068927472}, "influ": {"sample_sd": 14.788283650692303, "sample_mean": 17.200000000000099, "daily_article_count": 3, "30_day_error_count": 0, "threshold_warn": 46.776567301384702, "30_day_warn_count": 0, "daily_sd": -0.96021961272938761, "threshold_error": 61.564850952077009}, "pertu": {"sample_sd": 0.53748384988656994, "sample_mean": 0.33333333333343329, "daily_article_count": 0, "30_day_error_count": 4, "threshold_warn": 1.4083010331065733, "30_day_warn_count": 2, "daily_sd": -0.62017367294622827, "threshold_error": 1.9457848829931432}, "moldf": {"sample_sd": 0.24944382578492943, "sample_mean": 0.066666666666766669, "daily_article_count": 0, "30_day_error_count": 7, "threshold_warn": 0.5655543182366255, "30_day_warn_count": 0, "daily_sd": -0.2672612419128253, "threshold_error": 0.81499814402155502}, "chole": {"sample_sd": 2.3288051299611423, "sample_mean": 1.9000000000000998, "daily_article_count": 3, "30_day_error_count": 0, "threshold_warn": 6.5576102599223844, "30_day_warn_count": 0, "daily_sd": 0.47234523226005365, "threshold_error": 8.8864153898835276}, "hepat": {"sample_sd": 3.5552777669262352, "sample_mean": 1.4000000000000998, "daily_article_count": 0, "30_day_error_count": 0, "threshold_warn": 8.5105555338525711, "30_day_warn_count": 1, "daily_sd": -0.39378076532413647, "threshold_error": 12.065833300778806}, "chiku": {"sample_sd": 0.61824123303304701, "sample_mean": 0.46666666666676665, "daily_article_count": 1, "30_day_error_count": 2, "threshold_warn": 1.7031491327328607, "30_day_warn_count": 0, "daily_sd": 0.86266218562734542, "threshold_error": 2.3213903657659078}, "yello": {"sample_sd": 0.24944382578492943, "sample_mean": 0.066666666666766669, "daily_article_count": 0, "30_day_error_count": 5, "threshold_warn": 0.5655543182366255, "30_day_warn_count": 0, "daily_sd": -0.2672612419128253, "threshold_error": 0.81499814402155502}, "menin": {"sample_sd": 0.59628479399994383, "sample_mean": 0.33333333333343329, "daily_article_count": 0, "30_day_error_count": 10, "threshold_warn": 1.5259029213333211, "30_day_warn_count": 5, "daily_sd": -0.55901699437511509, "threshold_error": 2.1221877153332649}, "plagu": {"sample_sd": 0.33993463423951903, "sample_mean": 0.13333333333343333, "daily_article_count": 0, "30_day_error_count": 0, "threshold_warn": 0.81320260181247139, "30_day_warn_count": 0, "daily_sd": -0.39223227027666219, "threshold_error": 1.1531372360519905}, "westn": {"sample_sd": 1.738453974720706, "sample_mean": 0.66666666666676666, "daily_article_count": 0, "30_day_error_count": 0, "threshold_warn": 4.1435746161081788, "30_day_warn_count": 0, "daily_sd": -0.38348249442374283, "threshold_error": 5.8820285908288845}, "swine": {"sample_sd": 9.8411833073512511, "sample_mean": 11.133333333333432, "daily_article_count": 7, "30_day_error_count": 0, "threshold_warn": 30.815699948035935, "30_day_warn_count": 0, "daily_sd": -0.42000369307681523, "threshold_error": 40.656883255387186}, "measl": {"sample_sd": 3.236767935250636, "sample_mean": 4.3000000000001002, "daily_article_count": 5, "30_day_error_count": 2, "threshold_warn": 10.773535870501373, "30_day_warn_count": 0, "daily_sd": 0.21626511816816302, "threshold_error": 14.010303805752008}, "dengu": {"sample_sd": 1.7461067804945061, "sample_mean": 1.8666666666667666, "daily_article_count": 2, "30_day_error_count": 2, "threshold_warn": 5.3588802276557788, "30_day_warn_count": 5, "daily_sd": 0.076360354832064006, "threshold_error": 7.1049870081502853}, "ebola": {"sample_sd": 1.0857664983268218, "sample_mean": 0.56666666666676668, "daily_article_count": 0, "30_day_error_count": 0, "threshold_warn": 2.7381996633204104, "30_day_warn_count": 0, "daily_sd": -0.52190472586878145, "threshold_error": 3.823966161647232}, "unkno": {"sample_sd": 26.188398618896539, "sample_mean": 36.633333333333432, "daily_article_count": 40, "30_day_error_count": 0, "threshold_warn": 89.01013057112651, "30_day_warn_count": 0, "daily_sd": 0.12855565228174398, "threshold_error": 115.19852919002304}, "mumps": {"sample_sd": 0.0, "sample_mean": 1e-13, "daily_article_count": 0, "30_day_error_count": 6, "threshold_warn": 1e-13, "30_day_warn_count": 0, "daily_sd": -Infinity, "threshold_error": 1e-13}}