{"hemmo": {"sample_sd": 0.0, "sample_mean": 0.0, "daily_article_count": 1, "30_day_error_count": 2, "threshold_warn": 0.0, "30_day_warn_count": 0, "daily_sd": 0, "threshold_error": 0.0}, "mersc": {"sample_sd": 4.2342518688534447, "sample_mean": 5.2666666666666666, "daily_article_count": 2, "30_day_error_count": 0, "threshold_warn": 13.735170404373555, "30_day_warn_count": 0, "daily_sd": -0.77148614863839404, "threshold_error": 17.969422273227}, "influ": {"sample_sd": 7.6669565162600364, "sample_mean": 11.533333333333333, "daily_article_count": 29, "30_day_error_count": 0, "threshold_warn": 26.867246365853404, "30_day_warn_count": 0, "daily_sd": 2.2781747398232226, "threshold_error": 34.534202882113441}, "pertu": {"sample_sd": 1.2092238098144705, "sample_mean": 1.0666666666666667, "daily_article_count": 4, "30_day_error_count": 0, "threshold_warn": 3.4851142862956079, "30_day_warn_count": 0, "daily_sd": 2.4257985242478735, "threshold_error": 4.6943380961100782}, "moldf": {"sample_sd": 1.0132456102380443, "sample_mean": 0.80000000000000004, "daily_article_count": 0, "30_day_error_count": 1, "threshold_warn": 2.8264912204760888, "30_day_warn_count": 0, "daily_sd": -0.78954203395172284, "threshold_error": 3.8397368307141324}, "chole": {"sample_sd": 4.2609336483399449, "sample_mean": 5.333333333333333, "daily_article_count": 3, "30_day_error_count": 0, "threshold_warn": 13.855200630013222, "30_day_warn_count": 0, "daily_sd": -0.54761081159815694, "threshold_error": 18.116134278353169}, "hepat": {"sample_sd": 6.5649744012363733, "sample_mean": 5.3666666666666663, "daily_article_count": 4, "30_day_error_count": 0, "threshold_warn": 18.496615469139414, "30_day_warn_count": 0, "daily_sd": -0.20817547535437209, "threshold_error": 25.061589870375787}, "chiku": {"sample_sd": 1.4079141387961918, "sample_mean": 1.4666666666666666, "daily_article_count": 0, "30_day_error_count": 1, "threshold_warn": 4.2824949442590503, "30_day_warn_count": 0, "daily_sd": -1.0417301923828324, "threshold_error": 5.6904090830552416}, "yello": {"sample_sd": 0.47609522856952335, "sample_mean": 0.20000000000000001, "daily_article_count": 0, "30_day_error_count": 1, "threshold_warn": 1.1521904571390467, "30_day_warn_count": 0, "daily_sd": -0.42008402520840293, "threshold_error": 1.6282856857085701}, "menin": {"sample_sd": 2.3767391293301183, "sample_mean": 2.8666666666666667, "daily_article_count": 2, "30_day_error_count": 1, "threshold_warn": 7.6201449253269029, "30_day_warn_count": 0, "daily_sd": -0.36464526374458939, "threshold_error": 9.9968840546570217}, "plagu": {"sample_sd": 0.37267799624996495, "sample_mean": 0.16666666666666666, "daily_article_count": 0, "30_day_error_count": 0, "threshold_warn": 0.91202265916659653, "30_day_warn_count": 0, "daily_sd": -0.44721359549995793, "threshold_error": 1.2847006554165616}, "westn": {"sample_sd": 0.66999170807472597, "sample_mean": 0.46666666666666667, "daily_article_count": 2, "30_day_error_count": 3, "threshold_warn": 1.8066500828161187, "30_day_warn_count": 0, "daily_sd": 2.2885855374829749, "threshold_error": 2.4766417908908447}, "swine": {"sample_sd": 24.077559861599116, "sample_mean": 46.06666666666667, "daily_article_count": 12, "30_day_error_count": 0, "threshold_warn": 94.221786389864903, "30_day_warn_count": 0, "daily_sd": -1.4148720577370055, "threshold_error": 118.29934625146402}, "measl": {"sample_sd": 20.285764028555157, "sample_mean": 30.566666666666666, "daily_article_count": 7, "30_day_error_count": 0, "threshold_warn": 71.138194723776977, "30_day_warn_count": 0, "daily_sd": -1.1617342404995525, "threshold_error": 91.42395875233214}, "dengu": {"sample_sd": 3.1164438423020266, "sample_mean": 4.4333333333333336, "daily_article_count": 3, "30_day_error_count": 1, "threshold_warn": 10.666221017937387, "30_day_warn_count": 0, "daily_sd": -0.45992593027910039, "threshold_error": 13.782664860239414}, "ebola": {"sample_sd": 40.12204990885796, "sample_mean": 80.566666666666663, "daily_article_count": 79, "30_day_error_count": 0, "threshold_warn": 160.81076648438258, "30_day_warn_count": 0, "daily_sd": -0.039047523001081295, "threshold_error": 200.93281639324056}, "unkno": {"sample_sd": 32.763733337674175, "sample_mean": 55.06666666666667, "daily_article_count": 63, "30_day_error_count": 0, "threshold_warn": 120.59413334201503, "30_day_warn_count": 0, "daily_sd": 0.24213764809918636, "threshold_error": 153.35786667968918}, "mumps": {"sample_sd": 0.29999999999999999, "sample_mean": 0.10000000000000001, "daily_article_count": 1, "30_day_error_count": 3, "threshold_warn": 0.69999999999999996, "30_day_warn_count": 0, "daily_sd": 3.0, "threshold_error": 0.99999999999999989}}