{"hemmo": {"sample_sd": 0.0, "sample_mean": 0.0, "daily_article_count": 0, "30_day_error_count": 30, "threshold_warn": 0.0, "30_day_warn_count": 0, "daily_sd": 0, "threshold_error": 0.0}, "mersc": {"sample_sd": 6.4048592663869055, "sample_mean": 8.3333333333333339, "daily_article_count": 0, "30_day_error_count": 0, "threshold_warn": 21.143051866107143, "30_day_warn_count": 0, "daily_sd": -1.3010954631067662, "threshold_error": 27.54791113249405}, "influ": {"sample_sd": 2.3711225658371653, "sample_mean": 2.3333333333333335, "daily_article_count": 1, "30_day_error_count": 2, "threshold_warn": 7.0755784650076645, "30_day_warn_count": 0, "daily_sd": -0.56232155711553333, "threshold_error": 9.4467010308448298}, "pertu": {"sample_sd": 3.6394444020420971, "sample_mean": 2.5666666666666669, "daily_article_count": 1, "30_day_error_count": 0, "threshold_warn": 9.8455554707508615, "30_day_warn_count": 0, "daily_sd": -0.4304686357586911, "threshold_error": 13.484999872792958}, "moldf": {"sample_sd": 0.67986926847903806, "sample_mean": 0.26666666666666666, "daily_article_count": 0, "30_day_error_count": 0, "threshold_warn": 1.6264052036247427, "30_day_warn_count": 0, "daily_sd": -0.39223227027636803, "threshold_error": 2.3062744721037807}, "chole": {"sample_sd": 2.4451766580124406, "sample_mean": 3.7666666666666666, "daily_article_count": 8, "30_day_error_count": 4, "threshold_warn": 8.6570199826915477, "30_day_warn_count": 0, "daily_sd": 1.7312995850264636, "threshold_error": 11.102196640703987}, "hepat": {"sample_sd": 1.52206000757745, "sample_mean": 1.5, "daily_article_count": 0, "30_day_error_count": 6, "threshold_warn": 4.5441200151548999, "30_day_warn_count": 1, "daily_sd": -0.98550647972640626, "threshold_error": 6.0661800227323504}, "chiku": {"sample_sd": 6.6657499369705002, "sample_mean": 9.9666666666666668, "daily_article_count": 2, "30_day_error_count": 1, "threshold_warn": 23.298166540607667, "30_day_warn_count": 0, "daily_sd": -1.1951643463972212, "threshold_error": 29.963916477578167}, "yello": {"sample_sd": 0.86922698736035309, "sample_mean": 0.33333333333333331, "daily_article_count": 0, "30_day_error_count": 0, "threshold_warn": 2.0717873080540397, "30_day_warn_count": 0, "daily_sd": -0.38348249442368521, "threshold_error": 2.941014295414393}, "menin": {"sample_sd": 1.7625738755203049, "sample_mean": 1.6000000000000001, "daily_article_count": 0, "30_day_error_count": 1, "threshold_warn": 5.1251477510406094, "30_day_warn_count": 0, "daily_sd": -0.90776336936668056, "threshold_error": 6.8877216265609142}, "plagu": {"sample_sd": 0.17950549357115012, "sample_mean": 0.033333333333333333, "daily_article_count": 1, "30_day_error_count": 12, "threshold_warn": 0.39234432047563356, "30_day_warn_count": 0, "daily_sd": 5.3851648071345046, "threshold_error": 0.5718498140467837}, "westn": {"sample_sd": 1.8526257642120336, "sample_mean": 3.0333333333333332, "daily_article_count": 3, "30_day_error_count": 1, "threshold_warn": 6.7385848617574009, "30_day_warn_count": 0, "daily_sd": -0.017992480714263782, "threshold_error": 8.5912106259694347}, "swine": {"sample_sd": 1.9652537297311565, "sample_mean": 1.2666666666666666, "daily_article_count": 0, "30_day_error_count": 0, "threshold_warn": 5.1971741261289797, "30_day_warn_count": 0, "daily_sd": -0.64453085497512042, "threshold_error": 7.1624278558601366}, "measl": {"sample_sd": 4.1687994541461073, "sample_mean": 6.4333333333333336, "daily_article_count": 1, "30_day_error_count": 1, "threshold_warn": 14.770932241625548, "30_day_warn_count": 0, "daily_sd": -1.3033328643165063, "threshold_error": 18.939731695771655}, "dengu": {"sample_sd": 3.2422557305404247, "sample_mean": 4.2333333333333334, "daily_article_count": 5, "30_day_error_count": 1, "threshold_warn": 10.717844794414184, "30_day_warn_count": 2, "daily_sd": 0.23646088722892852, "threshold_error": 13.960100524954608}, "ebola": {"sample_sd": 17.713899125325916, "sample_mean": 20.533333333333335, "daily_article_count": 487, "30_day_error_count": 11, "threshold_warn": 55.961131583985164, "30_day_warn_count": 6, "daily_sd": 26.333370387084901, "threshold_error": 73.675030709311088}, "unkno": {"sample_sd": 22.050472406126207, "sample_mean": 54.899999999999999, "daily_article_count": 43, "30_day_error_count": 6, "threshold_warn": 99.000944812252413, "30_day_warn_count": 3, "daily_sd": -0.53967097760199745, "threshold_error": 121.05141721837862}, "mumps": {"sample_sd": 0.49553562491061676, "sample_mean": 0.23333333333333334, "daily_article_count": 0, "30_day_error_count": 1, "threshold_warn": 1.2244045831545669, "30_day_warn_count": 0, "daily_sd": -0.47087095579741883, "threshold_error": 1.7199402080651836}}