{"hemmo": {"sample_sd": 2.1092389359408497, "sample_mean": 1.4666666666667665, "daily_article_count": 0, "30_day_error_count": 0, "threshold_warn": 5.6851445385484656, "30_day_warn_count": 0, "daily_sd": -0.69535349536516278, "threshold_error": 7.7943834744893152}, "mersc": {"sample_sd": 2.0550750189064466, "sample_mean": 2.9000000000000998, "daily_article_count": 0, "30_day_error_count": 0, "threshold_warn": 7.0101500378129931, "30_day_warn_count": 0, "daily_sd": -1.4111406996437812, "threshold_error": 9.0652250567194397}, "influ": {"sample_sd": 4.7986109101141619, "sample_mean": 9.2000000000000988, "daily_article_count": 25, "30_day_error_count": 4, "threshold_warn": 18.797221820228422, "30_day_warn_count": 0, "daily_sd": 3.2926195301014745, "threshold_error": 23.595832730342586}, "pertu": {"sample_sd": 1.1874342087037919, "sample_mean": 1.3000000000001, "daily_article_count": 0, "30_day_error_count": 0, "threshold_warn": 3.6748684174076836, "30_day_warn_count": 0, "daily_sd": -1.0947974973865586, "threshold_error": 4.8623026261114761}, "moldf": {"sample_sd": 0.61101009266077866, "sample_mean": 0.4000000000001, "daily_article_count": 0, "30_day_error_count": 0, "threshold_warn": 1.6220201853216574, "30_day_warn_count": 0, "daily_sd": -0.65465367070814084, "threshold_error": 2.233030277982436}, "chole": {"sample_sd": 3.7623869492059896, "sample_mean": 4.6666666666667673, "daily_article_count": 2, "30_day_error_count": 0, "threshold_warn": 12.191440565078747, "30_day_warn_count": 0, "daily_sd": -0.70876991193836081, "threshold_error": 15.953827514284736}, "hepat": {"sample_sd": 1.5143755588800731, "sample_mean": 1.8000000000001, "daily_article_count": 4, "30_day_error_count": 2, "threshold_warn": 4.8287511177602465, "30_day_warn_count": 1, "daily_sd": 1.452743995437213, "threshold_error": 6.3431266766403196}, "chiku": {"sample_sd": 2.2271057451320089, "sample_mean": 2.8000000000000997, "daily_article_count": 1, "30_day_error_count": 0, "threshold_warn": 7.254211490264117, "30_day_warn_count": 0, "daily_sd": -0.80822385912053185, "threshold_error": 9.4813172353961264}, "yello": {"sample_sd": 0.52599112793531666, "sample_mean": 0.30000000000009996, "daily_article_count": 0, "30_day_error_count": 1, "threshold_warn": 1.3519822558707333, "30_day_warn_count": 0, "daily_sd": -0.57035182547222019, "threshold_error": 1.8779733838060499}, "menin": {"sample_sd": 3.5529330606322058, "sample_mean": 4.1000000000001, "daily_article_count": 1, "30_day_error_count": 0, "threshold_warn": 11.205866121264512, "30_day_warn_count": 0, "daily_sd": -0.87251854934989648, "threshold_error": 14.758799181896716}, "plagu": {"sample_sd": 0.54160256030906406, "sample_mean": 0.20000000000010001, "daily_article_count": 1, "30_day_error_count": 7, "threshold_warn": 1.2832051206182282, "30_day_warn_count": 2, "daily_sd": 1.4770978917518081, "threshold_error": 1.8248076809272922}, "westn": {"sample_sd": 1.8740923729160799, "sample_mean": 1.5666666666667666, "daily_article_count": 1, "30_day_error_count": 0, "threshold_warn": 5.3148514124989266, "30_day_warn_count": 0, "daily_sd": -0.30236858911337205, "threshold_error": 7.1889437854150069}, "swine": {"sample_sd": 1.1967548714010827, "sample_mean": 0.96666666666676671, "daily_article_count": 0, "30_day_error_count": 2, "threshold_warn": 3.3601764094689321, "30_day_warn_count": 0, "daily_sd": -0.80773990544534513, "threshold_error": 4.5569312808700149}, "measl": {"sample_sd": 1.8147543451754935, "sample_mean": 1.8000000000001, "daily_article_count": 2, "30_day_error_count": 2, "threshold_warn": 5.4295086903510867, "30_day_warn_count": 3, "daily_sd": 0.11020775375554166, "threshold_error": 7.2442630355265809}, "dengu": {"sample_sd": 3.7824154540011419, "sample_mean": 8.6000000000000991, "daily_article_count": 5, "30_day_error_count": 0, "threshold_warn": 16.164830908002383, "30_day_warn_count": 0, "daily_sd": -0.95177276102547681, "threshold_error": 19.947246362003526}, "ebola": {"sample_sd": 429.40988447972285, "sample_mean": 1063.4666666666667, "daily_article_count": 228, "30_day_error_count": 0, "threshold_warn": 1922.2864356261125, "30_day_warn_count": 0, "daily_sd": -1.9456158250267717, "threshold_error": 2351.6963201058352}, "unkno": {"sample_sd": 20.64773326273102, "sample_mean": 54.266666666666765, "daily_article_count": 57, "30_day_error_count": 1, "threshold_warn": 95.562133192128812, "30_day_warn_count": 0, "daily_sd": 0.13237934152640754, "threshold_error": 116.20986645485982}, "mumps": {"sample_sd": 0.33993463423951903, "sample_mean": 0.13333333333343333, "daily_article_count": 0, "30_day_error_count": 4, "threshold_warn": 0.81320260181247139, "30_day_warn_count": 0, "daily_sd": -0.39223227027666219, "threshold_error": 1.1531372360519905}}