{"hemmo": {"sample_sd": 0.49553562491061687, "sample_mean": 0.23333333333333334, "daily_article_count": 0, "30_day_error_count": 1, "threshold_warn": 1.2244045831545671, "30_day_warn_count": 0, "daily_sd": -0.47087095579741872, "threshold_error": 1.719940208065184}, "mersc": {"sample_sd": 21.619024543725885, "sample_mean": 29.533333333333335, "daily_article_count": 2, "30_day_error_count": 0, "threshold_warn": 72.771382420785102, "30_day_warn_count": 0, "daily_sd": -1.2735696412965061, "threshold_error": 94.390406964510987}, "influ": {"sample_sd": 4.8767019821004256, "sample_mean": 10.533333333333333, "daily_article_count": 9, "30_day_error_count": 1, "threshold_warn": 20.286737297534184, "30_day_warn_count": 0, "daily_sd": -0.31442014274428087, "threshold_error": 25.163439279634609}, "pertu": {"sample_sd": 1.5260697523012794, "sample_mean": 1.0666666666666667, "daily_article_count": 3, "30_day_error_count": 1, "threshold_warn": 4.1188061712692257, "30_day_warn_count": 0, "daily_sd": 1.2668708821585053, "threshold_error": 5.6448759235705044}, "moldf": {"sample_sd": 0.75203427817856516, "sample_mean": 0.36666666666666664, "daily_article_count": 0, "30_day_error_count": 3, "threshold_warn": 1.870735223023797, "30_day_warn_count": 1, "daily_sd": -0.48756642789572985, "threshold_error": 2.6227695012023622}, "chole": {"sample_sd": 4.9226235101033495, "sample_mean": 6.3666666666666663, "daily_article_count": 4, "30_day_error_count": 0, "threshold_warn": 16.211913686873366, "30_day_warn_count": 0, "daily_sd": -0.48077344566555702, "threshold_error": 21.134537196976716}, "hepat": {"sample_sd": 2.5263060428661888, "sample_mean": 2.8666666666666667, "daily_article_count": 3, "30_day_error_count": 4, "threshold_warn": 7.9192787523990447, "30_day_warn_count": 7, "daily_sd": 0.052777981396925945, "threshold_error": 10.445584795265233}, "chiku": {"sample_sd": 1.0, "sample_mean": 1.0, "daily_article_count": 0, "30_day_error_count": 3, "threshold_warn": 3.0, "30_day_warn_count": 0, "daily_sd": -1.0, "threshold_error": 4.0}, "yello": {"sample_sd": 1.5832456116050555, "sample_mean": 0.59999999999999998, "daily_article_count": 0, "30_day_error_count": 0, "threshold_warn": 3.7664912232101111, "30_day_warn_count": 0, "daily_sd": -0.37896836447993354, "threshold_error": 5.3497368348151664}, "menin": {"sample_sd": 3.3836206774532052, "sample_mean": 4.8666666666666663, "daily_article_count": 5, "30_day_error_count": 0, "threshold_warn": 11.633908021573077, "30_day_warn_count": 0, "daily_sd": 0.039405520311955156, "threshold_error": 15.017528699026283}, "plagu": {"sample_sd": 1.7259457954666158, "sample_mean": 0.76666666666666672, "daily_article_count": 3, "30_day_error_count": 0, "threshold_warn": 4.2185582575998986, "30_day_warn_count": 0, "daily_sd": 1.2939765195404318, "threshold_error": 5.9445040530665141}, "westn": {"sample_sd": 3.7512960723225008, "sample_mean": 3.8333333333333335, "daily_article_count": 10, "30_day_error_count": 1, "threshold_warn": 11.335925477978336, "30_day_warn_count": 4, "daily_sd": 1.6438762890951346, "threshold_error": 15.087221550300837}, "swine": {"sample_sd": 2.1343747458109492, "sample_mean": 2.6666666666666665, "daily_article_count": 0, "30_day_error_count": 1, "threshold_warn": 6.9354161582885645, "30_day_warn_count": 0, "daily_sd": -1.2493900951088486, "threshold_error": 9.0697909040995146}, "measl": {"sample_sd": 5.2788887719544411, "sample_mean": 6.0, "daily_article_count": 2, "30_day_error_count": 0, "threshold_warn": 16.557777543908884, "30_day_warn_count": 0, "daily_sd": -0.75773523042408242, "threshold_error": 21.836666315863322}, "dengu": {"sample_sd": 3.7743284906795749, "sample_mean": 9.4333333333333336, "daily_article_count": 9, "30_day_error_count": 0, "threshold_warn": 16.981990314692482, "30_day_warn_count": 0, "daily_sd": -0.11481070987949729, "threshold_error": 20.756318805372057}, "ebola": {"sample_sd": 17.362795473847715, "sample_mean": 42.0, "daily_article_count": 38, "30_day_error_count": 1, "threshold_warn": 76.725590947695423, "30_day_warn_count": 0, "daily_sd": -0.2303776489232337, "threshold_error": 94.088386421543149}, "unkno": {"sample_sd": 57.563723144200999, "sample_mean": 113.13333333333334, "daily_article_count": 98, "30_day_error_count": 0, "threshold_warn": 228.26077962173534, "30_day_warn_count": 0, "daily_sd": -0.26289705576241695, "threshold_error": 285.82450276593636}, "mumps": {"sample_sd": 0.42687494916218993, "sample_mean": 0.13333333333333333, "daily_article_count": 6, "30_day_error_count": 9, "threshold_warn": 0.98708323165771317, "30_day_warn_count": 0, "daily_sd": 13.743291046197331, "threshold_error": 1.4139581808199031}}