{"hemmo": {"sample_sd": 0.0, "sample_mean": 0.0, "daily_article_count": 0, "30_day_error_count": 30, "threshold_warn": 0.0, "30_day_warn_count": 0, "daily_sd": 0, "threshold_error": 0.0}, "mersc": {"sample_sd": 1.5380362660079105, "sample_mean": 0.6333333333333333, "daily_article_count": 1, "30_day_error_count": 1, "threshold_warn": 3.7094058653491544, "30_day_warn_count": 0, "daily_sd": 0.23839923334082216, "threshold_error": 5.2474421313570652}, "influ": {"sample_sd": 7.9145435749637514, "sample_mean": 3.6000000000000001, "daily_article_count": 20, "30_day_error_count": 6, "threshold_warn": 19.429087149927504, "30_day_warn_count": 5, "daily_sd": 2.0721346524490025, "threshold_error": 27.343630724891256}, "pertu": {"sample_sd": 0.24944382578492943, "sample_mean": 0.066666666666666666, "daily_article_count": 0, "30_day_error_count": 10, "threshold_warn": 0.56555431823652558, "30_day_warn_count": 0, "daily_sd": -0.2672612419124244, "threshold_error": 0.81499814402145498}, "moldf": {"sample_sd": 0.17950549357115012, "sample_mean": 0.033333333333333333, "daily_article_count": 1, "30_day_error_count": 3, "threshold_warn": 0.39234432047563356, "30_day_warn_count": 0, "daily_sd": 5.3851648071345046, "threshold_error": 0.5718498140467837}, "chole": {"sample_sd": 0.67986926847903806, "sample_mean": 0.26666666666666666, "daily_article_count": 2, "30_day_error_count": 7, "threshold_warn": 1.6264052036247427, "30_day_warn_count": 3, "daily_sd": 2.5495097567963922, "threshold_error": 2.3062744721037807}, "hepat": {"sample_sd": 3.4292856398964489, "sample_mean": 0.80000000000000004, "daily_article_count": 0, "30_day_error_count": 0, "threshold_warn": 7.6585712797928975, "30_day_warn_count": 0, "daily_sd": -0.23328473740792177, "threshold_error": 11.087856919689347}, "chiku": {"sample_sd": 0.30000000000000004, "sample_mean": 0.10000000000000001, "daily_article_count": 0, "30_day_error_count": 3, "threshold_warn": 0.70000000000000007, "30_day_warn_count": 0, "daily_sd": -0.33333333333333331, "threshold_error": 1.0000000000000002}, "yello": {"sample_sd": 0.0, "sample_mean": 0.0, "daily_article_count": 0, "30_day_error_count": 30, "threshold_warn": 0.0, "30_day_warn_count": 0, "daily_sd": 0, "threshold_error": 0.0}, "menin": {"sample_sd": 0.30000000000000004, "sample_mean": 0.10000000000000001, "daily_article_count": 0, "30_day_error_count": 6, "threshold_warn": 0.70000000000000007, "30_day_warn_count": 0, "daily_sd": -0.33333333333333331, "threshold_error": 1.0000000000000002}, "plagu": {"sample_sd": 0.0, "sample_mean": 0.0, "daily_article_count": 0, "30_day_error_count": 30, "threshold_warn": 0.0, "30_day_warn_count": 0, "daily_sd": 0, "threshold_error": 0.0}, "westn": {"sample_sd": 1.7413277182145301, "sample_mean": 0.6333333333333333, "daily_article_count": 1, "30_day_error_count": 0, "threshold_warn": 4.115988769762394, "30_day_warn_count": 0, "daily_sd": 0.21056729461736717, "threshold_error": 5.8573164879769237}, "swine": {"sample_sd": 6.4858821039752694, "sample_mean": 3.0, "daily_article_count": 5, "30_day_error_count": 3, "threshold_warn": 15.971764207950539, "30_day_warn_count": 4, "daily_sd": 0.30836206516522674, "threshold_error": 22.457646311925807}, "measl": {"sample_sd": 2.5440562537456248, "sample_mean": 1.1666666666666667, "daily_article_count": 4, "30_day_error_count": 3, "threshold_warn": 6.2547791741579166, "30_day_warn_count": 4, "daily_sd": 1.1137070295367111, "threshold_error": 8.7988354279035406}, "dengu": {"sample_sd": 0.87496031656044582, "sample_mean": 0.36666666666666664, "daily_article_count": 4, "30_day_error_count": 13, "threshold_warn": 2.1165872997875583, "30_day_warn_count": 2, "daily_sd": 4.1525692817890532, "threshold_error": 2.9915476163480039}, "ebola": {"sample_sd": 0.24944382578492943, "sample_mean": 0.066666666666666666, "daily_article_count": 0, "30_day_error_count": 10, "threshold_warn": 0.56555431823652558, "30_day_warn_count": 0, "daily_sd": -0.2672612419124244, "threshold_error": 0.81499814402145498}, "unkno": {"sample_sd": 11.592190858025454, "sample_mean": 5.5666666666666664, "daily_article_count": 56, "30_day_error_count": 16, "threshold_warn": 28.751048382717574, "30_day_warn_count": 2, "daily_sd": 4.3506300017841371, "threshold_error": 40.343239240743031}, "mumps": {"sample_sd": 0.0, "sample_mean": 0.0, "daily_article_count": 0, "30_day_error_count": 30, "threshold_warn": 0.0, "30_day_warn_count": 0, "daily_sd": 0, "threshold_error": 0.0}}