{"hemmo": {"sample_sd": 0.29999999999999999, "sample_mean": 0.10000000000010001, "daily_article_count": 0, "30_day_error_count": 5, "threshold_warn": 0.70000000000009999, "30_day_warn_count": 0, "daily_sd": -0.33333333333366671, "threshold_error": 1.0000000000000999}, "mersc": {"sample_sd": 0.80553639823963807, "sample_mean": 0.86666666666676673, "daily_article_count": 66, "30_day_error_count": 18, "threshold_warn": 2.477739463146043, "30_day_warn_count": 17, "daily_sd": 80.857095316451222, "threshold_error": 3.2832758613856807}, "influ": {"sample_sd": 8.9171495196366166, "sample_mean": 19.533333333333434, "daily_article_count": 11, "30_day_error_count": 0, "threshold_warn": 37.367632372606664, "30_day_warn_count": 0, "daily_sd": -0.95695752488416019, "threshold_error": 46.284781892243288}, "pertu": {"sample_sd": 1.9206480387850577, "sample_mean": 2.3333333333334334, "daily_article_count": 0, "30_day_error_count": 0, "threshold_warn": 6.1746294109035489, "30_day_warn_count": 0, "daily_sd": -1.214867735376143, "threshold_error": 8.0952774496886057}, "moldf": {"sample_sd": 0.91954094827558153, "sample_mean": 0.56666666666676668, "daily_article_count": 0, "30_day_error_count": 0, "threshold_warn": 2.4057485632179296, "30_day_warn_count": 0, "daily_sd": -0.61624951855536036, "threshold_error": 3.3252895114935113}, "chole": {"sample_sd": 3.791950538824167, "sample_mean": 4.766666666666767, "daily_article_count": 4, "30_day_error_count": 5, "threshold_warn": 12.3505677443151, "30_day_warn_count": 0, "daily_sd": -0.20218266531095103, "threshold_error": 16.142518283139268}, "hepat": {"sample_sd": 2.7438820836342237, "sample_mean": 3.7333333333334333, "daily_article_count": 2, "30_day_error_count": 0, "threshold_warn": 9.2210975006018803, "30_day_warn_count": 0, "daily_sd": -0.63170838997485768, "threshold_error": 11.964979584236104}, "chiku": {"sample_sd": 0.8692269873603532, "sample_mean": 0.66666666666676666, "daily_article_count": 0, "30_day_error_count": 3, "threshold_warn": 2.4051206413874731, "30_day_warn_count": 0, "daily_sd": -0.76696498884748543, "threshold_error": 3.2743476287478259}, "yello": {"sample_sd": 0.47609522856952335, "sample_mean": 0.20000000000010001, "daily_article_count": 0, "30_day_error_count": 2, "threshold_warn": 1.1521904571391468, "30_day_warn_count": 0, "daily_sd": -0.42008402520861299, "threshold_error": 1.6282856857086703}, "menin": {"sample_sd": 4.4097115047988753, "sample_mean": 4.2333333333334338, "daily_article_count": 3, "30_day_error_count": 0, "threshold_warn": 13.052756342931184, "30_day_warn_count": 0, "daily_sd": -0.27968571912045875, "threshold_error": 17.462467847730061}, "plagu": {"sample_sd": 1.3840359661351131, "sample_mean": 0.53333333333343336, "daily_article_count": 0, "30_day_error_count": 0, "threshold_warn": 3.3014052656036599, "30_day_warn_count": 0, "daily_sd": -0.38534644068734264, "threshold_error": 4.685441231738773}, "westn": {"sample_sd": 1.1000000000000001, "sample_mean": 1.3000000000001, "daily_article_count": 0, "30_day_error_count": 5, "threshold_warn": 3.5000000000001004, "30_day_warn_count": 3, "daily_sd": -1.1818181818182727, "threshold_error": 4.6000000000001}, "swine": {"sample_sd": 2.6549743668986503, "sample_mean": 2.5333333333334331, "daily_article_count": 2, "30_day_error_count": 0, "threshold_warn": 7.8432820671307333, "30_day_warn_count": 0, "daily_sd": -0.20088078438076776, "threshold_error": 10.498256434029384}, "measl": {"sample_sd": 7.1740272279011226, "sample_mean": 11.000000000000099, "daily_article_count": 7, "30_day_error_count": 0, "threshold_warn": 25.348054455802345, "30_day_warn_count": 0, "daily_sd": -0.55756688299751045, "threshold_error": 32.522081683703469}, "dengu": {"sample_sd": 2.1346350195447155, "sample_mean": 3.1000000000001, "daily_article_count": 8, "30_day_error_count": 1, "threshold_warn": 7.3692700390895309, "30_day_warn_count": 1, "daily_sd": 2.2954743809295297, "threshold_error": 9.5039050586342455}, "ebola": {"sample_sd": 23.221374253523891, "sample_mean": 49.633333333333432, "daily_article_count": 39, "30_day_error_count": 0, "threshold_warn": 96.076081840381221, "30_day_warn_count": 0, "daily_sd": -0.45791145766146041, "threshold_error": 119.29745609390511}, "unkno": {"sample_sd": 23.992961930995978, "sample_mean": 62.733333333333434, "daily_article_count": 171, "30_day_error_count": 4, "threshold_warn": 110.71925719532538, "30_day_warn_count": 2, "daily_sd": 4.5124343954715842, "threshold_error": 134.71221912632137}, "mumps": {"sample_sd": 0.39581140290126388, "sample_mean": 0.10000000000010001, "daily_article_count": 2, "30_day_error_count": 4, "threshold_warn": 0.89162280580262776, "30_day_warn_count": 0, "daily_sd": 4.8002659500789058, "threshold_error": 1.2874342087038917}}