{"hemmo": {"sample_sd": 0.0, "sample_mean": 0.0, "daily_article_count": 0, "30_day_error_count": 30, "threshold_warn": 0.0, "30_day_warn_count": 0, "daily_sd": 0, "threshold_error": 0.0}, "mersc": {"sample_sd": 1.9988885800753267, "sample_mean": 1.2666666666666666, "daily_article_count": 0, "30_day_error_count": 1, "threshold_warn": 5.2644438268173204, "30_day_warn_count": 0, "daily_sd": -0.63368547866681657, "threshold_error": 7.2633324068926468}, "influ": {"sample_sd": 14.788283650692303, "sample_mean": 17.199999999999999, "daily_article_count": 3, "30_day_error_count": 0, "threshold_warn": 46.776567301384603, "30_day_warn_count": 0, "daily_sd": -0.96021961272938094, "threshold_error": 61.56485095207691}, "pertu": {"sample_sd": 0.53748384988656994, "sample_mean": 0.33333333333333331, "daily_article_count": 0, "30_day_error_count": 4, "threshold_warn": 1.4083010331064731, "30_day_warn_count": 2, "daily_sd": -0.62017367294604231, "threshold_error": 1.9457848829930431}, "moldf": {"sample_sd": 0.24944382578492943, "sample_mean": 0.066666666666666666, "daily_article_count": 0, "30_day_error_count": 7, "threshold_warn": 0.56555431823652558, "30_day_warn_count": 0, "daily_sd": -0.2672612419124244, "threshold_error": 0.81499814402145498}, "chole": {"sample_sd": 2.3288051299611423, "sample_mean": 1.8999999999999999, "daily_article_count": 3, "30_day_error_count": 0, "threshold_warn": 6.557610259922285, "30_day_warn_count": 0, "daily_sd": 0.47234523226009656, "threshold_error": 8.8864153898834264}, "hepat": {"sample_sd": 3.5552777669262352, "sample_mean": 1.3999999999999999, "daily_article_count": 0, "30_day_error_count": 0, "threshold_warn": 8.5105555338524699, "30_day_warn_count": 1, "daily_sd": -0.39378076532410838, "threshold_error": 12.065833300778706}, "chiku": {"sample_sd": 0.61824123303304701, "sample_mean": 0.46666666666666667, "daily_article_count": 1, "30_day_error_count": 2, "threshold_warn": 1.7031491327327606, "30_day_warn_count": 0, "daily_sd": 0.86266218562750718, "threshold_error": 2.3213903657658079}, "yello": {"sample_sd": 0.24944382578492943, "sample_mean": 0.066666666666666666, "daily_article_count": 0, "30_day_error_count": 5, "threshold_warn": 0.56555431823652558, "30_day_warn_count": 0, "daily_sd": -0.2672612419124244, "threshold_error": 0.81499814402145498}, "menin": {"sample_sd": 0.59628479399994383, "sample_mean": 0.33333333333333331, "daily_article_count": 0, "30_day_error_count": 10, "threshold_warn": 1.5259029213332209, "30_day_warn_count": 4, "daily_sd": -0.55901699437494745, "threshold_error": 2.122187715333165}, "plagu": {"sample_sd": 0.33993463423951903, "sample_mean": 0.13333333333333333, "daily_article_count": 0, "30_day_error_count": 0, "threshold_warn": 0.81320260181237136, "30_day_warn_count": 0, "daily_sd": -0.39223227027636803, "threshold_error": 1.1531372360518903}, "westn": {"sample_sd": 1.738453974720706, "sample_mean": 0.66666666666666663, "daily_article_count": 0, "30_day_error_count": 0, "threshold_warn": 4.1435746161080784, "30_day_warn_count": 0, "daily_sd": -0.38348249442368526, "threshold_error": 5.882028590828785}, "swine": {"sample_sd": 9.8411833073512511, "sample_mean": 11.133333333333333, "daily_article_count": 7, "30_day_error_count": 0, "threshold_warn": 30.815699948035835, "30_day_warn_count": 0, "daily_sd": -0.42000369307680513, "threshold_error": 40.656883255387086}, "measl": {"sample_sd": 3.236767935250636, "sample_mean": 4.2999999999999998, "daily_article_count": 5, "30_day_error_count": 2, "threshold_warn": 10.773535870501272, "30_day_warn_count": 0, "daily_sd": 0.21626511816819402, "threshold_error": 14.010303805751906}, "dengu": {"sample_sd": 1.7461067804945061, "sample_mean": 1.8666666666666667, "daily_article_count": 2, "30_day_error_count": 2, "threshold_warn": 5.3588802276556784, "30_day_warn_count": 5, "daily_sd": 0.076360354832121238, "threshold_error": 7.1049870081501858}, "ebola": {"sample_sd": 1.0857664983268218, "sample_mean": 0.56666666666666665, "daily_article_count": 0, "30_day_error_count": 0, "threshold_warn": 2.7381996633203105, "30_day_warn_count": 0, "daily_sd": -0.5219047258686893, "threshold_error": 3.8239661616471317}, "unkno": {"sample_sd": 26.188398618896539, "sample_mean": 36.633333333333333, "daily_article_count": 40, "30_day_error_count": 0, "threshold_warn": 89.01013057112641, "30_day_warn_count": 0, "daily_sd": 0.12855565228174778, "threshold_error": 115.19852919002295}, "mumps": {"sample_sd": 0.0, "sample_mean": 0.0, "daily_article_count": 0, "30_day_error_count": 30, "threshold_warn": 0.0, "30_day_warn_count": 0, "daily_sd": 0, "threshold_error": 0.0}}