{"hemmo": {"sample_sd": 0.17950549357115009, "sample_mean": 0.033333333333433336, "daily_article_count": 0, "30_day_error_count": 1, "threshold_warn": 0.39234432047573353, "30_day_warn_count": 0, "daily_sd": -0.18569533817760903, "threshold_error": 0.57184981404688362}, "mersc": {"sample_sd": 24.057893137642417, "sample_mean": 29.533333333333434, "daily_article_count": 4, "30_day_error_count": 0, "threshold_warn": 77.649119608618264, "30_day_warn_count": 0, "daily_sd": -1.061328736778802, "threshold_error": 101.70701274626067}, "influ": {"sample_sd": 2.0709632756012089, "sample_mean": 2.3333333333334334, "daily_article_count": 9, "30_day_error_count": 1, "threshold_warn": 6.4752598845358511, "30_day_warn_count": 0, "daily_sd": 3.2191138998982041, "threshold_error": 8.5462231601370604}, "pertu": {"sample_sd": 1.0456258094238748, "sample_mean": 1.2000000000000999, "daily_article_count": 1, "30_day_error_count": 7, "threshold_warn": 3.2912516188478493, "30_day_warn_count": 0, "daily_sd": -0.19127301391909698, "threshold_error": 4.3368774282717242}, "moldf": {"sample_sd": 0.52599112793531655, "sample_mean": 0.30000000000009996, "daily_article_count": 0, "30_day_error_count": 2, "threshold_warn": 1.3519822558707331, "30_day_warn_count": 0, "daily_sd": -0.5703518254722203, "threshold_error": 1.8779733838060497}, "chole": {"sample_sd": 4.8722570630960025, "sample_mean": 6.1666666666667673, "daily_article_count": 5, "30_day_error_count": 0, "threshold_warn": 15.911180792858772, "30_day_warn_count": 0, "daily_sd": -0.23945096729469906, "threshold_error": 20.783437855954773}, "hepat": {"sample_sd": 3.9659663247295596, "sample_mean": 3.2666666666667665, "daily_article_count": 3, "30_day_error_count": 0, "threshold_warn": 11.198599316125886, "30_day_warn_count": 0, "daily_sd": -0.067238762216406511, "threshold_error": 15.164565640855445}, "chiku": {"sample_sd": 3.3559234529741917, "sample_mean": 3.7333333333334333, "daily_article_count": 23, "30_day_error_count": 10, "threshold_warn": 10.445180239281816, "30_day_warn_count": 13, "daily_sd": 5.7410924106720778, "threshold_error": 13.801103692256008}, "yello": {"sample_sd": 0.42687494916218993, "sample_mean": 0.13333333333343333, "daily_article_count": 0, "30_day_error_count": 3, "threshold_warn": 0.9870832316578132, "30_day_warn_count": 0, "daily_sd": -0.3123475237774464, "threshold_error": 1.413958180820003}, "menin": {"sample_sd": 1.0645812948447542, "sample_mean": 1.0000000000000999, "daily_article_count": 0, "30_day_error_count": 3, "threshold_warn": 3.1291625896896083, "30_day_warn_count": 0, "daily_sd": -0.93933643662781807, "threshold_error": 4.1937438845343618}, "plagu": {"sample_sd": 0.0, "sample_mean": 1e-13, "daily_article_count": 0, "30_day_error_count": 1, "threshold_warn": 1e-13, "30_day_warn_count": 0, "daily_sd": -Infinity, "threshold_error": 1e-13}, "westn": {"sample_sd": 1.2472191289246473, "sample_mean": 1.3333333333334332, "daily_article_count": 5, "30_day_error_count": 4, "threshold_warn": 3.8277715911827279, "30_day_warn_count": 9, "daily_sd": 2.9398736610365876, "threshold_error": 5.0749907201073752}, "swine": {"sample_sd": 2.6246692913372702, "sample_mean": 1.3333333333334332, "daily_article_count": 2, "30_day_error_count": 0, "threshold_warn": 6.5826719160079739, "30_day_warn_count": 0, "daily_sd": 0.25400025400034298, "threshold_error": 9.2073412073452445}, "measl": {"sample_sd": 9.9715706998557767, "sample_mean": 8.6333333333334323, "daily_article_count": 3, "30_day_error_count": 0, "threshold_warn": 28.576474733044986, "30_day_warn_count": 0, "daily_sd": -0.56493941655700342, "threshold_error": 38.548045432900764}, "dengu": {"sample_sd": 2.5649344804280845, "sample_mean": 2.5666666666667668, "daily_article_count": 9, "30_day_error_count": 2, "threshold_warn": 7.6965356275229357, "30_day_warn_count": 4, "daily_sd": 2.508186225583243, "threshold_error": 10.26147010795102}, "ebola": {"sample_sd": 6.450236860422689, "sample_mean": 6.8333333333334334, "daily_article_count": 39, "30_day_error_count": 9, "threshold_warn": 19.733807054178811, "30_day_warn_count": 15, "daily_sd": 4.9868969718049483, "threshold_error": 26.184043914601503}, "unkno": {"sample_sd": 29.461481444233058, "sample_mean": 62.566666666666769, "daily_article_count": 420, "30_day_error_count": 1, "threshold_warn": 121.48962955513289, "30_day_warn_count": 0, "daily_sd": 12.132225394364854, "threshold_error": 150.95111099936594}, "mumps": {"sample_sd": 0.80000000000000004, "sample_mean": 0.60000000000010001, "daily_article_count": 0, "30_day_error_count": 0, "threshold_warn": 2.2000000000001001, "30_day_warn_count": 0, "daily_sd": -0.75000000000012501, "threshold_error": 3.0000000000001004}}