{"hemmo": {"sample_sd": 0.42687494916218993, "sample_mean": 0.13333333333333333, "daily_article_count": 0, "30_day_error_count": 0, "threshold_warn": 0.98708323165771317, "30_day_warn_count": 0, "daily_sd": -0.31234752377721209, "threshold_error": 1.4139581808199031}, "mersc": {"sample_sd": 1.8882678717691395, "sample_mean": 0.96666666666666667, "daily_article_count": 5, "30_day_error_count": 0, "threshold_warn": 4.7432024102049457, "30_day_warn_count": 0, "daily_sd": 2.1359963772271664, "threshold_error": 6.6314702819740852}, "influ": {"sample_sd": 13.536986370680884, "sample_mean": 24.5, "daily_article_count": 16, "30_day_error_count": 0, "threshold_warn": 51.573972741361771, "30_day_warn_count": 0, "daily_sd": -0.62790932688015011, "threshold_error": 65.11095911204265}, "pertu": {"sample_sd": 2.3249850656629079, "sample_mean": 1.8333333333333333, "daily_article_count": 4, "30_day_error_count": 0, "threshold_warn": 6.4833034646591488, "30_day_warn_count": 1, "daily_sd": 0.93190562755245032, "threshold_error": 8.8082885303220575}, "moldf": {"sample_sd": 0.7118052168020873, "sample_mean": 0.59999999999999998, "daily_article_count": 1, "30_day_error_count": 0, "threshold_warn": 2.0236104336041745, "30_day_warn_count": 0, "daily_sd": 0.56195148694901653, "threshold_error": 2.7354156504062619}, "chole": {"sample_sd": 1.3148721948877347, "sample_mean": 1.2666666666666666, "daily_article_count": 1, "30_day_error_count": 8, "threshold_warn": 3.8964110564421359, "30_day_warn_count": 7, "daily_sd": -0.20280805062535748, "threshold_error": 5.2112832513298706}, "hepat": {"sample_sd": 1.2775845264491199, "sample_mean": 1.0333333333333334, "daily_article_count": 1, "30_day_error_count": 3, "threshold_warn": 3.588502386231573, "30_day_warn_count": 0, "daily_sd": -0.02609090251427755, "threshold_error": 4.8660869126806929}, "chiku": {"sample_sd": 1.4742229591663987, "sample_mean": 1.6000000000000001, "daily_article_count": 9, "30_day_error_count": 3, "threshold_warn": 4.5484459183327974, "30_day_warn_count": 0, "daily_sd": 5.0195935112720944, "threshold_error": 6.0226688774991963}, "yello": {"sample_sd": 0.24944382578492943, "sample_mean": 0.066666666666666666, "daily_article_count": 1, "30_day_error_count": 8, "threshold_warn": 0.56555431823652558, "30_day_warn_count": 0, "daily_sd": 3.7416573867739413, "threshold_error": 0.81499814402145498}, "menin": {"sample_sd": 4.9848659850480326, "sample_mean": 2.4666666666666668, "daily_article_count": 7, "30_day_error_count": 0, "threshold_warn": 12.436398636762732, "30_day_warn_count": 0, "daily_sd": 0.9094192997225885, "threshold_error": 17.421264621810764}, "plagu": {"sample_sd": 0.24944382578492943, "sample_mean": 0.066666666666666666, "daily_article_count": 0, "30_day_error_count": 5, "threshold_warn": 0.56555431823652558, "30_day_warn_count": 0, "daily_sd": -0.2672612419124244, "threshold_error": 0.81499814402145498}, "westn": {"sample_sd": 0.37267799624996495, "sample_mean": 0.16666666666666666, "daily_article_count": 0, "30_day_error_count": 1, "threshold_warn": 0.91202265916659653, "30_day_warn_count": 0, "daily_sd": -0.44721359549995793, "threshold_error": 1.2847006554165616}, "swine": {"sample_sd": 4.1075810670298667, "sample_mean": 4.166666666666667, "daily_article_count": 21, "30_day_error_count": 13, "threshold_warn": 12.381828800726399, "30_day_warn_count": 5, "daily_sd": 4.098113478136483, "threshold_error": 16.489409867756269}, "measl": {"sample_sd": 4.6899419565230822, "sample_mean": 4.0666666666666664, "daily_article_count": 198, "30_day_error_count": 22, "threshold_warn": 13.446550579712831, "30_day_warn_count": 2, "daily_sd": 41.35090266172655, "threshold_error": 18.136492536235913}, "dengu": {"sample_sd": 1.8061622912192086, "sample_mean": 2.2666666666666666, "daily_article_count": 2, "30_day_error_count": 2, "threshold_warn": 5.8789912491050842, "30_day_warn_count": 0, "daily_sd": -0.14764269410511244, "threshold_error": 7.6851535403242925}, "ebola": {"sample_sd": 58.637720131517916, "sample_mean": 127.86666666666666, "daily_article_count": 71, "30_day_error_count": 0, "threshold_warn": 245.14210692970249, "30_day_warn_count": 0, "daily_sd": -0.96979668614538594, "threshold_error": 303.77982706122043}, "unkno": {"sample_sd": 22.012723593412971, "sample_mean": 54.799999999999997, "daily_article_count": 90, "30_day_error_count": 0, "threshold_warn": 98.82544718682594, "30_day_warn_count": 0, "daily_sd": 1.5990751826154377, "threshold_error": 120.83817078023891}, "mumps": {"sample_sd": 0.66332495807108005, "sample_mean": 0.40000000000000002, "daily_article_count": 1, "30_day_error_count": 0, "threshold_warn": 1.72664991614216, "30_day_warn_count": 0, "daily_sd": 0.90453403373329078, "threshold_error": 2.3899748742132401}}