{"hemmo": {"sample_sd": 1.586050300449376, "sample_mean": 0.46666666666666667, "daily_article_count": 0, "30_day_error_count": 0, "threshold_warn": 3.6387672675654188, "30_day_warn_count": 0, "daily_sd": -0.294231946196439, "threshold_error": 5.224817568014795}, "mersc": {"sample_sd": 1.6017351702311948, "sample_mean": 1.3666666666666667, "daily_article_count": 1, "30_day_error_count": 2, "threshold_warn": 4.5701370071290564, "30_day_warn_count": 0, "daily_sd": -0.22891840891134452, "threshold_error": 6.1718721773602514}, "influ": {"sample_sd": 8.3319998933162633, "sample_mean": 10.333333333333334, "daily_article_count": 3, "30_day_error_count": 0, "threshold_warn": 26.997333119965859, "30_day_warn_count": 0, "daily_sd": -0.88014083380101382, "threshold_error": 35.329333013282124}, "pertu": {"sample_sd": 0.96378881965339724, "sample_mean": 0.73333333333333328, "daily_article_count": 1, "30_day_error_count": 0, "threshold_warn": 2.6609109726401279, "30_day_warn_count": 0, "daily_sd": 0.27668578554642997, "threshold_error": 3.6246997922935251}, "moldf": {"sample_sd": 0.62893207547044028, "sample_mean": 0.26666666666666666, "daily_article_count": 0, "30_day_error_count": 0, "threshold_warn": 1.5245308176075472, "30_day_warn_count": 0, "daily_sd": -0.42399915200254396, "threshold_error": 2.1534628930779873}, "chole": {"sample_sd": 1.5638272140986533, "sample_mean": 1.4333333333333333, "daily_article_count": 4, "30_day_error_count": 3, "threshold_warn": 4.5609877615306402, "30_day_warn_count": 4, "daily_sd": 1.6412725418300269, "threshold_error": 6.1248149756292936}, "hepat": {"sample_sd": 0.71180521680208741, "sample_mean": 0.59999999999999998, "daily_article_count": 1, "30_day_error_count": 4, "threshold_warn": 2.0236104336041749, "30_day_warn_count": 1, "daily_sd": 0.56195148694901642, "threshold_error": 2.7354156504062623}, "chiku": {"sample_sd": 0.88254681965824844, "sample_mean": 0.56666666666666665, "daily_article_count": 0, "30_day_error_count": 0, "threshold_warn": 2.3317603059831633, "30_day_warn_count": 0, "daily_sd": -0.64208113841042325, "threshold_error": 3.2143071256414117}, "yello": {"sample_sd": 0.24944382578492943, "sample_mean": 0.066666666666666666, "daily_article_count": 0, "30_day_error_count": 8, "threshold_warn": 0.56555431823652558, "30_day_warn_count": 0, "daily_sd": -0.2672612419124244, "threshold_error": 0.81499814402145498}, "menin": {"sample_sd": 2.0264912204760885, "sample_mean": 1.6000000000000001, "daily_article_count": 16, "30_day_error_count": 4, "threshold_warn": 5.6529824409521776, "30_day_warn_count": 0, "daily_sd": 7.105878305565505, "threshold_error": 7.6794736614282648}, "plagu": {"sample_sd": 0.24944382578492943, "sample_mean": 0.066666666666666666, "daily_article_count": 0, "30_day_error_count": 1, "threshold_warn": 0.56555431823652558, "30_day_warn_count": 0, "daily_sd": -0.2672612419124244, "threshold_error": 0.81499814402145498}, "westn": {"sample_sd": 1.1396880664852509, "sample_mean": 0.6333333333333333, "daily_article_count": 0, "30_day_error_count": 1, "threshold_warn": 2.9127094663038351, "30_day_warn_count": 0, "daily_sd": -0.55570761154541715, "threshold_error": 4.0523975327890867}, "swine": {"sample_sd": 2.2133433734712038, "sample_mean": 3.9666666666666668, "daily_article_count": 1, "30_day_error_count": 0, "threshold_warn": 8.3933534136090735, "30_day_warn_count": 0, "daily_sd": -1.3403553656539158, "threshold_error": 10.606696787080278}, "measl": {"sample_sd": 5.9338014796587197, "sample_mean": 4.7000000000000002, "daily_article_count": 4, "30_day_error_count": 0, "threshold_warn": 16.567602959317441, "30_day_warn_count": 2, "daily_sd": -0.11796822027154512, "threshold_error": 22.501404438976159}, "dengu": {"sample_sd": 2.1676920650518809, "sample_mean": 3.0333333333333332, "daily_article_count": 3, "30_day_error_count": 0, "threshold_warn": 7.3687174634370951, "30_day_warn_count": 0, "daily_sd": -0.015377337893486926, "threshold_error": 9.5364095284889761}, "ebola": {"sample_sd": 0.67986926847903806, "sample_mean": 0.26666666666666666, "daily_article_count": 2, "30_day_error_count": 1, "threshold_warn": 1.6264052036247427, "30_day_warn_count": 0, "daily_sd": 2.5495097567963922, "threshold_error": 2.3062744721037807}, "unkno": {"sample_sd": 23.007945487495302, "sample_mean": 41.033333333333331, "daily_article_count": 42, "30_day_error_count": 0, "threshold_warn": 87.049224308323943, "30_day_warn_count": 0, "daily_sd": 0.042014471356951313, "threshold_error": 110.05716979581923}, "mumps": {"sample_sd": 0.59999999999999998, "sample_mean": 0.20000000000000001, "daily_article_count": 2, "30_day_error_count": 7, "threshold_warn": 1.3999999999999999, "30_day_warn_count": 0, "daily_sd": 3.0, "threshold_error": 1.9999999999999998}}