{"hemmo": {"sample_sd": 0.17950549357115014, "sample_mean": 0.033333333333433336, "daily_article_count": 1, "30_day_error_count": 3, "threshold_warn": 0.39234432047573364, "30_day_warn_count": 0, "daily_sd": 5.3851648071339469, "threshold_error": 0.57184981404688373}, "mersc": {"sample_sd": 2.7262102307456448, "sample_mean": 2.3666666666667666, "daily_article_count": 0, "30_day_error_count": 0, "threshold_warn": 7.8190871281580563, "30_day_warn_count": 0, "daily_sd": -0.86811598018963509, "threshold_error": 10.545297358903701}, "influ": {"sample_sd": 7.365158216600344, "sample_mean": 11.766666666666767, "daily_article_count": 15, "30_day_error_count": 2, "threshold_warn": 26.496983099867457, "30_day_warn_count": 0, "daily_sd": 0.43900392065517574, "threshold_error": 33.862141316467799}, "pertu": {"sample_sd": 1.1642832797715321, "sample_mean": 1.3333333333334332, "daily_article_count": 1, "30_day_error_count": 3, "threshold_warn": 3.6618998928764972, "30_day_warn_count": 0, "daily_sd": -0.28629916715701986, "threshold_error": 4.8261831726480295}, "moldf": {"sample_sd": 0.75718777944003657, "sample_mean": 0.4000000000001, "daily_article_count": 0, "30_day_error_count": 1, "threshold_warn": 1.9143755588801732, "30_day_warn_count": 0, "daily_sd": -0.52827054379550631, "threshold_error": 2.6715633383202095}, "chole": {"sample_sd": 3.228346670080867, "sample_mean": 4.6666666666667673, "daily_article_count": 12, "30_day_error_count": 0, "threshold_warn": 11.123360006828502, "30_day_warn_count": 0, "daily_sd": 2.2715445653020714, "threshold_error": 14.351706676909368}, "hepat": {"sample_sd": 1.9163043135739748, "sample_mean": 2.1666666666667664, "daily_article_count": 2, "30_day_error_count": 2, "threshold_warn": 5.9992752938147156, "30_day_warn_count": 0, "daily_sd": -0.086972964307494183, "threshold_error": 7.9155796073886906}, "chiku": {"sample_sd": 1.5737428845483834, "sample_mean": 1.7000000000000999, "daily_article_count": 2, "30_day_error_count": 0, "threshold_warn": 4.8474857690968669, "30_day_warn_count": 0, "daily_sd": 0.1906283440232939, "threshold_error": 6.4212286536452501}, "yello": {"sample_sd": 0.29999999999999999, "sample_mean": 0.10000000000010001, "daily_article_count": 0, "30_day_error_count": 2, "threshold_warn": 0.70000000000009999, "30_day_warn_count": 0, "daily_sd": -0.33333333333366671, "threshold_error": 1.0000000000000999}, "menin": {"sample_sd": 2.4946609656090213, "sample_mean": 2.9000000000000998, "daily_article_count": 3, "30_day_error_count": 2, "threshold_warn": 7.8893219312181424, "30_day_warn_count": 0, "daily_sd": 0.040085607374502362, "threshold_error": 10.383982896827163}, "plagu": {"sample_sd": 0.17950549357115009, "sample_mean": 0.033333333333433336, "daily_article_count": 3, "30_day_error_count": 6, "threshold_warn": 0.39234432047573353, "30_day_warn_count": 0, "daily_sd": 16.526885097757063, "threshold_error": 0.57184981404688362}, "westn": {"sample_sd": 0.80000000000000004, "sample_mean": 0.60000000000010001, "daily_article_count": 0, "30_day_error_count": 3, "threshold_warn": 2.2000000000001001, "30_day_warn_count": 5, "daily_sd": -0.75000000000012501, "threshold_error": 3.0000000000001004}, "swine": {"sample_sd": 16.509256662719721, "sample_mean": 21.666666666666767, "daily_article_count": 2, "30_day_error_count": 0, "threshold_warn": 54.685179992106214, "30_day_warn_count": 0, "daily_sd": -1.1912508884229132, "threshold_error": 71.194436654825935}, "measl": {"sample_sd": 9.4838459146768788, "sample_mean": 14.3000000000001, "daily_article_count": 25, "30_day_error_count": 0, "threshold_warn": 33.267691829353858, "30_day_warn_count": 0, "daily_sd": 1.1282342729167438, "threshold_error": 42.751537744030742}, "dengu": {"sample_sd": 3.4215006454283579, "sample_mean": 4.4000000000001007, "daily_article_count": 0, "30_day_error_count": 0, "threshold_warn": 11.243001290856817, "30_day_warn_count": 0, "daily_sd": -1.2859854362088652, "threshold_error": 14.664501936285173}, "ebola": {"sample_sd": 39.4646958967407, "sample_mean": 77.933333333333437, "daily_article_count": 31, "30_day_error_count": 0, "threshold_warn": 156.86272512681484, "30_day_warn_count": 0, "daily_sd": -1.1892485743747883, "threshold_error": 196.32742102355553}, "unkno": {"sample_sd": 27.247446363527967, "sample_mean": 51.100000000000101, "daily_article_count": 90, "30_day_error_count": 0, "threshold_warn": 105.59489272705603, "30_day_warn_count": 0, "daily_sd": 1.4276567235331616, "threshold_error": 132.84233909058401}, "mumps": {"sample_sd": 0.29999999999999999, "sample_mean": 0.10000000000010001, "daily_article_count": 0, "30_day_error_count": 0, "threshold_warn": 0.70000000000009999, "30_day_warn_count": 0, "daily_sd": -0.33333333333366671, "threshold_error": 1.0000000000000999}}