{"hemmo": {"sample_sd": 0.49553562491061681, "sample_mean": 0.23333333333343334, "daily_article_count": 0, "30_day_error_count": 0, "threshold_warn": 1.224404583154667, "30_day_warn_count": 0, "daily_sd": -0.47087095579762056, "threshold_error": 1.7199402080652837}, "mersc": {"sample_sd": 1.2775845264491199, "sample_mean": 1.0333333333334334, "daily_article_count": 3, "30_day_error_count": 18, "threshold_warn": 3.5885023862316734, "30_day_warn_count": 13, "daily_sd": 1.5393632483422925, "threshold_error": 4.8660869126807933}, "influ": {"sample_sd": 11.344896062400338, "sample_mean": 20.400000000000098, "daily_article_count": 27, "30_day_error_count": 0, "threshold_warn": 43.089792124800773, "30_day_warn_count": 0, "daily_sd": 0.58175940649415547, "threshold_error": 54.434688187201111}, "pertu": {"sample_sd": 1.3349989596333856, "sample_mean": 1.1333333333334332, "daily_article_count": 3, "30_day_error_count": 0, "threshold_warn": 3.8033312526002043, "30_day_warn_count": 0, "daily_sd": 1.3982532744289078, "threshold_error": 5.1383302122335897}, "moldf": {"sample_sd": 0.44221663871405331, "sample_mean": 0.26666666666676664, "daily_article_count": 0, "30_day_error_count": 5, "threshold_warn": 1.1510999440948733, "30_day_warn_count": 2, "daily_sd": -0.6030226891557533, "threshold_error": 1.5933165828089266}, "chole": {"sample_sd": 4.5860900800379207, "sample_mean": 4.9666666666667671, "daily_article_count": 7, "30_day_error_count": 0, "threshold_warn": 14.138846826742608, "30_day_warn_count": 0, "daily_sd": 0.44336968917898356, "threshold_error": 18.724936906780531}, "hepat": {"sample_sd": 1.7413277182145301, "sample_mean": 1.6333333333334332, "daily_article_count": 5, "30_day_error_count": 9, "threshold_warn": 5.1159887697624935, "30_day_warn_count": 12, "daily_sd": 1.9333906142139501, "threshold_error": 6.8573164879770241}, "chiku": {"sample_sd": 2.4756592836836191, "sample_mean": 2.2666666666667665, "daily_article_count": 3, "30_day_error_count": 0, "threshold_warn": 7.2179852340340052, "30_day_warn_count": 0, "daily_sd": 0.29621739072352532, "threshold_error": 9.6936445177176243}, "yello": {"sample_sd": 0.33993463423951903, "sample_mean": 0.13333333333343333, "daily_article_count": 0, "30_day_error_count": 3, "threshold_warn": 0.81320260181247139, "30_day_warn_count": 0, "daily_sd": -0.39223227027666219, "threshold_error": 1.1531372360519905}, "menin": {"sample_sd": 2.4149994248906608, "sample_mean": 3.0333333333334331, "daily_article_count": 1, "30_day_error_count": 1, "threshold_warn": 7.8633321831147551, "30_day_warn_count": 0, "daily_sd": -0.84196017289962399, "threshold_error": 10.278331608005415}, "plagu": {"sample_sd": 0.72724747430904779, "sample_mean": 0.26666666666676664, "daily_article_count": 1, "30_day_error_count": 0, "threshold_warn": 1.7211616152848621, "30_day_warn_count": 0, "daily_sd": 1.0083683467308948, "threshold_error": 2.4484090895939099}, "westn": {"sample_sd": 0.47609522856952335, "sample_mean": 0.20000000000010001, "daily_article_count": 1, "30_day_error_count": 3, "threshold_warn": 1.1521904571391468, "30_day_warn_count": 0, "daily_sd": 1.6803361008334017, "threshold_error": 1.6282856857086703}, "swine": {"sample_sd": 9.142331334086629, "sample_mean": 12.866666666666767, "daily_article_count": 28, "30_day_error_count": 17, "threshold_warn": 31.151329334840025, "30_day_warn_count": 24, "daily_sd": 1.6553035303926817, "threshold_error": 40.293660668926655}, "measl": {"sample_sd": 37.375333517649793, "sample_mean": 43.133333333333432, "daily_article_count": 28, "30_day_error_count": 4, "threshold_warn": 117.88400036863302, "30_day_warn_count": 5, "daily_sd": -0.40490162652828243, "threshold_error": 155.2593338862828}, "dengu": {"sample_sd": 2.8252826800556119, "sample_mean": 3.4666666666667667, "daily_article_count": 10, "30_day_error_count": 0, "threshold_warn": 9.1172320267779909, "30_day_warn_count": 0, "daily_sd": 2.3124529730967076, "threshold_error": 11.942514706833602}, "ebola": {"sample_sd": 38.539806261405445, "sample_mean": 96.500000000000099, "daily_article_count": 100, "30_day_error_count": 0, "threshold_warn": 173.57961252281098, "30_day_warn_count": 0, "daily_sd": 0.090815194457914875, "threshold_error": 212.11941878421644}, "unkno": {"sample_sd": 23.078994778802649, "sample_mean": 58.600000000000101, "daily_article_count": 85, "30_day_error_count": 1, "threshold_warn": 104.7579895576054, "30_day_warn_count": 0, "daily_sd": 1.1438973080511934, "threshold_error": 127.83698433640805}, "mumps": {"sample_sd": 0.44221663871405331, "sample_mean": 0.26666666666676664, "daily_article_count": 0, "30_day_error_count": 4, "threshold_warn": 1.1510999440948733, "30_day_warn_count": 0, "daily_sd": -0.6030226891557533, "threshold_error": 1.5933165828089266}}