{"hemmo": {"sample_sd": 0.17950549357115012, "sample_mean": 0.033333333333433336, "daily_article_count": 0, "30_day_error_count": 0, "threshold_warn": 0.39234432047573359, "30_day_warn_count": 0, "daily_sd": -0.185695338177609, "threshold_error": 0.57184981404688373}, "mersc": {"sample_sd": 26.456358193993537, "sample_mean": 35.166666666666764, "daily_article_count": 15, "30_day_error_count": 0, "threshold_warn": 88.079383054653846, "30_day_warn_count": 0, "daily_sd": -0.76226162795321006, "threshold_error": 114.53574124864738}, "influ": {"sample_sd": 3.1790984046843631, "sample_mean": 3.4000000000000998, "daily_article_count": 5, "30_day_error_count": 0, "threshold_warn": 9.7581968093688261, "30_day_warn_count": 0, "daily_sd": 0.50328734638799466, "threshold_error": 12.937295214053188}, "pertu": {"sample_sd": 1.6468825769380835, "sample_mean": 1.5666666666667666, "daily_article_count": 0, "30_day_error_count": 5, "threshold_warn": 4.8604318205429333, "30_day_warn_count": 0, "daily_sd": -0.95129227098846603, "threshold_error": 6.507314397481017}, "moldf": {"sample_sd": 0.61101009266077877, "sample_mean": 0.4000000000001, "daily_article_count": 1, "30_day_error_count": 1, "threshold_warn": 1.6220201853216576, "30_day_warn_count": 0, "daily_sd": 0.98198050606180176, "threshold_error": 2.233030277982436}, "chole": {"sample_sd": 5.0662280511902216, "sample_mean": 6.0000000000001004, "daily_article_count": 0, "30_day_error_count": 0, "threshold_warn": 16.132456102380544, "30_day_warn_count": 0, "daily_sd": -1.1843130509276039, "threshold_error": 21.198684153570763}, "hepat": {"sample_sd": 3.9340394846349307, "sample_mean": 3.7000000000001001, "daily_article_count": 2, "30_day_error_count": 0, "threshold_warn": 11.568078969269962, "30_day_warn_count": 0, "daily_sd": -0.43212581028729963, "threshold_error": 15.502118453904894}, "chiku": {"sample_sd": 3.2837986133947576, "sample_mean": 3.5000000000000999, "daily_article_count": 9, "30_day_error_count": 9, "threshold_warn": 10.067597226789616, "30_day_warn_count": 13, "daily_sd": 1.6748895555181615, "threshold_error": 13.351395840184372}, "yello": {"sample_sd": 0.49553562491061676, "sample_mean": 0.23333333333343334, "daily_article_count": 0, "30_day_error_count": 3, "threshold_warn": 1.2244045831546668, "30_day_warn_count": 0, "daily_sd": -0.47087095579762062, "threshold_error": 1.7199402080652835}, "menin": {"sample_sd": 1.16476034731041, "sample_mean": 1.1000000000001, "daily_article_count": 0, "30_day_error_count": 3, "threshold_warn": 3.42952069462092, "30_day_warn_count": 0, "daily_sd": -0.94440028160312084, "threshold_error": 4.59428104193133}, "plagu": {"sample_sd": 0.0, "sample_mean": 1e-13, "daily_article_count": 0, "30_day_error_count": 1, "threshold_warn": 1e-13, "30_day_warn_count": 0, "daily_sd": -Infinity, "threshold_error": 1e-13}, "westn": {"sample_sd": 1.2206555615733703, "sample_mean": 1.1000000000001, "daily_article_count": 5, "30_day_error_count": 5, "threshold_warn": 3.5413111231468406, "30_day_warn_count": 5, "daily_sd": 3.1950044900241759, "threshold_error": 4.7619666847202105}, "swine": {"sample_sd": 2.6793448618811446, "sample_mean": 1.5666666666667666, "daily_article_count": 6, "30_day_error_count": 0, "threshold_warn": 6.925356390429056, "30_day_warn_count": 0, "daily_sd": 1.6546333383230962, "threshold_error": 9.6047012523101998}, "measl": {"sample_sd": 9.7513531824505719, "sample_mean": 9.3333333333334334, "daily_article_count": 6, "30_day_error_count": 0, "threshold_warn": 28.836039698234579, "30_day_warn_count": 0, "daily_sd": -0.34183289959514596, "threshold_error": 38.587392880685151}, "dengu": {"sample_sd": 1.8499249234015476, "sample_mean": 2.3333333333334334, "daily_article_count": 11, "30_day_error_count": 4, "threshold_warn": 6.033183180136529, "30_day_warn_count": 0, "daily_sd": 4.684874806016853, "threshold_error": 7.8831081035380759}, "ebola": {"sample_sd": 6.2125321371849305, "sample_mean": 6.266666666666767, "daily_article_count": 66, "30_day_error_count": 7, "threshold_warn": 18.691730941036628, "30_day_warn_count": 11, "daily_sd": 9.6149737360393051, "threshold_error": 24.904263078221561}, "unkno": {"sample_sd": 29.206087645481645, "sample_mean": 61.733333333333434, "daily_article_count": 65, "30_day_error_count": 0, "threshold_warn": 120.14550862429672, "30_day_warn_count": 0, "daily_sd": 0.11184882776217851, "threshold_error": 149.35159626977838}, "mumps": {"sample_sd": 1.3287420951996498, "sample_mean": 0.96666666666676671, "daily_article_count": 0, "30_day_error_count": 0, "threshold_warn": 3.6241508570660663, "30_day_warn_count": 0, "daily_sd": -0.7275051119092607, "threshold_error": 4.9528929522657155}}