{"hemmo": {"sample_sd": 0.48189440982669857, "sample_mean": 0.36666666666676662, "daily_article_count": 0, "30_day_error_count": 0, "threshold_warn": 1.3304554863201639, "30_day_warn_count": 0, "daily_sd": -0.76088591025288965, "threshold_error": 1.8123498961468623}, "mersc": {"sample_sd": 17.698210832360051, "sample_mean": 23.200000000000099, "daily_article_count": 15, "30_day_error_count": 5, "threshold_warn": 58.596421664720197, "30_day_warn_count": 9, "daily_sd": -0.46332367026654026, "threshold_error": 76.294632497080258}, "influ": {"sample_sd": 5.7415638597472336, "sample_mean": 5.9666666666667671, "daily_article_count": 2, "30_day_error_count": 0, "threshold_warn": 17.449794386161233, "30_day_warn_count": 0, "daily_sd": -0.69086868378772948, "threshold_error": 23.191358245908468}, "pertu": {"sample_sd": 1.4313940369055924, "sample_mean": 1.4666666666667665, "daily_article_count": 1, "30_day_error_count": 2, "threshold_warn": 4.3294547404779511, "30_day_warn_count": 0, "daily_sd": -0.32602250298290536, "threshold_error": 5.7608487773835435}, "moldf": {"sample_sd": 1.194431524477928, "sample_mean": 0.80000000000010008, "daily_article_count": 0, "30_day_error_count": 0, "threshold_warn": 3.1888630489559562, "30_day_warn_count": 0, "daily_sd": -0.66977468662322082, "threshold_error": 4.3832945734338837}, "chole": {"sample_sd": 2.0655911179772888, "sample_mean": 2.0000000000000999, "daily_article_count": 8, "30_day_error_count": 6, "threshold_warn": 6.131182235954677, "30_day_warn_count": 12, "daily_sd": 2.904737509655515, "threshold_error": 8.1967733539319667}, "hepat": {"sample_sd": 2.1676920650518809, "sample_mean": 2.0333333333334331, "daily_article_count": 2, "30_day_error_count": 3, "threshold_warn": 6.3687174634371946, "30_day_warn_count": 0, "daily_sd": -0.015377337893533021, "threshold_error": 8.5364095284890755}, "chiku": {"sample_sd": 1.8330302779823362, "sample_mean": 1.8000000000001, "daily_article_count": 4, "30_day_error_count": 5, "threshold_warn": 5.4660605559647726, "30_day_warn_count": 7, "daily_sd": 1.2001983962979033, "threshold_error": 7.2990908339471083}, "yello": {"sample_sd": 0.66749947981669278, "sample_mean": 0.23333333333343334, "daily_article_count": 0, "30_day_error_count": 0, "threshold_warn": 1.5683322929668189, "30_day_warn_count": 0, "daily_sd": -0.34956331860739548, "threshold_error": 2.2358317727835115}, "menin": {"sample_sd": 3.0191978331264671, "sample_mean": 2.5333333333334331, "daily_article_count": 1, "30_day_error_count": 0, "threshold_warn": 8.5717289995863677, "30_day_warn_count": 0, "daily_sd": -0.5078611664693804, "threshold_error": 11.590926832712833}, "plagu": {"sample_sd": 0.29999999999999999, "sample_mean": 0.10000000000010001, "daily_article_count": 0, "30_day_error_count": 0, "threshold_warn": 0.70000000000009999, "30_day_warn_count": 0, "daily_sd": -0.33333333333366671, "threshold_error": 1.0000000000000999}, "westn": {"sample_sd": 0.52599112793531655, "sample_mean": 0.30000000000009996, "daily_article_count": 1, "30_day_error_count": 11, "threshold_warn": 1.3519822558707331, "30_day_warn_count": 0, "daily_sd": 1.3308209261012138, "threshold_error": 1.8779733838060497}, "swine": {"sample_sd": 2.1249836600678966, "sample_mean": 1.8666666666667666, "daily_article_count": 0, "30_day_error_count": 2, "threshold_warn": 6.1166339868025599, "30_day_warn_count": 0, "daily_sd": -0.87843812719346914, "threshold_error": 8.2416176468704556}, "measl": {"sample_sd": 10.012436710855598, "sample_mean": 13.466666666666766, "daily_article_count": 41, "30_day_error_count": 0, "threshold_warn": 33.49154008837796, "30_day_warn_count": 0, "daily_sd": 2.7499133456175837, "threshold_error": 43.503976799233563}, "dengu": {"sample_sd": 6.7399307612665194, "sample_mean": 6.2000000000001005, "daily_article_count": 2, "30_day_error_count": 0, "threshold_warn": 19.679861522533137, "30_day_warn_count": 0, "daily_sd": -0.62315180211300369, "threshold_error": 26.419792283799659}, "ebola": {"sample_sd": 20.817620741413588, "sample_mean": 24.600000000000101, "daily_article_count": 11, "30_day_error_count": 0, "threshold_warn": 66.235241482827277, "30_day_warn_count": 0, "daily_sd": -0.65329271624902385, "threshold_error": 87.052862224240869}, "unkno": {"sample_sd": 14.312232530251876, "sample_mean": 43.600000000000101, "daily_article_count": 50, "30_day_error_count": 6, "threshold_warn": 72.22446506050386, "30_day_warn_count": 6, "daily_sd": 0.44716992869366606, "threshold_error": 86.536697590755722}, "mumps": {"sample_sd": 2.4675674031095665, "sample_mean": 2.3333333333334334, "daily_article_count": 0, "30_day_error_count": 0, "threshold_warn": 7.2684681395525663, "30_day_warn_count": 0, "daily_sd": -0.94560064717706405, "threshold_error": 9.7360355426621332}}