{"hemmo": {"sample_sd": 0.98262686486557826, "sample_mean": 0.36666666666666664, "daily_article_count": 0, "30_day_error_count": 0, "threshold_warn": 2.3319203963978232, "30_day_warn_count": 0, "daily_sd": -0.37314944235401709, "threshold_error": 3.3145472612634017}, "mersc": {"sample_sd": 4.9158473893679364, "sample_mean": 3.6333333333333333, "daily_article_count": 3, "30_day_error_count": 0, "threshold_warn": 13.465028112069206, "30_day_warn_count": 0, "daily_sd": -0.12883502744676645, "threshold_error": 18.380875501437142}, "influ": {"sample_sd": 7.3834650101124994, "sample_mean": 5.8666666666666663, "daily_article_count": 4, "30_day_error_count": 0, "threshold_warn": 20.633596686891664, "30_day_warn_count": 0, "daily_sd": -0.25281716160502593, "threshold_error": 28.017061697004166}, "pertu": {"sample_sd": 1.5776212754932308, "sample_mean": 1.6666666666666667, "daily_article_count": 2, "30_day_error_count": 1, "threshold_warn": 4.8219092176531282, "30_day_warn_count": 0, "daily_sd": 0.21128856368212912, "threshold_error": 6.3995304931463597}, "moldf": {"sample_sd": 0.64031242374328479, "sample_mean": 0.29999999999999999, "daily_article_count": 1, "30_day_error_count": 0, "threshold_warn": 1.5806248474865696, "30_day_warn_count": 0, "daily_sd": 1.0932163332202425, "threshold_error": 2.2209372712298543}, "chole": {"sample_sd": 5.0694071535919152, "sample_mean": 4.9666666666666668, "daily_article_count": 6, "30_day_error_count": 1, "threshold_warn": 15.105480973850497, "30_day_warn_count": 1, "daily_sd": 0.20383711586495229, "threshold_error": 20.174888127442415}, "hepat": {"sample_sd": 4.638486343146389, "sample_mean": 4.1333333333333337, "daily_article_count": 2, "30_day_error_count": 0, "threshold_warn": 13.410306019626113, "30_day_warn_count": 0, "daily_sd": -0.45992014970259587, "threshold_error": 18.048792362772499}, "chiku": {"sample_sd": 9.3706990134141002, "sample_mean": 10.300000000000001, "daily_article_count": 1, "30_day_error_count": 0, "threshold_warn": 29.041398026828201, "30_day_warn_count": 0, "daily_sd": -0.99245531061099135, "threshold_error": 38.412097040242301}, "yello": {"sample_sd": 0.24944382578492943, "sample_mean": 0.066666666666666666, "daily_article_count": 0, "30_day_error_count": 8, "threshold_warn": 0.56555431823652558, "30_day_warn_count": 0, "daily_sd": -0.2672612419124244, "threshold_error": 0.81499814402145498}, "menin": {"sample_sd": 1.5088627063675035, "sample_mean": 1.3, "daily_article_count": 0, "30_day_error_count": 0, "threshold_warn": 4.3177254127350073, "30_day_warn_count": 0, "daily_sd": -0.86157606952170751, "threshold_error": 5.8265881191025102}, "plagu": {"sample_sd": 5.6328402151036467, "sample_mean": 2.0666666666666669, "daily_article_count": 0, "30_day_error_count": 0, "threshold_warn": 13.33234709687396, "30_day_warn_count": 0, "daily_sd": -0.36689602185504905, "threshold_error": 18.965187311977605}, "westn": {"sample_sd": 2.4964419124470374, "sample_mean": 4.0333333333333332, "daily_article_count": 9, "30_day_error_count": 0, "threshold_warn": 9.0262171582274071, "30_day_warn_count": 0, "daily_sd": 1.9894981901654945, "threshold_error": 11.522659070674445}, "swine": {"sample_sd": 2.0124611797498106, "sample_mean": 1.5, "daily_article_count": 0, "30_day_error_count": 0, "threshold_warn": 5.5249223594996213, "30_day_warn_count": 0, "daily_sd": -0.7453559924999299, "threshold_error": 7.5373835392494319}, "measl": {"sample_sd": 6.0750857332770742, "sample_mean": 5.5999999999999996, "daily_article_count": 1, "30_day_error_count": 0, "threshold_warn": 17.75017146655415, "30_day_warn_count": 0, "daily_sd": -0.75719096025310384, "threshold_error": 23.825257199831221}, "dengu": {"sample_sd": 4.1547830535687691, "sample_mean": 6.9333333333333336, "daily_article_count": 4, "30_day_error_count": 0, "threshold_warn": 15.242899440470872, "30_day_warn_count": 0, "daily_sd": -0.70601359818624798, "threshold_error": 19.397682494039643}, "ebola": {"sample_sd": 98.773118250305785, "sample_mean": 77.733333333333334, "daily_article_count": 367, "30_day_error_count": 19, "threshold_warn": 275.27956983394489, "30_day_warn_count": 10, "daily_sd": 2.9285970898845357, "threshold_error": 374.05268808425069}, "unkno": {"sample_sd": 75.578921223667464, "sample_mean": 95.599999999999994, "daily_article_count": 47, "30_day_error_count": 1, "threshold_warn": 246.75784244733492, "30_day_warn_count": 0, "daily_sd": -0.64303643414244649, "threshold_error": 322.33676367100236}, "mumps": {"sample_sd": 0.0, "sample_mean": 0.0, "daily_article_count": 1, "30_day_error_count": 6, "threshold_warn": 0.0, "30_day_warn_count": 0, "daily_sd": 0, "threshold_error": 0.0}}