{"hemmo": {"sample_sd": 0.49553562491061681, "sample_mean": 0.23333333333333334, "daily_article_count": 0, "30_day_error_count": 0, "threshold_warn": 1.2244045831545669, "30_day_warn_count": 0, "daily_sd": -0.47087095579741878, "threshold_error": 1.7199402080651838}, "mersc": {"sample_sd": 1.2775845264491199, "sample_mean": 1.0333333333333334, "daily_article_count": 7, "30_day_error_count": 17, "threshold_warn": 3.588502386231573, "30_day_warn_count": 0, "daily_sd": 4.6702715500556673, "threshold_error": 4.8660869126806929}, "influ": {"sample_sd": 14.173527750312866, "sample_mean": 23.333333333333332, "daily_article_count": 13, "30_day_error_count": 0, "threshold_warn": 51.680388833959064, "30_day_warn_count": 0, "daily_sd": -0.72905867299728777, "threshold_error": 65.853916584271929}, "pertu": {"sample_sd": 0.75718777944003646, "sample_mean": 0.59999999999999998, "daily_article_count": 0, "30_day_error_count": 13, "threshold_warn": 2.1143755588800728, "30_day_warn_count": 4, "daily_sd": -0.79240581569306145, "threshold_error": 2.8715633383201093}, "moldf": {"sample_sd": 0.5120763831912406, "sample_mean": 0.26666666666666666, "daily_article_count": 1, "30_day_error_count": 3, "threshold_warn": 1.2908194330491478, "30_day_warn_count": 1, "daily_sd": 1.4320780207890624, "threshold_error": 1.8028958162403885}, "chole": {"sample_sd": 4.8245897925799524, "sample_mean": 4.2999999999999998, "daily_article_count": 2, "30_day_error_count": 0, "threshold_warn": 13.949179585159904, "30_day_warn_count": 0, "daily_sd": -0.47672446754692349, "threshold_error": 18.773769377739857}, "hepat": {"sample_sd": 1.4313940369055926, "sample_mean": 1.1333333333333333, "daily_article_count": 2, "30_day_error_count": 10, "threshold_warn": 3.9961214071445186, "30_day_warn_count": 3, "daily_sd": 0.60547036268240895, "threshold_error": 5.4275154440501119}, "chiku": {"sample_sd": 2.2060522810365728, "sample_mean": 2.0, "daily_article_count": 4, "30_day_error_count": 1, "threshold_warn": 6.4121045620731456, "30_day_warn_count": 0, "daily_sd": 0.90659682782324924, "threshold_error": 8.618156843109718}, "yello": {"sample_sd": 0.29999999999999999, "sample_mean": 0.10000000000000001, "daily_article_count": 0, "30_day_error_count": 10, "threshold_warn": 0.69999999999999996, "30_day_warn_count": 0, "daily_sd": -0.33333333333333337, "threshold_error": 0.99999999999999989}, "menin": {"sample_sd": 2.2764494771951829, "sample_mean": 2.5333333333333332, "daily_article_count": 3, "30_day_error_count": 1, "threshold_warn": 7.086232287723699, "30_day_warn_count": 0, "daily_sd": 0.20499759443009802, "threshold_error": 9.3626817649188823}, "plagu": {"sample_sd": 0.17950549357115012, "sample_mean": 0.033333333333333333, "daily_article_count": 1, "30_day_error_count": 7, "threshold_warn": 0.39234432047563356, "30_day_warn_count": 0, "daily_sd": 5.3851648071345046, "threshold_error": 0.5718498140467837}, "westn": {"sample_sd": 0.33993463423951903, "sample_mean": 0.13333333333333333, "daily_article_count": 1, "30_day_error_count": 3, "threshold_warn": 0.81320260181237136, "30_day_warn_count": 0, "daily_sd": 2.5495097567963922, "threshold_error": 1.1531372360518903}, "swine": {"sample_sd": 8.1786306922369345, "sample_mean": 10.1, "daily_article_count": 65, "30_day_error_count": 11, "threshold_warn": 26.457261384473867, "30_day_warn_count": 8, "daily_sd": 6.7126151144237962, "threshold_error": 34.635892076710803}, "measl": {"sample_sd": 24.521192648174537, "sample_mean": 21.666666666666668, "daily_article_count": 49, "30_day_error_count": 11, "threshold_warn": 70.709051963015739, "30_day_warn_count": 8, "daily_sd": 1.114682051787075, "threshold_error": 95.230244611190287}, "dengu": {"sample_sd": 2.1367160680716459, "sample_mean": 2.3666666666666667, "daily_article_count": 3, "30_day_error_count": 2, "threshold_warn": 6.640098802809959, "30_day_warn_count": 3, "daily_sd": 0.29640500335868541, "threshold_error": 8.7768148708816049}, "ebola": {"sample_sd": 62.190531612313961, "sample_mean": 113.06666666666666, "daily_article_count": 89, "30_day_error_count": 0, "threshold_warn": 237.44772989129459, "30_day_warn_count": 0, "daily_sd": -0.38698280980607297, "threshold_error": 299.63826150360853}, "unkno": {"sample_sd": 24.10799775086176, "sample_mean": 55.06666666666667, "daily_article_count": 79, "30_day_error_count": 1, "threshold_warn": 103.28266216839019, "30_day_warn_count": 0, "daily_sd": 0.99275491812578309, "threshold_error": 127.39065991925196}, "mumps": {"sample_sd": 0.37267799624996495, "sample_mean": 0.16666666666666666, "daily_article_count": 0, "30_day_error_count": 4, "threshold_warn": 0.91202265916659653, "30_day_warn_count": 0, "daily_sd": -0.44721359549995793, "threshold_error": 1.2847006554165616}}