{"hemmo": {"sample_sd": 0.17950549357115009, "sample_mean": 0.033333333333433336, "daily_article_count": 1, "30_day_error_count": 4, "threshold_warn": 0.39234432047573353, "30_day_warn_count": 0, "daily_sd": 5.3851648071339486, "threshold_error": 0.57184981404688362}, "mersc": {"sample_sd": 11.920290824192728, "sample_mean": 15.200000000000099, "daily_article_count": 1, "30_day_error_count": 0, "threshold_warn": 39.040581648385555, "30_day_warn_count": 0, "daily_sd": -1.191246103759533, "threshold_error": 50.960872472578288}, "influ": {"sample_sd": 1.7451520150277897, "sample_mean": 2.2333333333334333, "daily_article_count": 3, "30_day_error_count": 4, "threshold_warn": 5.7236373633890132, "30_day_warn_count": 0, "daily_sd": 0.43931225478621605, "threshold_error": 7.4687893784168029}, "pertu": {"sample_sd": 3.0164364553043197, "sample_mean": 2.0333333333334331, "daily_article_count": 3, "30_day_error_count": 1, "threshold_warn": 8.066206243942073, "30_day_warn_count": 0, "daily_sd": 0.32046644475692848, "threshold_error": 11.082642699246392}, "moldf": {"sample_sd": 0.7630348761506397, "sample_mean": 0.46666666666676665, "daily_article_count": 0, "30_day_error_count": 0, "threshold_warn": 1.9927364189680461, "30_day_warn_count": 0, "daily_sd": -0.61159283966285771, "threshold_error": 2.7557712951186857}, "chole": {"sample_sd": 4.6529560496527367, "sample_mean": 6.5000000000001004, "daily_article_count": 7, "30_day_error_count": 1, "threshold_warn": 15.805912099305573, "30_day_warn_count": 0, "daily_sd": 0.10745856927602315, "threshold_error": 20.45886814895831}, "hepat": {"sample_sd": 3.2619012860600178, "sample_mean": 2.6000000000001, "daily_article_count": 11, "30_day_error_count": 0, "threshold_warn": 9.1238025721201357, "30_day_warn_count": 0, "daily_sd": 2.5751852258368255, "threshold_error": 12.385703858180154}, "chiku": {"sample_sd": 5.1966869787928882, "sample_mean": 6.8333333333334334, "daily_article_count": 9, "30_day_error_count": 3, "threshold_warn": 17.226707290919208, "30_day_warn_count": 0, "daily_sd": 0.41693230235118961, "threshold_error": 22.423394269712098}, "yello": {"sample_sd": 0.55876848714134031, "sample_mean": 0.23333333333343334, "daily_article_count": 0, "30_day_error_count": 2, "threshold_warn": 1.3508703076161139, "30_day_warn_count": 0, "daily_sd": -0.41758499039050451, "threshold_error": 1.9096387947574542}, "menin": {"sample_sd": 1.4220486005134363, "sample_mean": 1.3333333333334332, "daily_article_count": 1, "30_day_error_count": 1, "threshold_warn": 4.1774305343603055, "30_day_warn_count": 0, "daily_sd": -0.2344036154693179, "threshold_error": 5.599479134873742}, "plagu": {"sample_sd": 0.0, "sample_mean": 1e-13, "daily_article_count": 0, "30_day_error_count": 5, "threshold_warn": 1e-13, "30_day_warn_count": 0, "daily_sd": -Infinity, "threshold_error": 1e-13}, "westn": {"sample_sd": 1.2892719737209142, "sample_mean": 1.7333333333334333, "daily_article_count": 2, "30_day_error_count": 7, "threshold_warn": 4.3118772807752617, "30_day_warn_count": 14, "daily_sd": 0.20683507599793016, "threshold_error": 5.6011492544961765}, "swine": {"sample_sd": 0.61101009266077877, "sample_mean": 0.4000000000001, "daily_article_count": 1, "30_day_error_count": 6, "threshold_warn": 1.6220201853216576, "30_day_warn_count": 6, "daily_sd": 0.98198050606180176, "threshold_error": 2.233030277982436}, "measl": {"sample_sd": 9.8880399136195525, "sample_mean": 8.4000000000000998, "daily_article_count": 7, "30_day_error_count": 0, "threshold_warn": 28.176079827239207, "30_day_warn_count": 0, "daily_sd": -0.14158518899906269, "threshold_error": 38.064119740858757}, "dengu": {"sample_sd": 2.6593650035717591, "sample_mean": 2.8333333333334334, "daily_article_count": 8, "30_day_error_count": 5, "threshold_warn": 8.1520633404769516, "30_day_warn_count": 6, "daily_sd": 1.9428196805354974, "threshold_error": 10.811428344048711}, "ebola": {"sample_sd": 6.2511332305964062, "sample_mean": 8.3000000000001002, "daily_article_count": 37, "30_day_error_count": 15, "threshold_warn": 20.802266461192914, "30_day_warn_count": 24, "daily_sd": 4.5911675437545743, "threshold_error": 27.05339969178932}, "unkno": {"sample_sd": 25.286008428026403, "sample_mean": 55.466666666666768, "daily_article_count": 111, "30_day_error_count": 1, "threshold_warn": 106.03868352271957, "30_day_warn_count": 0, "daily_sd": 2.196207973725953, "threshold_error": 131.32469195074597}, "mumps": {"sample_sd": 0.59628479399994383, "sample_mean": 0.33333333333343329, "daily_article_count": 0, "30_day_error_count": 0, "threshold_warn": 1.5259029213333211, "30_day_warn_count": 0, "daily_sd": -0.55901699437511509, "threshold_error": 2.1221877153332649}}