{"hemmo": {"sample_sd": 0.0, "sample_mean": 0.0, "daily_article_count": 0, "30_day_error_count": 30, "threshold_warn": 0.0, "30_day_warn_count": 0, "daily_sd": 0, "threshold_error": 0.0}, "mersc": {"sample_sd": 1.5362291495737217, "sample_mean": 0.80000000000000004, "daily_article_count": 0, "30_day_error_count": 1, "threshold_warn": 3.8724582991474437, "30_day_warn_count": 7, "daily_sd": -0.52075564392329543, "threshold_error": 5.4086874487211647}, "influ": {"sample_sd": 15.364641949040733, "sample_mean": 13.833333333333334, "daily_article_count": 13, "30_day_error_count": 0, "threshold_warn": 44.562617231414798, "30_day_warn_count": 0, "daily_sd": -0.0542370812217568, "threshold_error": 59.927259180455536}, "pertu": {"sample_sd": 0.40000000000000002, "sample_mean": 0.20000000000000001, "daily_article_count": 1, "30_day_error_count": 4, "threshold_warn": 1.0, "30_day_warn_count": 2, "daily_sd": 2.0, "threshold_error": 1.4000000000000001}, "moldf": {"sample_sd": 0.17950549357115009, "sample_mean": 0.033333333333333333, "daily_article_count": 1, "30_day_error_count": 7, "threshold_warn": 0.3923443204756335, "30_day_warn_count": 0, "daily_sd": 5.3851648071345055, "threshold_error": 0.57184981404678359}, "chole": {"sample_sd": 2.4027761721253471, "sample_mean": 1.6000000000000001, "daily_article_count": 1, "30_day_error_count": 0, "threshold_warn": 6.4055523442506939, "30_day_warn_count": 0, "daily_sd": -0.24971114952803833, "threshold_error": 8.8083285163760419}, "hepat": {"sample_sd": 3.5770875800790165, "sample_mean": 1.2666666666666666, "daily_article_count": 2, "30_day_error_count": 0, "threshold_warn": 8.4208418268246987, "30_day_warn_count": 0, "daily_sd": 0.2050084927797978, "threshold_error": 11.997929406903715}, "chiku": {"sample_sd": 0.61553951042064614, "sample_mean": 0.43333333333333335, "daily_article_count": 0, "30_day_error_count": 2, "threshold_warn": 1.6644123541746256, "30_day_warn_count": 0, "daily_sd": -0.70398946939604723, "threshold_error": 2.2799518645952714}, "yello": {"sample_sd": 0.24944382578492943, "sample_mean": 0.066666666666666666, "daily_article_count": 0, "30_day_error_count": 2, "threshold_warn": 0.56555431823652558, "30_day_warn_count": 0, "daily_sd": -0.2672612419124244, "threshold_error": 0.81499814402145498}, "menin": {"sample_sd": 0.49553562491061676, "sample_mean": 0.23333333333333334, "daily_article_count": 8, "30_day_error_count": 14, "threshold_warn": 1.2244045831545669, "30_day_warn_count": 0, "daily_sd": 15.673276100114084, "threshold_error": 1.7199402080651836}, "plagu": {"sample_sd": 0.24944382578492943, "sample_mean": 0.066666666666666666, "daily_article_count": 0, "30_day_error_count": 2, "threshold_warn": 0.56555431823652558, "30_day_warn_count": 0, "daily_sd": -0.2672612419124244, "threshold_error": 0.81499814402145498}, "westn": {"sample_sd": 1.7413277182145301, "sample_mean": 0.6333333333333333, "daily_article_count": 0, "30_day_error_count": 0, "threshold_warn": 4.115988769762394, "30_day_warn_count": 0, "daily_sd": -0.3637071452481796, "threshold_error": 5.8573164879769237}, "swine": {"sample_sd": 10.584265050851034, "sample_mean": 10.199999999999999, "daily_article_count": 9, "30_day_error_count": 0, "threshold_warn": 31.368530101702067, "30_day_warn_count": 0, "daily_sd": -0.11337584558159876, "threshold_error": 41.952795152553101}, "measl": {"sample_sd": 3.2754982657435323, "sample_mean": 3.2666666666666666, "daily_article_count": 4, "30_day_error_count": 1, "threshold_warn": 9.8176631981537312, "30_day_warn_count": 0, "daily_sd": 0.22388451277865903, "threshold_error": 13.093161463897264}, "dengu": {"sample_sd": 1.7841898254763513, "sample_mean": 1.5, "daily_article_count": 8, "30_day_error_count": 3, "threshold_warn": 5.0683796509527026, "30_day_warn_count": 6, "daily_sd": 3.6431101148470004, "threshold_error": 6.8525694764290535}, "ebola": {"sample_sd": 1.0857664983268218, "sample_mean": 0.56666666666666665, "daily_article_count": 0, "30_day_error_count": 0, "threshold_warn": 2.7381996633203105, "30_day_warn_count": 0, "daily_sd": -0.5219047258686893, "threshold_error": 3.8239661616471317}, "unkno": {"sample_sd": 24.956161563830285, "sample_mean": 25.300000000000001, "daily_article_count": 60, "30_day_error_count": 0, "threshold_warn": 75.212323127660568, "30_day_warn_count": 7, "daily_sd": 1.3904381854255887, "threshold_error": 100.16848469149086}, "mumps": {"sample_sd": 0.0, "sample_mean": 0.0, "daily_article_count": 2, "30_day_error_count": 30, "threshold_warn": 0.0, "30_day_warn_count": 0, "daily_sd": 0, "threshold_error": 0.0}}