{"hemmo": {"sample_sd": 0.0, "sample_mean": 0.0, "daily_article_count": 0, "30_day_error_count": 1, "threshold_warn": 0.0, "30_day_warn_count": 0, "daily_sd": 0, "threshold_error": 0.0}, "mersc": {"sample_sd": 1.5362291495737219, "sample_mean": 0.80000000000000004, "daily_article_count": 3, "30_day_error_count": 1, "threshold_warn": 3.8724582991474437, "30_day_warn_count": 5, "daily_sd": 1.4320780207890624, "threshold_error": 5.4086874487211656}, "influ": {"sample_sd": 15.88937450695345, "sample_mean": 11.166666666666666, "daily_article_count": 9, "30_day_error_count": 0, "threshold_warn": 42.945415680573568, "30_day_warn_count": 0, "daily_sd": -0.13635946875809979, "threshold_error": 58.834790187527013}, "pertu": {"sample_sd": 0.37267799624996495, "sample_mean": 0.16666666666666666, "daily_article_count": 1, "30_day_error_count": 4, "threshold_warn": 0.91202265916659653, "30_day_warn_count": 1, "daily_sd": 2.2360679774997898, "threshold_error": 1.2847006554165616}, "moldf": {"sample_sd": 0.17950549357115012, "sample_mean": 0.033333333333333333, "daily_article_count": 0, "30_day_error_count": 5, "threshold_warn": 0.39234432047563356, "30_day_warn_count": 0, "daily_sd": -0.18569533817705189, "threshold_error": 0.5718498140467837}, "chole": {"sample_sd": 2.4576411454889016, "sample_mean": 1.3999999999999999, "daily_article_count": 2, "30_day_error_count": 0, "threshold_warn": 6.3152822909778035, "30_day_warn_count": 0, "daily_sd": 0.24413653763134788, "threshold_error": 8.772923436466705}, "hepat": {"sample_sd": 3.4247465437443529, "sample_mean": 0.93333333333333335, "daily_article_count": 2, "30_day_error_count": 0, "threshold_warn": 7.7828264208220395, "30_day_warn_count": 0, "daily_sd": 0.31145857161752349, "threshold_error": 11.207572964566392}, "chiku": {"sample_sd": 0.42295258468165065, "sample_mean": 0.23333333333333334, "daily_article_count": 0, "30_day_error_count": 3, "threshold_warn": 1.0792385026966347, "30_day_warn_count": 0, "daily_sd": -0.55167728436737051, "threshold_error": 1.5021910873782853}, "yello": {"sample_sd": 0.17950549357115012, "sample_mean": 0.033333333333333333, "daily_article_count": 0, "30_day_error_count": 2, "threshold_warn": 0.39234432047563356, "30_day_warn_count": 0, "daily_sd": -0.18569533817705189, "threshold_error": 0.5718498140467837}, "menin": {"sample_sd": 0.37267799624996495, "sample_mean": 0.16666666666666666, "daily_article_count": 3, "30_day_error_count": 9, "threshold_warn": 0.91202265916659653, "30_day_warn_count": 0, "daily_sd": 7.6026311234992852, "threshold_error": 1.2847006554165616}, "plagu": {"sample_sd": 0.17950549357115014, "sample_mean": 0.033333333333333333, "daily_article_count": 0, "30_day_error_count": 3, "threshold_warn": 0.39234432047563361, "30_day_warn_count": 0, "daily_sd": -0.18569533817705186, "threshold_error": 0.5718498140467837}, "westn": {"sample_sd": 1.7413277182145301, "sample_mean": 0.6333333333333333, "daily_article_count": 5, "30_day_error_count": 0, "threshold_warn": 4.115988769762394, "30_day_warn_count": 0, "daily_sd": 2.5076650540795544, "threshold_error": 5.8573164879769237}, "swine": {"sample_sd": 9.8398283634534103, "sample_mean": 7.666666666666667, "daily_article_count": 4, "30_day_error_count": 0, "threshold_warn": 27.346323393573488, "30_day_warn_count": 0, "daily_sd": -0.37263522606605759, "threshold_error": 37.186151757026899}, "measl": {"sample_sd": 3.4783457115256518, "sample_mean": 2.6333333333333333, "daily_article_count": 3, "30_day_error_count": 0, "threshold_warn": 9.5900247563846364, "30_day_warn_count": 0, "daily_sd": 0.10541409539934474, "threshold_error": 13.068370467910288}, "dengu": {"sample_sd": 1.7499206331208919, "sample_mean": 1.0666666666666667, "daily_article_count": 3, "30_day_error_count": 1, "threshold_warn": 4.5665079329084506, "30_day_warn_count": 4, "daily_sd": 1.1048120107512158, "threshold_error": 6.3164285660293418}, "ebola": {"sample_sd": 1.0198039027185568, "sample_mean": 0.40000000000000002, "daily_article_count": 0, "30_day_error_count": 0, "threshold_warn": 2.4396078054371135, "30_day_warn_count": 0, "daily_sd": -0.39223227027636814, "threshold_error": 3.4594117081556703}, "unkno": {"sample_sd": 22.852789764052879, "sample_mean": 17.5, "daily_article_count": 59, "30_day_error_count": 0, "threshold_warn": 63.205579528105758, "30_day_warn_count": 12, "daily_sd": 1.8159708476940055, "threshold_error": 86.058369292158631}, "mumps": {"sample_sd": 0.0, "sample_mean": 0.0, "daily_article_count": 1, "30_day_error_count": 2, "threshold_warn": 0.0, "30_day_warn_count": 0, "daily_sd": 0, "threshold_error": 0.0}}