{"hemmo": {"sample_sd": 0.80346471954626331, "sample_mean": 0.43333333333343332, "daily_article_count": 0, "30_day_error_count": 5, "threshold_warn": 2.0402627724259599, "30_day_warn_count": 4, "daily_sd": -0.53933087886938902, "threshold_error": 2.8437274919722233}, "mersc": {"sample_sd": 5.0261538199922038, "sample_mean": 3.0666666666667668, "daily_article_count": 3, "30_day_error_count": 0, "threshold_warn": 13.118974306651175, "30_day_warn_count": 0, "daily_sd": -0.013263952726952197, "threshold_error": 18.145128126643378}, "influ": {"sample_sd": 3.7647487742654668, "sample_mean": 4.6000000000001, "daily_article_count": 9, "30_day_error_count": 4, "threshold_warn": 12.129497548531035, "30_day_warn_count": 14, "daily_sd": 1.1687366843909461, "threshold_error": 15.894246322796501}, "pertu": {"sample_sd": 2.0733762053445313, "sample_mean": 2.0333333333334331, "daily_article_count": 1, "30_day_error_count": 0, "threshold_warn": 6.1800857440224952, "30_day_warn_count": 0, "daily_sd": -0.49838197750597074, "threshold_error": 8.2534619493670274}, "moldf": {"sample_sd": 0.29999999999999999, "sample_mean": 0.10000000000010001, "daily_article_count": 0, "30_day_error_count": 0, "threshold_warn": 0.70000000000009999, "30_day_warn_count": 0, "daily_sd": -0.33333333333366671, "threshold_error": 1.0000000000000999}, "chole": {"sample_sd": 6.1315214715073409, "sample_mean": 7.7333333333334338, "daily_article_count": 4, "30_day_error_count": 0, "threshold_warn": 19.996376276348116, "30_day_warn_count": 0, "daily_sd": -0.60887552146427548, "threshold_error": 26.127897747855457}, "hepat": {"sample_sd": 1.0873004286866728, "sample_mean": 1.5333333333334334, "daily_article_count": 1, "30_day_error_count": 1, "threshold_warn": 3.7079341907067791, "30_day_warn_count": 0, "daily_sd": -0.49051147158806463, "threshold_error": 4.7952346193934519}, "chiku": {"sample_sd": 3.3025242870668894, "sample_mean": 4.4000000000001007, "daily_article_count": 1, "30_day_error_count": 0, "threshold_warn": 11.00504857413388, "30_day_warn_count": 2, "daily_sd": -1.0295155173619581, "threshold_error": 14.307572861200768}, "yello": {"sample_sd": 0.62893207547044039, "sample_mean": 0.26666666666676664, "daily_article_count": 1, "30_day_error_count": 0, "threshold_warn": 1.5245308176076473, "30_day_warn_count": 0, "daily_sd": 1.1659976680068367, "threshold_error": 2.1534628930780877}, "menin": {"sample_sd": 2.4103941586387903, "sample_mean": 2.7000000000001001, "daily_article_count": 1, "30_day_error_count": 2, "threshold_warn": 7.520788317277681, "30_day_warn_count": 3, "daily_sd": -0.70527884159831045, "threshold_error": 9.9311824759164704}, "plagu": {"sample_sd": 0.39581140290126388, "sample_mean": 0.10000000000010001, "daily_article_count": 0, "30_day_error_count": 0, "threshold_warn": 0.89162280580262776, "30_day_warn_count": 0, "daily_sd": -0.2526455763202084, "threshold_error": 1.2874342087038917}, "westn": {"sample_sd": 2.8589042189855425, "sample_mean": 5.4000000000001007, "daily_article_count": 0, "30_day_error_count": 0, "threshold_warn": 11.117808437971185, "30_day_warn_count": 0, "daily_sd": -1.888835576980695, "threshold_error": 13.976712656956728}, "swine": {"sample_sd": 0.92855921847894118, "sample_mean": 0.73333333333343331, "daily_article_count": 2, "30_day_error_count": 2, "threshold_warn": 2.5904517702913159, "30_day_warn_count": 0, "daily_sd": 1.3641205013735949, "threshold_error": 3.519010988770257}, "measl": {"sample_sd": 1.8199511592958264, "sample_mean": 2.433333333333433, "daily_article_count": 0, "30_day_error_count": 2, "threshold_warn": 6.0732356519250859, "30_day_warn_count": 0, "daily_sd": -1.3370322169936339, "threshold_error": 7.8931868112209127}, "dengu": {"sample_sd": 4.6270941205037097, "sample_mean": 6.3000000000001002, "daily_article_count": 7, "30_day_error_count": 1, "threshold_warn": 15.55418824100752, "30_day_warn_count": 1, "daily_sd": 0.15128285307576522, "threshold_error": 20.181282361511229}, "ebola": {"sample_sd": 103.52337900203992, "sample_mean": 335.10000000000014, "daily_article_count": 578, "30_day_error_count": 8, "threshold_warn": 542.14675800407997, "30_day_warn_count": 6, "daily_sd": 2.3463299048151582, "threshold_error": 645.67013700611983}, "unkno": {"sample_sd": 80.281892243657424, "sample_mean": 81.533333333333431, "daily_article_count": 32, "30_day_error_count": 0, "threshold_warn": 242.09711782064829, "30_day_warn_count": 0, "daily_sd": -0.61699259881666224, "threshold_error": 322.3790100643057}, "mumps": {"sample_sd": 0.83599574693229672, "sample_mean": 0.36666666666676662, "daily_article_count": 0, "30_day_error_count": 0, "threshold_warn": 2.0386581605313601, "30_day_warn_count": 0, "daily_sd": -0.43859872255601462, "threshold_error": 2.8746539074636566}}