{"hemmo": {"sample_sd": 0.4760952285695233, "sample_mean": 0.20000000000000001, "daily_article_count": 0, "30_day_error_count": 0, "threshold_warn": 1.1521904571390467, "30_day_warn_count": 0, "daily_sd": -0.42008402520840299, "threshold_error": 1.6282856857085699}, "mersc": {"sample_sd": 1.2775845264491199, "sample_mean": 0.96666666666666667, "daily_article_count": 5, "30_day_error_count": 18, "threshold_warn": 3.5218357195649066, "30_day_warn_count": 0, "daily_sd": 3.1569992042275739, "threshold_error": 4.7994202460140265}, "influ": {"sample_sd": 14.033135390527981, "sample_mean": 24.066666666666666, "daily_article_count": 14, "30_day_error_count": 0, "threshold_warn": 52.132937447722625, "30_day_warn_count": 0, "daily_sd": -0.71734978581204434, "threshold_error": 66.166072838250614}, "pertu": {"sample_sd": 0.75718777944003635, "sample_mean": 0.59999999999999998, "daily_article_count": 1, "30_day_error_count": 13, "threshold_warn": 2.1143755588800728, "30_day_warn_count": 4, "daily_sd": 0.52827054379537441, "threshold_error": 2.8715633383201093}, "moldf": {"sample_sd": 0.52599112793531666, "sample_mean": 0.29999999999999999, "daily_article_count": 1, "30_day_error_count": 3, "threshold_warn": 1.3519822558706334, "30_day_warn_count": 2, "daily_sd": 1.3308209261014035, "threshold_error": 1.87797338380595}, "chole": {"sample_sd": 4.7651512742689155, "sample_mean": 4.4000000000000004, "daily_article_count": 11, "30_day_error_count": 0, "threshold_warn": 13.930302548537831, "30_day_warn_count": 0, "daily_sd": 1.3850557138949575, "threshold_error": 18.695453822806748}, "hepat": {"sample_sd": 1.5737428845483836, "sample_mean": 1.3, "daily_article_count": 3, "30_day_error_count": 9, "threshold_warn": 4.4474857690967671, "30_day_warn_count": 4, "daily_sd": 1.0802272827990249, "threshold_error": 6.0212286536451503}, "chiku": {"sample_sd": 2.1982316125063397, "sample_mean": 2.0333333333333332, "daily_article_count": 4, "30_day_error_count": 1, "threshold_warn": 6.4297965583460126, "30_day_warn_count": 0, "daily_sd": 0.89465853164778597, "threshold_error": 8.6280281708523532}, "yello": {"sample_sd": 0.29999999999999993, "sample_mean": 0.10000000000000001, "daily_article_count": 0, "30_day_error_count": 10, "threshold_warn": 0.69999999999999984, "30_day_warn_count": 0, "daily_sd": -0.33333333333333343, "threshold_error": 0.99999999999999978}, "menin": {"sample_sd": 2.2997584414213788, "sample_mean": 2.6666666666666665, "daily_article_count": 6, "30_day_error_count": 1, "threshold_warn": 7.2661835495094245, "30_day_warn_count": 0, "daily_sd": 1.449427589131121, "threshold_error": 9.5659419909308028}, "plagu": {"sample_sd": 0.17950549357115012, "sample_mean": 0.033333333333333333, "daily_article_count": 1, "30_day_error_count": 8, "threshold_warn": 0.39234432047563356, "30_day_warn_count": 0, "daily_sd": 5.3851648071345046, "threshold_error": 0.5718498140467837}, "westn": {"sample_sd": 0.33993463423951903, "sample_mean": 0.13333333333333333, "daily_article_count": 0, "30_day_error_count": 3, "threshold_warn": 0.81320260181237136, "30_day_warn_count": 0, "daily_sd": -0.39223227027636803, "threshold_error": 1.1531372360518903}, "swine": {"sample_sd": 8.177543776845356, "sample_mean": 9.8333333333333339, "daily_article_count": 83, "30_day_error_count": 12, "threshold_warn": 26.188420887024044, "30_day_warn_count": 12, "daily_sd": 8.9472668888471691, "threshold_error": 34.365964663869406}, "measl": {"sample_sd": 24.469504830843366, "sample_mean": 23.100000000000001, "daily_article_count": 65, "30_day_error_count": 11, "threshold_warn": 72.039009661686734, "30_day_warn_count": 4, "daily_sd": 1.7123354268773683, "threshold_error": 96.508514492530111}, "dengu": {"sample_sd": 2.291045370325278, "sample_mean": 2.5333333333333332, "daily_article_count": 6, "30_day_error_count": 2, "threshold_warn": 7.1154240739838892, "30_day_warn_count": 4, "daily_sd": 1.513137501146246, "threshold_error": 9.4064694443091668}, "ebola": {"sample_sd": 60.316903840373712, "sample_mean": 115.26666666666667, "daily_article_count": 80, "30_day_error_count": 0, "threshold_warn": 235.9004743474141, "30_day_warn_count": 0, "daily_sd": -0.58468960475820342, "threshold_error": 296.2173781877878}, "unkno": {"sample_sd": 23.199042125819666, "sample_mean": 56.733333333333334, "daily_article_count": 105, "30_day_error_count": 1, "threshold_warn": 103.13141758497267, "30_day_warn_count": 0, "daily_sd": 2.0805456710192214, "threshold_error": 126.33045971079234}, "mumps": {"sample_sd": 0.37267799624996495, "sample_mean": 0.16666666666666666, "daily_article_count": 0, "30_day_error_count": 4, "threshold_warn": 0.91202265916659653, "30_day_warn_count": 0, "daily_sd": -0.44721359549995793, "threshold_error": 1.2847006554165616}}