{"hemmo": {"sample_sd": 0.37267799624996495, "sample_mean": 0.16666666666676666, "daily_article_count": 0, "30_day_error_count": 0, "threshold_warn": 0.91202265916669656, "30_day_warn_count": 0, "daily_sd": -0.44721359550022627, "threshold_error": 1.2847006554166616}, "mersc": {"sample_sd": 1.5947831618540917, "sample_mean": 1.3000000000001, "daily_article_count": 7, "30_day_error_count": 15, "threshold_warn": 4.4895663237082832, "30_day_warn_count": 13, "daily_sd": 3.5741536130674287, "threshold_error": 6.0843494855623756}, "influ": {"sample_sd": 9.2424744161579007, "sample_mean": 17.100000000000101, "daily_article_count": 18, "30_day_error_count": 0, "threshold_warn": 35.584948832315902, "30_day_warn_count": 0, "daily_sd": 0.097376520558877494, "threshold_error": 44.827423248473806}, "pertu": {"sample_sd": 1.5477582354991866, "sample_mean": 1.7333333333334333, "daily_article_count": 0, "30_day_error_count": 0, "threshold_warn": 4.8288498043318064, "30_day_warn_count": 0, "daily_sd": -1.1198992798603296, "threshold_error": 6.3766080398309928}, "moldf": {"sample_sd": 0.45825756949558394, "sample_mean": 0.30000000000009996, "daily_article_count": 0, "30_day_error_count": 6, "threshold_warn": 1.2165151389912678, "30_day_warn_count": 2, "daily_sd": -0.65465367070819536, "threshold_error": 1.6747727084868518}, "chole": {"sample_sd": 4.5820907406505551, "sample_mean": 4.9333333333334339, "daily_article_count": 6, "30_day_error_count": 0, "threshold_warn": 14.097514814634543, "30_day_warn_count": 0, "daily_sd": 0.23279038479170822, "threshold_error": 18.6796055552851}, "hepat": {"sample_sd": 1.6878651868229551, "sample_mean": 1.8666666666667666, "daily_article_count": 0, "30_day_error_count": 9, "threshold_warn": 5.2423970403126763, "30_day_warn_count": 12, "daily_sd": -1.1059335077467691, "threshold_error": 6.930262227135632}, "chiku": {"sample_sd": 2.6549743668986499, "sample_mean": 2.4666666666667667, "daily_article_count": 0, "30_day_error_count": 0, "threshold_warn": 7.7766154004640669, "30_day_warn_count": 0, "daily_sd": -0.92907362776091484, "threshold_error": 10.431589767362716}, "yello": {"sample_sd": 0.59628479399994394, "sample_mean": 0.33333333333343329, "daily_article_count": 0, "30_day_error_count": 0, "threshold_warn": 1.5259029213333211, "30_day_warn_count": 0, "daily_sd": -0.55901699437511498, "threshold_error": 2.1221877153332653}, "menin": {"sample_sd": 2.2891046284519194, "sample_mean": 3.6000000000001, "daily_article_count": 8, "30_day_error_count": 1, "threshold_warn": 8.1782092569039389, "30_day_warn_count": 0, "daily_sd": 1.9221489246542398, "threshold_error": 10.467313885355857}, "plagu": {"sample_sd": 0.73711147958319934, "sample_mean": 0.30000000000009996, "daily_article_count": 0, "30_day_error_count": 0, "threshold_warn": 1.7742229591664986, "30_day_warn_count": 0, "daily_sd": -0.40699406848165676, "threshold_error": 2.5113344387496976}, "westn": {"sample_sd": 0.42687494916218999, "sample_mean": 0.13333333333343333, "daily_article_count": 1, "30_day_error_count": 3, "threshold_warn": 0.98708323165781331, "30_day_warn_count": 0, "daily_sd": 2.0302589045516442, "threshold_error": 1.4139581808200035}, "swine": {"sample_sd": 9.7629685831490587, "sample_mean": 16.866666666666767, "daily_article_count": 47, "30_day_error_count": 14, "threshold_warn": 36.39260383296488, "30_day_warn_count": 22, "daily_sd": 3.0864929121398119, "threshold_error": 46.155572416113941}, "measl": {"sample_sd": 60.196677649185922, "sample_mean": 71.600000000000094, "daily_article_count": 19, "30_day_error_count": 0, "threshold_warn": 191.99335529837194, "30_day_warn_count": 0, "daily_sd": -0.87380237671158978, "threshold_error": 252.19003294755788}, "dengu": {"sample_sd": 2.5420901286583493, "sample_mean": 3.933333333333433, "daily_article_count": 9, "30_day_error_count": 0, "threshold_warn": 9.0175135906501325, "30_day_warn_count": 0, "daily_sd": 1.9931105547939896, "threshold_error": 11.55960371930848}, "ebola": {"sample_sd": 35.575725181958305, "sample_mean": 86.36666666666676, "daily_article_count": 52, "30_day_error_count": 0, "threshold_warn": 157.51811703058337, "30_day_warn_count": 0, "daily_sd": -0.96601450823257706, "threshold_error": 193.09384221254169}, "unkno": {"sample_sd": 21.910043359153811, "sample_mean": 58.500000000000099, "daily_article_count": 52, "30_day_error_count": 1, "threshold_warn": 102.32008671830772, "30_day_warn_count": 0, "daily_sd": -0.29666760094678046, "threshold_error": 124.23013007746154}, "mumps": {"sample_sd": 0.61553951042064625, "sample_mean": 0.43333333333343332, "daily_article_count": 0, "30_day_error_count": 0, "threshold_warn": 1.6644123541747258, "30_day_warn_count": 0, "daily_sd": -0.70398946939620954, "threshold_error": 2.2799518645953722}}