{"hemmo": {"sample_sd": 0.29999999999999999, "sample_mean": 0.10000000000000001, "daily_article_count": 0, "30_day_error_count": 7, "threshold_warn": 0.69999999999999996, "30_day_warn_count": 0, "daily_sd": -0.33333333333333337, "threshold_error": 0.99999999999999989}, "mersc": {"sample_sd": 0.74833147735478833, "sample_mean": 0.80000000000000004, "daily_article_count": 60, "30_day_error_count": 20, "threshold_warn": 2.2966629547095767, "30_day_warn_count": 2, "daily_sd": 79.109327606077613, "threshold_error": 3.0449944320643647}, "influ": {"sample_sd": 9.2393482213603981, "sample_mean": 18.966666666666665, "daily_article_count": 15, "30_day_error_count": 0, "threshold_warn": 37.445363109387458, "30_day_warn_count": 0, "daily_sd": -0.42932321324313227, "threshold_error": 46.684711330747859}, "pertu": {"sample_sd": 1.9347695814575268, "sample_mean": 2.2999999999999998, "daily_article_count": 0, "30_day_error_count": 0, "threshold_warn": 6.1695391629150533, "30_day_warn_count": 0, "daily_sd": -1.1887720491591214, "threshold_error": 8.104308744372581}, "moldf": {"sample_sd": 0.91954094827558153, "sample_mean": 0.56666666666666665, "daily_article_count": 0, "30_day_error_count": 0, "threshold_warn": 2.4057485632178297, "30_day_warn_count": 0, "daily_sd": -0.61624951855525167, "threshold_error": 3.3252895114934109}, "chole": {"sample_sd": 3.7541088600802897, "sample_mean": 4.7999999999999998, "daily_article_count": 3, "30_day_error_count": 5, "threshold_warn": 12.308217720160579, "30_day_warn_count": 0, "daily_sd": -0.47947464154289415, "threshold_error": 16.062326580240867}, "hepat": {"sample_sd": 2.7706798203088474, "sample_mean": 3.7000000000000002, "daily_article_count": 10, "30_day_error_count": 0, "threshold_warn": 9.241359640617695, "30_day_warn_count": 0, "daily_sd": 2.2738101868796012, "threshold_error": 12.012039460926541}, "chiku": {"sample_sd": 0.85374989832437975, "sample_mean": 0.73333333333333328, "daily_article_count": 3, "30_day_error_count": 3, "threshold_warn": 2.4408331299820927, "30_day_warn_count": 0, "daily_sd": 2.6549539521063035, "threshold_error": 3.2945830283064725}, "yello": {"sample_sd": 0.47609522856952335, "sample_mean": 0.20000000000000001, "daily_article_count": 0, "30_day_error_count": 2, "threshold_warn": 1.1521904571390467, "30_day_warn_count": 0, "daily_sd": -0.42008402520840293, "threshold_error": 1.6282856857085701}, "menin": {"sample_sd": 4.4716390233957339, "sample_mean": 4.0666666666666664, "daily_article_count": 7, "30_day_error_count": 0, "threshold_warn": 13.009944713458134, "30_day_warn_count": 0, "daily_sd": 0.65598616480133032, "threshold_error": 17.481583736853867}, "plagu": {"sample_sd": 1.3840359661351129, "sample_mean": 0.53333333333333333, "daily_article_count": 0, "30_day_error_count": 0, "threshold_warn": 3.3014052656035591, "30_day_warn_count": 0, "daily_sd": -0.38534644068727042, "threshold_error": 4.6854412317386718}, "westn": {"sample_sd": 1.2151817422372124, "sample_mean": 1.3, "daily_article_count": 1, "30_day_error_count": 4, "threshold_warn": 3.7303634844744247, "30_day_warn_count": 3, "daily_sd": -0.24687665192178129, "threshold_error": 4.9455452267116371}, "swine": {"sample_sd": 2.6602004936971699, "sample_mean": 2.7000000000000002, "daily_article_count": 5, "30_day_error_count": 0, "threshold_warn": 8.0204009873943392, "30_day_warn_count": 0, "daily_sd": 0.86459648641123277, "threshold_error": 10.680601481091511}, "measl": {"sample_sd": 7.2633784609275773, "sample_mean": 10.9, "daily_article_count": 7, "30_day_error_count": 0, "threshold_warn": 25.426756921855155, "30_day_warn_count": 0, "daily_sd": -0.53694021604127551, "threshold_error": 32.690135382782735}, "dengu": {"sample_sd": 2.0387904911164032, "sample_mean": 3.1000000000000001, "daily_article_count": 8, "30_day_error_count": 1, "threshold_warn": 7.1775809822328061, "30_day_warn_count": 1, "daily_sd": 2.4033857433369001, "threshold_error": 9.2163714733492093}, "ebola": {"sample_sd": 23.872555139508819, "sample_mean": 51.633333333333333, "daily_article_count": 50, "30_day_error_count": 0, "threshold_warn": 99.378443612350964, "30_day_warn_count": 0, "daily_sd": -0.068418873630757021, "threshold_error": 123.25099875185978}, "unkno": {"sample_sd": 24.143575174820782, "sample_mean": 62.43333333333333, "daily_article_count": 227, "30_day_error_count": 6, "threshold_warn": 110.7204836829749, "30_day_warn_count": 1, "daily_sd": 6.8161680892352861, "threshold_error": 134.86405885779567}, "mumps": {"sample_sd": 0.54160256030906406, "sample_mean": 0.20000000000000001, "daily_article_count": 0, "30_day_error_count": 3, "threshold_warn": 1.2832051206181281, "30_day_warn_count": 0, "daily_sd": -0.3692744729379982, "threshold_error": 1.824807680927192}}