{"hemmo": {"sample_sd": 0.37267799624996495, "sample_mean": 0.16666666666666666, "daily_article_count": 0, "30_day_error_count": 0, "threshold_warn": 0.91202265916659653, "30_day_warn_count": 0, "daily_sd": -0.44721359549995793, "threshold_error": 1.2847006554165616}, "mersc": {"sample_sd": 22.730816087417541, "sample_mean": 37.100000000000001, "daily_article_count": 16, "30_day_error_count": 0, "threshold_warn": 82.561632174835083, "30_day_warn_count": 0, "daily_sd": -0.9282552777187677, "threshold_error": 105.29244826225263}, "influ": {"sample_sd": 5.8742375391761836, "sample_mean": 6.5999999999999996, "daily_article_count": 1, "30_day_error_count": 0, "threshold_warn": 18.348475078352365, "30_day_warn_count": 0, "daily_sd": -0.95331521114914874, "threshold_error": 24.222712617528551}, "pertu": {"sample_sd": 2.0483055327649624, "sample_mean": 2.0666666666666669, "daily_article_count": 0, "30_day_error_count": 0, "threshold_warn": 6.1632777321965921, "30_day_warn_count": 0, "daily_sd": -1.008964060101385, "threshold_error": 8.2115832649615541}, "moldf": {"sample_sd": 1.1930353445448854, "sample_mean": 0.90000000000000002, "daily_article_count": 0, "30_day_error_count": 0, "threshold_warn": 3.2860706890897706, "30_day_warn_count": 0, "daily_sd": -0.75437832090660206, "threshold_error": 4.4791060336346566}, "chole": {"sample_sd": 1.9439364415764444, "sample_mean": 1.5666666666666667, "daily_article_count": 4, "30_day_error_count": 11, "threshold_warn": 5.4545395498195557, "30_day_warn_count": 5, "daily_sd": 1.2517556033673665, "threshold_error": 7.3984759913959994}, "hepat": {"sample_sd": 2.3055488621054105, "sample_mean": 2.4666666666666668, "daily_article_count": 1, "30_day_error_count": 3, "threshold_warn": 7.0777643908774879, "30_day_warn_count": 0, "daily_sd": -0.63614642516286446, "threshold_error": 9.383313252982898}, "chiku": {"sample_sd": 2.1676920650518814, "sample_mean": 1.9666666666666666, "daily_article_count": 7, "30_day_error_count": 4, "threshold_warn": 6.3020507967704296, "30_day_warn_count": 5, "daily_sd": 2.3219780219165336, "threshold_error": 8.4697428618223114}, "yello": {"sample_sd": 0.69041050590693265, "sample_mean": 0.29999999999999999, "daily_article_count": 0, "30_day_error_count": 0, "threshold_warn": 1.6808210118138653, "30_day_warn_count": 0, "daily_sd": -0.4345240946267408, "threshold_error": 2.3712315177207977}, "menin": {"sample_sd": 1.6549588783075213, "sample_mean": 1.8333333333333333, "daily_article_count": 2, "30_day_error_count": 0, "threshold_warn": 5.1432510899483761, "30_day_warn_count": 0, "daily_sd": 0.10070743681384514, "threshold_error": 6.7982099682558967}, "plagu": {"sample_sd": 0.24944382578492943, "sample_mean": 0.066666666666666666, "daily_article_count": 0, "30_day_error_count": 0, "threshold_warn": 0.56555431823652558, "30_day_warn_count": 0, "daily_sd": -0.2672612419124244, "threshold_error": 0.81499814402145498}, "westn": {"sample_sd": 0.66749947981669289, "sample_mean": 0.43333333333333335, "daily_article_count": 2, "30_day_error_count": 6, "threshold_warn": 1.7683322929667191, "30_day_warn_count": 0, "daily_sd": 2.3470679963629348, "threshold_error": 2.4358317727834118}, "swine": {"sample_sd": 2.1962088546705512, "sample_mean": 1.8999999999999999, "daily_article_count": 0, "30_day_error_count": 2, "threshold_warn": 6.2924177093411018, "30_day_warn_count": 0, "daily_sd": -0.86512719223373458, "threshold_error": 8.4886265640116534}, "measl": {"sample_sd": 10.310943485227506, "sample_mean": 12.133333333333333, "daily_article_count": 4, "30_day_error_count": 0, "threshold_warn": 32.755220303788349, "30_day_warn_count": 0, "daily_sd": -0.78880592692472451, "threshold_error": 43.066163789015853}, "dengu": {"sample_sd": 2.8565713714171403, "sample_mean": 3.7999999999999998, "daily_article_count": 1, "30_day_error_count": 0, "threshold_warn": 9.5131427428342796, "30_day_warn_count": 0, "daily_sd": -0.9801960588196067, "threshold_error": 12.369714114251423}, "ebola": {"sample_sd": 10.595386836837163, "sample_mean": 12.266666666666667, "daily_article_count": 6, "30_day_error_count": 0, "threshold_warn": 33.457440340340995, "30_day_warn_count": 0, "daily_sd": -0.59145237103370685, "threshold_error": 44.052827177178152}, "unkno": {"sample_sd": 20.406426003154554, "sample_mean": 51.666666666666664, "daily_article_count": 76, "30_day_error_count": 2, "threshold_warn": 92.479518672975772, "30_day_warn_count": 0, "daily_sd": 1.1924348403572353, "threshold_error": 112.88594467613032}, "mumps": {"sample_sd": 2.5245461638348652, "sample_mean": 2.6000000000000001, "daily_article_count": 1, "30_day_error_count": 0, "threshold_warn": 7.6490923276697309, "30_day_warn_count": 0, "daily_sd": -0.63377727962381547, "threshold_error": 10.173638491504596}}