{"hemmo": {"sample_sd": 0.83599574693229672, "sample_mean": 0.36666666666666664, "daily_article_count": 0, "30_day_error_count": 0, "threshold_warn": 2.0386581605312601, "30_day_warn_count": 0, "daily_sd": -0.43859872255589505, "threshold_error": 2.8746539074635566}, "mersc": {"sample_sd": 2.3323807579381204, "sample_mean": 2.6000000000000001, "daily_article_count": 0, "30_day_error_count": 1, "threshold_warn": 7.2647615158762413, "30_day_warn_count": 0, "daily_sd": -1.1147408034263073, "threshold_error": 9.5971422738143612}, "influ": {"sample_sd": 12.000925890206233, "sample_mean": 11.666666666666666, "daily_article_count": 28, "30_day_error_count": 1, "threshold_warn": 35.66851844707913, "30_day_warn_count": 0, "daily_sd": 1.3610060992596174, "threshold_error": 47.669444337285363}, "pertu": {"sample_sd": 1.2565384549980512, "sample_mean": 1.5666666666666667, "daily_article_count": 2, "30_day_error_count": 4, "threshold_warn": 4.0797435766627688, "30_day_warn_count": 0, "daily_sd": 0.34486277090023915, "threshold_error": 5.3362820316608204}, "moldf": {"sample_sd": 0.78881063774661553, "sample_mean": 0.66666666666666663, "daily_article_count": 0, "30_day_error_count": 0, "threshold_warn": 2.2442879421598976, "30_day_warn_count": 0, "daily_sd": -0.84515425472851646, "threshold_error": 3.0330985799065133}, "chole": {"sample_sd": 2.7139557025779837, "sample_mean": 2.6333333333333333, "daily_article_count": 0, "30_day_error_count": 0, "threshold_warn": 8.0612447384893002, "30_day_warn_count": 0, "daily_sd": -0.97029341003316039, "threshold_error": 10.775200441067284}, "hepat": {"sample_sd": 2.9393876913398134, "sample_mean": 2.3999999999999999, "daily_article_count": 2, "30_day_error_count": 0, "threshold_warn": 8.2787753826796262, "30_day_warn_count": 0, "daily_sd": -0.13608276348795431, "threshold_error": 11.21816307401944}, "chiku": {"sample_sd": 1.4079141387961918, "sample_mean": 2.1333333333333333, "daily_article_count": 1, "30_day_error_count": 0, "threshold_warn": 4.9491616109257173, "30_day_warn_count": 0, "daily_sd": -0.80497333047764319, "threshold_error": 6.3570757497219077}, "yello": {"sample_sd": 0.66749947981669289, "sample_mean": 0.23333333333333334, "daily_article_count": 0, "30_day_error_count": 0, "threshold_warn": 1.5683322929667192, "30_day_warn_count": 0, "daily_sd": -0.3495633186072456, "threshold_error": 2.2358317727834121}, "menin": {"sample_sd": 2.9166190472303146, "sample_mean": 2.3999999999999999, "daily_article_count": 1, "30_day_error_count": 1, "threshold_warn": 8.2332380944606296, "30_day_warn_count": 0, "daily_sd": -0.48000783692661908, "threshold_error": 11.149857141690944}, "plagu": {"sample_sd": 2.0154955277107964, "sample_mean": 0.73333333333333328, "daily_article_count": 0, "30_day_error_count": 1, "threshold_warn": 4.7643243887549263, "30_day_warn_count": 0, "daily_sd": -0.36384766091059234, "threshold_error": 6.7798199164657227}, "westn": {"sample_sd": 1.6110727964792761, "sample_mean": 0.73333333333333328, "daily_article_count": 1, "30_day_error_count": 0, "threshold_warn": 3.9554789262918857, "30_day_warn_count": 0, "daily_sd": 0.16552117772047364, "threshold_error": 5.5665517227711616}, "swine": {"sample_sd": 1.4313940369055926, "sample_mean": 1.1333333333333333, "daily_article_count": 2, "30_day_error_count": 4, "threshold_warn": 3.9961214071445186, "30_day_warn_count": 0, "daily_sd": 0.60547036268240895, "threshold_error": 5.4275154440501119}, "measl": {"sample_sd": 2.5113077602449816, "sample_mean": 2.3999999999999999, "daily_article_count": 0, "30_day_error_count": 0, "threshold_warn": 7.4226155204899626, "30_day_warn_count": 0, "daily_sd": -0.95567737176341805, "threshold_error": 9.9339232807349447}, "dengu": {"sample_sd": 3.2195582857832465, "sample_mean": 6.9666666666666668, "daily_article_count": 3, "30_day_error_count": 0, "threshold_warn": 13.405783238233159, "30_day_warn_count": 0, "daily_sd": -1.2320530689512477, "threshold_error": 16.625341524016406}, "ebola": {"sample_sd": 336.21583841336212, "sample_mean": 528.10000000000002, "daily_article_count": 128, "30_day_error_count": 0, "threshold_warn": 1200.5316768267244, "30_day_warn_count": 0, "daily_sd": -1.190009375787036, "threshold_error": 1536.7475152400864}, "unkno": {"sample_sd": 49.279802037841918, "sample_mean": 57.966666666666669, "daily_article_count": 60, "30_day_error_count": 0, "threshold_warn": 156.5262707423505, "30_day_warn_count": 0, "daily_sd": 0.041260988259894722, "threshold_error": 205.80607278019241}, "mumps": {"sample_sd": 0.64031242374328479, "sample_mean": 0.29999999999999999, "daily_article_count": 0, "30_day_error_count": 1, "threshold_warn": 1.5806248474865696, "30_day_warn_count": 0, "daily_sd": -0.46852128566581824, "threshold_error": 2.2209372712298543}}