{"hemmo": {"sample_sd": 0.83599574693229672, "sample_mean": 0.36666666666666664, "daily_article_count": 0, "30_day_error_count": 0, "threshold_warn": 2.0386581605312601, "30_day_warn_count": 0, "daily_sd": -0.43859872255589505, "threshold_error": 2.8746539074635566}, "mersc": {"sample_sd": 1.6248076809271919, "sample_mean": 1.3999999999999999, "daily_article_count": 0, "30_day_error_count": 1, "threshold_warn": 4.6496153618543836, "30_day_warn_count": 0, "daily_sd": -0.86164043685532921, "threshold_error": 6.2744230427815761}, "influ": {"sample_sd": 14.034243834279065, "sample_mean": 16.199999999999999, "daily_article_count": 20, "30_day_error_count": 1, "threshold_warn": 44.26848766855813, "30_day_warn_count": 0, "daily_sd": 0.27076628031204542, "threshold_error": 58.30273150283719}, "pertu": {"sample_sd": 1.2310790208412927, "sample_mean": 1.1333333333333333, "daily_article_count": 1, "30_day_error_count": 5, "threshold_warn": 3.5954913750159188, "30_day_warn_count": 0, "daily_sd": -0.10830607221477642, "threshold_error": 4.8265703958572121}, "moldf": {"sample_sd": 0.88254681965824844, "sample_mean": 0.76666666666666672, "daily_article_count": 0, "30_day_error_count": 0, "threshold_warn": 2.5317603059831635, "30_day_warn_count": 0, "daily_sd": -0.86869801079057274, "threshold_error": 3.4143071256414119}, "chole": {"sample_sd": 2.2110831935702664, "sample_mean": 2.6666666666666665, "daily_article_count": 1, "30_day_error_count": 0, "threshold_warn": 7.0888330538071997, "30_day_warn_count": 0, "daily_sd": -0.75377836144440902, "threshold_error": 9.2999162473774657}, "hepat": {"sample_sd": 2.9786275736020142, "sample_mean": 2.1666666666666665, "daily_article_count": 0, "30_day_error_count": 0, "threshold_warn": 8.1239218138706946, "30_day_warn_count": 0, "daily_sd": -0.72740435422967153, "threshold_error": 11.102549387472708}, "chiku": {"sample_sd": 1.3597385369580761, "sample_mean": 2.1333333333333333, "daily_article_count": 1, "30_day_error_count": 0, "threshold_warn": 4.8528104072494855, "30_day_warn_count": 0, "daily_sd": -0.83349357433728199, "threshold_error": 6.2125489442075619}, "yello": {"sample_sd": 0.58214163988576628, "sample_mean": 0.16666666666666666, "daily_article_count": 0, "30_day_error_count": 0, "threshold_warn": 1.3309499464381993, "30_day_warn_count": 0, "daily_sd": -0.28629916715693399, "threshold_error": 1.9130915863239657}, "menin": {"sample_sd": 1.1756794725698934, "sample_mean": 1.1333333333333333, "daily_article_count": 2, "30_day_error_count": 2, "threshold_warn": 3.48469227847312, "30_day_warn_count": 0, "daily_sd": 0.7371623702608654, "threshold_error": 4.660371751043014}, "plagu": {"sample_sd": 3.5080858978460987, "sample_mean": 1.6000000000000001, "daily_article_count": 0, "30_day_error_count": 0, "threshold_warn": 8.6161717956921979, "30_day_warn_count": 0, "daily_sd": -0.45608917415117206, "threshold_error": 12.124257693538295}, "westn": {"sample_sd": 0.33993463423951903, "sample_mean": 0.13333333333333333, "daily_article_count": 0, "30_day_error_count": 0, "threshold_warn": 0.81320260181237136, "30_day_warn_count": 0, "daily_sd": -0.39223227027636803, "threshold_error": 1.1531372360518903}, "swine": {"sample_sd": 2.9280255007996998, "sample_mean": 1.6000000000000001, "daily_article_count": 8, "30_day_error_count": 3, "threshold_warn": 7.4560510015994002, "30_day_warn_count": 2, "daily_sd": 2.1857733131941774, "threshold_error": 10.384076502399099}, "measl": {"sample_sd": 2.5342103744997622, "sample_mean": 2.6666666666666665, "daily_article_count": 4, "30_day_error_count": 0, "threshold_warn": 7.7350874156661913, "30_day_warn_count": 0, "daily_sd": 0.52613364176465638, "threshold_error": 10.269297790165952}, "dengu": {"sample_sd": 3.0075830089218742, "sample_mean": 5.5666666666666664, "daily_article_count": 0, "30_day_error_count": 0, "threshold_warn": 11.581832684510415, "30_day_warn_count": 0, "daily_sd": -1.8508771495760461, "threshold_error": 14.58941569343229}, "ebola": {"sample_sd": 118.34075094122622, "sample_mean": 277.0, "daily_article_count": 139, "30_day_error_count": 0, "threshold_warn": 513.68150188245249, "30_day_warn_count": 0, "daily_sd": -1.1661240857643156, "threshold_error": 632.02225282367863}, "unkno": {"sample_sd": 48.755637850634493, "sample_mean": 62.43333333333333, "daily_article_count": 36, "30_day_error_count": 0, "threshold_warn": 159.94460903460231, "30_day_warn_count": 0, "daily_sd": -0.54215952243950249, "threshold_error": 208.70024688523682}, "mumps": {"sample_sd": 0.70632067001390297, "sample_mean": 0.36666666666666664, "daily_article_count": 0, "30_day_error_count": 1, "threshold_warn": 1.7793080066944726, "30_day_warn_count": 0, "daily_sd": -0.51912209600130954, "threshold_error": 2.4856286767083757}}