{"hemmo": {"sample_sd": 1.6224124698183944, "sample_mean": 0.6333333333333333, "daily_article_count": 0, "30_day_error_count": 0, "threshold_warn": 3.8781582729701221, "30_day_warn_count": 0, "daily_sd": -0.39036517847044522, "threshold_error": 5.5005707427885167}, "mersc": {"sample_sd": 8.8895069229588497, "sample_mean": 5.0999999999999996, "daily_article_count": 13, "30_day_error_count": 18, "threshold_warn": 22.879013845917697, "30_day_warn_count": 8, "daily_sd": 0.88868821054593494, "threshold_error": 31.768520768876549}, "influ": {"sample_sd": 5.347896782848375, "sample_mean": 14.0, "daily_article_count": 9, "30_day_error_count": 0, "threshold_warn": 24.69579356569675, "30_day_warn_count": 0, "daily_sd": -0.93494699000845716, "threshold_error": 30.043690348545127}, "pertu": {"sample_sd": 1.4456832294800961, "sample_mean": 1.1000000000000001, "daily_article_count": 5, "30_day_error_count": 0, "threshold_warn": 3.9913664589601923, "30_day_warn_count": 0, "daily_sd": 2.6976864090776909, "threshold_error": 5.4370496884402879}, "moldf": {"sample_sd": 0.76084748070088859, "sample_mean": 0.56666666666666665, "daily_article_count": 0, "30_day_error_count": 1, "threshold_warn": 2.0883616280684438, "30_day_warn_count": 0, "daily_sd": -0.74478352237514989, "threshold_error": 2.8492091087693323}, "chole": {"sample_sd": 7.9207884007142173, "sample_mean": 8.8333333333333339, "daily_article_count": 3, "30_day_error_count": 0, "threshold_warn": 24.674910134761767, "30_day_warn_count": 0, "daily_sd": -0.73645867535198173, "threshold_error": 32.595698535475989}, "hepat": {"sample_sd": 2.1241991955139761, "sample_mean": 2.5666666666666669, "daily_article_count": 1, "30_day_error_count": 1, "threshold_warn": 6.8150650576946195, "30_day_warn_count": 0, "daily_sd": -0.73753284059953361, "threshold_error": 8.9392642532085951}, "chiku": {"sample_sd": 1.2671051872498809, "sample_mean": 1.1666666666666667, "daily_article_count": 1, "30_day_error_count": 0, "threshold_warn": 3.7008770411664287, "30_day_warn_count": 0, "daily_sd": -0.13153341044116415, "threshold_error": 4.9679822284163091}, "yello": {"sample_sd": 0.69041050590693265, "sample_mean": 0.29999999999999999, "daily_article_count": 3, "30_day_error_count": 3, "threshold_warn": 1.6808210118138653, "30_day_warn_count": 0, "daily_sd": 3.9107168516406676, "threshold_error": 2.3712315177207977}, "menin": {"sample_sd": 2.3853720883753127, "sample_mean": 2.8999999999999999, "daily_article_count": 1, "30_day_error_count": 4, "threshold_warn": 7.6707441767506257, "30_day_warn_count": 1, "daily_sd": -0.79652143548560517, "threshold_error": 10.056116265125938}, "plagu": {"sample_sd": 1.3034143197344772, "sample_mean": 0.36666666666666664, "daily_article_count": 1, "30_day_error_count": 1, "threshold_warn": 2.9734953061356211, "30_day_warn_count": 0, "daily_sd": 0.48590331082318605, "threshold_error": 4.2769096258700978}, "westn": {"sample_sd": 1.8073922282301278, "sample_mean": 2.0, "daily_article_count": 4, "30_day_error_count": 1, "threshold_warn": 5.6147844564602556, "30_day_warn_count": 0, "daily_sd": 1.1065666703449764, "threshold_error": 7.4221766846903829}, "swine": {"sample_sd": 2.0245712852080282, "sample_mean": 1.3666666666666667, "daily_article_count": 1, "30_day_error_count": 1, "threshold_warn": 5.4158092370827227, "30_day_warn_count": 0, "daily_sd": -0.18110830146886681, "threshold_error": 7.4403805222907522}, "measl": {"sample_sd": 4.0193974119954294, "sample_mean": 5.333333333333333, "daily_article_count": 4, "30_day_error_count": 0, "threshold_warn": 13.372128157324191, "30_day_warn_count": 0, "daily_sd": -0.33172468324584004, "threshold_error": 17.391525569319622}, "dengu": {"sample_sd": 2.6948510575210318, "sample_mean": 4.7333333333333334, "daily_article_count": 6, "30_day_error_count": 3, "threshold_warn": 10.123035448375397, "30_day_warn_count": 3, "daily_sd": 0.47003216119552871, "threshold_error": 12.817886505896428}, "ebola": {"sample_sd": 22.544893484384044, "sample_mean": 46.833333333333336, "daily_article_count": 30, "30_day_error_count": 0, "threshold_warn": 91.923120302101424, "30_day_warn_count": 0, "daily_sd": -0.74665836611705971, "threshold_error": 114.46801378648547}, "unkno": {"sample_sd": 22.674116422819118, "sample_mean": 62.533333333333331, "daily_article_count": 68, "30_day_error_count": 15, "threshold_warn": 107.88156617897157, "30_day_warn_count": 4, "daily_sd": 0.24109723019526541, "threshold_error": 130.55568260179069}, "mumps": {"sample_sd": 0.76084748070088859, "sample_mean": 0.43333333333333335, "daily_article_count": 0, "30_day_error_count": 0, "threshold_warn": 1.9550282947351105, "30_day_warn_count": 0, "daily_sd": -0.56954034063982051, "threshold_error": 2.7158757754359995}}