{"hemmo": {"sample_sd": 0.17950549357115014, "sample_mean": 0.033333333333433336, "daily_article_count": 1, "30_day_error_count": 8, "threshold_warn": 0.39234432047573364, "30_day_warn_count": 0, "daily_sd": 5.3851648071339469, "threshold_error": 0.57184981404688373}, "mersc": {"sample_sd": 4.5118362854459457, "sample_mean": 6.1000000000001, "daily_article_count": 0, "30_day_error_count": 1, "threshold_warn": 15.123672570891991, "30_day_warn_count": 0, "daily_sd": -1.351999410899986, "threshold_error": 19.635508856337939}, "influ": {"sample_sd": 2.6265736024122552, "sample_mean": 2.6333333333334332, "daily_article_count": 0, "30_day_error_count": 2, "threshold_warn": 7.8864805381579437, "30_day_warn_count": 0, "daily_sd": -1.002573592803556, "threshold_error": 10.513054140570198}, "pertu": {"sample_sd": 3.6394444020420971, "sample_mean": 2.5666666666667668, "daily_article_count": 3, "30_day_error_count": 0, "threshold_warn": 9.8455554707509609, "30_day_warn_count": 0, "daily_sd": 0.11906579286939767, "threshold_error": 13.484999872793058}, "moldf": {"sample_sd": 0.67986926847903806, "sample_mean": 0.26666666666676664, "daily_article_count": 0, "30_day_error_count": 0, "threshold_warn": 1.6264052036248429, "30_day_warn_count": 0, "daily_sd": -0.39223227027651508, "threshold_error": 2.3062744721038806}, "chole": {"sample_sd": 2.5753101215624929, "sample_mean": 3.3666666666667666, "daily_article_count": 2, "30_day_error_count": 5, "threshold_warn": 8.5172869097917534, "30_day_warn_count": 3, "daily_sd": -0.53068042377652835, "threshold_error": 11.092597031354245}, "hepat": {"sample_sd": 1.5423647068345701, "sample_mean": 1.5666666666667666, "daily_article_count": 0, "30_day_error_count": 6, "threshold_warn": 4.6513960803359069, "30_day_warn_count": 4, "daily_sd": -1.0157562992232052, "threshold_error": 6.1937607871704765}, "chiku": {"sample_sd": 6.685057965343308, "sample_mean": 11.100000000000099, "daily_article_count": 10, "30_day_error_count": 1, "threshold_warn": 24.470115930686717, "30_day_warn_count": 0, "daily_sd": -0.16454606761866861, "threshold_error": 31.155173896030021}, "yello": {"sample_sd": 0.86216781042517088, "sample_mean": 0.30000000000009996, "daily_article_count": 1, "30_day_error_count": 0, "threshold_warn": 2.0243356208504419, "30_day_warn_count": 0, "daily_sd": 0.81190690667829601, "threshold_error": 2.8865034312756128}, "menin": {"sample_sd": 1.7729448195962931, "sample_mean": 1.3000000000001, "daily_article_count": 0, "30_day_error_count": 1, "threshold_warn": 4.845889639192686, "30_day_warn_count": 0, "daily_sd": -0.73324335062842805, "threshold_error": 6.6188344587889798}, "plagu": {"sample_sd": 0.17950549357115009, "sample_mean": 0.033333333333433336, "daily_article_count": 0, "30_day_error_count": 12, "threshold_warn": 0.39234432047573353, "30_day_warn_count": 0, "daily_sd": -0.18569533817760903, "threshold_error": 0.57184981404688362}, "westn": {"sample_sd": 1.9689252567496478, "sample_mean": 3.3000000000000997, "daily_article_count": 6, "30_day_error_count": 1, "threshold_warn": 7.2378505134993958, "30_day_warn_count": 0, "daily_sd": 1.3713064986819914, "threshold_error": 9.2067757702490436}, "swine": {"sample_sd": 1.9405039437103841, "sample_mean": 1.3666666666667666, "daily_article_count": 0, "30_day_error_count": 0, "threshold_warn": 5.2476745540875349, "30_day_warn_count": 0, "daily_sd": -0.70428440565475015, "threshold_error": 7.1881784977979191}, "measl": {"sample_sd": 4.1366921836441035, "sample_mean": 6.4333333333334339, "daily_article_count": 3, "30_day_error_count": 1, "threshold_warn": 14.706717700621642, "30_day_warn_count": 0, "daily_sd": -0.82997070628275149, "threshold_error": 18.843409884265743}, "dengu": {"sample_sd": 3.0457620830699605, "sample_mean": 4.7000000000001005, "daily_article_count": 3, "30_day_error_count": 1, "threshold_warn": 10.791524166140022, "30_day_warn_count": 2, "daily_sd": -0.55815259157950847, "threshold_error": 13.837286249209983}, "ebola": {"sample_sd": 17.898975762130451, "sample_mean": 24.600000000000101, "daily_article_count": 516, "30_day_error_count": 15, "threshold_warn": 60.397951524261003, "30_day_warn_count": 13, "daily_sd": 27.454084889017714, "threshold_error": 78.296927286391451}, "unkno": {"sample_sd": 69.084843168060786, "sample_mean": 64.466666666666768, "daily_article_count": 39, "30_day_error_count": 0, "threshold_warn": 202.63635300278833, "30_day_warn_count": 5, "daily_sd": -0.36862885545986857, "threshold_error": 271.72119617084911}, "mumps": {"sample_sd": 0.45338235029118146, "sample_mean": 0.16666666666676666, "daily_article_count": 0, "30_day_error_count": 1, "threshold_warn": 1.0734313672491296, "30_day_warn_count": 0, "daily_sd": -0.36760731104712441, "threshold_error": 1.5268137175403111}}