{"hemmo": {"sample_sd": 0.9285592184789413, "sample_mean": 0.26666666666666666, "daily_article_count": 0, "30_day_error_count": 0, "threshold_warn": 2.1237851036245492, "30_day_warn_count": 0, "daily_sd": -0.28718326344709522, "threshold_error": 3.0523443221034903}, "mersc": {"sample_sd": 5.0578871302375088, "sample_mean": 4.8666666666666663, "daily_article_count": 0, "30_day_error_count": 0, "threshold_warn": 14.982440927141685, "30_day_warn_count": 0, "daily_sd": -0.96219360799341069, "threshold_error": 20.040328057379192}, "influ": {"sample_sd": 7.5487305776092803, "sample_mean": 5.5, "daily_article_count": 6, "30_day_error_count": 0, "threshold_warn": 20.597461155218561, "30_day_warn_count": 0, "daily_sd": 0.066236302231143143, "threshold_error": 28.146191732827841}, "pertu": {"sample_sd": 1.5438048235879214, "sample_mean": 1.5, "daily_article_count": 2, "30_day_error_count": 1, "threshold_warn": 4.5876096471758423, "30_day_warn_count": 0, "daily_sd": 0.32387513781564786, "threshold_error": 6.1314144707637643}, "moldf": {"sample_sd": 0.45338235029118146, "sample_mean": 0.16666666666666666, "daily_article_count": 0, "30_day_error_count": 2, "threshold_warn": 1.0734313672490297, "30_day_warn_count": 0, "daily_sd": -0.36760731104690386, "threshold_error": 1.5268137175402112}, "chole": {"sample_sd": 5.0178570016381387, "sample_mean": 4.5666666666666664, "daily_article_count": 5, "30_day_error_count": 1, "threshold_warn": 14.602380669942944, "30_day_warn_count": 3, "daily_sd": 0.086358246795766952, "threshold_error": 19.620237671581084}, "hepat": {"sample_sd": 2.4166091947189146, "sample_mean": 2.3999999999999999, "daily_article_count": 2, "30_day_error_count": 2, "threshold_warn": 7.2332183894378286, "30_day_warn_count": 0, "daily_sd": -0.16552117772047353, "threshold_error": 9.6498275841567445}, "chiku": {"sample_sd": 9.2868485265753939, "sample_mean": 10.766666666666667, "daily_article_count": 4, "30_day_error_count": 0, "threshold_warn": 29.340363719817454, "30_day_warn_count": 0, "daily_sd": -0.72862894740913087, "threshold_error": 38.627212246392851}, "yello": {"sample_sd": 0.17950549357115012, "sample_mean": 0.033333333333333333, "daily_article_count": 0, "30_day_error_count": 9, "threshold_warn": 0.39234432047563356, "30_day_warn_count": 0, "daily_sd": -0.18569533817705189, "threshold_error": 0.5718498140467837}, "menin": {"sample_sd": 1.1967548714010827, "sample_mean": 1.0333333333333334, "daily_article_count": 2, "30_day_error_count": 2, "threshold_warn": 3.4268430761354987, "30_day_warn_count": 0, "daily_sd": 0.80773990544526142, "threshold_error": 4.6235979475365818}, "plagu": {"sample_sd": 5.576139644353729, "sample_mean": 1.8, "daily_article_count": 0, "30_day_error_count": 0, "threshold_warn": 12.952279288707459, "30_day_warn_count": 0, "daily_sd": -0.32280396740469702, "threshold_error": 18.528418933061186}, "westn": {"sample_sd": 2.2793761329705013, "sample_mean": 3.9333333333333331, "daily_article_count": 9, "30_day_error_count": 0, "threshold_warn": 8.4920855992743363, "30_day_warn_count": 0, "daily_sd": 2.222830446181669, "threshold_error": 10.771461732244838}, "swine": {"sample_sd": 1.948218559493661, "sample_mean": 1.7333333333333334, "daily_article_count": 0, "30_day_error_count": 0, "threshold_warn": 5.6297704523206553, "30_day_warn_count": 0, "daily_sd": -0.8897016840779014, "threshold_error": 7.5779890118143163}, "measl": {"sample_sd": 5.7754268721502795, "sample_mean": 6.333333333333333, "daily_article_count": 3, "30_day_error_count": 0, "threshold_warn": 17.884187077633893, "30_day_warn_count": 0, "daily_sd": -0.5771579152715135, "threshold_error": 23.65961394978417}, "dengu": {"sample_sd": 4.2058160788233341, "sample_mean": 6.666666666666667, "daily_article_count": 9, "30_day_error_count": 0, "threshold_warn": 15.078298824313336, "30_day_warn_count": 0, "daily_sd": 0.55478729682971117, "threshold_error": 19.284114903136668}, "ebola": {"sample_sd": 17.48205429067826, "sample_mean": 34.666666666666664, "daily_article_count": 453, "30_day_error_count": 28, "threshold_warn": 69.630775248023184, "30_day_warn_count": 0, "daily_sd": 23.929300663274798, "threshold_error": 87.112829538701448}, "unkno": {"sample_sd": 74.383099932414453, "sample_mean": 88.566666666666663, "daily_article_count": 49, "30_day_error_count": 0, "threshold_warn": 237.33286653149557, "30_day_warn_count": 0, "daily_sd": -0.53193086470740669, "threshold_error": 311.71596646391004}, "mumps": {"sample_sd": 0.39581140290126382, "sample_mean": 0.10000000000000001, "daily_article_count": 0, "30_day_error_count": 1, "threshold_warn": 0.89162280580252762, "30_day_warn_count": 0, "daily_sd": -0.25264557631995577, "threshold_error": 1.2874342087037915}}