{"hemmo": {"sample_sd": 0.37267799624996495, "sample_mean": 0.16666666666676666, "daily_article_count": 0, "30_day_error_count": 0, "threshold_warn": 0.91202265916669656, "30_day_warn_count": 0, "daily_sd": -0.44721359550022627, "threshold_error": 1.2847006554166616}, "mersc": {"sample_sd": 22.202702538204669, "sample_mean": 39.200000000000102, "daily_article_count": 13, "30_day_error_count": 0, "threshold_warn": 83.60540507640944, "30_day_warn_count": 0, "daily_sd": -1.1800365273064033, "threshold_error": 105.8081076146141}, "influ": {"sample_sd": 5.855671514770008, "sample_mean": 6.6666666666667673, "daily_article_count": 0, "30_day_error_count": 0, "threshold_warn": 18.378009696206782, "30_day_warn_count": 0, "daily_sd": -1.1384973781147307, "threshold_error": 24.233681210976791}, "pertu": {"sample_sd": 2.0223748416156684, "sample_mean": 2.1000000000001, "daily_article_count": 0, "30_day_error_count": 0, "threshold_warn": 6.1447496832314368, "30_day_warn_count": 0, "daily_sd": -1.0383831705117619, "threshold_error": 8.1671245248471038}, "moldf": {"sample_sd": 1.1930353445448854, "sample_mean": 0.90000000000010005, "daily_article_count": 0, "30_day_error_count": 0, "threshold_warn": 3.286070689089871, "30_day_warn_count": 0, "daily_sd": -0.75437832090668588, "threshold_error": 4.4791060336347561}, "chole": {"sample_sd": 2.2568414506414345, "sample_mean": 1.8000000000001, "daily_article_count": 2, "30_day_error_count": 6, "threshold_warn": 6.3136829012829692, "30_day_warn_count": 13, "daily_sd": 0.088619428690064367, "threshold_error": 8.5705243519244032}, "hepat": {"sample_sd": 2.2744962812309311, "sample_mean": 2.6000000000001, "daily_article_count": 0, "30_day_error_count": 3, "threshold_warn": 7.1489925624619621, "30_day_warn_count": 0, "daily_sd": -1.1431102444331147, "threshold_error": 9.4234888436928941}, "chiku": {"sample_sd": 2.093375795747678, "sample_mean": 1.8666666666667666, "daily_article_count": 5, "30_day_error_count": 4, "threshold_warn": 6.0534182581621225, "30_day_warn_count": 7, "daily_sd": 1.4967849249513847, "threshold_error": 8.1467940539098009}, "yello": {"sample_sd": 0.69920589878010098, "sample_mean": 0.33333333333343329, "daily_article_count": 0, "30_day_error_count": 0, "threshold_warn": 1.7317451308936351, "30_day_warn_count": 0, "daily_sd": -0.47673129462293917, "threshold_error": 2.4309510296737362}, "menin": {"sample_sd": 1.6603212540549692, "sample_mean": 1.9000000000000998, "daily_article_count": 0, "30_day_error_count": 0, "threshold_warn": 5.2206425081100383, "30_day_warn_count": 0, "daily_sd": -1.1443568498323851, "threshold_error": 6.8809637621650079}, "plagu": {"sample_sd": 0.24944382578492943, "sample_mean": 0.066666666666766669, "daily_article_count": 0, "30_day_error_count": 0, "threshold_warn": 0.5655543182366255, "30_day_warn_count": 0, "daily_sd": -0.2672612419128253, "threshold_error": 0.81499814402155502}, "westn": {"sample_sd": 0.66749947981669278, "sample_mean": 0.43333333333343332, "daily_article_count": 1, "30_day_error_count": 6, "threshold_warn": 1.7683322929668188, "30_day_warn_count": 0, "daily_sd": 0.84893948804601838, "threshold_error": 2.4358317727835117}, "swine": {"sample_sd": 2.2020192753218324, "sample_mean": 1.8666666666667666, "daily_article_count": 0, "30_day_error_count": 2, "threshold_warn": 6.2707052173104314, "30_day_warn_count": 0, "daily_sd": -0.84770677876738709, "threshold_error": 8.4727244926322633}, "measl": {"sample_sd": 10.299136964921976, "sample_mean": 12.166666666666766, "daily_article_count": 2, "30_day_error_count": 0, "threshold_warn": 32.764940596510719, "30_day_warn_count": 0, "daily_sd": -0.9871377282672914, "threshold_error": 43.06407756143269}, "dengu": {"sample_sd": 2.2910453703252776, "sample_mean": 3.4666666666667667, "daily_article_count": 1, "30_day_error_count": 1, "threshold_warn": 8.0487574073173214, "30_day_warn_count": 0, "daily_sd": -1.0766555296617957, "threshold_error": 10.3398027776426}, "ebola": {"sample_sd": 10.155950636613657, "sample_mean": 11.3000000000001, "daily_article_count": 3, "30_day_error_count": 0, "threshold_warn": 31.611901273227414, "30_day_warn_count": 0, "daily_sd": -0.81725485845484624, "threshold_error": 41.76785190984107}, "unkno": {"sample_sd": 19.759807691371897, "sample_mean": 52.500000000000099, "daily_article_count": 26, "30_day_error_count": 2, "threshold_warn": 92.019615382743893, "30_day_warn_count": 0, "daily_sd": -1.3411061693465418, "threshold_error": 111.77942307411578}, "mumps": {"sample_sd": 2.5245461638348652, "sample_mean": 2.6000000000001, "daily_article_count": 1, "30_day_error_count": 0, "threshold_warn": 7.6490923276698304, "30_day_warn_count": 0, "daily_sd": -0.63377727962385511, "threshold_error": 10.173638491504697}}