{"hemmo": {"sample_sd": 0.24944382578492943, "sample_mean": 0.066666666666766669, "daily_article_count": 0, "30_day_error_count": 2, "threshold_warn": 0.5655543182366255, "30_day_warn_count": 0, "daily_sd": -0.2672612419128253, "threshold_error": 0.81499814402155502}, "mersc": {"sample_sd": 7.0886450672105799, "sample_mean": 4.4666666666667671, "daily_article_count": 0, "30_day_error_count": 0, "threshold_warn": 18.643956801087928, "30_day_warn_count": 0, "daily_sd": -0.63011571665901234, "threshold_error": 25.732601868298509}, "influ": {"sample_sd": 3.4320385908216258, "sample_mean": 7.2333333333334338, "daily_article_count": 8, "30_day_error_count": 3, "threshold_warn": 14.097410514976685, "30_day_warn_count": 0, "daily_sd": 0.22338521155236404, "threshold_error": 17.52944910579831}, "pertu": {"sample_sd": 1.5577761927397231, "sample_mean": 2.2000000000001001, "daily_article_count": 0, "30_day_error_count": 0, "threshold_warn": 5.3155523854795463, "30_day_warn_count": 0, "daily_sd": -1.4122696252860767, "threshold_error": 6.8733285782192688}, "moldf": {"sample_sd": 0.77172246018601498, "sample_mean": 0.73333333333343331, "daily_article_count": 0, "30_day_error_count": 0, "threshold_warn": 2.2767782537054631, "30_day_warn_count": 0, "daily_sd": -0.95025526813962569, "threshold_error": 3.0485007138914781}, "chole": {"sample_sd": 2.1052843566184167, "sample_mean": 3.3666666666667666, "daily_article_count": 5, "30_day_error_count": 1, "threshold_warn": 7.5772353799036001, "30_day_warn_count": 0, "daily_sd": 0.77582552124063275, "threshold_error": 9.6825197365220177}, "hepat": {"sample_sd": 7.5997075967142029, "sample_mean": 6.3333333333334334, "daily_article_count": 2, "30_day_error_count": 0, "threshold_warn": 21.532748526761839, "30_day_warn_count": 0, "daily_sd": -0.57019737643682322, "threshold_error": 29.13245612347604}, "chiku": {"sample_sd": 1.7838784213679535, "sample_mean": 1.4666666666667665, "daily_article_count": 0, "30_day_error_count": 0, "threshold_warn": 5.0344235094026732, "30_day_warn_count": 0, "daily_sd": -0.82217860202718551, "threshold_error": 6.8183019307706267}, "yello": {"sample_sd": 0.24944382578492943, "sample_mean": 0.066666666666766669, "daily_article_count": 1, "30_day_error_count": 4, "threshold_warn": 0.5655543182366255, "30_day_warn_count": 0, "daily_sd": 3.7416573867735403, "threshold_error": 0.81499814402155502}, "menin": {"sample_sd": 5.4017486880536092, "sample_mean": 5.766666666666767, "daily_article_count": 3, "30_day_error_count": 0, "threshold_warn": 16.570164042773985, "30_day_warn_count": 0, "daily_sd": -0.51217981924732392, "threshold_error": 21.971912730827597}, "plagu": {"sample_sd": 0.94516312525052171, "sample_mean": 0.80000000000010008, "daily_article_count": 0, "30_day_error_count": 6, "threshold_warn": 2.6903262505011436, "30_day_warn_count": 7, "daily_sd": -0.84641473903042375, "threshold_error": 3.6354893757516651}, "westn": {"sample_sd": 4.4428469351181663, "sample_mean": 8.1666666666667656, "daily_article_count": 0, "30_day_error_count": 0, "threshold_warn": 17.052360536903098, "30_day_warn_count": 0, "daily_sd": -1.8381607077466324, "threshold_error": 21.495207472021264}, "swine": {"sample_sd": 1.4177446878757827, "sample_mean": 1.7000000000000999, "daily_article_count": 4, "30_day_error_count": 3, "threshold_warn": 4.5354893757516654, "30_day_warn_count": 5, "daily_sd": 1.6222949164747056, "threshold_error": 5.9532340636274474}, "measl": {"sample_sd": 2.7698776547389636, "sample_mean": 4.1666666666667673, "daily_article_count": 2, "30_day_error_count": 2, "threshold_warn": 9.7064219761446946, "30_day_warn_count": 4, "daily_sd": -0.78222468164246639, "threshold_error": 12.476299630883659}, "dengu": {"sample_sd": 4.0553120170408041, "sample_mean": 8.5666666666667659, "daily_article_count": 38, "30_day_error_count": 10, "threshold_warn": 16.677290700748372, "30_day_warn_count": 11, "daily_sd": 7.257970091980984, "threshold_error": 20.732602717789177}, "ebola": {"sample_sd": 19.67008444878217, "sample_mean": 34.433333333333429, "daily_article_count": 8, "30_day_error_count": 0, "threshold_warn": 73.773502230897776, "30_day_warn_count": 0, "daily_sd": -1.3438342576597322, "threshold_error": 93.443586679679939}, "unkno": {"sample_sd": 20.464739322931909, "sample_mean": 67.833333333333428, "daily_article_count": 15, "30_day_error_count": 0, "threshold_warn": 108.76281197919724, "30_day_warn_count": 0, "daily_sd": -2.5816763409309917, "threshold_error": 129.22755130212914}, "mumps": {"sample_sd": 1.7792008193443356, "sample_mean": 1.6333333333334332, "daily_article_count": 1, "30_day_error_count": 0, "threshold_warn": 5.191734972022104, "30_day_warn_count": 0, "daily_sd": -0.3559650638913413, "threshold_error": 6.9709357913664398}}