{"hemmo": {"sample_sd": 1.6193277068654823, "sample_mean": 0.66666666666676666, "daily_article_count": 3, "30_day_error_count": 0, "threshold_warn": 3.9053220803977311, "30_day_warn_count": 0, "daily_sd": 1.4409271967870205, "threshold_error": 5.5246497872632139}, "mersc": {"sample_sd": 25.726359158566446, "sample_mean": 27.433333333333433, "daily_article_count": 7, "30_day_error_count": 0, "threshold_warn": 78.886051650466328, "30_day_warn_count": 1, "daily_sd": -0.79425670796986736, "threshold_error": 104.61241080903277}, "influ": {"sample_sd": 5.785902407288483, "sample_mean": 13.700000000000099, "daily_article_count": 5, "30_day_error_count": 0, "threshold_warn": 25.271804814577067, "30_day_warn_count": 0, "daily_sd": -1.5036548126080966, "threshold_error": 31.057707221865549}, "pertu": {"sample_sd": 1.1855612829185824, "sample_mean": 0.8333333333334334, "daily_article_count": 1, "30_day_error_count": 3, "threshold_warn": 3.2044558991705983, "30_day_warn_count": 1, "daily_sd": 0.14058038927879893, "threshold_error": 4.3900171820891805}, "moldf": {"sample_sd": 0.56174331821175727, "sample_mean": 0.46666666666676665, "daily_article_count": 0, "30_day_error_count": 2, "threshold_warn": 1.5901533030902812, "30_day_warn_count": 0, "daily_sd": -0.83074716073587529, "threshold_error": 2.1518966213020385}, "chole": {"sample_sd": 8.0329875444251044, "sample_mean": 8.733333333333432, "daily_article_count": 4, "30_day_error_count": 0, "threshold_warn": 24.799308422183643, "30_day_warn_count": 0, "daily_sd": -0.58923698152854309, "threshold_error": 32.832295966608747}, "hepat": {"sample_sd": 2.2469732728470286, "sample_mean": 2.8666666666667666, "daily_article_count": 1, "30_day_error_count": 0, "threshold_warn": 7.3606132123608239, "30_day_warn_count": 0, "daily_sd": -0.83074716073574195, "threshold_error": 9.6075864852078521}, "chiku": {"sample_sd": 1.3337499349161703, "sample_mean": 1.4333333333334333, "daily_article_count": 0, "30_day_error_count": 1, "threshold_warn": 4.1008332031657737, "30_day_warn_count": 0, "daily_sd": -1.074664219888807, "threshold_error": 5.434583138081944}, "yello": {"sample_sd": 0.69920589878010098, "sample_mean": 0.33333333333343329, "daily_article_count": 0, "30_day_error_count": 3, "threshold_warn": 1.7317451308936351, "30_day_warn_count": 0, "daily_sd": -0.47673129462293917, "threshold_error": 2.4309510296737362}, "menin": {"sample_sd": 2.8237091446063163, "sample_mean": 3.4000000000000998, "daily_article_count": 2, "30_day_error_count": 3, "threshold_warn": 9.0474182892127324, "30_day_warn_count": 0, "daily_sd": -0.49580177288241523, "threshold_error": 11.87112743381905}, "plagu": {"sample_sd": 0.17950549357115012, "sample_mean": 0.033333333333433336, "daily_article_count": 0, "30_day_error_count": 9, "threshold_warn": 0.39234432047573359, "30_day_warn_count": 0, "daily_sd": -0.185695338177609, "threshold_error": 0.57184981404688373}, "westn": {"sample_sd": 2.3572582944316194, "sample_mean": 2.9000000000000998, "daily_article_count": 13, "30_day_error_count": 3, "threshold_warn": 7.6145165888633386, "30_day_warn_count": 1, "daily_sd": 4.2846386515463317, "threshold_error": 9.9717748832949589}, "swine": {"sample_sd": 1.3780017739062924, "sample_mean": 1.3666666666667666, "daily_article_count": 10, "30_day_error_count": 4, "threshold_warn": 4.122670214479351, "30_day_warn_count": 0, "daily_sd": 6.2651104641613635, "threshold_error": 5.5006719883856441}, "measl": {"sample_sd": 3.2112648944336906, "sample_mean": 4.4333333333334339, "daily_article_count": 2, "30_day_error_count": 2, "threshold_warn": 10.855863122200816, "30_day_warn_count": 3, "daily_sd": -0.75774917776210249, "threshold_error": 14.067128016634506}, "dengu": {"sample_sd": 2.9493878837631526, "sample_mean": 5.3666666666667666, "daily_article_count": 2, "30_day_error_count": 6, "threshold_warn": 11.265442434193073, "30_day_warn_count": 7, "daily_sd": -1.1414797915190469, "threshold_error": 14.214830317956224}, "ebola": {"sample_sd": 16.033160082224036, "sample_mean": 38.066666666666769, "daily_article_count": 25, "30_day_error_count": 1, "threshold_warn": 70.132986831114835, "30_day_warn_count": 0, "daily_sd": -0.81497762135823626, "threshold_error": 86.166146913338878}, "unkno": {"sample_sd": 56.315026611218272, "sample_mean": 102.46666666666677, "daily_article_count": 33, "30_day_error_count": 0, "threshold_warn": 215.09671988910333, "30_day_warn_count": 0, "daily_sd": -1.2335369589051852, "threshold_error": 271.41174650032156}, "mumps": {"sample_sd": 0.75718777944003646, "sample_mean": 0.4000000000001, "daily_article_count": 0, "30_day_error_count": 0, "threshold_warn": 1.914375558880173, "30_day_warn_count": 0, "daily_sd": -0.52827054379550642, "threshold_error": 2.6715633383202091}}