{"hemmo": {"sample_sd": 2.2815686611530137, "sample_mean": 1.1666666666667667, "daily_article_count": 1, "30_day_error_count": 0, "threshold_warn": 5.7298039889727939, "30_day_warn_count": 0, "daily_sd": -0.073049156707184079, "threshold_error": 8.0113726501258089}, "mersc": {"sample_sd": 14.818007063479667, "sample_mean": 11.600000000000099, "daily_article_count": 14, "30_day_error_count": 9, "threshold_warn": 41.236014126959432, "30_day_warn_count": 24, "daily_sd": 0.1619651002809224, "threshold_error": 56.054021190439101}, "influ": {"sample_sd": 5.8647724214632202, "sample_mean": 5.266666666666767, "daily_article_count": 5, "30_day_error_count": 0, "threshold_warn": 16.996211509593209, "30_day_warn_count": 0, "daily_sd": -0.045469226681473768, "threshold_error": 22.860983931056424}, "pertu": {"sample_sd": 1.0979779394667071, "sample_mean": 0.8333333333334334, "daily_article_count": 2, "30_day_error_count": 2, "threshold_warn": 3.0292892122668476, "30_day_warn_count": 5, "daily_sd": 1.0625592962580122, "threshold_error": 4.1272671517335544}, "moldf": {"sample_sd": 1.2036980056845192, "sample_mean": 0.86666666666676673, "daily_article_count": 1, "30_day_error_count": 0, "threshold_warn": 3.2740626780358051, "30_day_warn_count": 0, "daily_sd": 0.11076975512425913, "threshold_error": 4.4777606837203248}, "chole": {"sample_sd": 2.2201101073795622, "sample_mean": 2.2666666666667665, "daily_article_count": 8, "30_day_error_count": 2, "threshold_warn": 6.7068868814258913, "30_day_warn_count": 3, "daily_sd": 2.5824544982142323, "threshold_error": 8.9269969888054526}, "hepat": {"sample_sd": 2.176898915634093, "sample_mean": 2.1666666666667664, "daily_article_count": 10, "30_day_error_count": 2, "threshold_warn": 6.5204644979349524, "30_day_warn_count": 0, "daily_sd": 3.5983909390903066, "threshold_error": 8.6973634135690467}, "chiku": {"sample_sd": 1.9439364415764442, "sample_mean": 1.4333333333334333, "daily_article_count": 5, "30_day_error_count": 2, "threshold_warn": 5.3212062164863214, "30_day_warn_count": 3, "daily_sd": 1.8347650624699243, "threshold_error": 7.265142658062766}, "yello": {"sample_sd": 0.33993463423951903, "sample_mean": 0.13333333333343333, "daily_article_count": 0, "30_day_error_count": 2, "threshold_warn": 0.81320260181247139, "30_day_warn_count": 0, "daily_sd": -0.39223227027666219, "threshold_error": 1.1531372360519905}, "menin": {"sample_sd": 2.9380643665893746, "sample_mean": 2.0333333333334331, "daily_article_count": 1, "30_day_error_count": 0, "threshold_warn": 7.909462066512182, "30_day_warn_count": 0, "daily_sd": -0.35170547830201854, "threshold_error": 10.847526433101557}, "plagu": {"sample_sd": 0.29999999999999999, "sample_mean": 0.10000000000010001, "daily_article_count": 0, "30_day_error_count": 0, "threshold_warn": 0.70000000000009999, "30_day_warn_count": 0, "daily_sd": -0.33333333333366671, "threshold_error": 1.0000000000000999}, "westn": {"sample_sd": 0.47609522856952341, "sample_mean": 0.20000000000010001, "daily_article_count": 2, "30_day_error_count": 7, "threshold_warn": 1.1521904571391468, "30_day_warn_count": 0, "daily_sd": 3.7807562268754156, "threshold_error": 1.6282856857086703}, "swine": {"sample_sd": 2.1071307505705477, "sample_mean": 1.6000000000001, "daily_article_count": 1, "30_day_error_count": 2, "threshold_warn": 5.8142615011411953, "30_day_warn_count": 0, "daily_sd": -0.28474739872579719, "threshold_error": 7.921392251711743}, "measl": {"sample_sd": 5.4711363840918219, "sample_mean": 10.000000000000099, "daily_article_count": 10, "30_day_error_count": 2, "threshold_warn": 20.942272768183742, "30_day_warn_count": 0, "daily_sd": -1.8181960021259181e-14, "threshold_error": 26.413409152275566}, "dengu": {"sample_sd": 6.8430012908567148, "sample_mean": 5.8000000000001002, "daily_article_count": 1, "30_day_error_count": 0, "threshold_warn": 19.486002581713528, "30_day_warn_count": 0, "daily_sd": -0.70144660156847061, "threshold_error": 26.329003872570244}, "ebola": {"sample_sd": 22.18810992901879, "sample_mean": 38.566666666666769, "daily_article_count": 5, "30_day_error_count": 0, "threshold_warn": 82.942886524704349, "30_day_warn_count": 0, "daily_sd": -1.512822262646468, "threshold_error": 105.13099645372313}, "unkno": {"sample_sd": 13.665894287117352, "sample_mean": 40.100000000000101, "daily_article_count": 61, "30_day_error_count": 6, "threshold_warn": 67.431788574234801, "30_day_warn_count": 7, "daily_sd": 1.5293547250473054, "threshold_error": 81.097682861352155}, "mumps": {"sample_sd": 2.4641879437701624, "sample_mean": 2.8333333333334334, "daily_article_count": 2, "30_day_error_count": 0, "threshold_warn": 7.7617092208737581, "30_day_warn_count": 0, "daily_sd": -0.3381776684039971, "threshold_error": 10.225897164643921}}