{"hemmo": {"sample_sd": 2.2715633383201093, "sample_mean": 1.2, "daily_article_count": 0, "30_day_error_count": 0, "threshold_warn": 5.7431266766402187, "30_day_warn_count": 0, "daily_sd": -0.5282705437953743, "threshold_error": 8.014690014960328}, "mersc": {"sample_sd": 11.749278937686157, "sample_mean": 8.5666666666666664, "daily_article_count": 49, "30_day_error_count": 16, "threshold_warn": 32.065224542038976, "30_day_warn_count": 11, "daily_sd": 3.4413459368678563, "threshold_error": 43.814503479725133}, "influ": {"sample_sd": 5.9217114643206541, "sample_mean": 5.0, "daily_article_count": 2, "30_day_error_count": 0, "threshold_warn": 16.84342292864131, "30_day_warn_count": 0, "daily_sd": -0.50661029637724231, "threshold_error": 22.765134392961961}, "pertu": {"sample_sd": 1.0979779394667071, "sample_mean": 0.83333333333333337, "daily_article_count": 3, "30_day_error_count": 2, "threshold_warn": 3.0292892122667476, "30_day_warn_count": 4, "daily_sd": 1.9733244073364775, "threshold_error": 4.127267151733454}, "moldf": {"sample_sd": 1.2133516482134197, "sample_mean": 0.83333333333333337, "daily_article_count": 1, "30_day_error_count": 0, "threshold_warn": 3.2600366297601728, "30_day_warn_count": 0, "daily_sd": 0.13736056394868901, "threshold_error": 4.4733882779735925}, "chole": {"sample_sd": 2.2499382707581606, "sample_mean": 2.2666666666666666, "daily_article_count": 19, "30_day_error_count": 1, "threshold_warn": 6.7665432081829877, "30_day_warn_count": 0, "daily_sd": 7.4372410793717965, "threshold_error": 9.0164814789411487}, "hepat": {"sample_sd": 2.176898915634093, "sample_mean": 2.1666666666666665, "daily_article_count": 2, "30_day_error_count": 1, "threshold_warn": 6.5204644979348529, "30_day_warn_count": 0, "daily_sd": -0.076561509342347858, "threshold_error": 8.6973634135689455}, "chiku": {"sample_sd": 1.9595917942265422, "sample_mean": 1.3999999999999999, "daily_article_count": 10, "30_day_error_count": 2, "threshold_warn": 5.3191835884530843, "30_day_warn_count": 1, "daily_sd": 4.3886691224865277, "threshold_error": 7.2787753826796262}, "yello": {"sample_sd": 0.29999999999999999, "sample_mean": 0.10000000000000001, "daily_article_count": 0, "30_day_error_count": 7, "threshold_warn": 0.69999999999999996, "30_day_warn_count": 0, "daily_sd": -0.33333333333333337, "threshold_error": 0.99999999999999989}, "menin": {"sample_sd": 3.9015666369065412, "sample_mean": 2.6666666666666665, "daily_article_count": 1, "30_day_error_count": 0, "threshold_warn": 10.469799940479749, "30_day_warn_count": 0, "daily_sd": -0.42717882885838049, "threshold_error": 14.37136657738629}, "plagu": {"sample_sd": 0.29999999999999999, "sample_mean": 0.10000000000000001, "daily_article_count": 0, "30_day_error_count": 0, "threshold_warn": 0.69999999999999996, "30_day_warn_count": 0, "daily_sd": -0.33333333333333337, "threshold_error": 0.99999999999999989}, "westn": {"sample_sd": 0.45338235029118146, "sample_mean": 0.16666666666666666, "daily_article_count": 3, "30_day_error_count": 5, "threshold_warn": 1.0734313672490297, "30_day_warn_count": 0, "daily_sd": 6.249324287797366, "threshold_error": 1.5268137175402112}, "swine": {"sample_sd": 2.0893911925619757, "sample_mean": 1.6333333333333333, "daily_article_count": 1, "30_day_error_count": 2, "threshold_warn": 5.8121157184572851, "30_day_warn_count": 0, "daily_sd": -0.30311860009170938, "threshold_error": 7.9015069110192595}, "measl": {"sample_sd": 5.7194599589666, "sample_mean": 9.7666666666666675, "daily_article_count": 7, "30_day_error_count": 2, "threshold_warn": 21.205586584599867, "30_day_warn_count": 0, "daily_sd": -0.48372865384419139, "threshold_error": 26.925046543566467}, "dengu": {"sample_sd": 6.9153613226079678, "sample_mean": 5.666666666666667, "daily_article_count": 6, "30_day_error_count": 0, "threshold_warn": 19.497389311882603, "30_day_warn_count": 0, "daily_sd": 0.048201867954981145, "threshold_error": 26.412750634490571}, "ebola": {"sample_sd": 22.183302028527873, "sample_mean": 38.633333333333333, "daily_article_count": 0, "30_day_error_count": 0, "threshold_warn": 82.999937390389078, "30_day_warn_count": 0, "daily_sd": -1.7415501661407582, "threshold_error": 105.18323941891694}, "unkno": {"sample_sd": 13.596772492846315, "sample_mean": 40.166666666666664, "daily_article_count": 92, "30_day_error_count": 6, "threshold_warn": 67.360211652359297, "30_day_warn_count": 3, "daily_sd": 3.8121792036017714, "threshold_error": 80.95698414520561}, "mumps": {"sample_sd": 2.4641879437701624, "sample_mean": 2.8333333333333335, "daily_article_count": 0, "30_day_error_count": 0, "threshold_warn": 7.7617092208736587, "30_day_warn_count": 0, "daily_sd": -1.1498040725734522, "threshold_error": 10.22589716464382}}