{"hemmo": {"sample_sd": 1.4079141387961918, "sample_mean": 0.46666666666676665, "daily_article_count": 0, "30_day_error_count": 1, "threshold_warn": 3.2824949442591502, "30_day_warn_count": 0, "daily_sd": -0.33145960666733587, "threshold_error": 4.6904090830553411}, "mersc": {"sample_sd": 2.404856198057034, "sample_mean": 1.5000000000000999, "daily_article_count": 50, "30_day_error_count": 13, "threshold_warn": 6.3097123961141683, "30_day_warn_count": 9, "daily_sd": 20.167526041342811, "threshold_error": 8.714568594171201}, "influ": {"sample_sd": 2.8635642126552705, "sample_mean": 4.0000000000001004, "daily_article_count": 7, "30_day_error_count": 3, "threshold_warn": 9.7271284253106423, "30_day_warn_count": 4, "daily_sd": 1.0476454436543323, "threshold_error": 12.590692637965912}, "pertu": {"sample_sd": 0.61553951042064625, "sample_mean": 0.43333333333343332, "daily_article_count": 3, "30_day_error_count": 2, "threshold_warn": 1.6644123541747258, "30_day_warn_count": 0, "daily_sd": 4.1697837802687312, "threshold_error": 2.2799518645953722}, "moldf": {"sample_sd": 0.30000000000000004, "sample_mean": 0.10000000000010001, "daily_article_count": 1, "30_day_error_count": 7, "threshold_warn": 0.7000000000001001, "30_day_warn_count": 1, "daily_sd": 2.999999999999666, "threshold_error": 1.0000000000001001}, "chole": {"sample_sd": 2.4810392087904529, "sample_mean": 2.6666666666667664, "daily_article_count": 1, "30_day_error_count": 0, "threshold_warn": 7.6287450842476723, "30_day_warn_count": 0, "daily_sd": -0.67176151862561395, "threshold_error": 10.109784293038125}, "hepat": {"sample_sd": 1.4851112939963644, "sample_mean": 1.1666666666667667, "daily_article_count": 2, "30_day_error_count": 2, "threshold_warn": 4.1368892546594953, "30_day_warn_count": 0, "daily_sd": 0.56112517405397455, "threshold_error": 5.6220005486558593}, "chiku": {"sample_sd": 0.37267799624996489, "sample_mean": 0.16666666666676666, "daily_article_count": 1, "30_day_error_count": 11, "threshold_warn": 0.91202265916669645, "30_day_warn_count": 2, "daily_sd": 2.2360679774995216, "threshold_error": 1.2847006554166613}, "yello": {"sample_sd": 0.44221663871405326, "sample_mean": 0.26666666666676664, "daily_article_count": 0, "30_day_error_count": 0, "threshold_warn": 1.1510999440948733, "30_day_warn_count": 0, "daily_sd": -0.60302268915575341, "threshold_error": 1.5933165828089262}, "menin": {"sample_sd": 3.7813871646379837, "sample_mean": 2.9666666666667667, "daily_article_count": 3, "30_day_error_count": 0, "threshold_warn": 10.529440995942734, "30_day_warn_count": 0, "daily_sd": 0.0088151072296836618, "threshold_error": 14.310828160580717}, "plagu": {"sample_sd": 0.17950549357115009, "sample_mean": 0.033333333333433336, "daily_article_count": 0, "30_day_error_count": 3, "threshold_warn": 0.39234432047573353, "30_day_warn_count": 0, "daily_sd": -0.18569533817760903, "threshold_error": 0.57184981404688362}, "westn": {"sample_sd": 1.1455226851626386, "sample_mean": 0.43333333333343332, "daily_article_count": 0, "30_day_error_count": 0, "threshold_warn": 2.7243787036587106, "30_day_warn_count": 0, "daily_sd": -0.37828437528664893, "threshold_error": 3.8699013888213494}, "swine": {"sample_sd": 1.834545054108935, "sample_mean": 2.0333333333334331, "daily_article_count": 2, "30_day_error_count": 1, "threshold_warn": 5.7024234415513035, "30_day_warn_count": 0, "daily_sd": -0.018169809053625894, "threshold_error": 7.5369684956602381}, "measl": {"sample_sd": 3.8397048497681872, "sample_mean": 6.7000000000001005, "daily_article_count": 9, "30_day_error_count": 3, "threshold_warn": 14.379409699536474, "30_day_warn_count": 7, "daily_sd": 0.59900437403118534, "threshold_error": 18.219114549304663}, "dengu": {"sample_sd": 2.3192431715731945, "sample_mean": 3.2333333333334333, "daily_article_count": 5, "30_day_error_count": 5, "threshold_warn": 7.8718196764798218, "30_day_warn_count": 3, "daily_sd": 0.76174274794488117, "threshold_error": 10.191062848053017}, "ebola": {"sample_sd": 12.583454745551135, "sample_mean": 4.3000000000001002, "daily_article_count": 11, "30_day_error_count": 10, "threshold_warn": 29.466909491102371, "30_day_warn_count": 24, "daily_sd": 0.53244519374686639, "threshold_error": 42.050364236653508}, "unkno": {"sample_sd": 19.755055611721833, "sample_mean": 40.066666666666769, "daily_article_count": 46, "30_day_error_count": 0, "threshold_warn": 79.576777890110435, "30_day_warn_count": 0, "daily_sd": 0.30034505849796928, "threshold_error": 99.331833501832278}, "mumps": {"sample_sd": 1.6316317667360556, "sample_mean": 0.93333333333343338, "daily_article_count": 4, "30_day_error_count": 5, "threshold_warn": 4.1965968668055442, "30_day_warn_count": 13, "daily_sd": 1.8795090468244435, "threshold_error": 5.8282286335415998}}