{"hemmo": {"sample_sd": 1.4410644214144859, "sample_mean": 0.29999999999999999, "daily_article_count": 0, "30_day_error_count": 0, "threshold_warn": 3.1821288428289716, "30_day_warn_count": 0, "daily_sd": -0.20817945092665122, "threshold_error": 4.623193264243457}, "mersc": {"sample_sd": 1.6613247725836151, "sample_mean": 1.2, "daily_article_count": 1, "30_day_error_count": 2, "threshold_warn": 4.5226495451672299, "30_day_warn_count": 0, "daily_sd": -0.12038585308576917, "threshold_error": 6.1839743177508453}, "influ": {"sample_sd": 9.3642345596898036, "sample_mean": 10.333333333333334, "daily_article_count": 3, "30_day_error_count": 0, "threshold_warn": 29.061802452712939, "30_day_warn_count": 0, "daily_sd": -0.78312149130705411, "threshold_error": 38.426037012402745}, "pertu": {"sample_sd": 0.96378881965339736, "sample_mean": 0.73333333333333328, "daily_article_count": 0, "30_day_error_count": 0, "threshold_warn": 2.6609109726401279, "30_day_warn_count": 0, "daily_sd": -0.76088591025268204, "threshold_error": 3.6246997922935256}, "moldf": {"sample_sd": 0.61553951042064614, "sample_mean": 0.23333333333333334, "daily_article_count": 0, "30_day_error_count": 0, "threshold_warn": 1.4644123541746257, "30_day_warn_count": 0, "daily_sd": -0.37907125275171771, "threshold_error": 2.0799518645952717}, "chole": {"sample_sd": 1.5807874268505833, "sample_mean": 1.3666666666666667, "daily_article_count": 0, "30_day_error_count": 3, "threshold_warn": 4.5282415203678337, "30_day_warn_count": 4, "daily_sd": -0.86454803691694893, "threshold_error": 6.1090289472184161}, "hepat": {"sample_sd": 1.3682917167849196, "sample_mean": 0.83333333333333337, "daily_article_count": 5, "30_day_error_count": 2, "threshold_warn": 3.5699167669031726, "30_day_warn_count": 1, "daily_sd": 3.0451596070880997, "threshold_error": 4.9382084836880917}, "chiku": {"sample_sd": 0.65743609744386733, "sample_mean": 0.36666666666666664, "daily_article_count": 1, "30_day_error_count": 2, "threshold_warn": 1.6815388615544014, "30_day_warn_count": 0, "daily_sd": 0.96333824047044825, "threshold_error": 2.3389749589982687}, "yello": {"sample_sd": 0.24944382578492943, "sample_mean": 0.066666666666666666, "daily_article_count": 0, "30_day_error_count": 8, "threshold_warn": 0.56555431823652558, "30_day_warn_count": 0, "daily_sd": -0.2672612419124244, "threshold_error": 0.81499814402145498}, "menin": {"sample_sd": 1.8454147380888548, "sample_mean": 1.1666666666666667, "daily_article_count": 1, "30_day_error_count": 2, "threshold_warn": 4.8574961428443766, "30_day_warn_count": 0, "daily_sd": -0.090313934979878718, "threshold_error": 6.7029108809332314}, "plagu": {"sample_sd": 0.29999999999999999, "sample_mean": 0.10000000000000001, "daily_article_count": 0, "30_day_error_count": 1, "threshold_warn": 0.69999999999999996, "30_day_warn_count": 0, "daily_sd": -0.33333333333333337, "threshold_error": 0.99999999999999989}, "westn": {"sample_sd": 1.0567244989431572, "sample_mean": 0.5, "daily_article_count": 0, "30_day_error_count": 2, "threshold_warn": 2.6134489978863145, "30_day_warn_count": 0, "daily_sd": -0.47316022340738384, "threshold_error": 3.6701734968294719}, "swine": {"sample_sd": 4.2244000231459564, "sample_mean": 4.7666666666666666, "daily_article_count": 0, "30_day_error_count": 0, "threshold_warn": 13.21546671295858, "30_day_warn_count": 0, "daily_sd": -1.1283653632585862, "threshold_error": 17.439866736104534}, "measl": {"sample_sd": 3.3439829877291878, "sample_mean": 3.4666666666666668, "daily_article_count": 8, "30_day_error_count": 3, "threshold_warn": 10.154632642125042, "30_day_warn_count": 10, "daily_sd": 1.3556687788091297, "threshold_error": 13.49861562985423}, "dengu": {"sample_sd": 2.0113566455394118, "sample_mean": 2.4333333333333331, "daily_article_count": 4, "30_day_error_count": 0, "threshold_warn": 6.4560466244121564, "30_day_warn_count": 0, "daily_sd": 0.7789104285115549, "threshold_error": 8.4674032699515696}, "ebola": {"sample_sd": 0.80000000000000004, "sample_mean": 0.40000000000000002, "daily_article_count": 0, "30_day_error_count": 0, "threshold_warn": 2.0, "30_day_warn_count": 0, "daily_sd": -0.5, "threshold_error": 2.8000000000000003}, "unkno": {"sample_sd": 26.145936586781513, "sample_mean": 39.299999999999997, "daily_article_count": 24, "30_day_error_count": 0, "threshold_warn": 91.591873173563016, "30_day_warn_count": 0, "daily_sd": -0.58517697192515761, "threshold_error": 117.73780976034453}, "mumps": {"sample_sd": 0.58214163988576606, "sample_mean": 0.16666666666666666, "daily_article_count": 1, "30_day_error_count": 4, "threshold_warn": 1.3309499464381989, "30_day_warn_count": 0, "daily_sd": 1.4314958357846705, "threshold_error": 1.9130915863239648}}