{"hemmo": {"sample_sd": 0.17950549357115014, "sample_mean": 0.033333333333433336, "daily_article_count": 0, "30_day_error_count": 7, "threshold_warn": 0.39234432047573364, "30_day_warn_count": 0, "daily_sd": -0.18569533817760894, "threshold_error": 0.57184981404688373}, "mersc": {"sample_sd": 4.1707979518978808, "sample_mean": 6.266666666666767, "daily_article_count": 1, "30_day_error_count": 0, "threshold_warn": 14.608262570462529, "30_day_warn_count": 0, "daily_sd": -1.2627479747059485, "threshold_error": 18.77906052236041}, "influ": {"sample_sd": 5.2056593135633538, "sample_mean": 8.9666666666667663, "daily_article_count": 6, "30_day_error_count": 5, "threshold_warn": 19.377985293793472, "30_day_warn_count": 7, "daily_sd": -0.56989258957786793, "threshold_error": 24.583644607356828}, "pertu": {"sample_sd": 1.1455226851626388, "sample_mean": 1.5666666666667666, "daily_article_count": 1, "30_day_error_count": 0, "threshold_warn": 3.8577120369920443, "30_day_warn_count": 0, "daily_sd": -0.49467956768251387, "threshold_error": 5.0032347221546827}, "moldf": {"sample_sd": 0.80000000000000004, "sample_mean": 0.60000000000010001, "daily_article_count": 1, "30_day_error_count": 2, "threshold_warn": 2.2000000000001001, "30_day_warn_count": 0, "daily_sd": 0.49999999999987499, "threshold_error": 3.0000000000001004}, "chole": {"sample_sd": 5.9717855137489844, "sample_mean": 4.0666666666667668, "daily_article_count": 3, "30_day_error_count": 0, "threshold_warn": 16.010237694164736, "30_day_warn_count": 0, "daily_sd": -0.17861771227565937, "threshold_error": 21.98202320791372}, "hepat": {"sample_sd": 2.2110831935702664, "sample_mean": 2.6666666666667664, "daily_article_count": 6, "30_day_error_count": 4, "threshold_warn": 7.0888330538072992, "30_day_warn_count": 0, "daily_sd": 1.5075567228887732, "threshold_error": 9.2999162473775669}, "chiku": {"sample_sd": 1.0770329614269007, "sample_mean": 0.80000000000010008, "daily_article_count": 0, "30_day_error_count": 0, "threshold_warn": 2.9540659228539017, "30_day_warn_count": 0, "daily_sd": -0.74278135270830037, "threshold_error": 4.0310988842808024}, "yello": {"sample_sd": 0.45338235029118146, "sample_mean": 0.16666666666676666, "daily_article_count": 0, "30_day_error_count": 0, "threshold_warn": 1.0734313672491296, "30_day_warn_count": 0, "daily_sd": -0.36760731104712441, "threshold_error": 1.5268137175403111}, "menin": {"sample_sd": 5.3078558131634788, "sample_mean": 5.4000000000001007, "daily_article_count": 4, "30_day_error_count": 0, "threshold_warn": 16.015711626327057, "30_day_warn_count": 0, "daily_sd": -0.26375999071566747, "threshold_error": 21.323567439490539}, "plagu": {"sample_sd": 1.586050300449376, "sample_mean": 1.4666666666667665, "daily_article_count": 0, "30_day_error_count": 2, "threshold_warn": 4.6387672675655187, "30_day_warn_count": 0, "daily_sd": -0.92472897376029972, "threshold_error": 6.2248175680148945}, "westn": {"sample_sd": 4.4790872085975533, "sample_mean": 7.9333333333334339, "daily_article_count": 1, "30_day_error_count": 0, "threshold_warn": 16.89150775052854, "30_day_warn_count": 0, "daily_sd": -1.5479344362898282, "threshold_error": 21.370594959126095}, "swine": {"sample_sd": 1.3808210118138651, "sample_mean": 2.4000000000000998, "daily_article_count": 2, "30_day_error_count": 4, "threshold_warn": 5.16164202362783, "30_day_warn_count": 0, "daily_sd": -0.28968272975123288, "threshold_error": 6.5424630354416955}, "measl": {"sample_sd": 3.6508750853581513, "sample_mean": 4.9333333333334339, "daily_article_count": 6, "30_day_error_count": 1, "threshold_warn": 12.235083504049737, "30_day_warn_count": 0, "daily_sd": 0.29216739596061142, "threshold_error": 15.885958589407888}, "dengu": {"sample_sd": 4.7447046506839845, "sample_mean": 10.433333333333433, "daily_article_count": 12, "30_day_error_count": 16, "threshold_warn": 19.9227426347014, "30_day_warn_count": 22, "daily_sd": 0.33019266361304916, "threshold_error": 24.667447285385386}, "ebola": {"sample_sd": 10.793001847905378, "sample_mean": 29.666666666666767, "daily_article_count": 32, "30_day_error_count": 1, "threshold_warn": 51.252670362477524, "30_day_warn_count": 0, "daily_sd": 0.21618946852919033, "threshold_error": 62.045672210382904}, "unkno": {"sample_sd": 17.607731887503917, "sample_mean": 56.966666666666768, "daily_article_count": 31, "30_day_error_count": 0, "threshold_warn": 92.182130441674602, "30_day_warn_count": 0, "daily_sd": -1.4747309211980408, "threshold_error": 109.78986232917852}, "mumps": {"sample_sd": 0.81377037438224675, "sample_mean": 0.73333333333343331, "daily_article_count": 0, "30_day_error_count": 0, "threshold_warn": 2.3608740820979266, "30_day_warn_count": 2, "daily_sd": -0.90115511257106751, "threshold_error": 3.1746444564801735}}