{"hemmo": {"sample_sd": 0.17950549357115009, "sample_mean": 0.033333333333333333, "daily_article_count": 0, "30_day_error_count": 4, "threshold_warn": 0.3923443204756335, "30_day_warn_count": 0, "daily_sd": -0.18569533817705192, "threshold_error": 0.57184981404678359}, "mersc": {"sample_sd": 9.1505919662791939, "sample_mean": 13.0, "daily_article_count": 0, "30_day_error_count": 0, "threshold_warn": 31.301183932558388, "30_day_warn_count": 0, "daily_sd": -1.4206731157837922, "threshold_error": 40.451775898837582}, "influ": {"sample_sd": 1.8208667044996885, "sample_mean": 2.4666666666666668, "daily_article_count": 7, "30_day_error_count": 4, "threshold_warn": 6.1084000756660437, "30_day_warn_count": 0, "daily_sd": 2.4896568881899221, "threshold_error": 7.9292667801657322}, "pertu": {"sample_sd": 3.4879156462786702, "sample_mean": 2.3666666666666667, "daily_article_count": 0, "30_day_error_count": 0, "threshold_warn": 9.3424979592240067, "30_day_warn_count": 0, "daily_sd": -0.67853322920573278, "threshold_error": 12.830413605502677}, "moldf": {"sample_sd": 0.76084748070088848, "sample_mean": 0.43333333333333335, "daily_article_count": 0, "30_day_error_count": 0, "threshold_warn": 1.9550282947351103, "30_day_warn_count": 0, "daily_sd": -0.56954034063982062, "threshold_error": 2.7158757754359986}, "chole": {"sample_sd": 4.0579140782755205, "sample_mean": 6.0, "daily_article_count": 6, "30_day_error_count": 1, "threshold_warn": 14.115828156551041, "30_day_warn_count": 0, "daily_sd": 0.0, "threshold_error": 18.173742234826562}, "hepat": {"sample_sd": 3.2729531347427234, "sample_mean": 2.5666666666666669, "daily_article_count": 2, "30_day_error_count": 0, "threshold_warn": 9.1125729361521142, "30_day_warn_count": 0, "daily_sd": -0.17313619943146871, "threshold_error": 12.385526070894837}, "chiku": {"sample_sd": 5.5718538706211191, "sample_mean": 7.4333333333333336, "daily_article_count": 44, "30_day_error_count": 3, "threshold_warn": 18.577041074575572, "30_day_warn_count": 0, "daily_sd": 6.5627468910254132, "threshold_error": 24.148894945196691}, "yello": {"sample_sd": 0.91954094827558142, "sample_mean": 0.43333333333333335, "daily_article_count": 0, "30_day_error_count": 0, "threshold_warn": 2.272415229884496, "30_day_warn_count": 0, "daily_sd": -0.47124963183636898, "threshold_error": 3.191956178160078}, "menin": {"sample_sd": 1.7065234314893609, "sample_mean": 1.5666666666666667, "daily_article_count": 0, "30_day_error_count": 0, "threshold_warn": 4.9797135296453883, "30_day_warn_count": 0, "daily_sd": -0.91804579870278435, "threshold_error": 6.6862369611347496}, "plagu": {"sample_sd": 0.0, "sample_mean": 0.0, "daily_article_count": 1, "30_day_error_count": 30, "threshold_warn": 0.0, "30_day_warn_count": 0, "daily_sd": 0, "threshold_error": 0.0}, "westn": {"sample_sd": 1.5916448515084429, "sample_mean": 2.0, "daily_article_count": 6, "30_day_error_count": 6, "threshold_warn": 5.1832897030168859, "30_day_warn_count": 2, "daily_sd": 2.5131234497501729, "threshold_error": 6.7749345545253288}, "swine": {"sample_sd": 0.71569701845279621, "sample_mean": 0.43333333333333335, "daily_article_count": 1, "30_day_error_count": 6, "threshold_warn": 1.8647273702389258, "30_day_warn_count": 3, "daily_sd": 0.79176893581545804, "threshold_error": 2.5804243886917222}, "measl": {"sample_sd": 9.8533694180665385, "sample_mean": 8.6666666666666661, "daily_article_count": 8, "30_day_error_count": 0, "threshold_warn": 28.373405502799741, "30_day_warn_count": 0, "daily_sd": -0.067658750867932202, "threshold_error": 38.226774920866283}, "dengu": {"sample_sd": 2.6423894910141885, "sample_mean": 2.8666666666666667, "daily_article_count": 3, "30_day_error_count": 5, "threshold_warn": 8.1514456486950433, "30_day_warn_count": 8, "daily_sd": 0.050459379204599385, "threshold_error": 10.793835139709232}, "ebola": {"sample_sd": 6.2535323351420082, "sample_mean": 9.4000000000000004, "daily_article_count": 22, "30_day_error_count": 13, "threshold_warn": 21.907064670284015, "30_day_warn_count": 12, "daily_sd": 2.0148612535660413, "threshold_error": 28.160597005426027}, "unkno": {"sample_sd": 25.572641631243336, "sample_mean": 55.799999999999997, "daily_article_count": 203, "30_day_error_count": 2, "threshold_warn": 106.94528326248667, "30_day_warn_count": 0, "daily_sd": 5.7561515201526392, "threshold_error": 132.51792489373003}, "mumps": {"sample_sd": 0.60461190490723515, "sample_mean": 0.36666666666666664, "daily_article_count": 0, "30_day_error_count": 0, "threshold_warn": 1.575890476481137, "30_day_warn_count": 0, "daily_sd": -0.60644963106196836, "threshold_error": 2.1805023813883722}}