{"hemmo": {"sample_sd": 0.59999999999999976, "sample_mean": 0.20000000000000001, "daily_article_count": 0, "30_day_error_count": 0, "threshold_warn": 1.3999999999999995, "30_day_warn_count": 0, "daily_sd": -0.33333333333333348, "threshold_error": 1.9999999999999993}, "mersc": {"sample_sd": 6.8102047611572498, "sample_mean": 4.4333333333333336, "daily_article_count": 12, "30_day_error_count": 0, "threshold_warn": 18.053742855647833, "30_day_warn_count": 1, "daily_sd": 1.1110777035404251, "threshold_error": 24.863947616805081}, "influ": {"sample_sd": 3.7030017853387847, "sample_mean": 8.2333333333333325, "daily_article_count": 8, "30_day_error_count": 0, "threshold_warn": 15.639336904010902, "30_day_warn_count": 0, "daily_sd": -0.063011941894590529, "threshold_error": 19.342338689349688}, "pertu": {"sample_sd": 1.521694961401777, "sample_mean": 2.1333333333333333, "daily_article_count": 1, "30_day_error_count": 0, "threshold_warn": 5.1767232561368868, "30_day_warn_count": 0, "daily_sd": -0.74478352237515, "threshold_error": 6.6984182175386646}, "moldf": {"sample_sd": 0.89752746785575055, "sample_mean": 0.83333333333333337, "daily_article_count": 2, "30_day_error_count": 0, "threshold_warn": 2.6283882690448346, "30_day_warn_count": 0, "daily_sd": 1.299867367239363, "threshold_error": 3.5259157369005849}, "chole": {"sample_sd": 3.3033652874337447, "sample_mean": 3.7666666666666666, "daily_article_count": 3, "30_day_error_count": 1, "threshold_warn": 10.373397241534157, "30_day_warn_count": 0, "daily_sd": -0.2320865541522536, "threshold_error": 13.676762528967899}, "hepat": {"sample_sd": 7.6571680288617294, "sample_mean": 6.3666666666666663, "daily_article_count": 0, "30_day_error_count": 0, "threshold_warn": 21.681002724390126, "30_day_warn_count": 0, "daily_sd": -0.83146492837419139, "threshold_error": 29.338170753251855}, "chiku": {"sample_sd": 1.2092238098144703, "sample_mean": 0.93333333333333335, "daily_article_count": 2, "30_day_error_count": 1, "threshold_warn": 3.3517809529622742, "30_day_warn_count": 0, "daily_sd": 0.882108554271954, "threshold_error": 4.5610047627767445}, "yello": {"sample_sd": 0.24944382578492943, "sample_mean": 0.066666666666666666, "daily_article_count": 2, "30_day_error_count": 3, "threshold_warn": 0.56555431823652558, "30_day_warn_count": 0, "daily_sd": 7.7505760154603065, "threshold_error": 0.81499814402145498}, "menin": {"sample_sd": 2.7850792927072412, "sample_mean": 3.8999999999999999, "daily_article_count": 1, "30_day_error_count": 2, "threshold_warn": 9.4701585854144827, "30_day_warn_count": 0, "daily_sd": -1.0412629929760635, "threshold_error": 12.255237878121724}, "plagu": {"sample_sd": 0.8459051693633014, "sample_mean": 0.53333333333333333, "daily_article_count": 1, "30_day_error_count": 3, "threshold_warn": 2.2251436720599362, "30_day_warn_count": 3, "daily_sd": 0.5516772843673704, "threshold_error": 3.0710488414232375}, "westn": {"sample_sd": 4.1681330752908234, "sample_mean": 8.4000000000000004, "daily_article_count": 8, "30_day_error_count": 1, "threshold_warn": 16.736266150581649, "30_day_warn_count": 0, "daily_sd": -0.095966225831715102, "threshold_error": 20.904399225872471}, "swine": {"sample_sd": 2.462158041682585, "sample_mean": 2.2666666666666666, "daily_article_count": 2, "30_day_error_count": 0, "threshold_warn": 7.1909827500318366, "30_day_warn_count": 0, "daily_sd": -0.10830607221477645, "threshold_error": 9.6531407917144207}, "measl": {"sample_sd": 2.4413111231467406, "sample_mean": 3.7999999999999998, "daily_article_count": 4, "30_day_error_count": 3, "threshold_warn": 8.6826222462934801, "30_day_warn_count": 3, "daily_sd": 0.081923192051904126, "threshold_error": 11.123933369440222}, "dengu": {"sample_sd": 3.5245173034363471, "sample_mean": 7.666666666666667, "daily_article_count": 15, "30_day_error_count": 1, "threshold_warn": 14.715701273539361, "30_day_warn_count": 2, "daily_sd": 2.0806631666082196, "threshold_error": 18.240218576975707}, "ebola": {"sample_sd": 20.501192377246959, "sample_mean": 37.966666666666669, "daily_article_count": 45, "30_day_error_count": 0, "threshold_warn": 78.969051421160586, "30_day_warn_count": 0, "daily_sd": 0.34306947634612733, "threshold_error": 99.470243798407552}, "unkno": {"sample_sd": 21.375505192210596, "sample_mean": 60.766666666666666, "daily_article_count": 47, "30_day_error_count": 0, "threshold_warn": 103.51767705108786, "30_day_warn_count": 0, "daily_sd": -0.64403935920463529, "threshold_error": 124.89318224329845}, "mumps": {"sample_sd": 1.8381754238616315, "sample_mean": 1.4333333333333333, "daily_article_count": 0, "30_day_error_count": 0, "threshold_warn": 5.1096841810565961, "30_day_warn_count": 0, "daily_sd": -0.77975872962232984, "threshold_error": 6.9478596049182277}}