{"hemmo": {"sample_sd": 0.0, "sample_mean": 1e-13, "daily_article_count": 0, "30_day_error_count": 16, "threshold_warn": 1e-13, "30_day_warn_count": 0, "daily_sd": -Infinity, "threshold_error": 1e-13}, "mersc": {"sample_sd": 2.3888630489558556, "sample_mean": 1.4000000000000998, "daily_article_count": 33, "30_day_error_count": 6, "threshold_warn": 6.1777260979118109, "30_day_warn_count": 2, "daily_sd": 13.228050060806916, "threshold_error": 8.5665891468676669}, "influ": {"sample_sd": 4.120544732057752, "sample_mean": 5.5666666666667668, "daily_article_count": 5, "30_day_error_count": 1, "threshold_warn": 13.80775613078227, "30_day_warn_count": 0, "daily_sd": -0.13752227035860379, "threshold_error": 17.928300862840022}, "pertu": {"sample_sd": 0.60461190490723515, "sample_mean": 0.36666666666676662, "daily_article_count": 1, "30_day_error_count": 1, "threshold_warn": 1.5758904764812369, "30_day_warn_count": 0, "daily_sd": 1.0475039081977802, "threshold_error": 2.1805023813884721}, "moldf": {"sample_sd": 0.33993463423951903, "sample_mean": 0.13333333333343333, "daily_article_count": 1, "30_day_error_count": 5, "threshold_warn": 0.81320260181247139, "30_day_warn_count": 0, "daily_sd": 2.5495097567960978, "threshold_error": 1.1531372360519905}, "chole": {"sample_sd": 2.3626726862225804, "sample_mean": 2.5333333333334331, "daily_article_count": 0, "30_day_error_count": 0, "threshold_warn": 7.2586787057785944, "30_day_warn_count": 0, "daily_sd": -1.0722320311679328, "threshold_error": 9.6213513920011735}, "hepat": {"sample_sd": 1.5205992970609392, "sample_mean": 1.4333333333334333, "daily_article_count": 4, "30_day_error_count": 2, "threshold_warn": 4.4745319274553115, "30_day_warn_count": 0, "daily_sd": 1.6879309832823799, "threshold_error": 5.9951312245162507}, "chiku": {"sample_sd": 0.84393259341147753, "sample_mean": 0.43333333333343332, "daily_article_count": 1, "30_day_error_count": 6, "threshold_warn": 2.1211985201563883, "30_day_warn_count": 2, "daily_sd": 0.67145962970324125, "threshold_error": 2.9651311135678662}, "yello": {"sample_sd": 0.44221663871405326, "sample_mean": 0.26666666666676664, "daily_article_count": 1, "30_day_error_count": 0, "threshold_warn": 1.1510999440948733, "30_day_warn_count": 0, "daily_sd": 1.6583123951774741, "threshold_error": 1.5933165828089262}, "menin": {"sample_sd": 2.2120880030716075, "sample_mean": 2.2000000000001001, "daily_article_count": 1, "30_day_error_count": 3, "threshold_warn": 6.6241760061433155, "30_day_warn_count": 0, "daily_sd": -0.54247389721106631, "threshold_error": 8.8362640092149221}, "plagu": {"sample_sd": 0.17950549357115009, "sample_mean": 0.033333333333433336, "daily_article_count": 0, "30_day_error_count": 3, "threshold_warn": 0.39234432047573353, "30_day_warn_count": 0, "daily_sd": -0.18569533817760903, "threshold_error": 0.57184981404688362}, "westn": {"sample_sd": 1.14697670227235, "sample_mean": 0.46666666666676665, "daily_article_count": 0, "30_day_error_count": 0, "threshold_warn": 2.7606200712114668, "30_day_warn_count": 0, "daily_sd": -0.40686673560345471, "threshold_error": 3.9075967734838168}, "swine": {"sample_sd": 2.347812220392044, "sample_mean": 2.7666666666667665, "daily_article_count": 1, "30_day_error_count": 0, "threshold_warn": 7.462291107450854, "30_day_warn_count": 0, "daily_sd": -0.75247358000878106, "threshold_error": 9.8101033278428993}, "measl": {"sample_sd": 3.7588414290694532, "sample_mean": 6.9333333333334339, "daily_article_count": 20, "30_day_error_count": 2, "threshold_warn": 14.451016191472341, "30_day_warn_count": 7, "daily_sd": 3.4762484433671306, "threshold_error": 18.209857620541793}, "dengu": {"sample_sd": 2.3732303348436754, "sample_mean": 3.9666666666667667, "daily_article_count": 4, "30_day_error_count": 5, "threshold_warn": 8.713127336354118, "30_day_warn_count": 3, "daily_sd": 0.014045553372479102, "threshold_error": 11.086357671197792}, "ebola": {"sample_sd": 0.62893207547044039, "sample_mean": 0.26666666666676664, "daily_article_count": 23, "30_day_error_count": 27, "threshold_warn": 1.5245308176076473, "30_day_warn_count": 22, "daily_sd": 36.145927708216711, "threshold_error": 2.1534628930780877}, "unkno": {"sample_sd": 18.319267331297823, "sample_mean": 42.733333333333434, "daily_article_count": 46, "30_day_error_count": 0, "threshold_warn": 79.37186799592908, "30_day_warn_count": 0, "daily_sd": 0.17831863073942816, "threshold_error": 97.691135327226903}, "mumps": {"sample_sd": 1.2736648783028535, "sample_mean": 0.66666666666676666, "daily_article_count": 7, "30_day_error_count": 5, "threshold_warn": 3.2139964232724738, "30_day_warn_count": 10, "daily_sd": 4.9725272646069518, "threshold_error": 4.4876613015753266}}