{"hemmo": {"sample_sd": 0.29999999999999999, "sample_mean": 0.10000000000000001, "daily_article_count": 0, "30_day_error_count": 1, "threshold_warn": 0.69999999999999996, "30_day_warn_count": 0, "daily_sd": -0.33333333333333337, "threshold_error": 0.99999999999999989}, "mersc": {"sample_sd": 21.653842358548957, "sample_mean": 50.666666666666664, "daily_article_count": 5, "30_day_error_count": 0, "threshold_warn": 93.974351383764571, "30_day_warn_count": 0, "daily_sd": -2.1089405709392457, "threshold_error": 115.62819374231353}, "influ": {"sample_sd": 3.4190641994557516, "sample_mean": 4.0999999999999996, "daily_article_count": 1, "30_day_error_count": 0, "threshold_warn": 10.938128398911502, "30_day_warn_count": 0, "daily_sd": -0.90668083988989134, "threshold_error": 14.357192598367254}, "pertu": {"sample_sd": 2.0, "sample_mean": 2.0, "daily_article_count": 5, "30_day_error_count": 3, "threshold_warn": 6.0, "30_day_warn_count": 0, "daily_sd": 1.5, "threshold_error": 8.0}, "moldf": {"sample_sd": 0.54670731556189078, "sample_mean": 0.36666666666666664, "daily_article_count": 0, "30_day_error_count": 1, "threshold_warn": 1.4600812977904483, "30_day_warn_count": 0, "daily_sd": -0.67068183693466166, "threshold_error": 2.0067886133523389}, "chole": {"sample_sd": 4.0529824409521771, "sample_mean": 3.2000000000000002, "daily_article_count": 1, "30_day_error_count": 1, "threshold_warn": 11.305964881904355, "30_day_warn_count": 0, "daily_sd": -0.54281014834180941, "threshold_error": 15.35894732285653}, "hepat": {"sample_sd": 3.0081371127142607, "sample_mean": 2.5333333333333332, "daily_article_count": 0, "30_day_error_count": 1, "threshold_warn": 8.5496075587618545, "30_day_warn_count": 0, "daily_sd": -0.84216019363807881, "threshold_error": 11.557744671476115}, "chiku": {"sample_sd": 2.4587711474546703, "sample_mean": 2.5666666666666669, "daily_article_count": 23, "30_day_error_count": 12, "threshold_warn": 7.484208961576007, "30_day_warn_count": 1, "daily_sd": 8.3103843781825741, "threshold_error": 9.9429801090306782}, "yello": {"sample_sd": 0.69920589878010098, "sample_mean": 0.33333333333333331, "daily_article_count": 0, "30_day_error_count": 1, "threshold_warn": 1.7317451308935352, "30_day_warn_count": 0, "daily_sd": -0.47673129462279618, "threshold_error": 2.4309510296736363}, "menin": {"sample_sd": 1.6733200530681511, "sample_mean": 2.0, "daily_article_count": 1, "30_day_error_count": 0, "threshold_warn": 5.3466401061363023, "30_day_warn_count": 0, "daily_sd": -0.59761430466719678, "threshold_error": 7.0199601592044534}, "plagu": {"sample_sd": 0.0, "sample_mean": 0.0, "daily_article_count": 0, "30_day_error_count": 0, "threshold_warn": 0.0, "30_day_warn_count": 0, "daily_sd": 0, "threshold_error": 0.0}, "westn": {"sample_sd": 1.0225241100118645, "sample_mean": 0.76666666666666672, "daily_article_count": 3, "30_day_error_count": 4, "threshold_warn": 2.8117148866903956, "30_day_warn_count": 8, "daily_sd": 2.1841375782400081, "threshold_error": 3.8342389967022603}, "swine": {"sample_sd": 2.6518337470931734, "sample_mean": 2.0333333333333332, "daily_article_count": 0, "30_day_error_count": 0, "threshold_warn": 7.3370008275196801, "30_day_warn_count": 0, "daily_sd": -0.76676501140472553, "threshold_error": 9.988834574612854}, "measl": {"sample_sd": 10.526421783092085, "sample_mean": 10.833333333333334, "daily_article_count": 6, "30_day_error_count": 1, "threshold_warn": 31.886176899517501, "30_day_warn_count": 0, "daily_sd": -0.45916204318325976, "threshold_error": 42.412598682609591}, "dengu": {"sample_sd": 2.1052843566184172, "sample_mean": 2.9666666666666668, "daily_article_count": 3, "30_day_error_count": 1, "threshold_warn": 7.1772353799035011, "30_day_warn_count": 0, "daily_sd": 0.015833173902870964, "threshold_error": 9.2825197365219179}, "ebola": {"sample_sd": 3.5458896391925867, "sample_mean": 4.4000000000000004, "daily_article_count": 20, "30_day_error_count": 8, "threshold_warn": 11.491779278385174, "30_day_warn_count": 0, "daily_sd": 4.3994601037702292, "threshold_error": 15.03766891757776}, "unkno": {"sample_sd": 24.964174330427994, "sample_mean": 63.299999999999997, "daily_article_count": 81, "30_day_error_count": 0, "threshold_warn": 113.22834866085599, "30_day_warn_count": 0, "daily_sd": 0.70901603897334053, "threshold_error": 138.19252299128397}, "mumps": {"sample_sd": 1.857417562100671, "sample_mean": 1.5, "daily_article_count": 0, "30_day_error_count": 0, "threshold_warn": 5.2148351242013415, "30_day_warn_count": 0, "daily_sd": -0.80757285308724824, "threshold_error": 7.0722526863020132}}