{"hemmo": {"sample_sd": 0.92855921847894141, "sample_mean": 0.26666666666676664, "daily_article_count": 1, "30_day_error_count": 0, "threshold_warn": 2.1237851036246496, "30_day_warn_count": 0, "daily_sd": 0.78975397447940421, "threshold_error": 3.0523443221035906}, "mersc": {"sample_sd": 5.0244955523470765, "sample_mean": 4.766666666666767, "daily_article_count": 0, "30_day_error_count": 0, "threshold_warn": 14.81565777136092, "30_day_warn_count": 0, "daily_sd": -0.94868561769153703, "threshold_error": 19.840153323707995}, "influ": {"sample_sd": 7.5968560748655891, "sample_mean": 5.2333333333334338, "daily_article_count": 1, "30_day_error_count": 0, "threshold_warn": 20.42704548306461, "30_day_warn_count": 0, "daily_sd": -0.55724806309540809, "threshold_error": 28.023901557930202}, "pertu": {"sample_sd": 1.5405626677721789, "sample_mean": 1.4000000000000998, "daily_article_count": 2, "30_day_error_count": 1, "threshold_warn": 4.4811253355444576, "30_day_warn_count": 0, "daily_sd": 0.38946809016705919, "threshold_error": 6.0216880033166369}, "moldf": {"sample_sd": 0.45338235029118146, "sample_mean": 0.16666666666676666, "daily_article_count": 0, "30_day_error_count": 2, "threshold_warn": 1.0734313672491296, "30_day_warn_count": 0, "daily_sd": -0.36760731104712441, "threshold_error": 1.5268137175403111}, "chole": {"sample_sd": 4.9563651555908947, "sample_mean": 4.3666666666667666, "daily_article_count": 4, "30_day_error_count": 1, "threshold_warn": 14.279396977848556, "30_day_warn_count": 3, "daily_sd": -0.073978945286781006, "threshold_error": 19.235762133439451}, "hepat": {"sample_sd": 2.2610223842815489, "sample_mean": 2.2333333333334333, "daily_article_count": 3, "30_day_error_count": 2, "threshold_warn": 6.7553781018965307, "30_day_warn_count": 0, "daily_sd": 0.33907964467595436, "threshold_error": 9.01640048617808}, "chiku": {"sample_sd": 9.213516640723503, "sample_mean": 10.666666666666766, "daily_article_count": 6, "30_day_error_count": 0, "threshold_warn": 29.093699948113773, "30_day_warn_count": 0, "daily_sd": -0.50650222370470588, "threshold_error": 38.307216588837271}, "yello": {"sample_sd": 0.17950549357115012, "sample_mean": 0.033333333333433336, "daily_article_count": 0, "30_day_error_count": 9, "threshold_warn": 0.39234432047573359, "30_day_warn_count": 0, "daily_sd": -0.185695338177609, "threshold_error": 0.57184981404688373}, "menin": {"sample_sd": 1.1967548714010829, "sample_mean": 1.0333333333334334, "daily_article_count": 2, "30_day_error_count": 2, "threshold_warn": 3.426843076135599, "30_day_warn_count": 0, "daily_sd": 0.80773990544517782, "threshold_error": 4.6235979475366822}, "plagu": {"sample_sd": 4.2922410618851936, "sample_mean": 1.1000000000001, "daily_article_count": 2, "30_day_error_count": 1, "threshold_warn": 9.6844821237704863, "30_day_warn_count": 0, "daily_sd": 0.20968067427336229, "threshold_error": 13.976723185655683}, "westn": {"sample_sd": 2.2764494771951829, "sample_mean": 3.8666666666667666, "daily_article_count": 6, "30_day_error_count": 0, "threshold_warn": 8.4195656210571315, "30_day_warn_count": 0, "daily_sd": 0.93713186025183259, "threshold_error": 10.696015098252316}, "swine": {"sample_sd": 1.92671280221579, "sample_mean": 1.7666666666667665, "daily_article_count": 1, "30_day_error_count": 0, "threshold_warn": 5.620092271098347, "30_day_warn_count": 0, "daily_sd": -0.3979143470604814, "threshold_error": 7.5468050733141361}, "measl": {"sample_sd": 5.8045958802773985, "sample_mean": 6.2000000000001005, "daily_article_count": 0, "30_day_error_count": 0, "threshold_warn": 17.809191760554896, "30_day_warn_count": 0, "daily_sd": -1.0681191469446114, "threshold_error": 23.6137876408323}, "dengu": {"sample_sd": 4.2058160788233341, "sample_mean": 6.6666666666667673, "daily_article_count": 0, "30_day_error_count": 0, "threshold_warn": 15.078298824313435, "30_day_warn_count": 0, "daily_sd": -1.5851065623706275, "threshold_error": 19.284114903136768}, "ebola": {"sample_sd": 15.551384361385823, "sample_mean": 32.766666666666765, "daily_article_count": 589, "30_day_error_count": 28, "threshold_warn": 63.869435389438408, "30_day_warn_count": 24, "daily_sd": 35.7674481195683, "threshold_error": 79.420819750824236}, "unkno": {"sample_sd": 73.536083357461706, "sample_mean": 86.333333333333428, "daily_article_count": 47, "30_day_error_count": 0, "threshold_warn": 233.40550004825684, "30_day_warn_count": 0, "daily_sd": -0.53488480127684523, "threshold_error": 306.94158340571857}, "mumps": {"sample_sd": 0.39581140290126388, "sample_mean": 0.10000000000010001, "daily_article_count": 0, "30_day_error_count": 1, "threshold_warn": 0.89162280580262776, "30_day_warn_count": 0, "daily_sd": -0.2526455763202084, "threshold_error": 1.2874342087038917}}