{"hemmo": {"sample_sd": 0.69920589878010098, "sample_mean": 0.33333333333343329, "daily_article_count": 0, "30_day_error_count": 0, "threshold_warn": 1.7317451308936351, "30_day_warn_count": 0, "daily_sd": -0.47673129462293917, "threshold_error": 2.4309510296737362}, "mersc": {"sample_sd": 8.5427682216532652, "sample_mean": 11.766666666666767, "daily_article_count": 2, "30_day_error_count": 1, "threshold_warn": 28.852203109973296, "30_day_warn_count": 0, "daily_sd": -1.1432671955106191, "threshold_error": 37.394971331626564}, "influ": {"sample_sd": 5.4893836933970404, "sample_mean": 11.000000000000099, "daily_article_count": 6, "30_day_error_count": 0, "threshold_warn": 21.978767386794182, "30_day_warn_count": 0, "daily_sd": -0.9108490641698811, "threshold_error": 27.46815108019122}, "pertu": {"sample_sd": 1.5864005379054391, "sample_mean": 1.5000000000000999, "daily_article_count": 0, "30_day_error_count": 0, "threshold_warn": 4.6728010758109786, "30_day_warn_count": 0, "daily_sd": -0.94553674444701352, "threshold_error": 6.2592016137164173}, "moldf": {"sample_sd": 1.024152766382481, "sample_mean": 0.53333333333343336, "daily_article_count": 1, "30_day_error_count": 0, "threshold_warn": 2.5816388660983955, "30_day_warn_count": 1, "daily_sd": 0.45566118843278591, "threshold_error": 3.6057916324808765}, "chole": {"sample_sd": 5.4472215139667508, "sample_mean": 7.1666666666667673, "daily_article_count": 4, "30_day_error_count": 0, "threshold_warn": 18.061109694600269, "30_day_warn_count": 0, "daily_sd": -0.58133612862032336, "threshold_error": 23.508331208567018}, "hepat": {"sample_sd": 2.2617593938249834, "sample_mean": 2.4666666666667667, "daily_article_count": 2, "30_day_error_count": 4, "threshold_warn": 6.9901854543167339, "30_day_warn_count": 10, "daily_sd": -0.20632904982769257, "threshold_error": 9.2519448481417168}, "chiku": {"sample_sd": 1.4255603186895398, "sample_mean": 0.96666666666676671, "daily_article_count": 2, "30_day_error_count": 1, "threshold_warn": 3.8177873040458463, "30_day_warn_count": 1, "daily_sd": 0.72486117899461111, "threshold_error": 5.2433476227353868}, "yello": {"sample_sd": 1.5860503004493762, "sample_mean": 0.53333333333343336, "daily_article_count": 0, "30_day_error_count": 0, "threshold_warn": 3.705433934232186, "30_day_warn_count": 0, "daily_sd": -0.33626508136742184, "threshold_error": 5.2914842346815627}, "menin": {"sample_sd": 3.6704525909242065, "sample_mean": 4.8333333333334334, "daily_article_count": 10, "30_day_error_count": 1, "threshold_warn": 12.174238515181846, "30_day_warn_count": 0, "daily_sd": 1.4076374884781222, "threshold_error": 15.844691106106053}, "plagu": {"sample_sd": 1.7204650534085255, "sample_mean": 0.80000000000010008, "daily_article_count": 0, "30_day_error_count": 0, "threshold_warn": 4.2409301068171512, "30_day_warn_count": 0, "daily_sd": -0.46499055497533526, "threshold_error": 5.9613951602256767}, "westn": {"sample_sd": 5.1606416483052007, "sample_mean": 6.3666666666667666, "daily_article_count": 4, "30_day_error_count": 0, "threshold_warn": 16.68794996327717, "30_day_warn_count": 0, "daily_sd": -0.45859930372107904, "threshold_error": 21.848591611582368}, "swine": {"sample_sd": 2.7121127475743991, "sample_mean": 2.6666666666667664, "daily_article_count": 1, "30_day_error_count": 0, "threshold_warn": 8.0908921618155638, "30_day_warn_count": 0, "daily_sd": -0.61452705760752901, "threshold_error": 10.803004909389966}, "measl": {"sample_sd": 5.4340490326172883, "sample_mean": 5.9333333333334339, "daily_article_count": 1, "30_day_error_count": 0, "threshold_warn": 16.80143139856801, "30_day_warn_count": 0, "daily_sd": -0.90785587390206401, "threshold_error": 22.235480431185298}, "dengu": {"sample_sd": 4.3583891009816407, "sample_mean": 9.933333333333433, "daily_article_count": 13, "30_day_error_count": 0, "threshold_warn": 18.650111535296716, "30_day_warn_count": 0, "daily_sd": 0.70362388387394348, "threshold_error": 23.008500636278356}, "ebola": {"sample_sd": 21.476110759011586, "sample_mean": 44.900000000000098, "daily_article_count": 28, "30_day_error_count": 1, "threshold_warn": 87.852221518023271, "30_day_warn_count": 0, "daily_sd": -0.78692088104959568, "threshold_error": 109.32833227703486}, "unkno": {"sample_sd": 40.982503041609789, "sample_mean": 75.033333333333431, "daily_article_count": 46, "30_day_error_count": 0, "threshold_warn": 156.99833941655299, "30_day_warn_count": 0, "daily_sd": -0.70843240843185462, "threshold_error": 197.98084245816278}, "mumps": {"sample_sd": 0.37267799624996495, "sample_mean": 0.16666666666676666, "daily_article_count": 1, "30_day_error_count": 12, "threshold_warn": 0.91202265916669656, "30_day_warn_count": 0, "daily_sd": 2.2360679774995216, "threshold_error": 1.2847006554166616}}