{"hemmo": {"sample_sd": 0.42687494916218993, "sample_mean": 0.13333333333343333, "daily_article_count": 0, "30_day_error_count": 0, "threshold_warn": 0.9870832316578132, "30_day_warn_count": 0, "daily_sd": -0.3123475237774464, "threshold_error": 1.413958180820003}, "mersc": {"sample_sd": 1.8882678717691395, "sample_mean": 0.96666666666676671, "daily_article_count": 5, "30_day_error_count": 0, "threshold_warn": 4.7432024102050452, "30_day_warn_count": 0, "daily_sd": 2.1359963772271136, "threshold_error": 6.6314702819741846}, "influ": {"sample_sd": 13.536986370680884, "sample_mean": 24.500000000000099, "daily_article_count": 16, "30_day_error_count": 0, "threshold_warn": 51.573972741361871, "30_day_warn_count": 0, "daily_sd": -0.62790932688015744, "threshold_error": 65.11095911204275}, "pertu": {"sample_sd": 2.3249850656629079, "sample_mean": 1.8333333333334332, "daily_article_count": 4, "30_day_error_count": 0, "threshold_warn": 6.4833034646592491, "30_day_warn_count": 1, "daily_sd": 0.93190562755240713, "threshold_error": 8.808288530322157}, "moldf": {"sample_sd": 0.7118052168020873, "sample_mean": 0.60000000000010001, "daily_article_count": 1, "30_day_error_count": 0, "threshold_warn": 2.0236104336042748, "30_day_warn_count": 0, "daily_sd": 0.56195148694887598, "threshold_error": 2.7354156504063618}, "chole": {"sample_sd": 1.3148721948877347, "sample_mean": 1.2666666666667665, "daily_article_count": 1, "30_day_error_count": 8, "threshold_warn": 3.8964110564422358, "30_day_warn_count": 9, "daily_sd": -0.20280805062543347, "threshold_error": 5.2112832513299701}, "hepat": {"sample_sd": 1.2775845264491199, "sample_mean": 1.0333333333334334, "daily_article_count": 1, "30_day_error_count": 3, "threshold_warn": 3.5885023862316734, "30_day_warn_count": 0, "daily_sd": -0.026090902514355762, "threshold_error": 4.8660869126807933}, "chiku": {"sample_sd": 1.4742229591663987, "sample_mean": 1.6000000000001, "daily_article_count": 9, "30_day_error_count": 3, "threshold_warn": 4.5484459183328969, "30_day_warn_count": 0, "daily_sd": 5.019593511272026, "threshold_error": 6.0226688774992958}, "yello": {"sample_sd": 0.24944382578492943, "sample_mean": 0.066666666666766669, "daily_article_count": 1, "30_day_error_count": 8, "threshold_warn": 0.5655543182366255, "30_day_warn_count": 0, "daily_sd": 3.7416573867735403, "threshold_error": 0.81499814402155502}, "menin": {"sample_sd": 4.9848659850480326, "sample_mean": 2.4666666666667667, "daily_article_count": 7, "30_day_error_count": 0, "threshold_warn": 12.436398636762831, "30_day_warn_count": 0, "daily_sd": 0.90941929972256852, "threshold_error": 17.421264621810867}, "plagu": {"sample_sd": 0.24944382578492943, "sample_mean": 0.066666666666766669, "daily_article_count": 0, "30_day_error_count": 5, "threshold_warn": 0.5655543182366255, "30_day_warn_count": 0, "daily_sd": -0.2672612419128253, "threshold_error": 0.81499814402155502}, "westn": {"sample_sd": 0.37267799624996495, "sample_mean": 0.16666666666676666, "daily_article_count": 0, "30_day_error_count": 1, "threshold_warn": 0.91202265916669656, "30_day_warn_count": 0, "daily_sd": -0.44721359550022627, "threshold_error": 1.2847006554166616}, "swine": {"sample_sd": 4.1075810670298667, "sample_mean": 4.1666666666667673, "daily_article_count": 21, "30_day_error_count": 13, "threshold_warn": 12.381828800726501, "30_day_warn_count": 13, "daily_sd": 4.098113478136459, "threshold_error": 16.489409867756368}, "measl": {"sample_sd": 4.6899419565230822, "sample_mean": 4.0666666666667668, "daily_article_count": 198, "30_day_error_count": 22, "threshold_warn": 13.44655057971293, "30_day_warn_count": 22, "daily_sd": 41.350902661726522, "threshold_error": 18.136492536236013}, "dengu": {"sample_sd": 1.8061622912192086, "sample_mean": 2.2666666666667665, "daily_article_count": 2, "30_day_error_count": 2, "threshold_warn": 5.8789912491051837, "30_day_warn_count": 0, "daily_sd": -0.14764269410516775, "threshold_error": 7.6851535403243929}, "ebola": {"sample_sd": 58.637720131517916, "sample_mean": 127.86666666666676, "daily_article_count": 71, "30_day_error_count": 0, "threshold_warn": 245.14210692970261, "30_day_warn_count": 0, "daily_sd": -0.96979668614538761, "threshold_error": 303.77982706122054}, "unkno": {"sample_sd": 22.012723593412971, "sample_mean": 54.800000000000097, "daily_article_count": 90, "30_day_error_count": 0, "threshold_warn": 98.82544718682604, "30_day_warn_count": 0, "daily_sd": 1.5990751826154332, "threshold_error": 120.83817078023901}, "mumps": {"sample_sd": 0.66332495807108005, "sample_mean": 0.4000000000001, "daily_article_count": 1, "30_day_error_count": 0, "threshold_warn": 1.7266499161422602, "30_day_warn_count": 0, "daily_sd": 0.9045340337331399, "threshold_error": 2.38997487421334}}