{"hemmo": {"sample_sd": 0.24944382578492943, "sample_mean": 0.066666666666766669, "daily_article_count": 0, "30_day_error_count": 5, "threshold_warn": 0.5655543182366255, "30_day_warn_count": 0, "daily_sd": -0.2672612419128253, "threshold_error": 0.81499814402155502}, "mersc": {"sample_sd": 1.8867962264113209, "sample_mean": 1.2000000000000999, "daily_article_count": 1, "30_day_error_count": 0, "threshold_warn": 4.973592452822742, "30_day_warn_count": 0, "daily_sd": -0.10599978800068892, "threshold_error": 6.8603886792340623}, "influ": {"sample_sd": 11.652562903594308, "sample_mean": 20.133333333333432, "daily_article_count": 10, "30_day_error_count": 1, "threshold_warn": 43.438459140522049, "30_day_warn_count": 0, "daily_sd": -0.86962271022864335, "threshold_error": 55.091022044116357}, "pertu": {"sample_sd": 2.3055488621054105, "sample_mean": 2.1333333333334332, "daily_article_count": 1, "30_day_error_count": 0, "threshold_warn": 6.7444310575442543, "30_day_warn_count": 0, "daily_sd": -0.4915676921713476, "threshold_error": 9.0499799196496653}, "moldf": {"sample_sd": 0.77172246018601498, "sample_mean": 0.73333333333343331, "daily_article_count": 1, "30_day_error_count": 0, "threshold_warn": 2.2767782537054631, "30_day_warn_count": 0, "daily_sd": 0.3455473702324145, "threshold_error": 3.0485007138914781}, "chole": {"sample_sd": 1.7074997966487597, "sample_mean": 1.4666666666667665, "daily_article_count": 4, "30_day_error_count": 7, "threshold_warn": 4.8816662599642857, "30_day_warn_count": 6, "daily_sd": 1.4836507379416992, "threshold_error": 6.5891660566130454}, "hepat": {"sample_sd": 1.5, "sample_mean": 1.5000000000000999, "daily_article_count": 3, "30_day_error_count": 0, "threshold_warn": 4.5000000000000995, "30_day_warn_count": 0, "daily_sd": 0.99999999999993339, "threshold_error": 6.0000000000000995}, "chiku": {"sample_sd": 1.2297244497131143, "sample_mean": 1.2333333333334333, "daily_article_count": 0, "30_day_error_count": 3, "threshold_warn": 3.692782232759662, "30_day_warn_count": 0, "daily_sd": -1.0029347091709535, "threshold_error": 4.9225066824727763}, "yello": {"sample_sd": 0.24944382578492943, "sample_mean": 0.066666666666766669, "daily_article_count": 0, "30_day_error_count": 3, "threshold_warn": 0.5655543182366255, "30_day_warn_count": 0, "daily_sd": -0.2672612419128253, "threshold_error": 0.81499814402155502}, "menin": {"sample_sd": 4.9845316285038814, "sample_mean": 2.433333333333433, "daily_article_count": 5, "30_day_error_count": 0, "threshold_warn": 12.402396590341196, "30_day_warn_count": 0, "daily_sd": 0.51492634774131385, "threshold_error": 17.386928218845078}, "plagu": {"sample_sd": 0.29999999999999999, "sample_mean": 0.10000000000010001, "daily_article_count": 3, "30_day_error_count": 1, "threshold_warn": 0.70000000000009999, "30_day_warn_count": 0, "daily_sd": 9.6666666666663339, "threshold_error": 1.0000000000000999}, "westn": {"sample_sd": 0.33993463423951903, "sample_mean": 0.13333333333343333, "daily_article_count": 0, "30_day_error_count": 0, "threshold_warn": 0.81320260181247139, "30_day_warn_count": 0, "daily_sd": -0.39223227027666219, "threshold_error": 1.1531372360519905}, "swine": {"sample_sd": 4.0326445692897641, "sample_mean": 3.0666666666667668, "daily_article_count": 25, "30_day_error_count": 6, "threshold_warn": 11.131955805246296, "30_day_warn_count": 7, "daily_sd": 5.4389453264402539, "threshold_error": 15.164600374536057}, "measl": {"sample_sd": 2.3570226039551589, "sample_mean": 2.3333333333334334, "daily_article_count": 83, "30_day_error_count": 20, "threshold_warn": 7.0473785412437513, "30_day_warn_count": 17, "daily_sd": 34.223968209428854, "threshold_error": 9.4044011451989107}, "dengu": {"sample_sd": 1.8740923729160794, "sample_mean": 2.7666666666667665, "daily_article_count": 2, "30_day_error_count": 1, "threshold_warn": 6.5148514124989259, "30_day_warn_count": 0, "daily_sd": -0.40908691468277875, "threshold_error": 8.3889437854150053}, "ebola": {"sample_sd": 53.752105901898297, "sample_mean": 126.33333333333343, "daily_article_count": 96, "30_day_error_count": 1, "threshold_warn": 233.83754513713001, "30_day_warn_count": 0, "daily_sd": -0.56431897549640342, "threshold_error": 287.58965103902835}, "unkno": {"sample_sd": 23.819599772736176, "sample_mean": 54.600000000000101, "daily_article_count": 87, "30_day_error_count": 0, "threshold_warn": 102.23919954547245, "30_day_warn_count": 0, "daily_sd": 1.3602243660317423, "threshold_error": 126.05879931820863}, "mumps": {"sample_sd": 0.66332495807108005, "sample_mean": 0.4000000000001, "daily_article_count": 0, "30_day_error_count": 0, "threshold_warn": 1.7266499161422602, "30_day_warn_count": 0, "daily_sd": -0.60302268915567792, "threshold_error": 2.38997487421334}}