{"hemmo": {"sample_sd": 0.83599574693229672, "sample_mean": 0.36666666666666664, "daily_article_count": 0, "30_day_error_count": 0, "threshold_warn": 2.0386581605312601, "30_day_warn_count": 0, "daily_sd": -0.43859872255589505, "threshold_error": 2.8746539074635566}, "mersc": {"sample_sd": 1.3984117975602022, "sample_mean": 1.3333333333333333, "daily_article_count": 3, "30_day_error_count": 1, "threshold_warn": 4.1301569284537374, "30_day_warn_count": 0, "daily_sd": 1.1918282365569903, "threshold_error": 5.5285687260139396}, "influ": {"sample_sd": 13.792953112207536, "sample_mean": 17.233333333333334, "daily_article_count": 39, "30_day_error_count": 1, "threshold_warn": 44.819239557748404, "30_day_warn_count": 0, "daily_sd": 1.5781005336269827, "threshold_error": 58.612192669955945}, "pertu": {"sample_sd": 1.468181036369683, "sample_mean": 1.3333333333333333, "daily_article_count": 0, "30_day_error_count": 4, "threshold_warn": 4.2696954060726995, "30_day_warn_count": 0, "daily_sd": -0.90815321837299934, "threshold_error": 5.7378764424423823}, "moldf": {"sample_sd": 0.86216781042517077, "sample_mean": 0.69999999999999996, "daily_article_count": 0, "30_day_error_count": 0, "threshold_warn": 2.4243356208503415, "30_day_warn_count": 0, "daily_sd": -0.81190690667841203, "threshold_error": 3.2865034312755119}, "chole": {"sample_sd": 2.20504472113883, "sample_mean": 2.7333333333333334, "daily_article_count": 4, "30_day_error_count": 0, "threshold_warn": 7.1434227756109934, "30_day_warn_count": 0, "daily_sd": 0.57444035239905555, "threshold_error": 9.3484674967498229}, "hepat": {"sample_sd": 2.9664793948382653, "sample_mean": 2.0, "daily_article_count": 0, "30_day_error_count": 0, "threshold_warn": 7.9329587896765306, "30_day_warn_count": 0, "daily_sd": -0.67419986246324204, "threshold_error": 10.899438184514796}, "chiku": {"sample_sd": 1.0434983894999019, "sample_mean": 1.6666666666666667, "daily_article_count": 3, "30_day_error_count": 2, "threshold_warn": 3.7536634456664704, "30_day_warn_count": 0, "daily_sd": 1.2777531299998797, "threshold_error": 4.7971618351663725}, "yello": {"sample_sd": 0.58214163988576628, "sample_mean": 0.16666666666666666, "daily_article_count": 0, "30_day_error_count": 0, "threshold_warn": 1.3309499464381993, "30_day_warn_count": 0, "daily_sd": -0.28629916715693399, "threshold_error": 1.9130915863239657}, "menin": {"sample_sd": 1.011599393699568, "sample_mean": 0.90000000000000002, "daily_article_count": 8, "30_day_error_count": 4, "threshold_warn": 2.9231987873991359, "30_day_warn_count": 4, "daily_sd": 7.0185886272966753, "threshold_error": 3.9347981810987038}, "plagu": {"sample_sd": 3.5080858978460987, "sample_mean": 1.6000000000000001, "daily_article_count": 0, "30_day_error_count": 0, "threshold_warn": 8.6161717956921979, "30_day_warn_count": 0, "daily_sd": -0.45608917415117206, "threshold_error": 12.124257693538295}, "westn": {"sample_sd": 0.29999999999999999, "sample_mean": 0.10000000000000001, "daily_article_count": 1, "30_day_error_count": 6, "threshold_warn": 0.69999999999999996, "30_day_warn_count": 0, "daily_sd": 3.0, "threshold_error": 0.99999999999999989}, "swine": {"sample_sd": 2.9249881291307069, "sample_mean": 1.6666666666666667, "daily_article_count": 8, "30_day_error_count": 4, "threshold_warn": 7.5166429249280808, "30_day_warn_count": 6, "daily_sd": 2.1652509527331212, "threshold_error": 10.441631054058787}, "measl": {"sample_sd": 2.5492918406665193, "sample_mean": 2.6333333333333333, "daily_article_count": 40, "30_day_error_count": 2, "threshold_warn": 7.7319170146663723, "30_day_warn_count": 3, "daily_sd": 14.657665344779454, "threshold_error": 10.28120885533289}, "dengu": {"sample_sd": 2.9204261485079348, "sample_mean": 4.2666666666666666, "daily_article_count": 0, "30_day_error_count": 0, "threshold_warn": 10.107518963682537, "30_day_warn_count": 0, "daily_sd": -1.460973998211369, "threshold_error": 13.027945112190469}, "ebola": {"sample_sd": 119.40148891682864, "sample_mean": 245.46666666666667, "daily_article_count": 119, "30_day_error_count": 0, "threshold_warn": 484.26964450032392, "30_day_warn_count": 0, "daily_sd": -1.0591716050941324, "threshold_error": 603.67113341715265}, "unkno": {"sample_sd": 47.907132384785179, "sample_mean": 64.799999999999997, "daily_article_count": 92, "30_day_error_count": 0, "threshold_warn": 160.61426476957035, "30_day_warn_count": 0, "daily_sd": 0.56776514573096115, "threshold_error": 208.52139715435555}, "mumps": {"sample_sd": 0.64978628965393093, "sample_mean": 0.33333333333333331, "daily_article_count": 0, "30_day_error_count": 1, "threshold_warn": 1.6329059126411951, "30_day_warn_count": 0, "daily_sd": -0.51298917604257699, "threshold_error": 2.2826922022951264}}