{"hemmo": {"sample_sd": 0.17950549357115014, "sample_mean": 0.033333333333333333, "daily_article_count": 0, "30_day_error_count": 3, "threshold_warn": 0.39234432047563361, "30_day_warn_count": 0, "daily_sd": -0.18569533817705186, "threshold_error": 0.5718498140467837}, "mersc": {"sample_sd": 1.8785337071473829, "sample_mean": 1.0666666666666667, "daily_article_count": 1, "30_day_error_count": 2, "threshold_warn": 4.8237340809614322, "30_day_warn_count": 0, "daily_sd": -0.035488672049383795, "threshold_error": 6.7022677881088146}, "influ": {"sample_sd": 14.796245770089413, "sample_mean": 16.733333333333334, "daily_article_count": 4, "30_day_error_count": 0, "threshold_warn": 46.325824873512161, "30_day_warn_count": 0, "daily_sd": -0.86057865834276337, "threshold_error": 61.122070643601575}, "pertu": {"sample_sd": 0.54670731556189078, "sample_mean": 0.36666666666666664, "daily_article_count": 0, "30_day_error_count": 2, "threshold_warn": 1.4600812977904483, "30_day_warn_count": 2, "daily_sd": -0.67068183693466166, "threshold_error": 2.0067886133523389}, "moldf": {"sample_sd": 0.24944382578492943, "sample_mean": 0.066666666666666666, "daily_article_count": 0, "30_day_error_count": 7, "threshold_warn": 0.56555431823652558, "30_day_warn_count": 0, "daily_sd": -0.2672612419124244, "threshold_error": 0.81499814402145498}, "chole": {"sample_sd": 2.5230052626888346, "sample_mean": 1.9666666666666666, "daily_article_count": 7, "30_day_error_count": 0, "threshold_warn": 7.012677192044336, "30_day_warn_count": 0, "daily_sd": 1.9949753604434317, "threshold_error": 9.5356824547331698}, "hepat": {"sample_sd": 3.5552777669262352, "sample_mean": 1.3999999999999999, "daily_article_count": 2, "30_day_error_count": 0, "threshold_warn": 8.5105555338524699, "30_day_warn_count": 1, "daily_sd": 0.16876318513890362, "threshold_error": 12.065833300778706}, "chiku": {"sample_sd": 0.61824123303304701, "sample_mean": 0.46666666666666667, "daily_article_count": 0, "30_day_error_count": 2, "threshold_warn": 1.7031491327327606, "30_day_warn_count": 0, "daily_sd": -0.75482941242406876, "threshold_error": 2.3213903657658079}, "yello": {"sample_sd": 0.24944382578492943, "sample_mean": 0.066666666666666666, "daily_article_count": 0, "30_day_error_count": 5, "threshold_warn": 0.56555431823652558, "30_day_warn_count": 0, "daily_sd": -0.2672612419124244, "threshold_error": 0.81499814402145498}, "menin": {"sample_sd": 1.5563490039905001, "sample_mean": 0.66666666666666663, "daily_article_count": 0, "30_day_error_count": 3, "threshold_warn": 3.7793646746476668, "30_day_warn_count": 4, "daily_sd": -0.42835293687811937, "threshold_error": 5.3357136786381671}, "plagu": {"sample_sd": 0.33993463423951903, "sample_mean": 0.13333333333333333, "daily_article_count": 0, "30_day_error_count": 0, "threshold_warn": 0.81320260181237136, "30_day_warn_count": 0, "daily_sd": -0.39223227027636803, "threshold_error": 1.1531372360518903}, "westn": {"sample_sd": 0.82999330653258208, "sample_mean": 0.33333333333333331, "daily_article_count": 0, "30_day_error_count": 4, "threshold_warn": 1.9933199463984974, "30_day_warn_count": 0, "daily_sd": -0.40160966445124946, "threshold_error": 2.8233132529310798}, "swine": {"sample_sd": 9.8188594042281725, "sample_mean": 10.699999999999999, "daily_article_count": 1, "30_day_error_count": 0, "threshold_warn": 30.337718808456344, "30_day_warn_count": 0, "daily_sd": -0.98789478499132088, "threshold_error": 40.156578212684522}, "measl": {"sample_sd": 3.2709156040608707, "sample_mean": 4.0333333333333332, "daily_article_count": 4, "30_day_error_count": 2, "threshold_warn": 10.575164541455074, "30_day_warn_count": 0, "daily_sd": -0.010190826474382153, "threshold_error": 13.846080145515945}, "dengu": {"sample_sd": 1.8138357147217055, "sample_mean": 1.8999999999999999, "daily_article_count": 6, "30_day_error_count": 2, "threshold_warn": 5.5276714294434104, "30_day_warn_count": 5, "daily_sd": 2.2604031703218821, "threshold_error": 7.3415071441651172}, "ebola": {"sample_sd": 1.0857664983268218, "sample_mean": 0.56666666666666665, "daily_article_count": 1, "30_day_error_count": 0, "threshold_warn": 2.7381996633203105, "30_day_warn_count": 0, "daily_sd": 0.39910361389958598, "threshold_error": 3.8239661616471317}, "unkno": {"sample_sd": 26.273370548903696, "sample_mean": 37.899999999999999, "daily_article_count": 45, "30_day_error_count": 0, "threshold_warn": 90.44674109780739, "30_day_warn_count": 0, "daily_sd": 0.27023559793306617, "threshold_error": 116.72011164671108}, "mumps": {"sample_sd": 0.0, "sample_mean": 0.0, "daily_article_count": 0, "30_day_error_count": 30, "threshold_warn": 0.0, "30_day_warn_count": 0, "daily_sd": 0, "threshold_error": 0.0}}